SAMPLE_ID,PATIENT_ID,cohort,IFN_gamma,TIS,CYT,CD8_Tcell,IMPRES,PD_L1,Macrophage_STV_Score,M1_M2_Ratio,mut_BRAF,mut_NRAS,mut_NF1,TMB_NONSYNONYMOUS,prob_lr,prob_rf,prob_xgb,prob_svm,prob_elasticnet,prob_enet,prob_ensemble,pred_label,actual_response,os_months
LIU_SAMPLE1,LIU_PATIENT1,Liu 2019,3.251905575395151,3.0426535898062412,2.7391838120142125,2.924507132072325,11.0,2.967210048909216,3.3078061910577063,-0.39081548478658057,0.0,0.0,0.0,3.133333333,0.3202952928266513,0.3724378216217981,0.5990451337093209,0.3703124222429202,0.35696923462125807,0.35696923462125807,0.4038119810043897,0,0.0,9.3
LIU_SAMPLE10,LIU_PATIENT10,Liu 2019,3.1779293967356512,3.2022307092374933,3.111135717684363,2.889719777147339,13.0,2.9169667232496974,3.5323231799030452,-0.4344489624742671,1.0,0.0,0.0,3.733333333,0.901824510897144,0.4134494710280264,0.5261869461195202,0.5356820436916296,0.8955766374124272,0.8955766374124272,0.6545439218297494,1,1.0,37.42
LIU_SAMPLE100,LIU_PATIENT100,Liu 2019,3.7031427250456592,3.6612654878590174,3.6683425830453222,3.5755430323617654,11.0,3.37475616381126,3.7567356799154465,-0.4230342362786086,0.0,1.0,0.0,4.466666667,0.46547018623922054,0.6465957367855003,0.6038341503208544,0.38629900235172543,0.5052265593633658,0.5052265593633658,0.5214851270121332,1,1.0,30.81
LIU_SAMPLE106,LIU_PATIENT106,Liu 2019,3.419746009499912,3.2614870455685585,3.1231907276749116,2.940410948950044,12.0,3.146490641833989,3.6121075759822374,-0.5620282485059378,1.0,1.0,0.0,8.3,0.5673605748860733,0.3392730035102296,0.3079611824600201,0.40779438517847294,0.6208505642428984,0.6208505642428984,0.4486479420555389,0,1.0,25.62
LIU_SAMPLE107,LIU_PATIENT107,Liu 2019,1.0962978309686209,0.8444877304754047,1.3850547472033832,1.3305712693091802,2.0,0.0,1.8737786093572812,-0.5486235459633759,1.0,0.0,0.0,5.7,0.01413167835606682,0.2540596986717802,0.2922473543816129,0.3997970809371739,0.2085301956782512,0.2085301956782512,0.23375320160497698,0,1.0,1.54
LIU_SAMPLE108,LIU_PATIENT108,Liu 2019,2.269937126336161,1.9674388726215142,1.2763430897804107,1.3414373700514453,9.0,0.0,2.1420168268122866,0.36211479904754196,0.0,0.0,0.0,7.733333333,0.9704139250760931,0.31174840330313025,0.31161691645330725,0.39979678781537104,0.8878878490414885,0.8878878490414885,0.576292776337878,1,0.0,5.42
LIU_SAMPLE11,LIU_PATIENT11,Liu 2019,3.254985323747606,3.099530890078604,2.983617408080712,2.724910194341798,12.0,2.940014496033859,3.564376002289497,-0.7260870195030216,1.0,0.0,0.0,7.533333333,0.7631466569657692,0.3823562574670186,0.3696408389342966,0.28281755297033206,0.7977180325014872,0.7977180325014872,0.5191358677677808,1,0.0,5.26
LIU_SAMPLE112,LIU_PATIENT112,Liu 2019,3.4147654451113065,3.2815643379668833,3.1754628881073677,2.9817515312204224,10.0,2.985390674323565,3.4279176966553386,-1.0395899362895435,0.0,0.0,0.0,8.366666667,0.890691265836009,0.3545734259113732,0.4161322135222484,0.33058208538084527,0.8863045320844889,0.8863045320844889,0.5756567045469929,1,0.0,17.12
LIU_SAMPLE116,LIU_PATIENT116,Liu 2019,2.7068790014194306,2.840723259885456,2.6347593957069044,1.8988395714093664,11.0,2.929874498598932,3.4461702482546572,-0.5784011560248188,0.0,1.0,0.0,8.066666667,0.5244708747007933,0.3681434393574167,0.4707955694311757,0.37409724161692975,0.5462448345192804,0.5462448345192804,0.4567503919251192,0,0.0,3.88
LIU_SAMPLE117,LIU_PATIENT117,Liu 2019,3.1473459925517457,3.237584707892461,3.108617367121731,2.8798016335053838,10.0,2.9850188744925013,3.7286352570041776,-0.6158960350306626,0.0,0.0,0.0,3.7,0.6467061992040696,0.3393814659958343,0.45003483012646045,0.4330303887882442,0.5865800947202191,0.5865800947202191,0.4911465957669655,0,0.0,9.69
LIU_SAMPLE121,LIU_PATIENT121,Liu 2019,3.426655863359183,3.323495261422399,3.269605697912505,3.1495488059141183,10.0,2.971229398177187,3.6275368316462093,-0.5705379288315835,0.0,0.0,1.0,28.5,0.9880312988872397,0.4692403706591539,0.38260189236518066,0.5302139045862534,0.9865721928124402,0.9865721928124402,0.6713319318620536,1,1.0,42.9
LIU_SAMPLE125,LIU_PATIENT125,Liu 2019,3.743675401828888,3.6434237365193978,3.6798532314599717,3.7514874096948443,14.0,3.35231675366851,3.7364586029318083,-0.6351493418503371,1.0,0.0,0.0,6.333333333,0.9369548783643922,0.6467684381293708,0.5788925690506617,0.5870398359572718,0.9442343796675488,0.9442343796675488,0.738778020233849,1,1.0,32.13
LIU_SAMPLE126,LIU_PATIENT126,Liu 2019,3.5661214903120606,3.4101380425146237,3.21803719692777,3.1909834544208744,13.0,3.163752554151976,3.66998173297968,-0.6245096723853227,1.0,0.0,1.0,22.23333333,0.9984218455703777,0.48777005120641487,0.502892172042405,0.46780582663349135,0.9975607585797249,0.9975607585797249,0.6908901308064828,1,1.0,32.59
LIU_SAMPLE127,LIU_PATIENT127,Liu 2019,2.989634003585174,3.026562877368843,2.996162491734227,2.6162064538123824,10.0,2.887442067491909,3.461521531284311,-0.42602387318829393,1.0,0.0,0.0,17.86666667,0.5196162203858659,0.33716444027421966,0.28818709782092905,0.26589862452308966,0.5870431352974346,0.5870431352974346,0.39958190366030777,0,1.0,28.45
LIU_SAMPLE13,LIU_PATIENT13,Liu 2019,3.0413162362259474,2.91436397079512,2.6867891572510367,2.566260024325536,11.0,2.8280465323695885,3.4970737957871973,-0.5506021958512659,0.0,1.0,0.0,22.5,0.2671228877180701,0.36970882136575506,0.37589063288259306,0.44435509170225646,0.3276404581484371,0.3276404581484371,0.3569435783634224,0,0.0,1.91
LIU_SAMPLE130,LIU_PATIENT130,Liu 2019,3.471972847209315,3.3125588995596953,3.2576578679862482,3.1618447446083,11.0,2.857242348792705,3.636065141941361,-0.6175234315698912,0.0,1.0,0.0,10.96666667,0.561521840778299,0.38268658120877797,0.31580039103649415,0.5298014166399461,0.606454367364534,0.606454367364534,0.47925291940561027,0,0.0,6.31
LIU_SAMPLE131,LIU_PATIENT131,Liu 2019,1.929875638187324,1.9742766378297827,0.0,0.0,7.0,3.1021046396173144,3.515136378486278,-0.9389520019932664,0.0,1.0,0.0,11.8,0.09867113399530089,0.3104388077065081,0.35941580973418197,0.3888014026845613,0.005671095466841702,0.005671095466841702,0.2325996499174788,0,1.0,27.37
LIU_SAMPLE132,LIU_PATIENT132,Liu 2019,3.388441898426697,3.3382818070359033,3.258205632661925,3.10509322943638,11.0,2.991878434859554,3.6830997983198337,-0.4871235317021503,1.0,0.0,1.0,22.43333333,0.9955965345233709,0.5157660431225639,0.6083761931456455,0.46963665997214793,0.9938558249286944,0.9938558249286944,0.7166462511384845,1,1.0,24.28
LIU_SAMPLE133,LIU_PATIENT133,Liu 2019,3.439760881357341,3.2041862671062296,3.0315407375803876,2.9336465770209346,13.0,3.047589111869802,3.5060537343047082,-0.46838554800061605,1.0,0.0,0.0,11.76666667,0.6861300516202087,0.37987528733846937,0.5254628888540849,0.5057998291034884,0.7322767956252586,0.7322767956252586,0.565908970508302,1,0.0,12.16
LIU_SAMPLE134,LIU_PATIENT134,Liu 2019,3.448643624981878,3.314232131612167,3.1446940885154655,3.1097904422691642,12.0,3.047183883683345,3.549980788361733,-0.4040682156204145,1.0,0.0,0.0,12.5,0.7409983977352587,0.406045672702593,0.5772453998552599,0.5247174129223604,0.7280172388059956,0.7280172388059956,0.5954048244042935,1,0.0,19.38
LIU_SAMPLE135,LIU_PATIENT135,Liu 2019,3.1435904108290162,3.0533508796936037,2.8520341857117812,2.6375163422625407,11.0,2.7708454275492223,3.5015103170596418,-0.6455640265452902,0.0,0.0,0.0,14.0,0.6951332476941839,0.351725676917332,0.3377676559710751,0.34894885100242184,0.6796386638493032,0.6796386638493032,0.4826428190868632,0,1.0,20.63
LIU_SAMPLE137,LIU_PATIENT137,Liu 2019,3.63965730985338,3.5426182160403745,3.406243058485802,3.3224286910225693,12.0,3.1723264637196738,3.676219772313518,-0.6078318912979355,0.0,0.0,0.0,29.26666667,0.8576566623456454,0.4739712425239787,0.3727354013553818,0.5699858709761245,0.8245395114226074,0.8245395114226074,0.6197777377247476,1,1.0,25.36
LIU_SAMPLE14,LIU_PATIENT14,Liu 2019,3.3037408097336805,3.1407841107182253,3.082478917877011,3.0166748334079587,11.0,2.802517792071189,3.5963800495394436,-0.5488167584382873,1.0,0.0,0.0,2.633333333,0.5802944587331971,0.35144202032923766,0.2963125795170236,0.3413452395477814,0.6385659751495113,0.6385659751495113,0.4415920546553502,0,0.0,6.11
LIU_SAMPLE140,LIU_PATIENT140,Liu 2019,2.6474875426066204,2.6383012784117104,2.2813956612738915,2.1428264913382256,9.0,2.582150887306218,3.2895649790794486,-0.3032963842105021,0.0,0.0,1.0,71.5,0.9470959589608754,0.40601119413594794,0.49679000187596034,0.3737411195394636,0.9327591990741525,0.9327591990741525,0.63127949471728,1,0.0,11.53
LIU_SAMPLE141,LIU_PATIENT141,Liu 2019,2.0113108745324717,1.7925399163227995,0.8105567397427708,0.0,8.0,2.348952755655086,3.1561874771708216,-0.8785138405594135,1.0,0.0,0.0,2.633333333,0.11039460053140451,0.2570225835949027,0.3218521762441658,0.3774996654408424,0.06309614377846562,0.06309614377846562,0.2259730339179562,0,1.0,28.75
LIU_SAMPLE143,LIU_PATIENT143,Liu 2019,3.3265812394964285,3.2240923107156734,3.0248141790482257,2.918839708214791,10.0,3.0141783812776355,3.7073693983581277,-0.5862241289495191,1.0,0.0,0.0,13.06666667,0.5338960564448672,0.2951005498716872,0.35666993014111564,0.2891604809729413,0.49020246720514465,0.49020246720514465,0.39300589692715115,0,0.0,20.7
LIU_SAMPLE144,LIU_PATIENT144,Liu 2019,1.946334324786642,2.0330678250405216,1.3346667981805809,2.4528420536640025,9.0,0.0,3.357724939440584,-0.41039137764276035,1.0,0.0,1.0,30.0,0.9999292879229741,0.3776366864823797,0.4914348059099489,0.39974011835352424,0.9989968988015834,0.9989968988015834,0.653547559494082,1,1.0,21.75
LIU_SAMPLE145,LIU_PATIENT145,Liu 2019,3.208527136284808,3.1640751954816344,3.080395183618445,3.1413018071446106,13.0,2.8897008961641824,3.657665335891399,-1.0171334632604743,0.0,1.0,0.0,10.66666667,0.910928944630927,0.4308400511105336,0.32618159108515377,0.4262862355935436,0.9182300889497519,0.9182300889497519,0.602493382273982,1,1.0,27.37
LIU_SAMPLE146,LIU_PATIENT146,Liu 2019,3.0944819039853875,2.992620956268029,2.7612277292175404,2.6228534004219632,10.0,2.7697459472336874,3.4668582127982006,-0.8428612649186156,0.0,1.0,0.0,13.86666667,0.6091833536368113,0.31753500324408723,0.3010314124287347,0.3314316880478692,0.6025774883548864,0.6025774883548864,0.43235178914247785,0,1.0,20.11
LIU_SAMPLE147,LIU_PATIENT147,Liu 2019,2.760071724358663,2.6269046737709054,2.301499623133567,2.0594429321250343,11.0,2.3629518257036346,3.3017922591482147,-0.5541172999917001,0.0,1.0,0.0,18.6,0.4527072501468978,0.34392327604568257,0.36312707437936237,0.33220047469740116,0.46894987700581664,0.46894987700581664,0.39218159045503215,0,1.0,31.54
LIU_SAMPLE148,LIU_PATIENT148,Liu 2019,2.595189659951211,2.881952500850903,2.574893815328111,2.6543664134575407,11.0,2.821686563235551,3.5353200683698107,-1.305933812904227,0.0,0.0,0.0,11.36666667,0.9857439718191129,0.3875958706994032,0.35174978298028614,0.3740711382994064,0.9692064694941966,0.9692064694941966,0.613673446658481,1,1.0,26.02
LIU_SAMPLE15,LIU_PATIENT15,Liu 2019,3.5275322636900466,3.347104112947135,3.272928450872188,3.327037405472559,12.0,3.0553702254747965,3.5640050317888052,-0.7025653593954697,0.0,1.0,0.0,9.066666667,0.6675231977408337,0.5020894682098719,0.50141046685058,0.5133503670898648,0.7284065130845879,0.7284065130845879,0.5825560025951476,1,1.0,4.89
LIU_SAMPLE150,LIU_PATIENT150,Liu 2019,2.9241487998515368,2.941705026383011,2.8385747655014186,2.5901334059552203,11.0,2.659286355460858,3.546000766213197,-0.7097905608962671,1.0,0.0,0.0,1.666666667,0.8333158995190891,0.33982930997784166,0.3959394252693519,0.25011095732435973,0.8284662476621832,0.8284662476621832,0.5295323679505651,1,1.0,22.5
LIU_SAMPLE155,LIU_PATIENT155,Liu 2019,3.0628444456524835,2.9309030975502757,2.851201011081514,2.4717603665655337,8.0,2.744692339705161,3.4760860633599755,-0.6318965033420159,1.0,0.0,0.0,9.233333333,0.25897124485853623,0.2736130118713705,0.26499164199132613,0.3245509911503975,0.32747715335598887,0.32747715335598887,0.28992080864552383,0,0.0,15.6
LIU_SAMPLE156,LIU_PATIENT156,Liu 2019,2.3557743714622914,2.6553416693881053,2.5323639237618325,1.229119566414474,10.0,2.867967327333861,3.61677386746536,-0.764027860323516,1.0,0.0,0.0,7.0,0.7004053258133625,0.2840754451784076,0.26258021766531014,0.374766347742164,0.6940918097899897,0.6940918097899897,0.46318382923784684,0,0.0,2.86
LIU_SAMPLE158,LIU_PATIENT158,Liu 2019,3.2926895090606627,3.1274470950371693,3.2407555845631983,2.90238491104092,11.0,2.750079104068728,3.50603981601746,-0.7767211875760829,1.0,0.0,0.0,75.3,0.7925603527044762,0.4038085799758622,0.32155677234802926,0.2801213417377151,0.8714334092302887,0.8714334092302887,0.5338960911992743,1,1.0,6.37
LIU_SAMPLE162,LIU_PATIENT162,Liu 2019,3.3154442195941436,3.217571567729351,3.0882500272440794,3.0600529062002004,11.0,3.304462373243668,3.4140023495338276,-1.3047874180834662,1.0,0.0,1.0,56.63333333,0.9994479657231642,0.5274062918319325,0.5169156530666301,0.38920478567989336,0.9993481802595947,0.9993481802595947,0.6864645753122429,1,0.0,6.6
LIU_SAMPLE163,LIU_PATIENT163,Liu 2019,3.0438278657907296,3.0752117610986924,2.974756125913115,2.789342396563838,10.0,2.643202182363434,3.4241300685079032,-0.5972882948756015,1.0,0.0,0.0,7.733333333,0.8756972611768385,0.26773196791077214,0.331683170786508,0.25749868099573675,0.8496707833767546,0.8496707833767546,0.516456372849322,1,0.0,5.68
LIU_SAMPLE165,LIU_PATIENT165,Liu 2019,2.976407421668552,3.082667855069722,2.927094813053373,2.363568825499072,11.0,2.932615418274989,3.531338452225891,-0.6662216877521527,0.0,0.0,0.0,24.06666667,0.8250641911949272,0.38756688293380775,0.39921237473352034,0.3565536712386223,0.7956938397778236,0.7956938397778236,0.5528181919757402,1,0.0,2.46
LIU_SAMPLE166,LIU_PATIENT166,Liu 2019,2.556620967079799,2.1841559144935387,0.871792312543512,1.1862672117590962,9.0,2.389336240155999,3.242107758247383,-0.5860147333830366,0.0,0.0,0.0,0.366666667,0.12291648459453981,0.25927427640895456,0.2605639671861866,0.2935725598619352,0.031080312591753048,0.031080312591753048,0.19348152012867384,0,1.0,6.73
LIU_SAMPLE167,LIU_PATIENT167,Liu 2019,3.330090426879453,3.2854034189790076,3.2496697249951048,3.0946254818476353,11.0,2.8706662916785537,3.6771487335780035,-0.5287501963451029,0.0,0.0,0.0,0.966666667,0.6353930776383291,0.36449931855944645,0.328512722007836,0.5447399422255739,0.6490671538022251,0.6490671538022251,0.5044424428466822,1,0.0,9.26
LIU_SAMPLE168,LIU_PATIENT168,Liu 2019,2.1630828504402735,2.488196309106158,2.7844451473407927,1.7677046949358908,8.0,2.219227083497786,3.45101446952514,-0.5609613384226431,0.0,0.0,0.0,0.8,0.29044378791607045,0.24424123609592346,0.24412746342118272,0.28314108484514566,0.494813815626781,0.494813815626781,0.31135347758102067,0,1.0,20.47
LIU_SAMPLE169,LIU_PATIENT169,Liu 2019,3.3839562010888162,3.3102075179076023,3.1571380897998287,3.1438971142428365,13.0,3.0785181616044603,3.6194310686300533,-0.5280102259042203,0.0,1.0,0.0,48.6,0.7259106534611249,0.37146998147814586,0.35331296632442183,0.560619926428672,0.737782084603878,0.737782084603878,0.5498191224592486,1,1.0,17.84
LIU_SAMPLE173,LIU_PATIENT173,Liu 2019,2.950499517104466,2.8345826271461863,2.484143230925053,2.3603035213785195,10.0,2.5836079516139425,3.5513540646573474,-0.550338311520282,1.0,0.0,0.0,5.8,0.5139760085888607,0.2692339714428082,0.2537080901776094,0.2501769803189962,0.43375586688712825,0.43375586688712825,0.34417018348308054,0,0.0,1.38
LIU_SAMPLE179,LIU_PATIENT179,Liu 2019,1.828055310992682,1.6707474473445743,0.0,0.0,6.0,2.825313784434172,2.0545054286046125,-1.3025637439248552,0.0,1.0,0.0,16.3,0.6586953341355234,0.33385054451200313,0.4262123476133478,0.3997640975304828,0.259433243438931,0.259433243438931,0.41559111344605765,0,1.0,21.45
LIU_SAMPLE18,LIU_PATIENT18,Liu 2019,3.2826964335637068,3.0528470319354875,2.5378930509917725,2.6356273313762744,12.0,2.901522275917908,3.3159305300097373,-0.5236769489912576,0.0,0.0,0.0,13.93333333,0.7256104437682099,0.39651314916472186,0.5819924112596214,0.35662252933620986,0.6239960057684697,0.6239960057684697,0.5369469078594465,1,0.0,4.27
LIU_SAMPLE181,LIU_PATIENT181,Liu 2019,3.477656571736116,3.1598670228424726,3.2683155601944764,3.1098652365644974,13.0,3.1517206143853214,3.6238621952224968,-0.6084801746477213,0.0,1.0,0.0,10.7,0.13519713682083584,0.36397290449457226,0.3455994111545512,0.5112200393386391,0.3742344149071815,0.3742344149071815,0.34604478134315597,0,1.0,15.64
LIU_SAMPLE183,LIU_PATIENT183,Liu 2019,3.415077304927189,2.965727518210504,3.1912280374436985,3.4170019473765985,10.0,0.0,3.4309599334614056,-0.9003925599498723,0.0,1.0,0.0,12.06666667,0.9983101793334616,0.3736064133397007,0.44460850424373827,0.3996317395842842,0.9965529058052887,0.9965529058052887,0.6425419484612946,1,0.0,18.79
LIU_SAMPLE184,LIU_PATIENT184,Liu 2019,2.721716501489773,1.952345230057374,1.369835357718581,1.40180738748126,9.0,0.0,3.4977258339548625,-1.6244835682249947,1.0,0.0,0.0,71.66666667,0.9869685108751426,0.336195005675052,0.3114901675147586,0.3997613039822312,0.9567104528988264,0.9567104528988264,0.5982250881892022,1,1.0,16.85
LIU_SAMPLE187,LIU_PATIENT187,Liu 2019,3.032772813829048,3.06625739360559,2.765595013217662,2.61287168550665,10.0,2.9140055213106844,3.5649663413508597,-0.7611853989074993,1.0,0.0,0.0,4.9,0.8450440978019511,0.3011805239399773,0.3940981301798692,0.2505909215319403,0.7599865010414066,0.7599865010414066,0.5101800348990289,1,1.0,20.27
LIU_SAMPLE188,LIU_PATIENT188,Liu 2019,3.0298542557687327,2.8771145390050634,2.752823224375261,2.5711690901826314,11.0,2.12658039379916,3.4035362671477203,-0.5766110461742016,0.0,1.0,0.0,1.266666667,0.7370665350032085,0.32795062763943456,0.3864135989104109,0.3727401114152035,0.7411365394503835,0.7411365394503835,0.5130614824837283,1,0.0,2.43
LIU_SAMPLE189,LIU_PATIENT189,Liu 2019,3.3045858694833865,3.203893572902912,3.0585185701071653,2.989121015192233,12.0,2.988788207895438,3.5598712496741447,-0.588231459589537,0.0,0.0,0.0,1.666666667,0.6792766565317895,0.35884219293488573,0.32454837980376505,0.5133471940796608,0.698783919629237,0.698783919629237,0.5149596685958675,1,1.0,23.59
LIU_SAMPLE191,LIU_PATIENT191,Liu 2019,3.336696364813646,3.256675932391037,2.950975427039797,2.6131831851594924,12.0,3.0712211470170234,3.653952814110904,-0.6487134131115231,0.0,1.0,0.0,143.1,0.7756806039150991,0.35722575819658353,0.3410105773511372,0.44095531410654454,0.7144185006842712,0.7144185006842712,0.5258581508507272,1,1.0,21.62
LIU_SAMPLE192,LIU_PATIENT192,Liu 2019,3.5555331968407837,3.402491837115748,3.266154880807073,3.1882517085755593,12.0,3.253171935304328,3.70006303463159,-0.7054831707427889,1.0,0.0,0.0,17.3,0.792499650472559,0.4150534720266623,0.4963692356954905,0.3791033229845239,0.7903321666952867,0.7903321666952867,0.5746715695749045,1,1.0,9.53
LIU_SAMPLE195,LIU_PATIENT195,Liu 2019,3.0218793890881543,3.123438500123927,3.0772866269645434,2.995574070381795,12.0,2.495563359278859,3.490146029300397,-0.43168087920761344,0.0,0.0,1.0,66.03333333,0.9989898771419113,0.51948430333587,0.6053378569917439,0.4858045028802082,0.9984232126089305,0.9984232126089305,0.7216079505917328,1,1.0,29.4
LIU_SAMPLE196,LIU_PATIENT196,Liu 2019,2.4906453627868523,2.721866757457729,2.451849460855568,1.2245120076830522,9.0,3.0694387924447044,3.452120291983756,-0.5906698138107229,1.0,0.0,1.0,58.4,0.9882529585002472,0.42729117302742686,0.4737471128555321,0.38484123574809553,0.9826616944486305,0.9826616944486305,0.6513588349159865,1,0.0,2.66
LIU_SAMPLE197,LIU_PATIENT197,Liu 2019,2.0609778558380416,2.178134229725632,2.1790286696799344,1.4364967137439362,7.0,2.266709227627445,3.2570387571970114,-0.6520366436126337,0.0,1.0,0.0,2.5,0.041403403274661674,0.26043593374569207,0.3128746822377852,0.31217650395713215,0.10563100507057431,0.10563100507057431,0.20650430565716907,0,1.0,31.54
LIU_SAMPLE20,LIU_PATIENT20,Liu 2019,3.495250943992707,3.4115163492603195,3.2087209498203606,3.108246289042339,12.0,3.6667803206684897,3.795117653458174,-0.4390993129815173,1.0,0.0,0.0,16.33333333,0.3354772883875899,0.38911785025491924,0.4725142624684027,0.34309630370624694,0.36771037332620804,0.36771037332620804,0.3815832156286733,0,0.0,7.95
LIU_SAMPLE200,LIU_PATIENT200,Liu 2019,3.3183901570589973,3.3804482557544473,3.3016933961884565,3.311086655327557,10.0,3.048556957267792,3.627499268628033,-0.6982284756731327,1.0,1.0,1.0,25.76666667,0.9977756382276828,0.4380150957175788,0.3800329906464364,0.4505637908717663,0.9963705828471908,0.9963705828471908,0.652551619662131,1,0.0,16.82
LIU_SAMPLE201,LIU_PATIENT201,Liu 2019,1.5398609132033048,1.525528641778747,2.1015790996270267,1.7488952594527145,7.0,0.0,3.2559720740757188,-1.1252939215871218,1.0,0.0,0.0,2.833333333,0.7249893974471956,0.27439492071521177,0.34397074540996186,0.3997269261931117,0.912649650596827,0.912649650596827,0.5311463280724615,1,0.0,5.49
LIU_SAMPLE203,LIU_PATIENT203,Liu 2019,3.1364278744869076,3.210237950526046,3.127932612147947,2.9547254034743737,11.0,2.7978794000321776,3.6098037297616217,-0.6057857761096921,1.0,0.0,0.0,3.1,0.9079381232503771,0.3487030595552991,0.2990726458645318,0.33762999770008095,0.8788926482065932,0.8788926482065932,0.5544472949153765,1,0.0,20.57
LIU_SAMPLE204,LIU_PATIENT204,Liu 2019,3.367573899953276,3.224659668170237,3.000206781932907,2.8908390109357356,12.0,3.002435614165403,3.5048216409439457,-0.5611421626789221,1.0,0.0,1.0,69.26666667,0.9976198865756059,0.49242819941477367,0.4934779389656761,0.4462528760492282,0.9964999969127217,0.9964999969127217,0.6852557795836012,1,1.0,26.91
LIU_SAMPLE205,LIU_PATIENT205,Liu 2019,3.004437393200099,3.0578266861210386,2.6828694066541505,2.673455042116714,12.0,2.816178394984586,3.6319607992364396,-0.7036927052360658,1.0,0.0,1.0,20.5,0.9992234678527826,0.46801830633310265,0.5439591553913409,0.38240187290464367,0.9978355462564629,0.9978355462564629,0.6782876697476665,1,0.0,12.88
LIU_SAMPLE206,LIU_PATIENT206,Liu 2019,3.2344185109578394,3.2133945819405536,3.0913553347001432,3.0295450693431696,11.0,2.8183251978897066,3.620089534673692,-0.6891803418243274,0.0,0.0,1.0,185.4,0.997892944306407,0.5400794885620811,0.4578142965357013,0.4842536731381396,0.9968739176614817,0.9968739176614817,0.6953828640407622,1,0.0,2.96
LIU_SAMPLE21,LIU_PATIENT21,Liu 2019,2.8626400651173767,2.7962270976527615,2.4259979079699683,2.4247405342947452,10.0,2.879600858393085,3.3128796255257975,-0.44697605210093627,0.0,1.0,0.0,9.966666667,0.18597657168983212,0.31689546057226586,0.3594121895677508,0.40630541672136056,0.2019960731247843,0.2019960731247843,0.2941171423351987,0,1.0,29.76
LIU_SAMPLE22,LIU_PATIENT22,Liu 2019,2.078735754879498,2.108255853707258,2.0721323482653915,2.052763279918751,9.0,1.5991825471755652,3.4074337670036856,-0.7960502392652957,0.0,0.0,0.0,3.166666667,0.34774322553645914,0.26769595581855926,0.2925726664218856,0.33658159806464116,0.47209531950533457,0.47209531950533457,0.3433377530693759,0,0.0,8.31
LIU_SAMPLE23,LIU_PATIENT23,Liu 2019,1.9815055513211013,2.682400757784936,2.594514506563285,2.3999848572811553,10.0,2.461314995604416,3.4891692074765266,-0.6841161343651572,0.0,1.0,0.0,7.1,0.9550014419568177,0.2685881307323568,0.26007633651474843,0.3685466693033887,0.9197258169596617,0.9197258169596617,0.5543876790933947,1,0.0,32.03
LIU_SAMPLE24,LIU_PATIENT24,Liu 2019,2.5677620680804214,2.8618094872804574,2.7926765371722335,2.443942607006107,7.0,2.701988672040117,3.3658727046691297,-0.8016795031178043,0.0,0.0,0.0,10.93333333,0.6989924787220952,0.27338491173586393,0.3922211173835939,0.45780610802634425,0.662996587324554,0.662996587324554,0.49708024063849027,0,0.0,4.5
LIU_SAMPLE25,LIU_PATIENT25,Liu 2019,3.1955457933362976,3.1791503374548373,3.010728253881153,2.6382893124409734,11.0,2.926506741232916,3.6425676064231247,-0.6258381482496747,0.0,0.0,0.0,12.56666667,0.704391795984102,0.37124759650904915,0.3178125840681805,0.42714145761396716,0.668624461952281,0.668624461952281,0.4978435792255159,0,1.0,36.01
LIU_SAMPLE27,LIU_PATIENT27,Liu 2019,3.4467899356000977,3.298463205864111,3.13880882166228,3.236756112265315,11.0,2.806646217230861,3.417042440381509,-0.49252134863803443,0.0,1.0,0.0,7.966666667,0.6962095051943608,0.44687420625647256,0.6083663060762077,0.5719097005241065,0.6850235708555555,0.6850235708555555,0.6016766577813406,1,0.0,14.16
LIU_SAMPLE31,LIU_PATIENT31,Liu 2019,2.757722283994742,2.9003156599096642,2.516705765431355,2.1559306846814525,12.0,2.86894904632012,3.388841991898493,-0.34900389573559476,0.0,1.0,0.0,6.5,0.6927759144749595,0.40191109247563644,0.5603158003245525,0.4548314567914873,0.6013268236321775,0.6013268236321775,0.5422322175397626,1,0.0,13.99
LIU_SAMPLE32,LIU_PATIENT32,Liu 2019,2.3541391369045876,2.2391051053492412,2.6420778379715726,1.478797809678632,11.0,2.744276645574986,3.4996258519997796,-0.8064649615721557,1.0,1.0,0.0,11.2,0.015792514800693262,0.3311357043095487,0.35259022526082234,0.35305754054832333,0.1697713835045619,0.1697713835045619,0.24446947368478994,0,0.0,1.74
LIU_SAMPLE33,LIU_PATIENT33,Liu 2019,3.3735891914635237,3.339832656020493,3.2841337678116225,3.1091885981304257,12.0,3.039718504468801,3.774617001500225,-0.5701933839750852,0.0,0.0,0.0,2.966666667,0.6807416043079183,0.40774502667912155,0.4873433373392137,0.6347527686498384,0.6908035161361045,0.6908035161361045,0.5802772506224393,1,1.0,55.16
LIU_SAMPLE34,LIU_PATIENT34,Liu 2019,2.5055293739624096,2.960391969292948,2.855480821838992,2.6371525550478565,10.0,3.098023867532424,3.5150197384376525,-0.6361451368392861,0.0,0.0,0.0,1.133333333,0.7962568662709444,0.27075630958983327,0.2565557809113997,0.3753965351360074,0.7592558845255144,0.7592558845255144,0.4916442752867399,0,1.0,55.55
LIU_SAMPLE36,LIU_PATIENT36,Liu 2019,2.993577677226044,2.831039263485628,2.956269532605321,1.9211273232084105,10.0,1.9776827063190063,3.4044529011015525,-0.38796000544026654,0.0,1.0,0.0,6.766666667,0.4302956134122163,0.2708125687917616,0.27247330107182305,0.36057390259734895,0.5743863630771988,0.5743863630771988,0.38170834979006973,0,0.0,14.82
LIU_SAMPLE37,LIU_PATIENT37,Liu 2019,3.4310773071231426,3.4156315902420196,3.1838062731699672,3.20050449104998,10.0,3.5142660224087896,3.6656079228788685,-0.42583119769639444,0.0,0.0,1.0,2.866666667,0.9659489291623382,0.392032307960752,0.31801140709517217,0.40263943051701884,0.9542399423993566,0.9542399423993566,0.6065744034269275,1,0.0,9.03
LIU_SAMPLE38,LIU_PATIENT38,Liu 2019,3.1290417547799123,3.1431576165602233,2.9392036379061213,2.931720021013742,11.0,2.8589152307079067,3.5206766562869802,-0.5831014886044281,1.0,0.0,0.0,2.6,0.8639489089681284,0.34630518040720093,0.3142538728645396,0.30062975233102457,0.8177272007600908,0.8177272007600908,0.5285729830661968,1,0.0,11.27
LIU_SAMPLE4,LIU_PATIENT4,Liu 2019,2.8921000682896127,2.998042521219144,2.795726473435003,2.74722341603432,11.0,2.671613999806719,3.490485072067731,-0.47399834414102804,1.0,0.0,0.0,15.26666667,0.8677030624510387,0.35214378258513523,0.5547242541498141,0.27756614075599134,0.815563537071612,0.815563537071612,0.5735401554027183,1,1.0,19.71
LIU_SAMPLE40,LIU_PATIENT40,Liu 2019,3.1052347483903993,3.0265697600843966,2.927202826847793,2.917467103675036,9.0,2.489934973805876,3.3456941733127947,-0.9315412540869974,0.0,0.0,1.0,250.8333333,0.9988080642842829,0.4282084737648492,0.3714328823226372,0.4103294801659123,0.9983443818461422,0.9983443818461422,0.6414246564767647,1,0.0,15.37
LIU_SAMPLE42,LIU_PATIENT42,Liu 2019,3.36810692541256,3.1170873009845996,2.9477481067840134,2.7296453850425273,13.0,2.8017552916580835,3.4231048163795847,-0.6756249079804943,0.0,1.0,0.0,17.66666667,0.7455747287588643,0.3747903886681996,0.40230226701758615,0.4765721246300965,0.7929403497312375,0.7929403497312375,0.5584359717611969,1,1.0,33.74
LIU_SAMPLE44,LIU_PATIENT44,Liu 2019,3.484269316051263,3.129970773585472,3.2449833420827847,1.7398925598794193,12.0,0.0,3.5096966779693117,-1.6071253747792082,0.0,0.0,0.0,5.366666667,0.9999962997457144,0.42331713079831623,0.3058365561407484,0.3997646840801869,0.999976330431933,0.999976330431933,0.6257782002393798,1,1.0,30.29
LIU_SAMPLE45,LIU_PATIENT45,Liu 2019,3.3740772485807455,3.298618697715036,3.231093262124746,3.2382242345003913,9.0,2.9841859184697164,3.6185188584912518,-0.4334052491772833,0.0,1.0,0.0,10.83333333,0.19979880153708154,0.37122799976768833,0.24299494082434436,0.4099785070746396,0.2364348196926889,0.2364348196926889,0.29208701377928853,0,1.0,54.73
LIU_SAMPLE47,LIU_PATIENT47,Liu 2019,2.5633862955938445,2.660277170573564,2.2877464748802825,2.171830128757381,10.0,2.207726979794659,3.3491444037442846,-1.1609279649218762,0.0,1.0,0.0,27.9,0.9691134852466462,0.3349514216646845,0.318857259143594,0.3272323362896082,0.9352318115632848,0.9352318115632848,0.5770772627815636,1,0.0,30.78
LIU_SAMPLE48,LIU_PATIENT48,Liu 2019,3.1323989649493247,3.062753579025967,2.8905393107498627,2.8913355061168797,9.0,2.705982556839395,3.2460777840446426,-0.5870757452031721,0.0,0.0,0.0,2.733333333,0.6566907481396315,0.2550917341130382,0.2878189716182854,0.30967246137036675,0.6428826318197086,0.6428826318197086,0.4304313094122061,0,0.0,1.74
LIU_SAMPLE51,LIU_PATIENT51,Liu 2019,3.527512211480282,3.116905023714152,3.033557979166513,1.6459737348931451,10.0,2.868172472579184,3.5849528118527836,-0.9120620905339503,0.0,1.0,0.0,39.36666667,0.30595445704135366,0.3305052564506544,0.2484125819047969,0.31331096366329253,0.4350180080440648,0.4350180080440648,0.32664025342083247,0,1.0,50.82
LIU_SAMPLE56,LIU_PATIENT56,Liu 2019,3.2227871923953764,3.2677186167722176,3.09524797398036,2.888421258155519,11.0,3.0343726443116084,3.600316235395161,-0.6141285521031206,0.0,0.0,0.0,1.966666667,0.7955910716497181,0.34806801315851243,0.31659336959682444,0.4327007170867816,0.7457034091578535,0.7457034091578535,0.5277313161299381,1,0.0,4.01
LIU_SAMPLE58,LIU_PATIENT58,Liu 2019,2.230214894620634,2.507144278724564,2.941026203399903,1.320541639630298,7.0,2.704102453382345,3.376809448277495,-1.260493248415937,0.0,0.0,0.0,3.8,0.40005505123540713,0.27688545651806445,0.27547316395879246,0.4116317574810877,0.7314077979049761,0.7314077979049761,0.41909064541966556,0,0.0,9.95
LIU_SAMPLE62,LIU_PATIENT62,Liu 2019,3.301516346548763,3.263038175057192,2.901726129836108,2.8102226208658214,13.0,3.302388748681043,3.75815472381573,-0.542088075376276,0.0,0.0,1.0,211.9333333,0.995717179055694,0.49383881070814345,0.4986653016957171,0.466905722056554,0.9923873502662854,0.9923873502662854,0.6895028727564787,1,1.0,32.88
LIU_SAMPLE63,LIU_PATIENT63,Liu 2019,3.4254868664417137,3.1596670111901894,2.882185036603671,3.006527295583999,12.0,2.80621794965768,3.3632545073881923,-0.3590771775731647,0.0,0.0,1.0,10.86666667,0.9905229070548363,0.5087448273153613,0.6033510374697137,0.5264374758720798,0.9881268822871088,0.9881268822871088,0.7234366259998201,1,0.0,5.85
LIU_SAMPLE67,LIU_PATIENT67,Liu 2019,2.893437925292861,2.528622700816745,2.8223439888602826,2.8110330566332724,10.0,0.0,3.345360416164626,-1.0613029687740734,0.0,0.0,0.0,11.7,0.9962223261253124,0.29093146128602254,0.39274633675544446,0.39948254983708725,0.9955783350204884,0.9955783350204884,0.6149922018048709,1,0.0,4.47
LIU_SAMPLE72,LIU_PATIENT72,Liu 2019,3.2209773622546614,3.239006709892208,3.18935270977382,3.0652747942708363,10.0,2.9557797428183648,3.47296374530647,-0.435654482513939,1.0,0.0,0.0,5.333333333,0.7021603933002409,0.3224776775559918,0.26483267870192695,0.35564431352276554,0.7054416313080538,0.7054416313080538,0.4701113388777959,0,0.0,12.98
LIU_SAMPLE73,LIU_PATIENT73,Liu 2019,3.2299465004920793,3.018270556325598,2.6729278896966857,2.471341857478352,10.0,2.5356877533017177,3.4760631139349103,-0.7879138491052649,0.0,0.0,0.0,3.733333333,0.7706621433263153,0.2703230576125035,0.28776089944289923,0.2718934794395955,0.6778238246851209,0.6778238246851209,0.455692680901287,0,0.0,27.79
LIU_SAMPLE75,LIU_PATIENT75,Liu 2019,3.5607350658786547,3.3536560179016717,3.361429733263293,3.2509234789665333,11.0,3.010962651735802,3.5224408748200275,-0.4789992403474681,0.0,1.0,1.0,24.46666667,0.9783523172076827,0.6120651742020903,0.6306421309520159,0.5449581798200149,0.9839727073666127,0.9839727073666127,0.7499981019096833,1,1.0,29.27
LIU_SAMPLE77,LIU_PATIENT77,Liu 2019,3.445267878044192,3.2963280252682354,3.2004491612183594,3.2312747195020495,12.0,3.003365847221325,3.6321678683187586,-1.0178485787794744,1.0,0.0,0.0,4.1,0.9413836683237056,0.45514823690775313,0.35970268723181065,0.3002642432459863,0.9378340659857496,0.9378340659857496,0.598866580339001,1,0.0,14.59
LIU_SAMPLE78,LIU_PATIENT78,Liu 2019,3.4235066835134234,3.2955585069921898,3.052819875471708,2.9843781778995875,11.0,2.916098998280576,3.698074095286407,-0.4769887803189792,1.0,0.0,0.0,1.333333333,0.7114792014396972,0.37625668372362836,0.5791164779807173,0.406816992862414,0.624036523308448,0.624036523308448,0.539541175862981,1,0.0,11.7
LIU_SAMPLE79,LIU_PATIENT79,Liu 2019,3.4463398080191023,3.374225444120436,3.1437131677498353,3.205525851215766,12.0,3.1368948833127384,3.732396099652822,-0.4998849356070285,1.0,0.0,0.0,6.6,0.7874697903014146,0.4587763202484961,0.6173632245276467,0.5088211204438241,0.72142816122243,0.72142816122243,0.6187717233487623,1,0.0,27.89
LIU_SAMPLE82,LIU_PATIENT82,Liu 2019,2.398076589995163,2.1299949261750295,1.7790499253881287,2.26715289539222,10.0,2.7167597485767097,3.349421343862171,-1.050482276013864,1.0,0.0,1.0,61.96666667,0.8320945253079738,0.40606683495325624,0.4674831352169525,0.3965641964500034,0.9135631406043989,0.9135631406043989,0.603154366506517,1,0.0,4.3
LIU_SAMPLE83,LIU_PATIENT83,Liu 2019,2.3888878164535656,2.3160118231206206,2.3114574359052003,2.078829113897609,9.0,2.6281085128285477,3.3746393695215717,-0.9566989011773739,0.0,1.0,0.0,8.033333333,0.045201948660123024,0.29930685907705673,0.31344219402043244,0.31383234841348984,0.15455793882538693,0.15455793882538693,0.2252682577992978,0,0.0,2.33
LIU_SAMPLE87,LIU_PATIENT87,Liu 2019,3.4494375588077855,3.369560789028801,3.3209444728037303,3.2009958739081297,13.0,3.107103130715048,3.5652948105059252,-0.4195828022139194,0.0,0.0,1.0,4.3,0.9954541462329466,0.5800254713877312,0.6138825299389131,0.5792631810942045,0.9953946828303429,0.9953946828303429,0.7528040022968276,1,1.0,41.49
LIU_SAMPLE9,LIU_PATIENT9,Liu 2019,2.743158363418018,2.8417439342317774,2.600183072569946,2.4593156164006933,11.0,2.519218560043885,3.4327145356752338,-0.711373994414922,0.0,1.0,0.0,24.66666667,0.8411589030506799,0.3480563837865262,0.41552035359896233,0.3612000216126818,0.7977994471242431,0.7977994471242431,0.5527470218346187,1,0.0,31.64
LIU_SAMPLE94,LIU_PATIENT94,Liu 2019,3.5296458792866123,3.3763843026914846,3.272435585507262,3.0604287447561127,12.0,3.281724111397021,3.535454840309472,-0.45153283288809565,1.0,0.0,0.0,8.866666667,0.6558293322986907,0.43854054462358677,0.5523384626529555,0.4520092879345146,0.7017468592142896,0.7017468592142896,0.5600928973448074,1,0.0,1.31
LIU_SAMPLE96,LIU_PATIENT96,Liu 2019,2.761352024264019,2.8882117180862807,2.914582113562063,2.2973200765404296,9.0,2.62675659116506,3.408233566076055,-0.4844358581571129,1.0,0.0,0.0,22.36666667,0.6229964927363923,0.29574163645068374,0.2969094315615078,0.24178250812617771,0.672048078364528,0.672048078364528,0.42589562944785797,0,1.0,29.99
LIU_SAMPLE98,LIU_PATIENT98,Liu 2019,3.693117532309716,3.4979227083134714,3.262276012770629,3.2276332268657644,12.0,3.231361551570923,3.5629295831916368,-0.3499711768248539,0.0,1.0,0.0,10.3,0.5134315832704509,0.48636105318788586,0.6150348809211255,0.4687532855599169,0.4958323313378122,0.4958323313378122,0.5158826268554383,1,0.0,22.44
LIU_SAMPLE99,LIU_PATIENT99,Liu 2019,3.1645557735556533,3.210897068636832,3.0202452765749066,2.818415868130814,13.0,3.094854737193056,3.6746107506238013,-0.888240836208313,1.0,0.0,0.0,29.76666667,0.9654958805472431,0.3708554889148769,0.34015971694656627,0.3205122225021181,0.9511264312725943,0.9511264312725943,0.5896299480366798,1,1.0,30.26
HUGO_PT1,HUGO_PT1,Hugo 2016,3.4373176016918805,3.405399986149017,3.242886192040788,3.2508689628421026,7.0,3.1460056603485715,3.621159014531105,-0.5119896547093039,0.0,1.0,0.0,77.86666667,0.4941785803799672,0.4276514461603919,0.42898317924881163,0.37913749617218995,0.2898870768629812,0.2898870768629812,0.40396755576486837,0,0.0,19.94
HUGO_PT10,HUGO_PT10,Hugo 2016,2.5162644540762273,2.683050635885949,2.5058496828874124,2.307827771586161,7.0,2.4177397854991387,3.522330309441189,-0.4249289524376869,0.0,0.0,0.0,8.433333333,0.48470030209019566,0.3316688877267176,0.3582646577956192,0.15440255330712463,0.2898870768629812,0.2898870768629812,0.32378469555652767,0,0.0,12.71
HUGO_PT12,HUGO_PT12,Hugo 2016,2.5391950922980366,2.7575804603435556,2.9425773702446554,2.2655660892861986,6.0,2.71032564008207,3.548892422176116,-0.31474331684584955,1.0,0.0,0.0,2.7,0.4794406925519939,0.32957932053869493,0.36882552610528657,0.17302565160078853,0.25741447494734665,0.25741447494734665,0.3216571331488221,0,0.0,10.74
HUGO_PT13,HUGO_PT13,Hugo 2016,3.6197851092079216,3.5175607249372223,3.353564876657569,3.42983618336834,8.0,3.255288638548297,3.726513651009425,-0.4411504113887945,1.0,0.0,0.0,15.53333333,0.4879755914025314,0.39963411362957185,0.426407277859725,0.18939124351514777,0.3246650896711238,0.3246650896711238,0.36561466321562,0,1.0,30.12
HUGO_PT14,HUGO_PT14,Hugo 2016,3.505000986957748,3.3196715125155074,3.1799561176109656,2.9480235299830557,8.0,3.662147919777242,3.678203047659392,-0.39117668203166023,1.0,0.0,1.0,50.53333333,0.49431838904283293,0.38399912575461365,0.3446676260198446,0.4091562843613858,0.3246650896711238,0.3246650896711238,0.3913613029699602,0,0.0,1.77
HUGO_PT15,HUGO_PT15,Hugo 2016,3.4991676762014037,3.379131744737846,3.213745808147551,3.2944569142539333,9.0,3.007467883804864,3.556909989959361,-0.30444733067559593,0.0,1.0,1.0,23.86666667,0.5016374880138151,0.41415593776286536,0.36840647260699644,0.5548919521320393,0.36149146757439415,0.36149146757439415,0.44011666361802215,0,1.0,32.19
HUGO_PT16,HUGO_PT16,Hugo 2016,3.2070767538159175,3.1091562644907085,3.052497079374368,2.9235678808513224,9.0,3.1511547122464725,3.571959140723583,-0.3628946641548856,1.0,0.0,0.0,18.96666667,0.4895859727711811,0.3777635287896073,0.39087234951297917,0.1435304810127405,0.36149146757439415,0.36149146757439415,0.3526487599321804,0,0.0,6.11
HUGO_PT19,HUGO_PT19,Hugo 2016,3.2379471759905893,3.2684082323748846,3.102770161550392,3.2308519466341066,9.0,3.0016415883181966,3.4648367183168256,-0.3565275212403458,0.0,1.0,0.0,21.1,0.49583483303567,0.37473479706515395,0.38853618303690435,0.31798022814628296,0.36149146757439415,0.36149146757439415,0.387715501771681,0,1.0,34.82
HUGO_PT2,HUGO_PT2,Hugo 2016,3.5450667815491594,3.360085136303172,3.085410350701554,3.273445492840211,9.0,3.2946501009503857,3.5702120315140746,-0.4536198117797672,0.0,0.0,1.0,65.4,0.4997974634259292,0.41542896381099165,0.36683164711254695,0.5071539490484713,0.36149146757439415,0.36149146757439415,0.4301406981944667,0,1.0,30.45
HUGO_PT20,HUGO_PT20,Hugo 2016,3.8064181917790987,3.691861672159272,3.6388999981748715,3.7018525252584635,8.0,3.4357760478335684,3.6543080557317644,-0.48534864807217515,0.0,1.0,0.0,19.6,0.49456518683263556,0.6866691112940546,0.45585518506421097,0.4210397246511697,0.3246650896711238,0.3246650896711238,0.47655885950263893,0,0.0,11.07
HUGO_PT22,HUGO_PT22,Hugo 2016,3.62300654912852,3.491265753318119,3.3351383230203,3.34796806851539,8.0,3.275236542729517,3.763721477843673,-0.5235676372081168,1.0,0.0,0.0,6.5,0.48790044459002857,0.34680333200286595,0.362950030224276,0.1850615619882453,0.3246650896711238,0.3246650896711238,0.3414760916953079,0,0.0,5.98
HUGO_PT23,HUGO_PT23,Hugo 2016,3.6385171782414716,3.386984925749431,3.3371660067558873,3.3818761308646854,10.0,3.231508548175483,3.6391350564039016,-0.25032902579925587,1.0,0.0,0.0,9.266666667,0.4921968120942599,0.3486990245673387,0.3977049445077117,0.25221468165678174,0.4000207557215428,0.4000207557215428,0.378167243709527,0,0.0,3.38
HUGO_PT25,HUGO_PT25,Hugo 2016,3.5199856938818423,3.5256770255150824,3.468162336881444,3.4846262702778965,9.0,3.074968817157964,3.5210940923903116,-0.30478461044202243,0.0,0.0,0.0,4.566666667,0.4910602014129495,0.44957521635823167,0.44699200518003857,0.2571358443070783,0.36149146757439415,0.36149146757439415,0.40125094696653846,0,0.0,8.61
HUGO_PT27,HUGO_PT27,Hugo 2016,3.664747537899425,3.473807829414904,3.2968876664731495,3.293882845794606,9.0,3.29515654266054,3.6284333979121426,-0.44885317306720873,0.0,1.0,1.0,86.53333333,0.5054616836134006,0.43966852697291137,0.41049641306087425,0.576033553849512,0.36149146757439415,0.36149146757439415,0.4586303290142185,0,1.0,18.0
HUGO_PT28,HUGO_PT28,Hugo 2016,3.0248035544234924,3.1925692369648835,2.8016876743213377,2.6315322376540444,7.0,3.477097349011273,3.2586820985454645,-0.04243725031069445,0.0,0.0,1.0,29.1,0.4899750956117706,0.39465782293247165,0.3645628044575257,0.37308043439072097,0.2898870768629812,0.2898870768629812,0.382432646851094,0,1.0,14.42
HUGO_PT29,HUGO_PT29,Hugo 2016,3.5821283688616927,3.4019267285878576,3.305630924340798,3.433918634940557,10.0,3.207015521997801,3.701154351867006,-0.4680696851557613,0.0,0.0,0.0,8.366666667,0.49472764297719973,0.36164526916190803,0.41051953675862424,0.33761925132057735,0.4000207557215428,0.4000207557215428,0.40090649118797045,0,0.0,8.84
HUGO_PT31,HUGO_PT31,Hugo 2016,3.215003891345314,3.2231765810450317,3.196367516043862,3.0915940861292954,8.0,3.118107690003632,3.406394364825215,-0.15718785103824473,1.0,0.0,0.0,21.76666667,0.4860819593859824,0.3621031714739434,0.36381982523828865,0.15684670668801043,0.3246650896711238,0.3246650896711238,0.3387033504914697,0,0.0,23.13
HUGO_PT32,HUGO_PT32,Hugo 2016,3.215849962582402,3.118731713049779,3.130071846588493,2.960283655037737,9.0,2.6457665065677483,3.5269702620096988,-0.5474360410714585,1.0,0.0,0.0,9.866666667,0.4900285625457209,0.33225718692430833,0.3630731594491161,0.14412919213142783,0.36149146757439415,0.36149146757439415,0.33819591372499347,0,0.0,5.62
HUGO_PT35,HUGO_PT35,Hugo 2016,3.4021421383648636,3.2655883600272464,3.109919000797442,3.2091631312528985,6.0,3.1663315774595664,3.421874648442158,-0.4539145411506418,1.0,0.0,0.0,11.33333333,0.4815499181127843,0.3035186518263079,0.3533152453833926,0.1308732186523671,0.25741447494734665,0.25741447494734665,0.3053343017844397,0,1.0,14.03
HUGO_PT37,HUGO_PT37,Hugo 2016,3.2641080957441964,3.304772599330594,3.2061530003630203,3.225802657218198,9.0,3.106458493598776,3.2846913619650926,-0.9937846526130092,1.0,0.0,0.0,19.2,0.4919161660479741,0.3642895584170586,0.35535798388304823,0.23796692344468956,0.36149146757439415,0.36149146757439415,0.36220441987343294,0,1.0,11.96
HUGO_PT38,HUGO_PT38,Hugo 2016,3.636523279413766,3.6034892492043604,3.4246936510511232,3.458991250043809,11.0,3.4654809863644127,3.375088285750448,-0.14234283363766043,1.0,0.0,0.0,2.6,0.49406772005104255,0.46649187500933303,0.3660518064878369,0.3500586615408034,0.43982787306548804,0.43982787306548804,0.4232995872309008,0,1.0,14.72
HUGO_PT4,HUGO_PT4,Hugo 2016,3.4337874403210216,3.2568311184599357,3.1568989888496146,3.1392385297109975,7.0,3.2328917958980563,3.5257648672580437,-0.3927280078345108,1.0,0.0,1.0,131.1333333,0.49517815164801093,0.3970290750040934,0.3575110081904449,0.46323656921192463,0.2898870768629812,0.2898870768629812,0.400568376183491,0,1.0,31.14
HUGO_PT5,HUGO_PT5,Hugo 2016,2.2064969509665677,2.4777000907022466,2.235039761396461,2.2316579730648733,7.0,2.761682250923066,3.2941954448384934,-0.8022950510496529,1.0,0.0,0.0,11.86666667,0.4835676296123017,0.331735156969771,0.3625306152117736,0.22310735808647486,0.2898870768629812,0.2898870768629812,0.33816556734866043,0,1.0,14.42
HUGO_PT6,HUGO_PT6,Hugo 2016,3.0172332561549666,2.897715616818128,2.7845056736408687,2.3819064386096023,7.0,2.8275486510870405,3.715371619081478,-0.6358529831204316,1.0,0.0,0.0,8.0,0.4846805098316433,0.363264775193416,0.36833013955023264,0.13311753428482542,0.2898870768629812,0.2898870768629812,0.3278560071446197,0,1.0,28.98
HUGO_PT7,HUGO_PT7,Hugo 2016,3.2338537252323007,3.07446918116729,2.9092760828170183,2.9361951713569048,9.0,2.8288077588240887,3.335289080311923,-0.3532799161975966,0.0,0.0,0.0,40.73333333,0.492228408340326,0.3539461293099263,0.3496178584618494,0.19125303838615115,0.36149146757439415,0.36149146757439415,0.3497073804145294,0,0.0,21.75
HUGO_PT8,HUGO_PT8,Hugo 2016,3.3241852442265034,3.242837929845002,3.028437114879638,3.038298471283514,7.0,3.13358247108889,3.5753200141595705,-0.4231304848268427,1.0,0.0,1.0,583.6,0.5168150227980682,0.40642069977212486,0.36870714175048996,0.4853498561179609,0.2898870768629812,0.2898870768629812,0.413435959460325,0,1.0,
HUGO_PT9,HUGO_PT9,Hugo 2016,3.4799178450595942,3.3904469819595144,3.2608536543727293,3.3044486946505582,7.0,3.1142214691165653,3.5438317986973162,-0.5866249599108402,1.0,0.0,0.0,17.86666667,0.4854681874514023,0.4153966041927375,0.40234280878429984,0.14406605078404258,0.2898870768629812,0.2898870768629812,0.34743214561509267,0,1.0,34.63
RIAZ_PT101_ON,RIAZ_PT101,Riaz 2017,3.7264135182659914,3.674906357771664,3.447030102631442,3.5820391067610515,13.0,3.4824986195732994,3.4379721114473965,-0.14358138751767813,0.0,0.0,0.0,0.2,0.4049227195464225,0.4984882448860058,0.5153530427425919,0.534063075922549,0.4695520386911068,0.4695520386911068,0.4844758243577352,0,1.0,27.4
RIAZ_PT101_PRE,RIAZ_PT101,Riaz 2017,3.7207133855551864,3.6653875261998143,3.4309300656852924,3.5775617034390272,13.0,3.4357419144858152,3.429006017229235,-0.15148381854857718,0.0,0.0,0.0,0.466666667,0.4057779621317872,0.49681814637866833,0.5153530427425919,0.5335630700402283,0.4695884099274291,0.4695884099274291,0.4842201262441409,0,1.0,27.4
RIAZ_PT103_ON,RIAZ_PT103,Riaz 2017,3.0383008409174734,3.1046541841027997,2.848855026728339,2.7912113703149792,8.0,2.7600418461362524,3.4115187046994664,-0.35621713625430695,0.0,0.0,0.0,1.366666667,0.385581018788198,0.4413410237717931,0.44582297950973593,0.5227537957628291,0.46971116523257933,0.46971116523257933,0.45304199661302713,0,0.0,15.9
RIAZ_PT103_PRE,RIAZ_PT103,Riaz 2017,3.6195805586190724,3.613346877938015,3.4681245359547215,3.451695853857892,9.0,3.162470972724313,3.6964358301240923,-0.3416914676628169,0.0,0.0,0.0,0.733333333,0.3729124545983373,0.4686814498489904,0.45095384801972255,0.5411324029657621,0.4696247814866569,0.4696247814866569,0.4606609873838939,0,0.0,15.9
RIAZ_PT106_ON,RIAZ_PT106,Riaz 2017,3.5634976560486216,3.3165562124912693,3.2662540581374406,3.170657104182612,9.0,3.1582119836333087,3.5398803053107195,-0.41744687377185796,0.0,0.0,0.0,0.0,0.39563249877733725,0.4706336959894099,0.47894847609744,0.5265575397338471,0.469524760476126,0.469524760476126,0.4682593942148321,0,0.0,2.99
RIAZ_PT106_PRE,RIAZ_PT106,Riaz 2017,3.5107932380110296,3.329490903820338,3.2570054135228825,3.2709745011658606,9.0,2.967039246257549,3.5926297055633447,-0.6279327981978029,1.0,0.0,0.0,24.2,0.43813906944836395,0.4946392556012057,0.5090471220006838,0.5164269594532596,0.4728266986522155,0.4728266986522155,0.4862158210311457,0,0.0,2.99
RIAZ_PT11_ON,RIAZ_PT11,Riaz 2017,3.7731239773274177,3.5240434885262744,3.33792377159859,3.3453379765892626,10.0,3.4412309231162226,3.6512633113792177,-0.47238461173552526,1.0,0.0,0.0,4.033333333,0.4391017013008087,0.4672323559637085,0.4407335369032344,0.526486765159215,0.4700749061153729,0.4700749061153729,0.4687258530884679,0,0.0,27.5
RIAZ_PT11_PRE,RIAZ_PT11,Riaz 2017,3.7487580255578963,3.4862471205363597,3.2677325604952983,3.3749509798571466,10.0,3.353241789589033,3.684851388277277,-0.677611599099154,1.0,0.0,0.0,3.6,0.4558330824175469,0.4725927662657181,0.4517070144479186,0.5170993780697004,0.4700157960485454,0.4700157960485454,0.47344960744988585,0,0.0,27.5
RIAZ_PT13_ON,RIAZ_PT13,Riaz 2017,3.785764902633312,3.5763686891378135,3.444719830927423,3.515215372775452,11.0,3.48420036125426,3.640929323578903,-0.6046434134477039,1.0,0.0,0.0,5.766666667,0.45021849525841007,0.4774215867895599,0.4697657569156275,0.5215506266636024,0.4703113547613438,0.4703113547613438,0.4778535640777088,0,0.0,9.2
RIAZ_PT17_ON,RIAZ_PT17,Riaz 2017,2.6613727376584073,2.577140106492609,2.4242006187343925,1.9964710524670422,8.0,3.257183258148249,3.273463797135129,-0.7326513455202481,0.0,0.0,0.0,1.1,0.450375279816338,0.46902090115967576,0.5077749963145486,0.4772770380819455,0.4696747929075279,0.4696747929075279,0.47482460165600715,0,0.0,1.87
RIAZ_PT17_PRE,RIAZ_PT17,Riaz 2017,2.6187482669480016,2.542320783120892,2.304074431070551,1.8870023198670605,8.0,3.2789386506893563,3.32067670905806,-0.8091041110144195,0.0,0.0,0.0,1.0,0.46326507087054647,0.4604445113862937,0.454420809108526,0.4697101437966149,0.4696611533686795,0.4696611533686795,0.4635003377061321,0,0.0,1.87
RIAZ_PT18_ON,RIAZ_PT18,Riaz 2017,3.6198146269512286,3.613507994647142,3.532382165340474,3.6617592619325525,13.0,3.406474809442076,3.592760323556032,-0.327627180944166,0.0,0.0,0.0,0.333333333,0.39398525598560885,0.49706886239538267,0.5140725820288645,0.5334747321860215,0.4695702242687957,0.4695702242687957,0.48163433137293465,0,1.0,35.25
RIAZ_PT18_PRE,RIAZ_PT18,Riaz 2017,3.5729632695089517,3.4725086360616912,3.3455046085898523,3.4218643504865116,11.0,3.408574798820988,3.544660935114886,-0.3423367945670366,1.0,0.0,0.0,7.833333333,0.4243551234688895,0.4607363880797444,0.46838370359621595,0.5310287184646127,0.470593291708697,0.470593291708697,0.4710194450636319,0,1.0,35.25
RIAZ_PT1_ON,RIAZ_PT1,Riaz 2017,3.4504909679749525,3.2816292942050005,3.0760562640870144,3.076791327217853,10.0,3.3108515082914507,3.5338695032189946,-0.5158481012145835,0.0,0.0,0.0,0.0,0.42304419949044075,0.46005207542932164,0.4472966161921345,0.5120956630778195,0.469524760476126,0.469524760476126,0.4624026629331685,0,0.0,5.26
RIAZ_PT1_PRE,RIAZ_PT1,Riaz 2017,3.527430332909823,3.43996077781091,3.280101525983808,3.259339866114207,10.0,3.3083451318928545,3.5951831951265225,-0.4290553031685507,0.0,0.0,0.0,0.0,0.4018009734939227,0.4736382542047953,0.4840456759355982,0.5247295187407996,0.469524760476126,0.469524760476126,0.4707478365702483,0,0.0,5.26
RIAZ_PT24_PRE,RIAZ_PT24,Riaz 2017,3.423412824710035,3.411028348405471,3.2290773290300923,3.2841907707279443,9.0,3.4181048622068566,3.7981203668393553,-0.3427844796922841,1.0,0.0,0.0,0.866666667,0.3960159303019861,0.4588171179711183,0.46032576455782775,0.5391773023234628,0.469642967387428,0.469642967387428,0.46479581650836455,0,0.0,4.89
RIAZ_PT27_ON,RIAZ_PT27,Riaz 2017,3.3223730094812005,3.314486803529815,3.143372227048113,3.0777253313129718,7.0,3.259765004523317,3.6464119760986633,-0.31320906013039274,1.0,0.0,0.0,6.3,0.39360000408416845,0.4530303895280935,0.4329789087119125,0.537566356990084,0.4703841108767407,0.4703841108767407,0.4575119540381999,0,0.0,15.6
RIAZ_PT27_PRE,RIAZ_PT27,Riaz 2017,3.2397641717500427,3.196149998238672,3.061280423415389,2.948148884550977,8.0,2.9917375446264542,3.457003335993946,-0.28682984351882146,1.0,0.0,0.0,6.5,0.4002729112941289,0.44457459687505624,0.4335666663911919,0.5338662646443672,0.4704113947446793,0.4704113947446793,0.45653836678988463,0,0.0,15.6
RIAZ_PT28_ON,RIAZ_PT28,Riaz 2017,3.7289057111729824,3.5964769740215004,3.557262736540028,3.5537494987017246,10.0,3.4186509680541683,3.649731772957223,-0.4510803925245468,0.0,0.0,0.0,2.1,0.39467318877961843,0.477766343525446,0.4665234662982006,0.531720090833476,0.46981119078415723,0.46981119078415723,0.4680988560441796,0,0.0,24.31
RIAZ_PT28_PRE,RIAZ_PT28,Riaz 2017,3.433478019762388,3.2824386011664863,3.110074614791545,3.1770469718519863,11.0,3.1195541721559104,3.4857103144275934,-0.6939384948809502,0.0,0.0,0.0,1.566666667,0.4377035652038565,0.46713107143158816,0.47677673239514773,0.5047624626653759,0.4697384446875016,0.4697384446875016,0.471222455276694,0,0.0,24.31
RIAZ_PT29_PRE,RIAZ_PT29,Riaz 2017,3.377471460158843,3.2807904879660117,3.0225092269832587,3.0050822265892236,8.0,3.189386265595592,3.64863779464577,-0.46440850305776493,0.0,1.0,0.0,13.36666667,0.4877933143878264,0.4819511591204737,0.4707675088401802,0.4708570646845348,0.4713482470426804,0.4713482470426804,0.47654345881513904,0,0.0,8.97
RIAZ_PT30_ON,RIAZ_PT30,Riaz 2017,3.7557705238124277,3.687341574882676,3.688863434759896,3.6533666572056807,9.0,3.549725550114505,3.8551545013385984,-0.5720977693173537,0.0,0.0,0.0,0.533333333,0.38379469023954826,0.48293925943660415,0.45542535934084455,0.5351654297123891,0.46959750278689777,0.46959750278689777,0.4653844483032568,0,1.0,34.59
RIAZ_PT30_PRE,RIAZ_PT30,Riaz 2017,3.2712136322702197,3.0330194072979566,2.7445758494423167,2.885911821054454,10.0,2.908781106280111,3.418907505005919,-0.20965754823859006,0.0,0.0,0.0,2.2,0.40265642484090103,0.43768119952650725,0.4327744159854705,0.519526016352875,0.4698248308201897,0.4698248308201897,0.45249257750518873,0,1.0,34.59
RIAZ_PT31_ON,RIAZ_PT31,Riaz 2017,3.6685965381365513,3.5818345910515426,3.3888939398361644,3.4413198773992946,11.0,3.5041165645614307,3.736696865417538,-0.5548689702725778,0.0,1.0,0.0,15.66666667,0.5062990500742525,0.4959872910680923,0.475336370884285,0.46945893511675707,0.471662092545138,0.471662092545138,0.48374874793770495,0,0.0,31.57
RIAZ_PT31_PRE,RIAZ_PT31,Riaz 2017,3.52785022429814,3.4269895705937343,3.1888406723930833,3.2639950839147955,9.0,3.2825787876417283,3.5824144825997593,-0.5040885190055326,0.0,1.0,0.0,15.4,0.500407756501339,0.4933860306071051,0.47432401006439084,0.4699718138922911,0.4716257035074617,0.4716257035074617,0.48194306291451755,0,0.0,31.57
RIAZ_PT32_ON,RIAZ_PT32,Riaz 2017,3.2970567787456724,3.233133873262743,3.104233396512235,2.874122080642504,9.0,3.928094040733834,3.6510872410417305,-0.43835777527723874,0.0,0.0,0.0,0.0,0.41179682829925024,0.4560594021742477,0.45586523209143065,0.5116431514010101,0.469524760476126,0.469524760476126,0.4609778748884129,0,0.0,3.75
RIAZ_PT34_ON,RIAZ_PT34,Riaz 2017,3.523094358357154,3.570301636807559,3.5248743059921464,3.58240111040426,11.0,3.350423320721124,3.788626368366671,-0.435454193114583,0.0,0.0,0.0,0.4,0.37626634757390287,0.4810038801740727,0.4951556072578868,0.536252831809585,0.4695793170880143,0.4695793170880143,0.47165159678069235,0,1.0,27.4
RIAZ_PT34_PRE,RIAZ_PT34,Riaz 2017,3.663648711689404,3.615929395014562,3.5024985039195187,3.558374322468607,10.0,3.442950285147897,3.815680038681667,-0.5805596590933657,1.0,0.0,0.0,7.733333333,0.4212830511624055,0.47615250117040225,0.44740867845209287,0.5309527836187833,0.4705796491648493,0.4705796491648493,0.46927533271370664,0,1.0,27.4
RIAZ_PT39_PRE,RIAZ_PT39,Riaz 2017,2.3987977723870983,1.9652749006147154,1.8493330778585562,0.933243255396004,8.0,2.3026422957681665,3.2823259544665575,-0.8216020734732519,0.0,0.0,0.0,0.0,0.46033700177791126,0.4764621904036391,0.49782316125850734,0.4590270963694084,0.469524760476126,0.469524760476126,0.47263484205711837,0,0.0,5.45
RIAZ_PT3_ON,RIAZ_PT3,Riaz 2017,3.492181386171446,3.379469728609466,3.2229370520845175,3.1695331018784403,11.0,3.2889217047124686,3.5191599901750656,-0.05954212854623986,0.0,1.0,1.0,6.1,0.5390492041843875,0.4651273834274472,0.44992364129849416,0.4313570362150975,0.47035682718579275,0.47035682718579275,0.47116281846224384,0,1.0,37.58
RIAZ_PT3_PRE,RIAZ_PT3,Riaz 2017,3.1684171054524732,2.9294340164785275,2.490943435799646,2.5239896239606683,11.0,2.918509824566655,3.4677261336861056,-0.04823658744473658,0.0,1.0,1.0,6.366666667,0.5669619158622601,0.4448862179009998,0.43364773442437893,0.41064005965627015,0.47039320547977487,0.47039320547977487,0.4653058266647368,0,1.0,37.58
RIAZ_PT44_ON,RIAZ_PT44,Riaz 2017,3.4871589952296715,3.4976640547783906,3.457750569075529,3.473616829320348,9.0,3.1721573539715755,3.7333217081382934,-0.6600422511593158,0.0,0.0,0.0,0.433333333,0.38827845153604035,0.4778873794844818,0.45695262779441304,0.5278345655503834,0.4695838635051294,0.4695838635051294,0.4641073775740896,0,1.0,35.91
RIAZ_PT44_PRE,RIAZ_PT44,Riaz 2017,3.7025137797645713,3.5124768718458417,3.387617180094379,3.3790255858986984,11.0,3.3024392586747737,3.7263712660496764,-0.3986557814103562,1.0,0.0,0.0,13.23333333,0.4255781431138881,0.48477103721587084,0.499638809096676,0.529519345171722,0.47133005379181003,0.47133005379181003,0.48216747767799345,0,1.0,35.91
RIAZ_PT46_ON,RIAZ_PT46,Riaz 2017,3.5766783015002304,3.502274924672596,3.386405272208345,3.233171744908523,11.0,3.4663149680760337,3.772015688654521,-0.5298194591317853,0.0,0.0,0.0,0.0,0.40672106639238803,0.47343494400511266,0.47185865623126355,0.5208486170837688,0.469524760476126,0.469524760476126,0.4684776088377318,0,0.0,7.46
RIAZ_PT46_PRE,RIAZ_PT46,Riaz 2017,3.4661069817406687,3.48764044394736,3.3743414863197483,3.2257572030530444,9.0,3.416277863902242,3.8127156229397157,-0.48231582916736393,1.0,0.0,0.0,7.233333333,0.40706053529126257,0.459775827573173,0.4383192277781321,0.5324587015197948,0.47051143710537824,0.47051143710537824,0.4616251458535482,0,0.0,7.46
RIAZ_PT47_ON,RIAZ_PT47,Riaz 2017,3.503396800948579,3.2777813385402106,3.0564493881699413,3.061508137479431,9.0,3.321031224366076,3.65407566429903,-0.47954020657006335,1.0,0.0,0.0,34.26666667,0.45473787198521604,0.49029454516480603,0.4506272142581305,0.5069369276987661,0.4742009492408072,0.4742009492408072,0.4753595016695452,0,0.0,23.59
RIAZ_PT47_PRE,RIAZ_PT47,Riaz 2017,3.4327425294149534,3.2558084358487016,3.05101258792615,2.9822481170960273,9.0,3.307337071614596,3.6997896076421837,-0.4156125803759583,0.0,0.0,0.0,0.0,0.40058794039094614,0.46007332331652045,0.458085255218251,0.5202578219063215,0.469524760476126,0.469524760476126,0.461705820261633,0,0.0,23.59
RIAZ_PT48_ON,RIAZ_PT48,Riaz 2017,2.9193011090992873,3.179847465729236,3.0783485549422904,3.0298423554227103,11.0,3.0350282211374404,3.683556396945346,-0.6371967387960527,0.0,0.0,0.0,0.3,0.3893896484486901,0.46008046102869826,0.45184607489986395,0.5154717366041258,0.4695656778668299,0.4695656778668299,0.4572707197696417,0,1.0,34.36
RIAZ_PT48_PRE,RIAZ_PT48,Riaz 2017,3.506033609302364,3.3663677655606357,3.1672694801815204,3.2209860440060583,11.0,3.161916862944256,3.7153102466758954,-0.5470052899638,0.0,0.0,0.0,5.633333333,0.4155879769551853,0.46002501560251713,0.4363534230787262,0.5148800222730416,0.47029316592940823,0.47029316592940823,0.4594279207677757,0,1.0,34.36
RIAZ_PT49_ON,RIAZ_PT49,Riaz 2017,3.9431738961687643,3.7677213359967743,3.725330109095493,3.717515414208714,9.0,3.515431285690432,3.8472315802664716,-0.6722403025664421,0.0,0.0,0.0,0.0,0.40154605562173856,0.48489817675127556,0.4597358794332468,0.5306337988062213,0.469524760476126,0.469524760476126,0.4692677342177217,0,1.0,27.17
RIAZ_PT49_PRE,RIAZ_PT49,Riaz 2017,3.7947663056370655,3.602068362957481,3.4539764828470423,3.475016475292776,10.0,3.415277763825365,3.695564568260932,-0.6079444595436043,0.0,1.0,0.0,28.2,0.517181619145637,0.49834704097890176,0.4546457078285791,0.4644345019585199,0.47337271035621387,0.47337271035621387,0.4815963160535703,0,1.0,27.17
RIAZ_PT52_ON,RIAZ_PT52,Riaz 2017,3.3332767547388875,3.2308774275668206,3.071228111653525,3.000153330217318,8.0,3.1917967321464946,3.6263570286865012,-0.6317010234019285,1.0,0.0,0.0,12.93333333,0.4364300287886673,0.4796132923253919,0.45664029247927745,0.5142592726729859,0.47128911925795647,0.47128911925795647,0.4716464011048558,0,0.0,15.64
RIAZ_PT52_PRE,RIAZ_PT52,Riaz 2017,2.9117668678937867,3.205164726306417,3.023759992122006,2.991458164332095,9.0,3.12448224995356,3.6085662035701427,-0.6156334098469061,1.0,0.0,0.0,12.2,0.41715250882304244,0.46961066981299476,0.47226590447834643,0.5169617755792221,0.47118905869126376,0.47118905869126376,0.4694359834769739,0,0.0,15.64
RIAZ_PT5_ON,RIAZ_PT5,Riaz 2017,3.5157565367608687,3.371913307592009,3.2498058294515273,3.240447123649252,8.0,3.337655022356276,3.641337448724843,-0.369160114802352,0.0,0.0,0.0,2.133333333,0.385763614057505,0.4608520237350694,0.4596514288445854,0.5302905561333418,0.4698157374577795,0.4698157374577795,0.46127467204565625,0,0.0,7.29
RIAZ_PT5_PRE,RIAZ_PT5,Riaz 2017,3.545097455917434,3.4533215746004267,3.3888345262977477,3.3664405593476268,7.0,3.239884317791977,3.6199447964770477,-0.3310363527872462,0.0,0.0,0.0,1.866666667,0.36770740029934723,0.4625288132039246,0.467506071194326,0.540473649281958,0.4697793642088741,0.4697793642088741,0.461599059637686,0,0.0,7.29
RIAZ_PT62_ON,RIAZ_PT62,Riaz 2017,3.3017616940514,3.0536824439163865,2.847408366814515,2.6889084206110754,9.0,3.207850463552521,3.4536434252779493,-0.4231858174798413,0.0,0.0,0.0,0.0,0.4204394260024224,0.4599208742866512,0.5002705618578046,0.5087382307346134,0.469524760476126,0.469524760476126,0.4717787706715235,0,0.0,15.51
RIAZ_PT62_PRE,RIAZ_PT62,Riaz 2017,3.237191372242814,3.068644518725983,2.4982718018980092,2.8330919749473225,10.0,3.1151255824819883,3.314115513893224,-0.12942096963761385,0.0,0.0,0.0,0.0,0.4255500432271647,0.45640786875819583,0.45604209218870795,0.5124494603996976,0.469524760476126,0.469524760476126,0.46399484500997845,0,0.0,15.51
RIAZ_PT66_PRE,RIAZ_PT66,Riaz 2017,3.172028711718447,2.9299348894694823,2.7972473518532377,2.936967420439011,8.0,3.123311947375252,3.462462964030968,-0.31077046616761494,1.0,0.0,0.0,4.8,0.41185581556049217,0.4490349029655352,0.4361904719780396,0.5252762281294995,0.47017948751995764,0.47017948751995764,0.4585073812307049,0,0.0,17.81
RIAZ_PT68_ON,RIAZ_PT68,Riaz 2017,2.7863067571824764,2.906424989257641,2.645102240367347,2.5485715760498575,8.0,2.967747470532431,3.425523718579013,-0.6634249737963782,0.0,0.0,0.0,0.0,0.4166627530416207,0.44739550497255876,0.45538845584026694,0.4996901642306774,0.469524760476126,0.469524760476126,0.45773232771225,0,1.0,27.66
RIAZ_PT72_PRE,RIAZ_PT72,Riaz 2017,2.790070314797042,2.702906231672602,2.250827183663117,1.128269363662546,7.0,2.97977986217397,3.4477329956718314,-1.254624438517344,1.0,0.0,0.0,16.83333333,0.550813660384656,0.48276753654538046,0.4465909616436343,0.44143453256154086,0.4718212981179924,0.4718212981179924,0.47868559785064074,0,1.0,25.3
RIAZ_PT78_ON,RIAZ_PT78,Riaz 2017,3.397249890727475,3.2374337107422155,3.123419059908085,3.119771029401276,7.0,3.096435245292575,3.594183451190677,-0.5984201646778233,0.0,0.0,0.0,0.0,0.3974320634629728,0.4678419436079353,0.4707591035199905,0.5206815121533133,0.469524760476126,0.469524760476126,0.4652478766440676,0,0.0,2.56
RIAZ_PT78_PRE,RIAZ_PT78,Riaz 2017,2.4577603177686504,2.1714515615808487,1.5804219274709124,2.1208550603101983,8.0,2.3547913218772814,3.1365663550128633,-0.9147079771295838,0.0,0.0,0.0,0.0,0.48859037037536407,0.47991991993263505,0.5104660170746618,0.4586819694126528,0.469524760476126,0.469524760476126,0.4814366074542879,0,0.0,2.56
RIAZ_PT84_ON,RIAZ_PT84,Riaz 2017,2.3304012146074915,2.477984293253551,2.0660499562611014,1.3398822259132794,7.0,2.815870027984233,3.3574660702549806,-0.7149940314010137,0.0,0.0,0.0,0.0,0.44443261658389266,0.4564793432696522,0.44984147013253156,0.47250293668702475,0.469524760476126,0.469524760476126,0.4585562254298455,0,0.0,4.96
RIAZ_PT84_PRE,RIAZ_PT84,Riaz 2017,1.9976310291452248,2.268830897519627,1.8196292840912596,1.6370057565315683,7.0,2.861510060092414,3.2669610958767756,-0.7586252070327535,0.0,0.0,0.0,0.6,0.4422716012656674,0.48127833790611285,0.5059601001183026,0.4687271200124254,0.4696065956666867,0.4696065956666867,0.473568750993839,0,0.0,4.96
RIAZ_PT85_ON,RIAZ_PT85,Riaz 2017,2.9009667094883334,2.862616186067054,2.649451145270231,2.535066434361631,9.0,2.661067808654033,3.4916830903877454,-0.5272396743402838,0.0,0.0,0.0,0.0,0.401498515218916,0.44504768004111933,0.448054343202888,0.5083100018730371,0.469524760476126,0.469524760476126,0.4544870601624173,0,0.0,29.7
RIAZ_PT85_PRE,RIAZ_PT85,Riaz 2017,2.6167682622938737,2.2187533271505693,1.6469286577637852,1.1912361376684832,7.0,2.467337464438961,3.448391949344156,-0.5213640839516698,0.0,1.0,0.0,4.233333333,0.5376116196909403,0.4682010213702193,0.4732238627077106,0.42648450631305845,0.4701021879679385,0.4701021879679385,0.4751246396099734,0,0.0,29.7
RIAZ_PT8_ON,RIAZ_PT8,Riaz 2017,3.5225533627691488,3.3314435436142573,3.1721210812746294,3.2388626338915554,8.0,3.182359914170455,3.547359137256918,-0.4898241032112223,0.0,0.0,0.0,3.4,0.4040481902346437,0.46250003301821796,0.4426026217308461,0.5219266553289997,0.4699885147628149,0.4699885147628149,0.46021320301510443,0,0.0,8.51
RIAZ_PT8_PRE,RIAZ_PT8,Riaz 2017,3.406581874532429,3.329224598752187,3.2028559689961327,3.2019038398924917,9.0,3.062165699245483,3.606295272390505,-0.49231503947360267,0.0,0.0,0.0,3.166666667,0.39380746577058434,0.4609294697451559,0.4458042133774216,0.524098432909117,0.46995668682284925,0.46995668682284925,0.45891925372502557,0,0.0,8.51
RIAZ_PT90_PRE,RIAZ_PT90,Riaz 2017,3.4964721558466656,3.428236825786961,3.376453433532391,3.351585880559445,10.0,3.360021851907043,3.6284008070628246,-0.2361727528903863,0.0,1.0,0.0,23.86666667,0.4660836968314082,0.4963232066686728,0.4652327395711833,0.4837436992470385,0.4727812005931624,0.4727812005931624,0.47683290858229305,0,0.0,5.72
RIAZ_PT93_ON,RIAZ_PT93,Riaz 2017,3.2246578254396514,3.0511042288864028,2.849101532018767,2.7265137955536076,8.0,2.982359411640669,3.4289497204142103,-1.0251270457519444,0.0,1.0,0.0,13.56666667,0.5512783005577228,0.4663895313640974,0.47084858044737704,0.43565442615163136,0.4713755370603292,0.4713755370603292,0.4791092751162315,0,0.0,27.89
RIAZ_PT94_ON,RIAZ_PT94,Riaz 2017,3.5330462807328082,3.3709451265394006,3.2948363832626786,3.2664991514116624,11.0,3.1849124547955534,3.599425437696096,-0.49224817705815793,0.0,0.0,0.0,0.0,0.40535711805797064,0.4694568429649926,0.47829987290801385,0.5218480294662393,0.469524760476126,0.469524760476126,0.4688973247746685,0,1.0,32.23
RIAZ_PT94_PRE,RIAZ_PT94,Riaz 2017,3.215602766110812,3.2819614168133446,3.221905529039409,3.202918252229935,9.0,2.960923118848367,3.576101759922129,-0.3721461598047542,1.0,0.0,0.0,13.43333333,0.39362777430223744,0.46261942468329664,0.4585553770625023,0.5350666131513786,0.4713573436952986,0.4713573436952986,0.4642453065789427,0,1.0,32.23
RIAZ_PT9_ON,RIAZ_PT9,Riaz 2017,2.9456843330476494,2.8442907324825564,2.6057408624840668,3.0669471152141523,8.0,2.8513632359850405,3.644084296078213,-0.4265986547130134,1.0,0.0,0.0,13.23333333,0.4059568004223097,0.45820506285465323,0.4404895078520572,0.5212383177160369,0.47133005379181003,0.47133005379181003,0.45944394852737347,0,0.0,3.02
RIAZ_PT9_PRE,RIAZ_PT9,Riaz 2017,2.6361407058651114,2.871587161388665,2.6952897022205944,3.0979669812219965,9.0,2.9993828256408195,3.6621689489881155,-0.3450168597303196,1.0,0.0,0.0,13.16666667,0.38207939739658453,0.45086950493012945,0.4318305519295056,0.5278189771771393,0.4713209571962989,0.4713209571962989,0.45278387772593154,0,0.0,3.02
TCGA_PANCAN_TCGA-3N-A9WB-06,TCGA_PANCAN_TCGA-3N-A9WB,TCGA-SKCM,4.921816290640464,4.429881203316952,3.6215947715822745,2.0223264184785563,8.0,3.523662313960493,6.659618414944566,-2.38480138283005,0.0,0.0,0.0,0.0,0.2370879351061525,0.4983035561360395,0.42846956186374785,0.40930286999877286,0.3734730362036607,0.3734730362036607,0.3893273918616747,0,,17.02995036
TCGA_PANCAN_TCGA-3N-A9WC-06,TCGA_PANCAN_TCGA-3N-A9WC,TCGA-SKCM,12.26549411815661,10.88801114684011,9.481522720788764,10.117633824501144,8.0,8.252310627749303,9.708393503851237,-2.70085885659305,0.0,0.0,0.0,0.0,0.19735987721691037,0.5810669370389259,0.4342925640432581,0.40930286401637933,0.3734730362036607,0.3734730362036607,0.39909905570382687,0,,66.47598383
TCGA_PANCAN_TCGA-3N-A9WD-06,TCGA_PANCAN_TCGA-3N-A9WD,TCGA-SKCM,10.008108398535638,9.104071952586455,8.024648515748929,8.246469921723326,7.0,5.131037915144631,8.377595819777481,-1.1605522185534962,0.0,0.0,0.0,0.0,0.13455584062932782,0.5810669370389259,0.4339908954802706,0.40930286401637933,0.35539590147861166,0.35539590147861166,0.38286248772870307,0,,12.98615906
TCGA_PANCAN_TCGA-BF-A1PU-01,TCGA_PANCAN_TCGA-BF-A1PU,TCGA-SKCM,4.539513904179322,4.5849618033545205,3.3564456168070356,2.0831598581601147,7.0,2.1926360610702127,5.181965702946939,-0.4170627256711654,0.0,0.0,0.0,0.0,0.23023416254367746,0.42960095005036075,0.4184216517519177,0.4090306756987943,0.35539590147861166,0.35539590147861166,0.36853666830467235,0,,12.72314824
TCGA_PANCAN_TCGA-BF-A1PV-01,TCGA_PANCAN_TCGA-BF-A1PV,TCGA-SKCM,5.537500908485043,5.225789995618762,3.0019401801972974,2.6002713585463804,7.0,2.673465970054826,7.059968166277071,-1.2871260710914303,0.0,0.0,0.0,0.0,0.18278945642914968,0.43897701851175064,0.42724053318176436,0.40930286481762196,0.35539590147861166,0.35539590147861166,0.36274115488377967,0,,0.460268929
TCGA_PANCAN_TCGA-BF-A1PX-01,TCGA_PANCAN_TCGA-BF-A1PX,TCGA-SKCM,11.052670047081408,10.55763810166464,10.407501178523239,10.27116552081278,8.0,6.357325026202515,9.773267922583457,-2.203116569828734,0.0,0.0,0.0,0.0,0.11436986805104042,0.5810669370389259,0.4342925640432581,0.40930286401637933,0.3734730362036607,0.3734730362036607,0.3825010538706529,0,,9.271131275
TCGA_PANCAN_TCGA-BF-A1PZ-01,TCGA_PANCAN_TCGA-BF-A1PZ,TCGA-SKCM,8.274986489923577,7.564436558110538,6.512482698515783,5.8811946546966745,9.0,4.444773065522451,7.540784193405156,-0.7314511034873901,0.0,0.0,0.0,0.0,0.1822301401920331,0.5810669370389259,0.433831386311241,0.40930286401637933,0.3919106231782551,0.3919106231782551,0.3996683901473669,0,,28.04352829
TCGA_PANCAN_TCGA-BF-A1Q0-01,TCGA_PANCAN_TCGA-BF-A1Q0,TCGA-SKCM,10.282147621713595,8.9286207533051,6.9018622651724,6.894467788220092,7.0,7.837691000428562,8.879389363088825,-2.556212297233383,0.0,0.0,0.0,0.0,0.21328071055112754,0.5810669370389259,0.4343344628615265,0.40930286401637933,0.35539590147861166,0.35539590147861166,0.3986761751893142,0,,27.32024855
TCGA_PANCAN_TCGA-BF-A3DJ-01,TCGA_PANCAN_TCGA-BF-A3DJ,TCGA-SKCM,9.01659110221815,8.139771952556943,6.561345465745898,5.972096330035663,6.0,5.538963335957102,10.700202527448079,-2.0688849192111167,0.0,0.0,0.0,0.0,0.0551769029302435,0.5810669370389259,0.4343344628615265,0.40930286401637933,0.33772210060434416,0.33772210060434416,0.36352065349028384,0,,15.25462735
TCGA_PANCAN_TCGA-BF-A3DL-01,TCGA_PANCAN_TCGA-BF-A3DL,TCGA-SKCM,6.474580590705834,6.472448660615176,6.200602974795951,4.661034497339408,7.0,3.497178022850872,6.476234379400628,0.19781740338676368,0.0,0.0,0.0,0.0,0.1183461706597116,0.5247079498869481,0.4323036989686687,0.40930286489378903,0.35539590147861166,0.35539590147861166,0.3680113171775458,0,,25.28191472
TCGA_PANCAN_TCGA-BF-A3DM-01,TCGA_PANCAN_TCGA-BF-A3DM,TCGA-SKCM,7.255560389261287,5.631461108635675,3.2007290812817226,4.353270727122329,8.0,3.820955000194414,8.190385729063593,-2.0493000858093904,0.0,0.0,0.0,0.0,0.1757912315028369,0.504266671216818,0.4276582908316142,0.40930286401637933,0.3734730362036607,0.3734730362036607,0.37809841875426187,0,,19.75868758
TCGA_PANCAN_TCGA-BF-A3DN-01,TCGA_PANCAN_TCGA-BF-A3DN,TCGA-SKCM,7.100856524575176,6.553930302767196,4.859628942859666,4.284303278420625,6.0,5.052485453469437,8.326673621798928,-2.0933547494578573,0.0,0.0,0.0,0.0,0.1313509216275286,0.5810669370389259,0.4343344628615265,0.40930286401637933,0.33772210060434416,0.33772210060434416,0.37875545722974086,0,,23.57234441
TCGA_PANCAN_TCGA-BF-A5EO-01,TCGA_PANCAN_TCGA-BF-A5EO,TCGA-SKCM,7.900650207252192,8.11035145022717,7.148472486076317,7.087137228307553,8.0,4.13026371617281,8.359117474631926,-0.4018581886023025,0.0,0.0,0.0,0.0,0.09545515281929906,0.5425148582397223,0.4294233016758163,0.40930286401637933,0.3734730362036607,0.3734730362036607,0.37003384259097555,0,,23.11207548
TCGA_PANCAN_TCGA-BF-A5EP-01,TCGA_PANCAN_TCGA-BF-A5EP,TCGA-SKCM,6.416569276369368,5.965937065397506,5.004193213987099,4.640087846370964,8.0,3.731400498562429,7.444696973215746,-1.1281067575501753,0.0,0.0,0.0,0.0,0.13905928853514596,0.5810669370389259,0.4339334412027324,0.40930286401824395,0.3734730362036607,0.3734730362036607,0.3873671133997417,0,,11.01357793
TCGA_PANCAN_TCGA-BF-A5EQ-01,TCGA_PANCAN_TCGA-BF-A5EQ,TCGA-SKCM,9.695198648521169,9.04464085414556,8.116315599503775,8.106177676033816,8.0,5.078848897873171,9.020547062270213,-1.7787584172062667,0.0,0.0,0.0,0.0,0.13440694517609653,0.5810669370389259,0.4342925640432581,0.40930286401637933,0.3734730362036607,0.3734730362036607,0.3865084692956641,0,,10.61906171
TCGA_PANCAN_TCGA-BF-A5ER-01,TCGA_PANCAN_TCGA-BF-A5ER,TCGA-SKCM,5.201453417843791,5.655639326690764,4.317832125407698,2.779089773069477,8.0,3.8435417249054495,7.2230155554281765,-1.341183834389712,0.0,0.0,0.0,0.0,0.17617849271016625,0.49234092360903375,0.41860560006801323,0.4093028641816566,0.3734730362036607,0.3734730362036607,0.3739801833545061,0,,10.75056712
TCGA_PANCAN_TCGA-BF-A5ES-01,TCGA_PANCAN_TCGA-BF-A5ES,TCGA-SKCM,8.444771486151645,8.063939416490559,6.1612191508376295,5.917311516451692,7.0,4.3273352691377855,8.516765685705945,-1.576713483138084,0.0,0.0,0.0,0.0,0.15083432717830916,0.5810669370389259,0.4343344628615265,0.40930286401637933,0.35539590147861166,0.35539590147861166,0.3861868985147505,0,,16.1094125
TCGA_PANCAN_TCGA-BF-AAP0-06,TCGA_PANCAN_TCGA-BF-AAP0,TCGA-SKCM,11.770936921812671,10.749408982475298,9.789859793407778,10.246019471000718,8.0,6.267267983245008,9.737804819741255,-1.5469272205578637,0.0,0.0,0.0,0.0,0.11808721163194257,0.5810669370389259,0.4342925640432581,0.40930286401637933,0.3734730362036607,0.3734730362036607,0.38324452258683334,0,,14.92586383
TCGA_PANCAN_TCGA-D3-A1Q1-06,TCGA_PANCAN_TCGA-D3-A1Q1,TCGA-SKCM,6.374528556088247,5.339574195742514,4.352812912431832,3.815089615718946,9.0,2.7507565544659283,8.643124294584492,-2.8306213762339185,0.0,0.0,0.0,0.0,0.15365238251163096,0.5517862006224685,0.4322733126679878,0.40930286401637933,0.3919106231782551,0.3919106231782551,0.38778507659934436,0,0.0,16.56968143
TCGA_PANCAN_TCGA-D3-A1Q3-06,TCGA_PANCAN_TCGA-D3-A1Q3,TCGA-SKCM,9.56542092692185,9.13350454374232,7.413900529390556,7.918780692161083,8.0,5.816451231342886,9.17362459508016,-2.922907202044412,0.0,0.0,0.0,0.0,0.2082406728629302,0.5810669370389259,0.4342925640432581,0.40930286401637933,0.3734730362036607,0.3734730362036607,0.40127521483303086,0,1.0,16.66831048
TCGA_PANCAN_TCGA-D3-A1Q4-06,TCGA_PANCAN_TCGA-D3-A1Q4,TCGA-SKCM,7.733700180456595,7.439496376954729,6.209823279415614,5.186876434690429,6.0,3.891049716281428,9.99814348753485,-2.8814859071055885,0.0,0.0,0.0,0.0,0.08187263694206968,0.5810669370389259,0.4343344628615265,0.40930286401637933,0.33772210060434416,0.33772210060434416,0.3688598002926491,0,,112.0426078
TCGA_PANCAN_TCGA-D3-A1Q5-06,TCGA_PANCAN_TCGA-D3-A1Q5,TCGA-SKCM,6.2808260716300905,5.610016285926492,5.634311169930536,5.0739795006857324,7.0,2.321264302484593,7.228288192326564,-1.7189635025297356,0.0,0.0,0.0,0.0,0.12223914340358935,0.5576778997490072,0.43382662657352006,0.4093028640213928,0.35539590147861166,0.35539590147861166,0.3756884870452242,0,,112.5686294
TCGA_PANCAN_TCGA-D3-A1Q6-06,TCGA_PANCAN_TCGA-D3-A1Q6,TCGA-SKCM,8.405820062482732,7.239688376962161,6.011614454513054,5.373709898953589,10.0,3.1419068535160446,9.132728967886948,-2.3377352005155503,0.0,0.0,0.0,0.0,0.1752862306652615,0.569411135272715,0.4346515200926685,0.40930286401637933,0.4106618214248125,0.4106618214248125,0.39986271429436737,0,,71.80195286
TCGA_PANCAN_TCGA-D3-A1Q7-06,TCGA_PANCAN_TCGA-D3-A1Q7,TCGA-SKCM,12.822107927169718,11.255404840250797,10.89886981799065,10.555213295693168,9.0,7.811554517410498,11.122488426331369,-2.9793912278235855,0.0,0.0,0.0,0.0,0.11795130379224066,0.5810669370389259,0.4342925640432581,0.40930286401637933,0.3919106231782551,0.3919106231782551,0.38690485841381184,0,,133.2478548
TCGA_PANCAN_TCGA-D3-A1Q8-06,TCGA_PANCAN_TCGA-D3-A1Q8,TCGA-SKCM,7.585185911415393,7.457940193730851,5.847008150847575,5.792805379774146,8.0,2.5233110307514166,11.398923328160391,-4.606134014380272,0.0,0.0,0.0,0.0,0.10182663777328317,0.5517862006224685,0.4322733126679878,0.40930286401637933,0.3734730362036607,0.3734730362036607,0.3737324102567559,0,,28.07640464
TCGA_PANCAN_TCGA-D3-A1Q9-06,TCGA_PANCAN_TCGA-D3-A1Q9,TCGA-SKCM,9.154786728151745,8.587358062675474,7.78720273261092,7.781818930675833,8.0,6.882263986463538,9.156788503502321,-2.030994441613368,0.0,0.0,0.0,0.0,0.12291413189338714,0.5810669370389259,0.4342925640432581,0.40930286401637933,0.3734730362036607,0.3734730362036607,0.38420990663912225,0,0.0,31.59417431
TCGA_PANCAN_TCGA-D3-A1QA-06,TCGA_PANCAN_TCGA-D3-A1QA,TCGA-SKCM,8.699704477231675,7.8616181898069595,6.191914441043811,6.466789350211791,8.0,6.995676714661733,8.87201935546565,-3.267737120459535,0.0,0.0,0.0,0.0,0.22338134093799594,0.5810669370389259,0.4342925640432581,0.40930286401637933,0.3734730362036607,0.3734730362036607,0.40430334844804394,0,0.0,90.90311339
TCGA_PANCAN_TCGA-D3-A1QB-06,TCGA_PANCAN_TCGA-D3-A1QB,TCGA-SKCM,12.314187671176576,11.074756040220983,10.633000505584448,10.924404384992602,9.0,6.917121413682213,9.450905992841868,-0.53248195433925,0.0,0.0,0.0,0.0,0.1053874247244371,0.5543288779473984,0.4273299055124736,0.40930286401637933,0.3919106231782551,0.3919106231782551,0.3776519390757887,0,,95.73593714
TCGA_PANCAN_TCGA-D3-A2J6-06,TCGA_PANCAN_TCGA-D3-A2J6,TCGA-SKCM,9.969336480506605,9.248442507686171,9.473249386020179,9.043135680806538,8.0,4.766118071266617,7.696084440318094,-1.6879467240778414,0.0,0.0,0.0,0.0,0.18676430443155873,0.5810669370389259,0.4342925640432581,0.40930286401637933,0.3734730362036607,0.3734730362036607,0.39697994114675655,0,,43.42966105
TCGA_PANCAN_TCGA-D3-A2J7-06,TCGA_PANCAN_TCGA-D3-A2J7,TCGA-SKCM,9.915185708244223,9.07929261085081,7.897172503799792,8.109279936487715,7.0,6.634177940168294,9.068044762818595,-2.574236601868293,0.0,0.0,0.0,0.0,0.1577322162572819,0.5810669370389259,0.4343344628615265,0.40930286401637933,0.35539590147861166,0.35539590147861166,0.38756647633054503,0,,103.10024
TCGA_PANCAN_TCGA-D3-A2J8-06,TCGA_PANCAN_TCGA-D3-A2J8,TCGA-SKCM,12.011095278737137,11.04802288410089,10.306323860872244,10.051755420958617,8.0,8.635924852513584,10.73508204424168,-2.1052264127474896,0.0,0.0,0.0,0.0,0.09379482267879428,0.5810669370389259,0.4342925640432581,0.40930286401637933,0.3734730362036607,0.3734730362036607,0.37838604479620364,0,,65.48969326
TCGA_PANCAN_TCGA-D3-A2J9-06,TCGA_PANCAN_TCGA-D3-A2J9,TCGA-SKCM,12.574738443785705,11.679817700179438,11.306098208917318,11.723506609879706,8.0,6.974770200418088,10.591032184399912,-2.9021811083047346,0.0,0.0,0.0,0.0,0.12340063937084098,0.5810669370389259,0.4342925640432581,0.40930286401637933,0.3734730362036607,0.3734730362036607,0.384307208134613,0,,23.76960253
TCGA_PANCAN_TCGA-D3-A2JA-06,TCGA_PANCAN_TCGA-D3-A2JA,TCGA-SKCM,10.17178103168085,8.958508024225535,7.490049937517973,7.322656901794961,8.0,6.420965712238852,10.673311086077188,-3.30730052437191,0.0,0.0,0.0,0.0,0.12426435770202417,0.5810669370389259,0.4342925640432581,0.40930286401637933,0.3734730362036607,0.3734730362036607,0.3844799518008496,0,,115.5275011
TCGA_PANCAN_TCGA-D3-A2JB-06,TCGA_PANCAN_TCGA-D3-A2JB,TCGA-SKCM,10.933293063712464,10.35480741551899,9.244380008507104,9.044344148973316,12.0,4.894725621858767,8.788469768362884,-0.8136959963485726,0.0,0.0,0.0,0.0,0.23715413788772147,0.5752494962684859,0.43482815154360255,0.40930286401637933,0.4489004698373394,0.4489004698373394,0.42108702391070574,0,,
TCGA_PANCAN_TCGA-D3-A2JC-06,TCGA_PANCAN_TCGA-D3-A2JC,TCGA-SKCM,10.920706867554978,9.563826100034884,8.096574906342152,8.40938334878237,7.0,6.264879799593592,9.621474602933372,-2.025166541683652,0.0,0.0,0.0,0.0,0.12341709674013371,0.5810669370389259,0.4343344628615265,0.40930286401637933,0.35539590147861166,0.35539590147861166,0.38070345242711545,0,,86.76069303
TCGA_PANCAN_TCGA-D3-A2JD-06,TCGA_PANCAN_TCGA-D3-A2JD,TCGA-SKCM,7.078913107489953,8.441951030329765,6.685464683674887,7.345837015933126,8.0,4.078148672384258,7.945495987454057,-1.1050197893515268,0.0,0.0,0.0,0.0,0.1628645700576895,0.5810669370389259,0.4339334412027324,0.40930286401637933,0.3734730362036607,0.3734730362036607,0.39212816970387754,0,,11.86836309
TCGA_PANCAN_TCGA-D3-A2JE-06,TCGA_PANCAN_TCGA-D3-A2JE,TCGA-SKCM,6.378514679205876,5.618973886139545,3.7899874179179207,3.1979829868317875,6.0,0.7505207551823299,6.186415891838019,-0.6958872032062589,0.0,0.0,0.0,0.0,0.19518226452323933,0.504266671216818,0.4231775609537315,0.40930296184853376,0.33772210060434416,0.33772210060434416,0.3739303118293333,0,,27.64901207
TCGA_PANCAN_TCGA-D3-A2JF-06,TCGA_PANCAN_TCGA-D3-A2JF,TCGA-SKCM,11.398842034005517,10.048296874632992,8.770968425311317,8.747177427840773,8.0,6.1060655992967785,9.36303213692476,-2.4445631474624,0.0,0.0,0.0,0.0,0.18920292830461527,0.5810669370389259,0.4342925640432581,0.40930286401637933,0.3734730362036607,0.3734730362036607,0.39746766592136784,0,,62.07055265
TCGA_PANCAN_TCGA-D3-A2JG-06,TCGA_PANCAN_TCGA-D3-A2JG,TCGA-SKCM,7.495293473560875,6.725021109159255,4.623433801108559,5.319301937806296,7.0,3.3763459560356157,8.010085150667583,-2.2085693649620914,0.0,0.0,0.0,0.0,0.18635817908393223,0.5810669370389259,0.4344355143505138,0.40930286401637933,0.35539590147861166,0.35539590147861166,0.3933118791936726,0,,113.5220436
TCGA_PANCAN_TCGA-D3-A2JH-06,TCGA_PANCAN_TCGA-D3-A2JH,TCGA-SKCM,11.935431786970087,11.103535102601972,11.083556754499373,11.43461074267774,8.0,6.695645899094447,10.190860644969735,-2.943834577635048,0.0,0.0,0.0,0.0,0.12498041047964753,0.5810669370389259,0.4342925640432581,0.40930286401637933,0.3734730362036607,0.3734730362036607,0.3846231623563743,0,,42.08173061
TCGA_PANCAN_TCGA-D3-A2JK-06,TCGA_PANCAN_TCGA-D3-A2JK,TCGA-SKCM,5.188650974917776,5.905551978526915,4.899417832556715,2.5826283751871,6.0,2.285698125958125,8.540210773623208,-1.6555774431915662,0.0,0.0,0.0,0.0,0.08135652920808707,0.5221419592616967,0.432368770589091,0.40930286401637933,0.33772210060434416,0.33772210060434416,0.35657844473591965,0,,12.09849755
TCGA_PANCAN_TCGA-D3-A2JL-06,TCGA_PANCAN_TCGA-D3-A2JL,TCGA-SKCM,11.104901691553508,10.23375422218555,9.367345670287722,10.04065046918963,7.0,4.906053589729627,8.720545166894176,-1.9326682210577344,0.0,0.0,0.0,0.0,0.16049325611946427,0.5810669370389259,0.4343344628615265,0.40930286401637933,0.35539590147861166,0.35539590147861166,0.3881186843029815,0,,171.5816813
TCGA_PANCAN_TCGA-D3-A2JN-06,TCGA_PANCAN_TCGA-D3-A2JN,TCGA-SKCM,10.191161479046947,9.41701209350175,9.287989091021,8.98882751238536,8.0,2.689880594844804,9.15628223522784,-2.161080880704217,0.0,0.0,0.0,0.0,0.12721854553782025,0.5517862006224685,0.4322733126679878,0.40930286401637933,0.3734730362036607,0.3734730362036607,0.37881079180966337,0,,66.47598383
TCGA_PANCAN_TCGA-D3-A2JO-06,TCGA_PANCAN_TCGA-D3-A2JO,TCGA-SKCM,11.48773906622822,10.598422124120601,10.173288529804687,9.798397470547211,10.0,7.222707976364069,10.61974373205346,-2.590779183303445,0.0,0.0,0.0,0.0,0.13155190866453378,0.5810669370389259,0.43455423358464756,0.40930286401637933,0.4106618214248125,0.4106618214248125,0.39342755294585985,0,,66.0814676
TCGA_PANCAN_TCGA-D3-A2JP-06,TCGA_PANCAN_TCGA-D3-A2JP,TCGA-SKCM,10.212575451556795,9.600317779675068,9.049303315979095,8.686917038581965,7.0,3.973234711441968,9.868374298970727,-3.655262682871993,0.0,0.0,0.0,0.0,0.1480565169316934,0.5810669370389259,0.4343344628615265,0.40930286401637933,0.35539590147861166,0.35539590147861166,0.38563133646542735,0,1.0,59.5719499
TCGA_PANCAN_TCGA-D3-A3BZ-06,TCGA_PANCAN_TCGA-D3-A3BZ,TCGA-SKCM,10.716423357080139,9.934294873061353,8.815947716683912,9.231201585409433,7.0,5.757436681588172,9.763734450432883,-1.6477637446685147,0.0,0.0,0.0,0.0,0.09445761300651964,0.5810669370389259,0.4343344628615265,0.40930286401637933,0.35539590147861166,0.35539590147861166,0.37491155568039264,0,,130.7163757
TCGA_PANCAN_TCGA-D3-A3C1-06,TCGA_PANCAN_TCGA-D3-A3C1,TCGA-SKCM,6.111182207723066,7.527667497880988,6.442663134818269,6.507826075491982,6.0,3.521540767837656,7.8958347333393535,-0.6676890166047142,0.0,0.0,0.0,0.0,0.08320543490994059,0.5810669370389259,0.43404143355927277,0.40930286401637933,0.33772210060434416,0.33772210060434416,0.3690677540257726,0,,
TCGA_PANCAN_TCGA-D3-A3C3-06,TCGA_PANCAN_TCGA-D3-A3C3,TCGA-SKCM,9.245428045897427,8.79602021882051,8.16535531616456,7.949720184626527,9.0,3.7713468436275184,9.410722437748825,-2.4405416834839277,0.0,0.0,0.0,0.0,0.14253208913585508,0.5810669370389259,0.4342925640432581,0.40930286401637933,0.3919106231782551,0.3919106231782551,0.39182101548253473,0,,
TCGA_PANCAN_TCGA-D3-A3C6-06,TCGA_PANCAN_TCGA-D3-A3C6,TCGA-SKCM,7.68253261637006,5.509450282084867,3.655419483893298,2.480624276964441,7.0,2.4247877528094186,8.468716558091995,-2.71069231005168,0.0,0.0,0.0,0.0,0.17541926751438117,0.5161875658808806,0.4278820589350878,0.40930286401637933,0.35539590147861166,0.35539590147861166,0.37683753156506816,0,,58.0596377
TCGA_PANCAN_TCGA-D3-A3C7-06,TCGA_PANCAN_TCGA-D3-A3C7,TCGA-SKCM,9.67091181494897,9.279169855539653,8.541996848525981,8.512886065944114,7.0,3.104571498032753,10.688808930736277,-1.1985826469180214,0.0,0.0,0.0,0.0,0.04207250596873748,0.5576778997490072,0.4344634140481436,0.40930286401637933,0.35539590147861166,0.35539590147861166,0.3597825170521759,0,,46.98030707
TCGA_PANCAN_TCGA-D3-A3C8-06,TCGA_PANCAN_TCGA-D3-A3C8,TCGA-SKCM,13.875667840359243,12.581371500637886,11.997440013676986,12.493448790562475,8.0,8.241892606123892,10.097413331880945,-1.1552762488208845,0.0,0.0,0.0,0.0,0.10929831573709,0.5810669370389259,0.4339334412027324,0.40930286401637933,0.3734730362036607,0.3734730362036607,0.38141491883975764,0,0.0,46.32278002
TCGA_PANCAN_TCGA-D3-A3CB-06,TCGA_PANCAN_TCGA-D3-A3CB,TCGA-SKCM,11.082871472479923,11.191277257505304,10.064094686091202,10.947730427334655,8.0,11.318746150976862,11.221970107680178,-3.3359939227490063,0.0,0.0,0.0,0.0,0.10835829619202209,0.5810669370389259,0.4342925640432581,0.40930286401637933,0.3734730362036607,0.3734730362036607,0.38129873949884924,0,1.0,166.5187231
TCGA_PANCAN_TCGA-D3-A3CC-06,TCGA_PANCAN_TCGA-D3-A3CC,TCGA-SKCM,6.887745054269689,6.221358215380097,4.394317648725876,3.936720894718059,7.0,1.9143348985831083,9.421613983203017,-3.042761370464662,0.0,0.0,0.0,0.0,0.12194326863866224,0.5576778997490072,0.4337046500848738,0.40930286401637933,0.35539590147861166,0.35539590147861166,0.3756049167935068,0,,86.92507479
TCGA_PANCAN_TCGA-D3-A3CE-06,TCGA_PANCAN_TCGA-D3-A3CE,TCGA-SKCM,10.791871284972173,9.738252315045887,9.040740812888814,9.31023507387075,8.0,5.945001303016015,10.426567965530827,-3.083558663309428,0.0,0.0,0.0,0.0,0.11480155707122439,0.5810669370389259,0.4342925640432581,0.40930286401637933,0.3734730362036607,0.3734730362036607,0.3825873916746897,0,,60.22947694
TCGA_PANCAN_TCGA-D3-A3CF-06,TCGA_PANCAN_TCGA-D3-A3CF,TCGA-SKCM,10.155458490543722,9.371203979295982,7.955724664200551,7.894588904721286,8.0,5.042797528080951,10.071504498864986,-2.2565793578537843,0.0,0.0,0.0,0.0,0.11788710039718052,0.5810669370389259,0.4342925640432581,0.40930286401637933,0.3734730362036607,0.3734730362036607,0.3832045003398809,0,,24.52575862
TCGA_PANCAN_TCGA-D3-A3ML-06,TCGA_PANCAN_TCGA-D3-A3ML,TCGA-SKCM,6.083890307588246,4.9214993714318815,3.1076612182113177,2.6102662318131067,7.0,1.633012640201731,5.751787749197178,-1.563639877577745,0.0,0.0,0.0,0.0,0.3047351697651274,0.45666993420229685,0.4306603798412073,0.40930703980692695,0.35539590147861166,0.35539590147861166,0.39135368501883405,0,0.0,13.87382056
TCGA_PANCAN_TCGA-D3-A3MO-06,TCGA_PANCAN_TCGA-D3-A3MO,TCGA-SKCM,4.78726444833817,4.795636188132841,5.968911425596447,1.4545313101443862,8.0,0.7530910302981052,8.445101344430006,-3.175998131002526,0.0,0.0,0.0,0.0,0.10961998188886475,0.5161875658808806,0.4309550284052228,0.40930286401637933,0.3734730362036607,0.3734730362036607,0.36790769527900163,0,,9.336883979
TCGA_PANCAN_TCGA-D3-A3MR-06,TCGA_PANCAN_TCGA-D3-A3MR,TCGA-SKCM,11.296072906849957,10.567528996706063,10.160472901454217,10.249083217531972,8.0,5.832702704754875,9.598030033380882,-2.147402199953011,0.0,0.0,0.0,0.0,0.1297832243060659,0.5810669370389259,0.4342925640432581,0.40930286401637933,0.3734730362036607,0.3734730362036607,0.38558372512165795,0,,103.5933853
TCGA_PANCAN_TCGA-D3-A3MU-06,TCGA_PANCAN_TCGA-D3-A3MU,TCGA-SKCM,9.236569159540766,8.218646863023832,5.983660491660203,6.163731238095837,7.0,5.314014890615014,9.142736052667527,-2.022228942758084,0.0,0.0,0.0,0.0,0.14808128870217996,0.5810669370389259,0.4343344628615265,0.40930286401637933,0.35539590147861166,0.35539590147861166,0.38563629081952466,0,,39.74750962
TCGA_PANCAN_TCGA-D3-A3MV-06,TCGA_PANCAN_TCGA-D3-A3MV,TCGA-SKCM,6.347188093852431,5.9171776533420735,5.110255148394713,5.068434199838837,7.0,2.644571589110633,9.689574500328908,-2.846528244278498,0.0,0.0,0.0,0.0,0.06972554189708396,0.5517862006224685,0.43239607605971864,0.40930286401637933,0.35539590147861166,0.35539590147861166,0.3637213168148524,0,0.0,45.30361311
TCGA_PANCAN_TCGA-D3-A51E-06,TCGA_PANCAN_TCGA-D3-A51E,TCGA-SKCM,11.314409150471327,9.678535366577556,8.71327178119486,8.496118907158795,11.0,6.123676541579654,9.578664059413237,-2.0355435125671093,0.0,0.0,0.0,0.0,0.20339307377302562,0.5752494962684859,0.4347256711089382,0.40930286401637933,0.42967624665760873,0.42967624665760873,0.4104694703648876,0,1.0,174.8364402
TCGA_PANCAN_TCGA-D3-A51F-06,TCGA_PANCAN_TCGA-D3-A51F,TCGA-SKCM,12.871682972384809,12.057092038735542,11.710916313304708,12.050674922754771,9.0,6.8757309241171765,11.75062045876067,-2.9782190096046115,0.0,0.0,0.0,0.0,0.0901054168124773,0.5810669370389259,0.4342925640432581,0.40930286401637933,0.3919106231782551,0.3919106231782551,0.38133568101785914,0,,55.72541671
TCGA_PANCAN_TCGA-D3-A51G-06,TCGA_PANCAN_TCGA-D3-A51G,TCGA-SKCM,9.904386846202184,8.233794059505822,7.424274417085309,7.647133294955574,7.0,4.77970622475336,8.813724274021615,-2.80914708876998,0.0,0.0,0.0,0.0,0.15984997932153255,0.5810669370389259,0.4343344628615265,0.40930286401637933,0.35539590147861166,0.35539590147861166,0.3879900289433952,0,,
TCGA_PANCAN_TCGA-D3-A51H-06,TCGA_PANCAN_TCGA-D3-A51H,TCGA-SKCM,11.084068808931944,10.73652198690283,9.17994502204747,8.64553540632806,10.0,5.224908501739336,9.667809990801512,-1.7228882229530278,0.0,0.0,0.0,0.0,0.19946077810928103,0.5810669370389259,0.43455423358464756,0.40930286401637933,0.4106618214248125,0.4106618214248125,0.4070093268348092,0,1.0,56.3500674
TCGA_PANCAN_TCGA-D3-A51J-06,TCGA_PANCAN_TCGA-D3-A51J,TCGA-SKCM,11.213304939874872,10.497303913135015,10.027398255611189,10.286271614326076,7.0,6.148826345658227,10.297312513950716,-3.457737312006433,0.0,0.0,0.0,0.0,0.12466707829510536,0.5810669370389259,0.4343344628615265,0.40930286401637933,0.35539590147861166,0.35539590147861166,0.38095344873810977,0,,145.1162179
TCGA_PANCAN_TCGA-D3-A51K-06,TCGA_PANCAN_TCGA-D3-A51K,TCGA-SKCM,8.362333641410602,8.953236686558304,8.038092803417063,7.880852063373759,8.0,2.040997605066414,7.708248399131603,-1.2316896917260207,0.0,0.0,0.0,0.0,0.18351374097736514,0.5517862006224685,0.43363463789406903,0.40930286401637933,0.3734730362036607,0.3734730362036607,0.39034209594278857,0,,32.94210474
TCGA_PANCAN_TCGA-D3-A51N-06,TCGA_PANCAN_TCGA-D3-A51N,TCGA-SKCM,10.669843258997892,8.849807365943056,6.566991340517404,6.387179767440974,8.0,5.747674728390241,9.81255728912024,-1.8576678486561988,0.0,0.0,0.0,0.0,0.144701721819754,0.5810669370389259,0.4342925640432581,0.40930286401637933,0.3734730362036607,0.3734730362036607,0.38856742462439564,0,,22.6189302
TCGA_PANCAN_TCGA-D3-A51R-06,TCGA_PANCAN_TCGA-D3-A51R,TCGA-SKCM,5.051492080017593,4.087571544938791,2.826797717564455,2.087159545164688,7.0,0.5650121808982247,6.164733423684569,-1.528035598128061,0.0,0.0,0.0,0.0,0.20453985130515984,0.4744728629027568,0.42787292578752145,0.4093034720054628,0.35539590147861166,0.35539590147861166,0.3743170026959025,0,,63.81299931
TCGA_PANCAN_TCGA-D3-A51T-06,TCGA_PANCAN_TCGA-D3-A51T,TCGA-SKCM,9.162166466817132,8.353774578562966,6.519073979104274,6.526784204495537,8.0,4.836373583555894,8.886085871508488,-3.1067254888181015,0.0,0.0,0.0,0.0,0.2393492499403143,0.5810669370389259,0.4342925640432581,0.40930286401637933,0.3734730362036607,0.3734730362036607,0.40749693024850764,0,1.0,26.89285597
TCGA_PANCAN_TCGA-D3-A5GL-06,TCGA_PANCAN_TCGA-D3-A5GL,TCGA-SKCM,5.968414355597647,5.477672138970736,4.271689993402934,4.0277776748990535,6.0,4.301872938406371,7.682550057090545,-1.8174359819096413,0.0,0.0,0.0,0.0,0.1160522374789866,0.5810669370389259,0.4343344628615265,0.40930286401655475,0.33772210060434416,0.33772210060434416,0.3756957204000676,0,1.0,125.7849229
TCGA_PANCAN_TCGA-D3-A5GN-06,TCGA_PANCAN_TCGA-D3-A5GN,TCGA-SKCM,10.636432694826501,8.97153982486191,7.821143744689371,8.150878700725979,9.0,5.852256081471035,8.77664786100562,-2.1338956819082338,0.0,0.0,0.0,0.0,0.20588147588603603,0.5810669370389259,0.4342925640432581,0.40930286401637933,0.3919106231782551,0.3919106231782551,0.4044908928325709,0,,135.7464576
TCGA_PANCAN_TCGA-D3-A5GO-06,TCGA_PANCAN_TCGA-D3-A5GO,TCGA-SKCM,10.991961025097837,9.23135082849289,7.908676438481118,7.587297838983998,8.0,4.531462561093102,8.943725597671866,-0.7642209168242271,0.0,0.0,0.0,0.0,0.12618888798807576,0.5810669370389259,0.433831386311241,0.40930286401637933,0.3734730362036607,0.3734730362036607,0.38477262231165654,0,,137.9162968
TCGA_PANCAN_TCGA-D3-A5GR-06,TCGA_PANCAN_TCGA-D3-A5GR,TCGA-SKCM,10.468000568400093,9.263249565025038,7.5884285816736945,7.738505457460294,7.0,5.927171132332657,9.455113400869422,-2.1247932547600623,0.0,0.0,0.0,0.0,0.13827543085243582,0.5810669370389259,0.4343344628615265,0.40930286401637933,0.35539590147861166,0.35539590147861166,0.38367511924957587,0,,178.3213335
TCGA_PANCAN_TCGA-D3-A5GS-06,TCGA_PANCAN_TCGA-D3-A5GS,TCGA-SKCM,10.668684582771798,9.01160702475513,7.670885942288008,8.243317609438188,8.0,5.040901195474717,8.799152838787629,-1.109681112882936,0.0,0.0,0.0,0.0,0.13535662834165219,0.5810669370389259,0.4339334412027324,0.40930286401637933,0.3734730362036607,0.3734730362036607,0.3866265813606701,0,,18.18062268
TCGA_PANCAN_TCGA-D3-A5GT-01,TCGA_PANCAN_TCGA-D3-A5GT,TCGA-SKCM,4.82063288690416,4.756143873511216,3.0708635209662836,1.4725603650767412,6.0,0.0,6.357576916463829,-2.6149802244727605,0.0,0.0,0.0,0.0,0.27611639697037105,0.4744728629027568,0.42601993263416893,0.4093028698260766,0.33772210060434416,0.33772210060434416,0.3847268325875435,0,,16.01078344
TCGA_PANCAN_TCGA-D3-A5GU-06,TCGA_PANCAN_TCGA-D3-A5GU,TCGA-SKCM,10.353751767786488,9.061472204834798,7.660133365505566,8.386451521137488,10.0,3.990301416568706,8.925857524013665,-2.089086108592424,0.0,0.0,0.0,0.0,0.22057671306901938,0.5810669370389259,0.43455423358464756,0.40930286401637933,0.4106618214248125,0.4106618214248125,0.4112325138267569,0,,125.1931486
TCGA_PANCAN_TCGA-D3-A8GB-06,TCGA_PANCAN_TCGA-D3-A8GB,TCGA-SKCM,11.464587897658967,10.42314060824497,9.223529505381197,9.681158705644112,7.0,4.861076977737294,9.598450409784737,-2.224841013684509,0.0,0.0,0.0,0.0,0.13751253066588598,0.5810669370389259,0.4343344628615265,0.40930286401637933,0.35539590147861166,0.35539590147861166,0.38352253921226587,0,1.0,30.83801821
TCGA_PANCAN_TCGA-D3-A8GC-06,TCGA_PANCAN_TCGA-D3-A8GC,TCGA-SKCM,7.933075757483245,7.438306881687401,5.6521309278406076,5.299979526237558,9.0,5.883244454467553,9.569554356302818,-3.1376617839686354,0.0,0.0,0.0,0.0,0.1807605697004539,0.5810669370389259,0.4342925640432581,0.40930286401637933,0.3919106231782551,0.3919106231782551,0.39946671159545455,0,1.0,79.59364829
TCGA_PANCAN_TCGA-D3-A8GD-06,TCGA_PANCAN_TCGA-D3-A8GD,TCGA-SKCM,11.79876620777784,11.125383493337509,10.526679590653345,9.81499009530813,9.0,6.651866834765244,9.82462525122675,-2.3900718048517398,0.0,0.0,0.0,0.0,0.17516419829993624,0.5810669370389259,0.4342925640432581,0.40930286401637933,0.3919106231782551,0.3919106231782551,0.39834743731535094,0,,23.60522077
TCGA_PANCAN_TCGA-D3-A8GE-06,TCGA_PANCAN_TCGA-D3-A8GE,TCGA-SKCM,10.111799734174276,8.972339482965866,8.304139153130478,7.616393427704942,8.0,4.64618570322048,9.757370386556975,-2.877428174678224,0.0,0.0,0.0,0.0,0.13806960439822677,0.5810669370389259,0.4342925640432581,0.40930286401637933,0.3734730362036607,0.3734730362036607,0.38724100114009014,0,,26.43258704
TCGA_PANCAN_TCGA-D3-A8GI-06,TCGA_PANCAN_TCGA-D3-A8GI,TCGA-SKCM,6.093528731965711,5.866951591105244,5.616241095083036,2.8898856821160193,7.0,2.44898021792578,8.835237790694356,-2.5438893050096265,0.0,0.0,0.0,0.0,0.09863458516407388,0.49234092360903375,0.4186552578495269,0.40930286401637933,0.35539590147861166,0.35539590147861166,0.3548659064235251,0,,58.51990663
TCGA_PANCAN_TCGA-D3-A8GJ-06,TCGA_PANCAN_TCGA-D3-A8GJ,TCGA-SKCM,13.051636889293873,11.532045957368826,11.3787485798934,10.95373043265032,9.0,7.375082885362406,10.269217174753479,-2.6227543022857347,0.0,0.0,0.0,0.0,0.15324072970331787,0.5810669370389259,0.4342925640432581,0.40930286401637933,0.3919106231782551,0.3919106231782551,0.3939627435960273,0,,241.3781767
TCGA_PANCAN_TCGA-D3-A8GK-06,TCGA_PANCAN_TCGA-D3-A8GK,TCGA-SKCM,4.643878918727275,4.85291035424572,2.8149977050458244,2.992388463400261,6.0,2.023148876412518,6.720644945704704,-0.6356496444139061,0.0,0.0,0.0,0.0,0.1265328237435035,0.4448597039118777,0.4173087492549455,0.4093029107535929,0.33772210060434416,0.33772210060434416,0.34714525765365273,0,1.0,170.2008745
TCGA_PANCAN_TCGA-D3-A8GL-06,TCGA_PANCAN_TCGA-D3-A8GL,TCGA-SKCM,5.180949025376629,4.365567201524706,2.0339817035868717,1.2249408251864857,7.0,3.4934808201444905,6.804355796432222,-2.551731535759548,0.0,0.0,0.0,0.0,0.2787053424018423,0.4448597039118777,0.42008748193833884,0.4093028642144989,0.35539590147861166,0.35539590147861166,0.3816702587890339,0,1.0,89.12779038
TCGA_PANCAN_TCGA-D3-A8GM-06,TCGA_PANCAN_TCGA-D3-A8GM,TCGA-SKCM,9.91226829506374,8.739254936967958,7.509969121983062,7.523010921782092,10.0,6.448663124668634,9.200616504410368,-2.250237811521975,0.0,0.0,0.0,0.0,0.1983296399479657,0.5810669370389259,0.43455423358464756,0.40930286401637933,0.4106618214248125,0.4106618214248125,0.4067830992025462,0,1.0,107.1440313
TCGA_PANCAN_TCGA-D3-A8GN-06,TCGA_PANCAN_TCGA-D3-A8GN,TCGA-SKCM,11.383729913228903,10.130729617218682,9.266305155959323,9.399038656703352,8.0,6.266106252666559,9.862449095104228,-1.6868621530753671,0.0,0.0,0.0,0.0,0.10743186777366383,0.5810669370389259,0.4342925640432581,0.40930286401637933,0.3734730362036607,0.3734730362036607,0.3811134538151776,0,1.0,160.9954959
TCGA_PANCAN_TCGA-D3-A8GO-06,TCGA_PANCAN_TCGA-D3-A8GO,TCGA-SKCM,8.487957262213762,8.69051356040926,7.027667006141432,7.030684473413388,7.0,3.997500169669911,8.182134218395836,-1.412011794346423,0.0,0.0,0.0,0.0,0.16257496413055889,0.5810669370389259,0.4343344628615265,0.40930286401637933,0.35539590147861166,0.35539590147861166,0.38853502590520045,0,,
TCGA_PANCAN_TCGA-D3-A8GP-06,TCGA_PANCAN_TCGA-D3-A8GP,TCGA-SKCM,7.515229614005737,6.630450250036252,5.792303857084612,5.761148892630624,6.0,2.56183932929853,5.952982201651388,-0.949496291043725,0.0,0.0,0.0,0.0,0.2063437079480721,0.5458799287302166,0.4314185744578285,0.4093028674329666,0.33772210060434416,0.33772210060434416,0.3861334358346856,0,,152.7435316
TCGA_PANCAN_TCGA-D3-A8GQ-06,TCGA_PANCAN_TCGA-D3-A8GQ,TCGA-SKCM,7.8645651256506985,7.216261310714049,7.060495726707192,5.836648525701891,7.0,3.1642070247007474,9.342486753682687,-1.9415578187772145,0.0,0.0,0.0,0.0,0.07059277886047549,0.569411135272715,0.43451538094015124,0.40930286401637933,0.35539590147861166,0.35539590147861166,0.36784361211366656,0,,29.0626952
TCGA_PANCAN_TCGA-D3-A8GR-06,TCGA_PANCAN_TCGA-D3-A8GR,TCGA-SKCM,5.740690690409817,5.83183601943552,4.831389136228976,3.8411050960425324,7.0,4.375414830849869,8.199835655344788,-2.8006689325021004,0.0,0.0,0.0,0.0,0.14761793778016866,0.5810669370389259,0.4343344628615265,0.40930286401637933,0.35539590147861166,0.35539590147861166,0.38554362063512243,0,,
TCGA_PANCAN_TCGA-D3-A8GS-06,TCGA_PANCAN_TCGA-D3-A8GS,TCGA-SKCM,10.649885050875508,10.092914036956952,9.877585147503826,8.967285012979367,8.0,5.401190137139792,9.82322533769131,-2.6882964993100353,0.0,0.0,0.0,0.0,0.1314911830812391,0.5810669370389259,0.4342925640432581,0.40930286401637933,0.3734730362036607,0.3734730362036607,0.3859253168766926,0,,117.1713187
TCGA_PANCAN_TCGA-D3-A8GV-06,TCGA_PANCAN_TCGA-D3-A8GV,TCGA-SKCM,6.808722411086738,6.456094421154365,6.064658497664979,4.8506363093110565,7.0,4.098411135506694,7.633690908863682,-2.4130869318885546,0.0,0.0,0.0,0.0,0.16583204063100496,0.5810669370389259,0.4343344628615265,0.4093028640163798,0.35539590147861166,0.35539590147861166,0.3891864412052898,0,,167.7022718
TCGA_PANCAN_TCGA-D9-A148-06,TCGA_PANCAN_TCGA-D9-A148,TCGA-SKCM,9.322699596924101,8.229919490484761,7.008297880308431,7.468696305103547,8.0,6.6421600264104415,7.985790707870395,-1.156401983843212,0.0,0.0,0.0,0.0,0.16439069462399736,0.5810669370389259,0.4339334412027324,0.40930286401637933,0.3734730362036607,0.3734730362036607,0.3924333946171391,0,,151.5271066
TCGA_PANCAN_TCGA-D9-A149-06,TCGA_PANCAN_TCGA-D9-A149,TCGA-SKCM,10.204246955851508,9.247411090976152,7.916960213891141,8.043272507268851,10.0,5.885974515210151,9.307594684540138,-2.5420871672557066,0.0,0.0,0.0,0.0,0.22265896243331543,0.5810669370389259,0.43455423358464756,0.40930286401637933,0.4106618214248125,0.4106618214248125,0.4116489636996161,0,,54.67337344
TCGA_PANCAN_TCGA-D9-A1JW-06,TCGA_PANCAN_TCGA-D9-A1JW,TCGA-SKCM,10.074285730072658,9.703769379091668,8.461188746627817,8.636391723829815,9.0,6.3070823825879145,9.629235113028681,-2.158849748546131,0.0,0.0,0.0,0.0,0.15382509916186798,0.5810669370389259,0.4342925640432581,0.40930286401637933,0.3919106231782551,0.3919106231782551,0.3940796174877373,0,,3.649275076
TCGA_PANCAN_TCGA-D9-A1JX-06,TCGA_PANCAN_TCGA-D9-A1JX,TCGA-SKCM,10.290819177028418,9.630569452689588,9.224857535180465,9.52496200035231,9.0,5.617944917420585,10.244242429344208,-2.8103469914816976,0.0,0.0,0.0,0.0,0.1161050418446605,0.5810669370389259,0.4342925640432581,0.40930286401637933,0.3919106231782551,0.3919106231782551,0.3865356060242958,0,,7.101292041
TCGA_PANCAN_TCGA-D9-A1X3-06,TCGA_PANCAN_TCGA-D9-A1X3,TCGA-SKCM,4.5343481947064115,4.16793479262817,2.082775792534137,1.4003605982579062,8.0,2.863284333252292,7.674064309474796,-2.110447136352528,0.0,0.0,0.0,0.0,0.17394718208714294,0.462594217810718,0.42206113902777015,0.4093028640167139,0.3734730362036607,0.3734730362036607,0.3682756878292011,0,,18.11486997
TCGA_PANCAN_TCGA-D9-A3Z1-06,TCGA_PANCAN_TCGA-D9-A3Z1,TCGA-SKCM,10.608586110364177,9.919227770503747,9.730443075693366,9.178088850536174,10.0,5.534123872099394,9.848833092931335,-2.373335794900383,0.0,0.0,0.0,0.0,0.14635221822146746,0.5810669370389259,0.43455423358464756,0.40930286401637933,0.4106618214248125,0.4106618214248125,0.3963876148572466,0,,15.38613276
TCGA_PANCAN_TCGA-D9-A3Z3-06,TCGA_PANCAN_TCGA-D9-A3Z3,TCGA-SKCM,9.611591213893066,9.264250039343512,7.970884841992964,7.479112030973486,8.0,5.601286466624238,9.375948135518689,-1.9401592986848355,0.0,0.0,0.0,0.0,0.13941836804471397,0.5810669370389259,0.4342925640432581,0.40930286401637933,0.3734730362036607,0.3734730362036607,0.3875107538693876,0,,22.29016668
TCGA_PANCAN_TCGA-D9-A3Z4-01,TCGA_PANCAN_TCGA-D9-A3Z4,TCGA-SKCM,10.185920236578388,8.56086732369523,7.023702921618506,7.256575569602505,8.0,5.144164685342474,9.656993792410582,-2.458233884949747,0.0,0.0,0.0,0.0,0.1420869938102481,0.5810669370389259,0.4342925640432581,0.40930286401637933,0.3734730362036607,0.3734730362036607,0.38804447902249445,0,,17.06282671
TCGA_PANCAN_TCGA-D9-A4Z2-01,TCGA_PANCAN_TCGA-D9-A4Z2,TCGA-SKCM,7.089089458071304,6.317864589464993,4.694772242288208,4.18180739854147,7.0,3.221103725367876,8.801055655278269,-2.5852546085237336,0.0,0.0,0.0,0.0,0.13586162442359098,0.569411135272715,0.43451538094015124,0.40930286401637933,0.35539590147861166,0.35539590147861166,0.38089738122628963,0,,6.246506888
TCGA_PANCAN_TCGA-D9-A4Z3-01,TCGA_PANCAN_TCGA-D9-A4Z3,TCGA-SKCM,7.075254872704977,6.898700471458682,6.403210974470982,5.8532648230956665,9.0,2.895961766854404,9.484887159669167,-3.260862075936174,0.0,0.0,0.0,0.0,0.12931496662527958,0.5576778997490072,0.43446726722168144,0.40930286401637933,0.3919106231782551,0.3919106231782551,0.3845347241581205,0,,16.60255778
TCGA_PANCAN_TCGA-D9-A4Z5-01,TCGA_PANCAN_TCGA-D9-A4Z5,TCGA-SKCM,7.139873583972277,6.528218831863073,4.8172267568313565,3.5014633924386036,7.0,3.7501240967254335,10.097921829919807,-2.3072302204022,0.0,0.0,0.0,0.0,0.0760453217238042,0.5635534104897696,0.4339799581801494,0.40930286401637933,0.35539590147861166,0.35539590147861166,0.3676554911777429,0,,7.167044745
TCGA_PANCAN_TCGA-D9-A4Z6-06,TCGA_PANCAN_TCGA-D9-A4Z6,TCGA-SKCM,6.9256897322118265,6.257056654196982,5.703949029481429,5.5956602700336155,7.0,4.356179031842222,6.667572848893026,-0.3497538612084927,0.0,0.0,0.0,0.0,0.1259708223250138,0.5306528277447681,0.42639224266936326,0.40930286425291995,0.35539590147861166,0.35539590147861166,0.3695429316941353,0,,18.44363349
TCGA_PANCAN_TCGA-D9-A6E9-06,TCGA_PANCAN_TCGA-D9-A6E9,TCGA-SKCM,11.852694683828764,11.784395017992503,11.498893947153693,11.677554122455266,9.0,7.985830554749044,10.9222542000667,-1.8547385044243025,0.0,0.0,0.0,0.0,0.08267810136709039,0.5810669370389259,0.4342925640432581,0.40930286401637933,0.3919106231782551,0.3919106231782551,0.37985021792878176,0,,9.895781964
TCGA_PANCAN_TCGA-D9-A6EA-06,TCGA_PANCAN_TCGA-D9-A6EA,TCGA-SKCM,7.49020379404774,6.334628749927011,5.19493153683162,3.8941218642838207,8.0,3.9787081713819807,8.224794681764175,-2.503328397668472,0.0,0.0,0.0,0.0,0.18770955266668565,0.5810669370389259,0.4342925640432581,0.40930286401637933,0.3734730362036607,0.3734730362036607,0.39716899079378193,0,,25.18328566
TCGA_PANCAN_TCGA-D9-A6EC-06,TCGA_PANCAN_TCGA-D9-A6EC,TCGA-SKCM,7.93136593560387,6.469482993432784,3.8197361328660637,3.483048686955482,8.0,4.248709394106715,7.82341523240697,-1.6574213745291546,0.0,0.0,0.0,0.0,0.23779292739876137,0.5635534104897696,0.4339220147146317,0.4093028640163795,0.3734730362036607,0.3734730362036607,0.4036088505646406,0,,77.55531446
TCGA_PANCAN_TCGA-D9-A6EG-06,TCGA_PANCAN_TCGA-D9-A6EG,TCGA-SKCM,4.883598760633674,4.46361870032393,4.248451170050956,1.5137473629343323,8.0,2.2732174731034958,7.968099391326396,-2.6870361368537115,0.0,0.0,0.0,0.0,0.1411546404493555,0.5161875658808806,0.43125971929547613,0.4093028640163804,0.3734730362036607,0.3734730362036607,0.37427556516915067,0,,22.94769372
TCGA_PANCAN_TCGA-DA-A1HV-06,TCGA_PANCAN_TCGA-DA-A1HV,TCGA-SKCM,11.811936044265872,10.316363824714772,8.925194329005354,9.406151944226039,9.0,5.781795079421451,10.269098811783142,-2.367247807646999,0.0,0.0,0.0,0.0,0.1486111095775402,0.5810669370389259,0.4342925640432581,0.40930286401637933,0.3919106231782551,0.3919106231782551,0.3930368195708717,0,,76.5690239
TCGA_PANCAN_TCGA-DA-A1HW-06,TCGA_PANCAN_TCGA-DA-A1HW,TCGA-SKCM,11.354213775719737,10.118588269900473,9.793988633202432,9.47088658681228,8.0,6.610261553673577,10.231231597064754,-2.195082727024465,0.0,0.0,0.0,0.0,0.09610981423916098,0.5810669370389259,0.4342925640432581,0.40930286401637933,0.3734730362036607,0.3734730362036607,0.37884904310827705,0,1.0,26.95860867
TCGA_PANCAN_TCGA-DA-A1HY-06,TCGA_PANCAN_TCGA-DA-A1HY,TCGA-SKCM,7.030528304953795,6.146710452166983,4.605480031238993,3.6376326936578787,6.0,5.365570068072409,8.394640618355588,-1.5405689412163284,0.0,0.0,0.0,0.0,0.10111903792807465,0.5810669370389259,0.4343344628615265,0.40930286401637933,0.33772210060434416,0.33772210060434416,0.37270908048985013,0,,144.8860834
TCGA_PANCAN_TCGA-DA-A1I0-06,TCGA_PANCAN_TCGA-DA-A1I0,TCGA-SKCM,6.831840496918495,8.139643493117065,6.038738500087467,6.717553554701679,6.0,2.826375607747651,8.499991019644336,-2.0661616328509256,0.0,0.0,0.0,0.0,0.1374468062120771,0.5576778997490072,0.43239607605971864,0.40930286401637933,0.33772210060434416,0.33772210060434416,0.37490914932830527,0,,20.38333827
TCGA_PANCAN_TCGA-DA-A1I1-06,TCGA_PANCAN_TCGA-DA-A1I1,TCGA-SKCM,11.058110766927042,9.594461154848407,7.95228479612379,7.798239750328979,8.0,6.68565987743181,10.303039449491525,-2.275877138203297,0.0,0.0,0.0,0.0,0.12385894120800121,0.5810669370389259,0.4342925640432581,0.40930286401637933,0.3734730362036607,0.3734730362036607,0.3843988685020451,0,,222.5071506
TCGA_PANCAN_TCGA-DA-A1I2-06,TCGA_PANCAN_TCGA-DA-A1I2,TCGA-SKCM,10.910090324496734,8.443679798303796,6.4757031428050205,6.679754508163457,7.0,5.065736009937339,8.235508228219214,-1.6664132873328494,0.0,0.0,0.0,0.0,0.20715338677479558,0.5810669370389259,0.4343344628615265,0.40930286401637933,0.35539590147861166,0.35539590147861166,0.3974507104340478,0,,176.5460105
TCGA_PANCAN_TCGA-DA-A1I4-06,TCGA_PANCAN_TCGA-DA-A1I4,TCGA-SKCM,7.517320863811256,7.381231737532174,6.304859651281081,5.251605228478794,8.0,5.040839840561746,11.105310567346265,-3.077683949197519,0.0,0.0,0.0,0.0,0.06505444610057896,0.5810669370389259,0.4342925640432581,0.40930286401637933,0.3734730362036607,0.3734730362036607,0.3726379694805606,0,1.0,35.93385278
TCGA_PANCAN_TCGA-DA-A1I5-06,TCGA_PANCAN_TCGA-DA-A1I5,TCGA-SKCM,10.512669080172957,9.799361030508662,8.368932894068811,8.653513144068999,8.0,7.334130237963724,10.446255870120572,-2.165103255848825,0.0,0.0,0.0,0.0,0.10059942144929837,0.5810669370389259,0.4342925640432581,0.40930286401637933,0.3734730362036607,0.3734730362036607,0.3797469645503045,0,,135.0231778
TCGA_PANCAN_TCGA-DA-A1I7-06,TCGA_PANCAN_TCGA-DA-A1I7,TCGA-SKCM,8.690024961897711,7.676439107842581,6.17825465026452,6.576424724889176,8.0,3.402258300921781,9.405724047259852,-2.8290773185004214,0.0,0.0,0.0,0.0,0.1458897527531168,0.5868619241359337,0.43439828796458174,0.40930286401637933,0.3734730362036607,0.3734730362036607,0.38998517301473445,0,,88.86477956
TCGA_PANCAN_TCGA-DA-A1I8-06,TCGA_PANCAN_TCGA-DA-A1I8,TCGA-SKCM,6.4221081519494225,5.806519439797069,4.659661411054465,3.1340560349829545,6.0,3.450960473323422,10.425557000891333,-2.9238989048283273,0.0,0.0,0.0,0.0,0.05347632302595306,0.5161875658808806,0.4208189329627045,0.40930286401637933,0.33772210060434416,0.33772210060434416,0.3475015572980523,0,,53.91721735
TCGA_PANCAN_TCGA-DA-A1IA-06,TCGA_PANCAN_TCGA-DA-A1IA,TCGA-SKCM,5.274652792216166,5.675738163574034,4.2608396041257635,4.563134252374335,8.0,4.680920667577412,7.6559360746128915,-2.4803810466764844,0.0,0.0,0.0,0.0,0.18566872441790624,0.5810669370389259,0.4342925640432581,0.40930286401641847,0.3734730362036607,0.3734730362036607,0.3967608251440339,0,0.0,65.91708584
TCGA_PANCAN_TCGA-DA-A1IB-06,TCGA_PANCAN_TCGA-DA-A1IB,TCGA-SKCM,11.863071604817613,11.239038205624368,10.055536607275261,10.299037540717254,11.0,6.8343699155713455,10.601415644979571,-2.4437049384260465,0.0,0.0,0.0,0.0,0.18053361663300105,0.5752494962684859,0.4347256711089382,0.40930286401637933,0.42967624665760873,0.42967624665760873,0.40589757893688266,0,,27.12299043
TCGA_PANCAN_TCGA-DA-A1IC-06,TCGA_PANCAN_TCGA-DA-A1IC,TCGA-SKCM,8.295112150639362,7.588173022086975,6.282873034663169,6.295455011678231,9.0,5.533778241444626,8.608248572978557,-2.6958138017149524,0.0,0.0,0.0,0.0,0.21286906613404138,0.5810669370389259,0.4342925640432581,0.40930286401637933,0.3919106231782551,0.3919106231782551,0.405888410882172,0,,68.08692508
TCGA_PANCAN_TCGA-DA-A3F2-06,TCGA_PANCAN_TCGA-DA-A3F2,TCGA-SKCM,10.014564963096339,11.630752925105075,12.265531015579507,11.771881366386783,8.0,4.590506211819204,11.761471928160471,-2.8626089061127082,0.0,0.0,0.0,0.0,0.047648834137331744,0.5810669370389259,0.4342925640432581,0.40930286401637933,0.3734730362036607,0.3734730362036607,0.36915684708791113,0,1.0,33.92839531
TCGA_PANCAN_TCGA-DA-A3F3-06,TCGA_PANCAN_TCGA-DA-A3F3,TCGA-SKCM,8.53857766088411,7.336932502911204,5.200140472927507,5.959152621392358,8.0,5.74949672493065,8.315429743692954,-1.7678061182285818,0.0,0.0,0.0,0.0,0.18467230084074043,0.5810669370389259,0.4342925640432581,0.40930286401637933,0.3734730362036607,0.3734730362036607,0.39656154042859293,0,,10.4875563
TCGA_PANCAN_TCGA-DA-A3F5-06,TCGA_PANCAN_TCGA-DA-A3F5,TCGA-SKCM,6.3882211227095835,6.487242177485804,6.022174120463341,5.204470597730653,7.0,3.966808811350327,8.891143164683639,-1.5918921784428033,0.0,0.0,0.0,0.0,0.06868564733726837,0.5810669370389259,0.4343344628615265,0.40930286401637933,0.35539590147861166,0.35539590147861166,0.36975716254654234,0,,225.9591676
TCGA_PANCAN_TCGA-DA-A3F8-06,TCGA_PANCAN_TCGA-DA-A3F8,TCGA-SKCM,12.651264106104469,11.728004864120809,11.493652894246825,11.422928811391245,8.0,8.589726041133547,10.984201575801654,-2.938136054904561,0.0,0.0,0.0,0.0,0.10574804986282028,0.5810669370389259,0.4342925640432581,0.40930286401637933,0.3734730362036607,0.3734730362036607,0.38077669023300886,0,,43.36390834
TCGA_PANCAN_TCGA-DA-A95V-06,TCGA_PANCAN_TCGA-DA-A95V,TCGA-SKCM,9.740107405439234,9.556640724497843,8.187593052097768,8.674271729871116,8.0,7.370539206955765,8.89643872644478,-1.6333508013871967,0.0,0.0,0.0,0.0,0.15350796248352439,0.5810669370389259,0.4342925640432581,0.40930286401637933,0.3734730362036607,0.3734730362036607,0.39032867275714966,0,,72.09784002
TCGA_PANCAN_TCGA-DA-A95W-06,TCGA_PANCAN_TCGA-DA-A95W,TCGA-SKCM,9.103872709215759,8.356942022031582,7.529934349888288,7.479775736242001,8.0,5.130741462496697,8.87328895555223,-2.1875460464728116,0.0,0.0,0.0,0.0,0.14431986231374871,0.5810669370389259,0.4342925640432581,0.40930286401637933,0.3734730362036607,0.3734730362036607,0.3884910527231945,0,,37.34753592
TCGA_PANCAN_TCGA-DA-A95X-06,TCGA_PANCAN_TCGA-DA-A95X,TCGA-SKCM,9.515471609703575,8.186741890748978,6.407375685327534,6.6635452720947255,7.0,6.359754830431575,10.351674027811269,-3.544801915185033,0.0,0.0,0.0,0.0,0.1262781031830019,0.5810669370389259,0.4343344628615265,0.40930286401637933,0.35539590147861166,0.35539590147861166,0.38127565371568906,0,,73.93891574
TCGA_PANCAN_TCGA-DA-A95Y-06,TCGA_PANCAN_TCGA-DA-A95Y,TCGA-SKCM,6.120456330129762,5.9218233495555355,4.675626364728136,3.94252705799856,8.0,3.318692833148336,7.32928982665346,-2.15130869196772,0.0,0.0,0.0,0.0,0.21413234513857574,0.5752494962684859,0.43439828796458174,0.4093028640177809,0.3734730362036607,0.3734730362036607,0.401311205918617,0,,14.13683138
TCGA_PANCAN_TCGA-DA-A95Z-06,TCGA_PANCAN_TCGA-DA-A95Z,TCGA-SKCM,8.365401874828052,7.322730410776186,6.447554490048507,5.276502841501124,8.0,4.1970003955275486,8.616057222699615,-3.3956154807083943,0.0,0.0,0.0,0.0,0.22149558993963167,0.5810669370389259,0.4342925640432581,0.40930286401637933,0.3734730362036607,0.3734730362036607,0.40392619824837117,0,,13.01903541
TCGA_PANCAN_TCGA-EB-A1NK-01,TCGA_PANCAN_TCGA-EB-A1NK,TCGA-SKCM,7.528377817429607,7.2714602171542815,6.237314005550036,5.252848603601812,7.0,3.642921020360604,8.306988243124229,-1.4013209798605226,0.0,0.0,0.0,0.0,0.11645501024923204,0.5810669370389259,0.4343344628615265,0.40930286401637933,0.35539590147861166,0.35539590147861166,0.3793110351289351,0,,34.15852977
TCGA_PANCAN_TCGA-EB-A24C-01,TCGA_PANCAN_TCGA-EB-A24C,TCGA-SKCM,6.4993146136183,5.424217902632198,2.9502498409733953,2.2295044720668633,7.0,3.2985850060271185,7.75541198021575,-2.178673210490773,0.0,0.0,0.0,0.0,0.20872023553611152,0.45075788343069373,0.4215554245772992,0.40930286401638827,0.35539590147861166,0.35539590147861166,0.3691464618078209,0,,20.77785449
TCGA_PANCAN_TCGA-EB-A24D-01,TCGA_PANCAN_TCGA-EB-A24D,TCGA-SKCM,8.782481907531233,7.95795314703742,6.634381061139228,5.177442571786013,9.0,3.7435795938255607,7.709871928256282,-2.5615039891247946,0.0,0.0,0.0,0.0,0.3350478598674656,0.5810669370389259,0.4342925640432581,0.40930286401637933,0.3919106231782551,0.3919106231782551,0.4303241696288568,0,,21.20524707
TCGA_PANCAN_TCGA-EB-A299-01,TCGA_PANCAN_TCGA-EB-A299,TCGA-SKCM,8.946289764162643,8.285242538511092,7.3893480755722205,7.1235543401139045,7.0,3.6703644942912654,8.50344724614331,-0.07406252777451883,0.0,0.0,0.0,0.0,0.07557561158186715,0.5247079498869481,0.4323036989686687,0.40930286401637933,0.35539590147861166,0.35539590147861166,0.359457205186495,0,,12.42726107
TCGA_PANCAN_TCGA-EB-A3HV-01,TCGA_PANCAN_TCGA-EB-A3HV,TCGA-SKCM,6.623469045211276,7.275279532388119,5.923373782772057,4.854338686534803,8.0,3.449508551859829,9.071080446711889,-2.392390107051872,0.0,0.0,0.0,0.0,0.1337723976871524,0.5810669370389259,0.4342925640432581,0.40930286401637933,0.3734730362036607,0.3734730362036607,0.3863815597978753,0,,1.28217773
TCGA_PANCAN_TCGA-EB-A3XB-01,TCGA_PANCAN_TCGA-EB-A3XB,TCGA-SKCM,8.485028777596332,8.066625851420586,6.653657597532318,6.42297036042836,9.0,6.248111635139972,8.943432847161612,-1.71279270414351,0.0,0.0,0.0,0.0,0.15150209887167385,0.5810669370389259,0.4342925640432581,0.40930286401637933,0.3919106231782551,0.3919106231782551,0.39361501742969845,0,,26.16957622
TCGA_PANCAN_TCGA-EB-A3XC-01,TCGA_PANCAN_TCGA-EB-A3XC,TCGA-SKCM,8.714856721797736,7.522127481129097,6.233619338777804,5.627203863786495,8.0,2.6160753415714053,8.502876465200725,-1.0971861694419038,0.0,0.0,0.0,0.0,0.1272281952305957,0.5458799287302166,0.43126135702031954,0.40930286401637933,0.3734730362036607,0.3734730362036607,0.3774290762402344,0,1.0,21.36962883
TCGA_PANCAN_TCGA-EB-A3XD-01,TCGA_PANCAN_TCGA-EB-A3XD,TCGA-SKCM,9.322257926831268,9.356412910973418,7.982815354181867,8.142619399814935,8.0,5.266786540694901,9.654131323357788,-2.870887499538469,0.0,0.0,0.0,0.0,0.15862013833788044,0.5810669370389259,0.4342925640432581,0.40930286401637933,0.3734730362036607,0.3734730362036607,0.3913511079280209,0,,38.13656837
TCGA_PANCAN_TCGA-EB-A3XE-01,TCGA_PANCAN_TCGA-EB-A3XE,TCGA-SKCM,9.302687603095071,8.753019320386928,7.167955535833082,7.496370773534953,8.0,1.8584187120414613,8.236832971154827,-2.147192324709226,0.0,0.0,0.0,0.0,0.22691052106144466,0.5576778997490072,0.43363463789406903,0.40930286401637933,0.3734730362036607,0.3734730362036607,0.4001997917849122,0,,5.917743367
TCGA_PANCAN_TCGA-EB-A3XF-01,TCGA_PANCAN_TCGA-EB-A3XF,TCGA-SKCM,10.76521254823328,8.187205962833803,6.480872842090859,5.288561480111074,7.0,6.400642097695004,9.137424881232459,-1.298040277887159,0.0,0.0,0.0,0.0,0.12654718603296183,0.5810669370389259,0.4343344628615265,0.40930286401637933,0.35539590147861166,0.35539590147861166,0.38132947028568104,0,,9.139625867
TCGA_PANCAN_TCGA-EB-A3Y6-01,TCGA_PANCAN_TCGA-EB-A3Y6,TCGA-SKCM,9.210050713149085,7.911358961973612,6.7577897319074065,6.585647314934149,9.0,4.76021562285875,8.803707326513395,-2.530501410024441,0.0,0.0,0.0,0.0,0.19871416738585657,0.5810669370389259,0.4342925640432581,0.40930286401637933,0.3919106231782551,0.3919106231782551,0.403057431132535,0,1.0,4.142420357
TCGA_PANCAN_TCGA-EB-A3Y7-01,TCGA_PANCAN_TCGA-EB-A3Y7,TCGA-SKCM,5.098379915281622,5.854270177606459,3.6845368824192435,3.2576979431978907,8.0,4.530595172447988,5.8242063618871045,1.3296040443863602,0.0,0.0,0.0,0.0,0.16198171405247014,0.48299207938581634,0.42111883007705525,0.40930295086383395,0.3734730362036607,0.3734730362036607,0.3697737221165672,0,,10.71769077
TCGA_PANCAN_TCGA-EB-A41A-01,TCGA_PANCAN_TCGA-EB-A41A,TCGA-SKCM,7.737540022966534,6.857920400893958,5.069904526710623,4.974131728063451,9.0,2.761008623895387,8.019081182765222,-2.1090689537390634,0.0,0.0,0.0,0.0,0.2330077333751324,0.5517862006224685,0.4322733126679878,0.40930286401637933,0.3919106231782551,0.3919106231782551,0.40365614677204464,0,,8.613604235
TCGA_PANCAN_TCGA-EB-A41B-01,TCGA_PANCAN_TCGA-EB-A41B,TCGA-SKCM,8.314707093798237,7.570142965620716,6.7327183124274,7.048149092878377,9.0,4.674189442791551,7.1340112049111415,-0.6608779975225776,0.0,0.0,0.0,0.0,0.18849773729405514,0.5810669370389259,0.4344705079671789,0.4093028640163796,0.3919106231782551,0.3919106231782551,0.4010497338989589,0,,9.567018444
TCGA_PANCAN_TCGA-EB-A42Y-01,TCGA_PANCAN_TCGA-EB-A42Y,TCGA-SKCM,7.547469541067741,7.156251452649464,5.719443132600157,5.215722962695095,8.0,4.152215875271307,9.221841513941808,-2.9531347692668053,0.0,0.0,0.0,0.0,0.15365808068038014,0.5810669370389259,0.4342925640432581,0.40930286401637933,0.3734730362036607,0.3734730362036607,0.3903586963965208,0,,23.70384982
TCGA_PANCAN_TCGA-EB-A42Z-01,TCGA_PANCAN_TCGA-EB-A42Z,TCGA-SKCM,8.582831438186645,7.700026209172127,5.997658902967989,5.941530062121631,7.0,4.30215817380448,8.727141979863227,-2.530391992225087,0.0,0.0,0.0,0.0,0.1695059601962173,0.5810669370389259,0.4343344628615265,0.40930286401637933,0.35539590147861166,0.35539590147861166,0.38992122511833216,0,,14.49847125
TCGA_PANCAN_TCGA-EB-A430-01,TCGA_PANCAN_TCGA-EB-A430,TCGA-SKCM,9.431964868116088,8.289073266822129,7.553176870082354,7.59283554547817,8.0,4.668873641164822,7.193492311480496,-0.07979381084307935,0.0,0.0,0.0,0.0,0.15377141635430414,0.5306528277447681,0.4321774975091026,0.40930286401637933,0.3734730362036607,0.3734730362036607,0.379875528365643,0,,0.0
TCGA_PANCAN_TCGA-EB-A431-01,TCGA_PANCAN_TCGA-EB-A431,TCGA-SKCM,7.6987795486277095,6.611431907886501,4.96004717030464,4.583081101357437,9.0,5.01426601453149,7.316654638511179,-0.7106493591189125,0.0,0.0,0.0,0.0,0.20032808526324308,0.5810669370389259,0.433831386311241,0.40930286401648497,0.3919106231782551,0.3919106231782551,0.40328797916163,0,,18.67376796
TCGA_PANCAN_TCGA-EB-A44N-01,TCGA_PANCAN_TCGA-EB-A44N,TCGA-SKCM,9.107616115966367,8.470441834656583,7.0221473404968435,6.838881163919488,6.0,4.605897265021414,8.482371460071393,-1.8511923444207659,0.0,0.0,0.0,0.0,0.14052699547454095,0.5810669370389259,0.4343344628615265,0.40930286401637933,0.33772210060434416,0.33772210060434416,0.38059067199914337,0,,6.739652168
TCGA_PANCAN_TCGA-EB-A44O-01,TCGA_PANCAN_TCGA-EB-A44O,TCGA-SKCM,7.513809945412447,6.514448498136992,5.292958448234864,4.5222824318441255,6.0,5.573529040699645,8.078722307980053,-2.2301468010954295,0.0,0.0,0.0,0.0,0.14136417849178207,0.5810669370389259,0.4343344628615265,0.40930286401637933,0.33772210060434416,0.33772210060434416,0.3807581086025916,0,,2.662984515
TCGA_PANCAN_TCGA-EB-A44P-01,TCGA_PANCAN_TCGA-EB-A44P,TCGA-SKCM,8.733143687958416,7.82953786006027,6.607684417275893,6.277203014033158,8.0,6.627440498408566,7.909280017055606,-1.6168597352924516,0.0,0.0,0.0,0.0,0.19236892558984783,0.5810669370389259,0.4342925640432581,0.40930286401637933,0.3734730362036607,0.3734730362036607,0.3981008653784144,0,,24.36137686
TCGA_PANCAN_TCGA-EB-A44Q-06,TCGA_PANCAN_TCGA-EB-A44Q,TCGA-SKCM,11.49111151365308,10.259780175317147,9.07170988906222,9.259423992127143,9.0,6.240827577929155,9.628371091674193,-0.7757816399678301,0.0,0.0,0.0,0.0,0.11275210234417858,0.5810669370389259,0.433831386311241,0.40930286401637933,0.3919106231782551,0.3919106231782551,0.38577278257779596,0,,13.87382056
TCGA_PANCAN_TCGA-EB-A44R-06,TCGA_PANCAN_TCGA-EB-A44R,TCGA-SKCM,9.356797433208314,8.972880674891531,8.704034493549287,9.287149925310235,8.0,3.546017775623709,8.902711436294373,-2.0767424542571984,0.0,0.0,0.0,0.0,0.12214698331873894,0.5810669370389259,0.4342925640432581,0.40930286401637933,0.3734730362036607,0.3734730362036607,0.38405647692419265,0,,10.35605089
TCGA_PANCAN_TCGA-EB-A4IQ-01,TCGA_PANCAN_TCGA-EB-A4IQ,TCGA-SKCM,5.580905147162547,5.92861254028828,4.445040185240744,3.724654209472913,7.0,4.049142817328036,6.747664690513853,0.18571316011139327,0.0,0.0,0.0,0.0,0.12061291374425906,0.5247079498869481,0.4323036989686687,0.40930286845962155,0.35539590147861166,0.35539590147861166,0.36846466650762183,0,,20.9093599
TCGA_PANCAN_TCGA-EB-A4IS-01,TCGA_PANCAN_TCGA-EB-A4IS,TCGA-SKCM,11.166595627940323,10.071901906090067,8.84874280868512,9.405784676191594,8.0,6.252811113643058,9.536570485471165,-1.471968180276681,0.0,0.0,0.0,0.0,0.12093011189110561,0.5810669370389259,0.4342925640432581,0.40930286401637933,0.3734730362036607,0.3734730362036607,0.3838131026386659,0,,25.44629648
TCGA_PANCAN_TCGA-EB-A4OY-01,TCGA_PANCAN_TCGA-EB-A4OY,TCGA-SKCM,6.900155909801479,7.984095468722211,7.62989301895278,7.414586016183264,8.0,1.8615584195720287,6.748269763898347,-0.36864440782214114,0.0,0.0,0.0,0.0,0.1561825321818198,0.5340302089078226,0.4258682580755217,0.4093028640163887,0.3734730362036607,0.3734730362036607,0.3797713798770427,0,1.0,32.12019594
TCGA_PANCAN_TCGA-EB-A4OZ-01,TCGA_PANCAN_TCGA-EB-A4OZ,TCGA-SKCM,10.61776754461317,10.378767765406392,9.806517610985725,9.574530467823305,7.0,4.146541183451593,8.984177160705062,-1.438022929004787,0.0,0.0,0.0,0.0,0.11912081794600525,0.5810669370389259,0.4343344628615265,0.40930286401637933,0.35539590147861166,0.35539590147861166,0.3798441966682897,0,,20.38333827
TCGA_PANCAN_TCGA-EB-A4P0-01,TCGA_PANCAN_TCGA-EB-A4P0,TCGA-SKCM,8.41800778543064,7.906331892741489,6.480273049892254,6.620546106293547,8.0,3.4792693706298365,8.838791217686571,-2.732523634903588,0.0,0.0,0.0,0.0,0.18162180088264568,0.5868619241359337,0.4342925640432581,0.40930286401637933,0.3734730362036607,0.3734730362036607,0.39711043785637556,0,,10.71769077
TCGA_PANCAN_TCGA-EB-A4XL-01,TCGA_PANCAN_TCGA-EB-A4XL,TCGA-SKCM,10.15065734086818,8.601631407636948,7.1823402306566955,7.3786964567531665,9.0,4.549385778369024,8.695175391575003,-1.5216319136331453,0.0,0.0,0.0,0.0,0.17949340469984057,0.5810669370389259,0.4342925640432581,0.40930286401637933,0.3919106231782551,0.3919106231782551,0.39921327859533184,0,,25.54492554
TCGA_PANCAN_TCGA-EB-A551-01,TCGA_PANCAN_TCGA-EB-A551,TCGA-SKCM,11.817169568955785,10.53050283401749,9.953338621092378,9.820196643517082,7.0,7.899109150876415,9.782775760090821,-2.201346090555033,0.0,0.0,0.0,0.0,0.11631914891583615,0.5810669370389259,0.4343344628615265,0.40930286401637933,0.35539590147861166,0.35539590147861166,0.3792838628622559,0,,19.3970477
TCGA_PANCAN_TCGA-EB-A553-01,TCGA_PANCAN_TCGA-EB-A553,TCGA-SKCM,8.227844564221195,8.188979673987111,7.0990469647717855,6.652319912738128,7.0,2.986192466465465,7.957125352761196,-1.3186088833463625,0.0,0.0,0.0,0.0,0.1469446381709416,0.5635534104897696,0.4342621406995277,0.40930286401637933,0.35539590147861166,0.35539590147861166,0.381891790971046,0,1.0,7.430055561
TCGA_PANCAN_TCGA-EB-A57M-01,TCGA_PANCAN_TCGA-EB-A57M,TCGA-SKCM,7.398968925887586,7.828506634422932,6.765377665574091,5.240306774910001,7.0,2.713343895085329,9.29597654257606,-1.918456248706776,0.0,0.0,0.0,0.0,0.09600324643980408,0.5517862006224685,0.43239607605971864,0.40930286401637933,0.35539590147861166,0.35539590147861166,0.36897685772339645,0,1.0,15.51763816
TCGA_PANCAN_TCGA-EB-A5FP-01,TCGA_PANCAN_TCGA-EB-A5FP,TCGA-SKCM,5.874970376873246,5.0656379595202425,3.982710558153702,2.4966010673364463,8.0,4.138879984900608,5.88630164560426,-1.223433406452414,0.0,0.0,0.0,0.0,0.27162947150148914,0.4983035561360395,0.42846956186374785,0.40931095434583653,0.3734730362036607,0.3734730362036607,0.39623731601015477,0,0.0,14.92586383
TCGA_PANCAN_TCGA-EB-A5KH-06,TCGA_PANCAN_TCGA-EB-A5KH,TCGA-SKCM,5.604001154785473,5.968011550553941,4.212707184111974,3.3824972957313433,6.0,1.1545832090530683,7.7022600324173665,-1.8532901522281433,0.0,0.0,0.0,0.0,0.1424390115917527,0.5221419592616967,0.43079558808856655,0.4093028640164196,0.33772210060434416,0.33772210060434416,0.3684803047125559,0,1.0,20.35046191
TCGA_PANCAN_TCGA-EB-A5SE-01,TCGA_PANCAN_TCGA-EB-A5SE,TCGA-SKCM,7.379084074534792,6.689564969123947,5.982025289798598,5.27943959869591,8.0,4.921074469090262,6.968185506919343,-1.465245011098868,0.0,0.0,0.0,0.0,0.2062618379119357,0.5810669370389259,0.4342925640432581,0.40930286401724375,0.3734730362036607,0.3734730362036607,0.40087944784300483,0,,13.18341717
TCGA_PANCAN_TCGA-EB-A5SF-01,TCGA_PANCAN_TCGA-EB-A5SF,TCGA-SKCM,4.880131994095952,5.354126556404193,2.9334068304865815,3.0147306452937586,5.0,2.543000877402425,7.501740070964419,-1.4362661307463247,0.0,0.0,0.0,0.0,0.11858348551770041,0.43897701851175064,0.41366474639209294,0.409302864024457,0.32049022827510243,0.32049022827510243,0.3402036685442207,0,,12.1313739
TCGA_PANCAN_TCGA-EB-A5SG-06,TCGA_PANCAN_TCGA-EB-A5SG,TCGA-SKCM,13.277488897158799,11.890499064257014,11.53375428750793,11.564044683741013,8.0,7.230577705664556,11.050664488456752,-2.758077988985244,0.0,0.0,0.0,0.0,0.10477972212143652,0.5810669370389259,0.4342925640432581,0.40930286401637933,0.3734730362036607,0.3734730362036607,0.3805830246847321,0,,68.25130684
TCGA_PANCAN_TCGA-EB-A5SH-06,TCGA_PANCAN_TCGA-EB-A5SH,TCGA-SKCM,7.160398508596434,7.542958092832621,5.8766840190396845,6.382326121438095,7.0,2.496717987935177,7.391069259363898,-1.5516663621993319,0.0,0.0,0.0,0.0,0.1904657923777258,0.5576778997490072,0.43239607605971864,0.4093028640163802,0.35539590147861166,0.35539590147861166,0.3890477067362887,0,1.0,54.0158464
TCGA_PANCAN_TCGA-EB-A5UL-06,TCGA_PANCAN_TCGA-EB-A5UL,TCGA-SKCM,10.554977910189942,9.369513716507175,8.6497225996132,8.68771393153527,8.0,4.812457151580458,7.788385360207755,-1.1266690343661265,0.0,0.0,0.0,0.0,0.19264432290235295,0.5810669370389259,0.4339334412027324,0.40930286401637933,0.3734730362036607,0.3734730362036607,0.39808412027281026,0,1.0,29.29282967
TCGA_PANCAN_TCGA-EB-A5UM-01,TCGA_PANCAN_TCGA-EB-A5UM,TCGA-SKCM,9.911526308861243,9.307105243425875,8.251466755644906,8.592517247292728,9.0,4.102758898161742,8.3903522516451,-1.9381384640261663,0.0,0.0,0.0,0.0,0.21867806060074965,0.5810669370389259,0.4342925640432581,0.40930286401637933,0.3919106231782551,0.3919106231782551,0.40705020977551365,0,,25.61067824
TCGA_PANCAN_TCGA-EB-A5UN-06,TCGA_PANCAN_TCGA-EB-A5UN,TCGA-SKCM,7.857010689576466,7.202036907619099,6.5620329693091834,5.811714280760636,6.0,6.635869001476058,7.191932526942919,0.06358359052651608,0.0,0.0,0.0,0.0,0.09439726139398115,0.5247079498869481,0.4323036989686687,0.40930286401637994,0.33772210060434416,0.33772210060434416,0.3596867749740644,0,,58.91442286
TCGA_PANCAN_TCGA-EB-A5VU-01,TCGA_PANCAN_TCGA-EB-A5VU,TCGA-SKCM,7.351496127765138,6.065302140612443,4.697412929871415,4.338200490047492,7.0,2.944989593940977,8.881093051568733,-0.825641838522797,0.0,0.0,0.0,0.0,0.06709980265340369,0.5576778997490072,0.43377497032840323,0.40930286401637933,0.35539590147861166,0.35539590147861166,0.36465028764516105,0,,10.55330901
TCGA_PANCAN_TCGA-EB-A5VV-06,TCGA_PANCAN_TCGA-EB-A5VV,TCGA-SKCM,11.324609248615099,11.157705065523302,10.321181955106859,10.067124070857826,13.0,6.209934833489931,9.455598966360125,-0.1466771568469305,0.0,0.0,0.0,0.0,0.17369803344071305,0.5517862006224685,0.4347959042160013,0.40930286401637933,0.46827858897857777,0.46827858897857777,0.407572318254828,0,,7.035539337
TCGA_PANCAN_TCGA-EB-A6L9-06,TCGA_PANCAN_TCGA-EB-A6L9,TCGA-SKCM,9.857019793979058,10.219355333153466,8.801177636644713,9.369175650253375,8.0,5.504594970240522,8.869786974825294,-0.7791402765663769,0.0,0.0,0.0,0.0,0.1274592097103688,0.5810669370389259,0.433831386311241,0.40930286401637933,0.3734730362036607,0.3734730362036607,0.38502668665611517,0,,36.45987441
TCGA_PANCAN_TCGA-EB-A6QY-01,TCGA_PANCAN_TCGA-EB-A6QY,TCGA-SKCM,7.6579664850249785,6.722491909185324,5.2344223245017245,4.8032176564161695,9.0,3.9743824658207294,7.295068069565032,-1.15010272027821,0.0,0.0,0.0,0.0,0.22316416787021426,0.5810669370389259,0.4339334412027324,0.40930286401647265,0.3919106231782551,0.3919106231782551,0.40787560666132006,0,1.0,12.55876648
TCGA_PANCAN_TCGA-EB-A6QZ-01,TCGA_PANCAN_TCGA-EB-A6QZ,TCGA-SKCM,6.139314589913621,5.675963627358072,4.234573973296397,3.1142770391341115,7.0,2.831248964713305,7.686849878900782,-0.80909246275559,0.0,0.0,0.0,0.0,0.11226918121580072,0.4983035561360395,0.415733208225568,0.40930286401691945,0.35539590147861166,0.35539590147861166,0.35820094221458787,0,1.0,11.57247592
TCGA_PANCAN_TCGA-EB-A6R0-01,TCGA_PANCAN_TCGA-EB-A6R0,TCGA-SKCM,12.057634103994983,10.19139798135474,8.956190179501245,8.953388367630984,10.0,8.177793244775652,8.626198081416515,-1.9159054297295146,0.0,0.0,0.0,0.0,0.28851992565759443,0.5810669370389259,0.43455423358464756,0.40930286401637933,0.4106618214248125,0.4106618214248125,0.424821156344472,0,1.0,19.98882204
TCGA_PANCAN_TCGA-EE-A17X-06,TCGA_PANCAN_TCGA-EE-A17X,TCGA-SKCM,6.252331737744096,6.566868105699407,5.481967105646889,5.039013171079493,9.0,3.886364799341784,8.366688949859148,-1.4839503988871456,0.0,0.0,0.0,0.0,0.12819528400158312,0.5810669370389259,0.4342925640432581,0.40930286401637933,0.3919106231782551,0.3919106231782551,0.3889536544556803,0,,29.8188513
TCGA_PANCAN_TCGA-EE-A17Y-06,TCGA_PANCAN_TCGA-EE-A17Y,TCGA-SKCM,6.3988983821231935,5.359183347973295,4.763142006973041,3.5492070495473174,7.0,2.092850146832953,8.127114971997678,-1.506447370047793,0.0,0.0,0.0,0.0,0.09183628356876243,0.5458799287302166,0.4331181898581008,0.40930286401638005,0.35539590147861166,0.35539590147861166,0.3671066335304143,0,,27.22161949
TCGA_PANCAN_TCGA-EE-A17Z-06,TCGA_PANCAN_TCGA-EE-A17Z,TCGA-SKCM,5.035743023196666,4.868217418322958,2.9533640606025964,2.6636330622322815,8.0,1.3156821513379249,6.704240974445048,-1.8253265832319485,0.0,0.0,0.0,0.0,0.24282434076892193,0.43897701851175064,0.42784239799741886,0.40930287329803083,0.3734730362036607,0.3734730362036607,0.3784839333559566,0,,8.646480587
TCGA_PANCAN_TCGA-EE-A180-06,TCGA_PANCAN_TCGA-EE-A180,TCGA-SKCM,8.064359602695987,7.043664084842665,5.375693500525581,5.349461589659536,8.0,5.235217738414741,7.975631462657726,-2.500189705324357,0.0,0.0,0.0,0.0,0.2357259172182821,0.5810669370389259,0.4342925640432581,0.40930286401637933,0.3734730362036607,0.3734730362036607,0.4067722637041012,0,0.0,94.97978104
TCGA_PANCAN_TCGA-EE-A181-06,TCGA_PANCAN_TCGA-EE-A181,TCGA-SKCM,11.321093313786541,9.974216446190443,8.69932883096355,9.163607599834098,10.0,6.412359831009036,9.806417703868359,-1.4032995800587749,0.0,0.0,0.0,0.0,0.14072829907591186,0.5810669370389259,0.43455423358464756,0.40930286401637933,0.4106618214248125,0.4106618214248125,0.3952628310281355,0,,33.73113719
TCGA_PANCAN_TCGA-EE-A182-06,TCGA_PANCAN_TCGA-EE-A182,TCGA-SKCM,6.541461475433262,7.729760668263049,7.794463771012291,6.518086820291494,8.0,2.9981413333612887,9.533176914072259,-2.8210086388773297,0.0,0.0,0.0,0.0,0.09087653553921016,0.5635534104897696,0.43421692368216663,0.40930286401637933,0.3734730362036607,0.3734730362036607,0.3742845539862373,0,1.0,14.69572936
TCGA_PANCAN_TCGA-EE-A183-06,TCGA_PANCAN_TCGA-EE-A183,TCGA-SKCM,8.1960598838228,9.053711017923511,7.763934370426374,7.929614865982783,6.0,4.805741293029687,8.969277580224551,-1.3505465891337414,0.0,0.0,0.0,0.0,0.08862672061987807,0.5810669370389259,0.4343344628615265,0.40930286401637933,0.33772210060434416,0.33772210060434416,0.3702106170282108,0,,
TCGA_PANCAN_TCGA-EE-A184-06,TCGA_PANCAN_TCGA-EE-A184,TCGA-SKCM,9.056120254288603,8.795350749315844,8.259972066110583,7.97452638917737,8.0,5.507350665725,8.713167078875347,-2.1650192752743456,0.0,0.0,0.0,0.0,0.15094514009209298,0.5810669370389259,0.4342925640432581,0.40930286401637933,0.3734730362036607,0.3734730362036607,0.3898161082788634,0,,68.15267778
TCGA_PANCAN_TCGA-EE-A185-06,TCGA_PANCAN_TCGA-EE-A185,TCGA-SKCM,4.110054466285525,3.802002733966223,2.3619651976137233,1.378174293084216,6.0,2.109327124601024,5.928337462115281,-1.6716352642799759,0.0,0.0,0.0,0.0,0.20316807765193198,0.4685290820809565,0.4236479210138245,0.4093060186809011,0.33772210060434416,0.33772210060434416,0.3684746400063917,0,0.0,4.964329158
TCGA_PANCAN_TCGA-EE-A20B-06,TCGA_PANCAN_TCGA-EE-A20B,TCGA-SKCM,9.592036325792476,8.73172585016908,8.278730537401945,8.061349387205722,7.0,3.9558986165939487,10.080920933685135,-3.4434976419783947,0.0,0.0,0.0,0.0,0.10745154515305042,0.5810669370389259,0.4343344628615265,0.40930286401637933,0.35539590147861166,0.35539590147861166,0.37751034210969875,0,,133.8067528
TCGA_PANCAN_TCGA-EE-A20C-06,TCGA_PANCAN_TCGA-EE-A20C,TCGA-SKCM,5.470835953483507,4.588661860836762,2.652934742515728,1.9200911391444193,9.0,4.944919337495001,7.512731475741305,-2.2835723646732333,0.0,0.0,0.0,0.0,0.2358226073667454,0.4448597039118777,0.41588135102599527,0.40930286401698196,0.3919106231782551,0.3919106231782551,0.37955542989997115,0,,
TCGA_PANCAN_TCGA-EE-A20F-06,TCGA_PANCAN_TCGA-EE-A20F,TCGA-SKCM,10.178703037804818,9.19060209801267,8.21960031821288,8.176086958575882,9.0,4.969302475612061,9.579012246840902,-2.4679465616051983,0.0,0.0,0.0,0.0,0.15802309661394398,0.5810669370389259,0.4342925640432581,0.40930286401637933,0.3919106231782551,0.3919106231782551,0.39491921697815247,0,,91.56064043
TCGA_PANCAN_TCGA-EE-A20H-06,TCGA_PANCAN_TCGA-EE-A20H,TCGA-SKCM,7.779381193394763,6.489314150452693,5.040219851816747,4.729664186982287,8.0,2.4496141954326647,7.776342135906363,-1.9068040332753284,0.0,0.0,0.0,0.0,0.19571481013206427,0.5576778997490072,0.4322733126679878,0.4093028640163795,0.3734730362036607,0.3734730362036607,0.3936883845538198,0,,168.2611697
TCGA_PANCAN_TCGA-EE-A20I-06,TCGA_PANCAN_TCGA-EE-A20I,TCGA-SKCM,9.109160603252116,8.249209192543624,6.796398176063212,7.043191121274782,8.0,5.853294582490959,8.366348235662835,-1.9185247690707818,0.0,0.0,0.0,0.0,0.18678338336754607,0.5810669370389259,0.4342925640432581,0.40930286401637933,0.3734730362036607,0.3734730362036607,0.39698375693395405,0,,13.54505704
TCGA_PANCAN_TCGA-EE-A29A-06,TCGA_PANCAN_TCGA-EE-A29A,TCGA-SKCM,6.215356106926319,5.377727086757221,3.9402062768468715,3.21909437700797,9.0,4.704706000726559,8.341656057128748,-2.4184800900202683,0.0,0.0,0.0,0.0,0.17358916834261648,0.5161875658808806,0.4278890433034395,0.40930286401637933,0.3919106231782551,0.3919106231782551,0.38377585294431416,0,,63.35273038
TCGA_PANCAN_TCGA-EE-A29B-06,TCGA_PANCAN_TCGA-EE-A29B,TCGA-SKCM,6.6896305071492215,6.737860665984535,6.056276778056684,4.620605052293107,8.0,3.666574823579046,9.654332161064003,-4.453984774837001,0.0,0.0,0.0,0.0,0.16434792211263877,0.5810669370389259,0.4342925640432581,0.40930286401637933,0.3734730362036607,0.3734730362036607,0.39249666468297256,0,,85.08399908
TCGA_PANCAN_TCGA-EE-A29C-06,TCGA_PANCAN_TCGA-EE-A29C,TCGA-SKCM,7.030270159468131,7.01112445494079,6.232391610529524,4.637501145343822,8.0,3.890047780510298,9.365682126109387,-2.6877073287303848,0.0,0.0,0.0,0.0,0.11623316770036503,0.5810669370389259,0.4342925640432581,0.40930286401637933,0.3734730362036607,0.3734730362036607,0.3828737138005178,0,,78.9689976
TCGA_PANCAN_TCGA-EE-A29D-06,TCGA_PANCAN_TCGA-EE-A29D,TCGA-SKCM,5.900335209369196,5.560669757994155,4.234842657703032,2.4671761398824246,9.0,4.068730993350726,8.181336991948584,-2.45865346433213,0.0,0.0,0.0,0.0,0.19639937571673438,0.5102285727165702,0.42846956186374785,0.40930286401637933,0.3919106231782551,0.3919106231782551,0.38726219949833735,0,,13.97244962
TCGA_PANCAN_TCGA-EE-A29E-06,TCGA_PANCAN_TCGA-EE-A29E,TCGA-SKCM,6.99295692433104,4.9726671150208706,3.1893038312253754,1.7544075917169517,7.0,0.0,5.6791787652946955,0.046352538060532744,0.0,0.0,0.0,0.0,0.22584145900446564,0.4448597039118777,0.4143727077982316,0.409302959725044,0.35539590147861166,0.35539590147861166,0.3699545463836461,0,,63.78012296
TCGA_PANCAN_TCGA-EE-A29G-06,TCGA_PANCAN_TCGA-EE-A29G,TCGA-SKCM,8.705778321065099,8.116223389253602,6.85093256501779,6.215810940746946,8.0,4.031351081882855,9.230531814711972,-2.343518767912128,0.0,0.0,0.0,0.0,0.14380598877944561,0.5810669370389259,0.4342925640432581,0.40930286401637933,0.3734730362036607,0.3734730362036607,0.38838827801633397,0,,72.06496367
TCGA_PANCAN_TCGA-EE-A29H-06,TCGA_PANCAN_TCGA-EE-A29H,TCGA-SKCM,8.846204935180326,8.103299305946233,6.475164933054975,6.703148025291737,7.0,5.166916251569974,8.677812103731751,-2.6137302316294493,0.0,0.0,0.0,0.0,0.17998571354621995,0.5810669370389259,0.4343344628615265,0.40930286401637933,0.35539590147861166,0.35539590147861166,0.3920171757883327,0,0.0,64.63490811
TCGA_PANCAN_TCGA-EE-A29L-06,TCGA_PANCAN_TCGA-EE-A29L,TCGA-SKCM,5.212751695633213,4.56112192760453,2.251104567485819,1.9051908772910118,8.0,2.605683962538493,4.050023764226042,-0.04599189115969704,0.0,0.0,0.0,0.0,0.4206735667358961,0.4360419885673018,0.4133157020844568,0.39375764937167235,0.3734730362036607,0.3734730362036607,0.4074523885925975,0,,2.597231811
TCGA_PANCAN_TCGA-EE-A29M-06,TCGA_PANCAN_TCGA-EE-A29M,TCGA-SKCM,10.375512435691487,9.22914527369017,8.785529068434343,8.416814655112365,10.0,6.218091422592093,8.833909004515169,-2.5543500917911164,0.0,0.0,0.0,0.0,0.23051100098987348,0.5810669370389259,0.43455423358464756,0.40930286401637933,0.4106618214248125,0.4106618214248125,0.41321937141092774,0,,56.84321268
TCGA_PANCAN_TCGA-EE-A29N-06,TCGA_PANCAN_TCGA-EE-A29N,TCGA-SKCM,10.008999771630734,9.601201318628966,8.16600519671797,8.038343841219367,7.0,6.6231396553296165,10.19495300203122,-2.163475174746985,0.0,0.0,0.0,0.0,0.09614558684832422,0.5810669370389259,0.4343344628615265,0.40930286401637933,0.35539590147861166,0.35539590147861166,0.3752491504487535,0,,18.60801526
TCGA_PANCAN_TCGA-EE-A29P-06,TCGA_PANCAN_TCGA-EE-A29P,TCGA-SKCM,12.99405605264325,11.086513003550467,10.298938288526966,10.660661687641504,8.0,6.46644930067152,10.785224608101897,-2.8059861170986915,0.0,0.0,0.0,0.0,0.11907692636701563,0.5810669370389259,0.4342925640432581,0.40930286401637933,0.3734730362036607,0.3734730362036607,0.3834424655338479,0,,56.4158201
TCGA_PANCAN_TCGA-EE-A29Q-06,TCGA_PANCAN_TCGA-EE-A29Q,TCGA-SKCM,6.008110425219123,5.996218220916292,4.583867312680812,3.792410252745495,8.0,4.596100283910149,7.761838846429541,-1.5341097598804057,0.0,0.0,0.0,0.0,0.15508522422699594,0.5810669370389259,0.4342925640432581,0.40930286401643867,0.3734730362036607,0.3734730362036607,0.3906441251058559,0,0.0,66.73899464
TCGA_PANCAN_TCGA-EE-A29R-06,TCGA_PANCAN_TCGA-EE-A29R,TCGA-SKCM,6.958090227712323,6.332181157895971,4.493638833035889,5.032320904413931,7.0,2.8975502328537885,8.085512742984928,-1.5607831601928401,0.0,0.0,0.0,0.0,0.13054683985807525,0.5576778997490072,0.43450141879451815,0.4093028640163794,0.35539590147861166,0.35539590147861166,0.37748498477931836,0,,14.4655949
TCGA_PANCAN_TCGA-EE-A29S-06,TCGA_PANCAN_TCGA-EE-A29S,TCGA-SKCM,8.789754187111084,8.595762396132361,7.261705184624507,7.624255029532615,8.0,4.187078850876547,9.4906341375822,-3.213523674819708,0.0,0.0,0.0,0.0,0.16664633715481708,0.5810669370389259,0.4342925640432581,0.40930286401637933,0.3734730362036607,0.3734730362036607,0.3929563476914082,0,,61.2815202
TCGA_PANCAN_TCGA-EE-A29T-06,TCGA_PANCAN_TCGA-EE-A29T,TCGA-SKCM,10.056936610587103,9.562179231432344,8.379259580096257,8.517813843671998,10.0,6.585285568122554,11.220565414525927,-4.34410874441718,0.0,0.0,0.0,0.0,0.16856713786601274,0.5810669370389259,0.43455423358464756,0.40930286401637933,0.4106618214248125,0.4106618214248125,0.4008305987861556,0,,369.9247132
TCGA_PANCAN_TCGA-EE-A29V-06,TCGA_PANCAN_TCGA-EE-A29V,TCGA-SKCM,5.423030236246398,5.6244767749711695,3.442679518646764,3.122438059512559,6.0,4.089794727063991,6.408544869627536,0.32806303242012014,0.0,0.0,0.0,0.0,0.1305176188738403,0.45922337768329324,0.41581472355288884,0.40930293182561045,0.33772210060434416,0.33772210060434416,0.3505161505079954,0,0.0,25.87368906
TCGA_PANCAN_TCGA-EE-A29W-06,TCGA_PANCAN_TCGA-EE-A29W,TCGA-SKCM,5.701199657695152,5.913104307277278,5.749268569979784,4.4810524582965,6.0,0.781905211416113,9.282976514867318,-4.09828474704126,0.0,0.0,0.0,0.0,0.09884147623839372,0.5576778997490072,0.4337046500848738,0.40930286401637933,0.33772210060434416,0.33772210060434416,0.3674497981385996,0,,
TCGA_PANCAN_TCGA-EE-A29X-06,TCGA_PANCAN_TCGA-EE-A29X,TCGA-SKCM,8.918535002262468,9.083260215808966,8.458707934834987,7.318140117389614,7.0,6.4821674232965885,9.683809281632438,-1.6232922956370075,0.0,0.0,0.0,0.0,0.07865751810959652,0.5810669370389259,0.4343344628615265,0.40930286401637933,0.35539590147861166,0.35539590147861166,0.37175153670100797,0,0.0,17.91761186
TCGA_PANCAN_TCGA-EE-A2A0-06,TCGA_PANCAN_TCGA-EE-A2A0,TCGA-SKCM,10.430426612593164,9.458549968583114,8.201157796214112,8.263467485393635,9.0,5.780270723641392,11.286419519794675,-3.530069840464831,0.0,0.0,0.0,0.0,0.11503900007314209,0.5810669370389259,0.4342925640432581,0.40930286401637933,0.3919106231782551,0.3919106231782551,0.38632239766999216,0,,46.81592531
TCGA_PANCAN_TCGA-EE-A2A1-06,TCGA_PANCAN_TCGA-EE-A2A1,TCGA-SKCM,10.78551247667866,10.043401383670822,8.5764940203469,8.709144662719652,8.0,6.698301836469532,10.912003484505044,-2.7721495385949684,0.0,0.0,0.0,0.0,0.10546056380246753,0.5810669370389259,0.4342925640432581,0.40930286401637933,0.3734730362036607,0.3734730362036607,0.3807191930209383,0,,115.9548937
TCGA_PANCAN_TCGA-EE-A2A2-06,TCGA_PANCAN_TCGA-EE-A2A2,TCGA-SKCM,9.29063009937495,8.25678426371791,6.852751603038218,6.934547415441888,8.0,5.083068665914554,8.842454231035157,-2.1319448809834274,0.0,0.0,0.0,0.0,0.16466227535260466,0.5810669370389259,0.4342925640432581,0.40930286401637933,0.3734730362036607,0.3734730362036607,0.39255953533096577,0,,59.6377026
TCGA_PANCAN_TCGA-EE-A2A5-06,TCGA_PANCAN_TCGA-EE-A2A5,TCGA-SKCM,6.834501333146666,6.381165357164951,5.406735666345965,4.258345361595054,7.0,3.433480286443348,9.352810955597757,-3.4702954255655722,0.0,0.0,0.0,0.0,0.12397384854548509,0.5868619241359337,0.4343344628615265,0.40930286401637933,0.35539590147861166,0.35539590147861166,0.3819738002075873,0,,39.28724069
TCGA_PANCAN_TCGA-EE-A2A6-06,TCGA_PANCAN_TCGA-EE-A2A6,TCGA-SKCM,10.344981761971074,9.530098389385135,9.325305134137995,9.38665464795632,9.0,5.468439952653017,8.726167653740337,-1.2908505503609424,0.0,0.0,0.0,0.0,0.13590570079654965,0.5810669370389259,0.4342925640432581,0.40930286401637933,0.3919106231782551,0.3919106231782551,0.39049573781467367,0,,86.13604235
TCGA_PANCAN_TCGA-EE-A2GB-06,TCGA_PANCAN_TCGA-EE-A2GB,TCGA-SKCM,8.75797595744003,7.357220786247661,5.659090431301479,5.693539633860307,8.0,4.3426827391623055,8.79231882267911,-2.7068974962868317,0.0,0.0,0.0,0.0,0.1926447858247388,0.5810669370389259,0.4342925640432581,0.40930286401637933,0.3734730362036607,0.3734730362036607,0.3981560374253926,0,,59.27606273
TCGA_PANCAN_TCGA-EE-A2GC-06,TCGA_PANCAN_TCGA-EE-A2GC,TCGA-SKCM,11.850641678536443,9.908377071216261,8.639260261243333,9.326131440236454,9.0,6.053376385597343,10.379756673915196,-3.650914995577958,0.0,0.0,0.0,0.0,0.19392617653663582,0.5810669370389259,0.4342925640432581,0.40930286401637933,0.3919106231782551,0.3919106231782551,0.40209983296269086,0,,67.42939803
TCGA_PANCAN_TCGA-EE-A2GD-06,TCGA_PANCAN_TCGA-EE-A2GD,TCGA-SKCM,8.062639161652795,7.6935855694858155,5.908068315721628,4.396282187158126,7.0,5.617421915450994,11.210220927285476,-3.4188281753254275,0.0,0.0,0.0,0.0,0.08102172622277991,0.5810669370389259,0.4343344628615265,0.40930286401637933,0.35539590147861166,0.35539590147861166,0.37222437832364463,0,,340.1387382
TCGA_PANCAN_TCGA-EE-A2GE-06,TCGA_PANCAN_TCGA-EE-A2GE,TCGA-SKCM,11.581122445818124,10.67987257350781,9.949238726186657,10.189126715173796,8.0,6.65285931027276,11.441116208986447,-2.7957034218921972,0.0,0.0,0.0,0.0,0.07593658726180595,0.5810669370389259,0.4342925640432581,0.40930286401637933,0.3734730362036607,0.3734730362036607,0.374814397712806,0,,173.7843969
TCGA_PANCAN_TCGA-EE-A2GH-06,TCGA_PANCAN_TCGA-EE-A2GH,TCGA-SKCM,11.840426061641617,10.928469143572054,10.865994443004174,10.450842563514525,10.0,5.013569452978944,10.392648223308052,-2.0750584207378377,0.0,0.0,0.0,0.0,0.11889950534498453,0.5810669370389259,0.43455423358464756,0.40930286401637933,0.4106618214248125,0.4106618214248125,0.39089707228195,0,,220.2386823
TCGA_PANCAN_TCGA-EE-A2GI-06,TCGA_PANCAN_TCGA-EE-A2GI,TCGA-SKCM,10.915122446168636,9.89534858066813,9.093761880140894,9.347033576415303,7.0,5.543805175964397,8.439050492863199,-1.4484546851270954,0.0,0.0,0.0,0.0,0.15206907132375613,0.5810669370389259,0.4343344628615265,0.40930286401637933,0.35539590147861166,0.35539590147861166,0.3864338473438399,0,,48.72275372
TCGA_PANCAN_TCGA-EE-A2GJ-06,TCGA_PANCAN_TCGA-EE-A2GJ,TCGA-SKCM,10.518763125401913,9.462575462565987,8.066562071394495,8.57019775909475,9.0,5.952107545082081,9.893692381384394,-2.446242928131505,0.0,0.0,0.0,0.0,0.15294538467251206,0.5810669370389259,0.4342925640432581,0.40930286401637933,0.3919106231782551,0.3919106231782551,0.3939036745898661,0,,107.3741658
TCGA_PANCAN_TCGA-EE-A2GK-06,TCGA_PANCAN_TCGA-EE-A2GK,TCGA-SKCM,10.351103906709094,10.666732352264697,9.463564628641024,9.759279920325731,12.0,5.092588023897019,9.776533827231868,-1.2798081855825298,0.0,0.0,0.0,0.0,0.17737029794983533,0.5752494962684859,0.43495900926829684,0.40930286401637933,0.4489004698373394,0.4489004698373394,0.40915642746806735,0,,54.73912615
TCGA_PANCAN_TCGA-EE-A2GL-06,TCGA_PANCAN_TCGA-EE-A2GL,TCGA-SKCM,9.512046127294422,9.643688356980475,7.808812751228134,8.830908679043173,10.0,5.424253645872966,8.605965898978795,-1.180190280683929,0.0,0.0,0.0,0.0,0.20882525614842257,0.5810669370389259,0.43455423358464756,0.40930286401637933,0.4106618214248125,0.4106618214248125,0.40888222244263756,0,,79.65940099
TCGA_PANCAN_TCGA-EE-A2GM-06,TCGA_PANCAN_TCGA-EE-A2GM,TCGA-SKCM,8.005080846403299,7.143568496944919,6.323123007952283,6.528864070525968,9.0,4.275051758430207,8.395966996599423,-1.200184064205251,0.0,0.0,0.0,0.0,0.1217356420618406,0.5810669370389259,0.4342925640432581,0.40930286401637933,0.3919106231782551,0.3919106231782551,0.38766172606773186,0,,75.48410428
TCGA_PANCAN_TCGA-EE-A2GN-06,TCGA_PANCAN_TCGA-EE-A2GN,TCGA-SKCM,7.9546294076333295,7.045579655820288,5.197479805216507,5.089879132801273,6.0,3.2612900952593846,8.72981844862788,-2.0631289227093497,0.0,0.0,0.0,0.0,0.12030573768702237,0.569411135272715,0.4344355143505138,0.40930286401637933,0.33772210060434416,0.33772210060434416,0.374235470386195,0,0.0,102.1139494
TCGA_PANCAN_TCGA-EE-A2GO-06,TCGA_PANCAN_TCGA-EE-A2GO,TCGA-SKCM,6.135559789253452,5.718724005343434,5.232277604179206,3.3507723570791614,8.0,4.478376489651092,8.94962675488835,-1.8106496988010221,0.0,0.0,0.0,0.0,0.08321465249196358,0.5221419592616967,0.42913193311132825,0.40930286401637933,0.3734730362036607,0.3734730362036607,0.36345288901700573,0,,126.8040898
TCGA_PANCAN_TCGA-EE-A2GP-06,TCGA_PANCAN_TCGA-EE-A2GP,TCGA-SKCM,8.563810143610217,7.947174852290446,6.0502941682512414,5.4355460344076985,7.0,5.443881771584237,10.756128841810366,-3.7619187622569665,0.0,0.0,0.0,0.0,0.11399279099831862,0.5810669370389259,0.4343344628615265,0.40930286401637933,0.35539590147861166,0.35539590147861166,0.3788185912787524,0,,13.90669691
TCGA_PANCAN_TCGA-EE-A2GR-06,TCGA_PANCAN_TCGA-EE-A2GR,TCGA-SKCM,5.865660715581325,4.568297819339954,2.8607113700161433,2.2441336950926924,6.0,0.0,6.002392882396028,-0.9542745458366975,0.0,0.0,0.0,0.0,0.19614953490180434,0.4685290820809565,0.42261489046644285,0.4093032619051473,0.33772210060434416,0.33772210060434416,0.3668637739917391,0,,42.772134
TCGA_PANCAN_TCGA-EE-A2GS-06,TCGA_PANCAN_TCGA-EE-A2GS,TCGA-SKCM,9.774892189022752,8.175930386654423,6.658199105252741,6.568998958367352,7.0,4.502184185947611,8.615714439870723,-2.509547634338116,0.0,0.0,0.0,0.0,0.190100928847476,0.5810669370389259,0.4343344628615265,0.40930286401637933,0.35539590147861166,0.35539590147861166,0.39404021884858387,0,0.0,81.20458954
TCGA_PANCAN_TCGA-EE-A2GT-06,TCGA_PANCAN_TCGA-EE-A2GT,TCGA-SKCM,8.151033206873057,9.079270332827587,7.445197186387251,7.6889821787333155,9.0,3.60595651011474,9.195689312170039,-1.9677693486121992,0.0,0.0,0.0,0.0,0.1599510686330257,0.5810669370389259,0.4342925640432581,0.40930286401637933,0.3919106231782551,0.3919106231782551,0.3953048113819689,0,,44.87622054
TCGA_PANCAN_TCGA-EE-A2GU-06,TCGA_PANCAN_TCGA-EE-A2GU,TCGA-SKCM,10.998966487839441,10.04717895948517,9.606475614755093,9.826979849595476,9.0,6.339940836379508,10.079806241932692,-2.4440538856917327,0.0,0.0,0.0,0.0,0.12305042014370093,0.5810669370389259,0.4342925640432581,0.40930286401637933,0.3919106231782551,0.3919106231782551,0.3879246816841039,0,,94.81539928
TCGA_PANCAN_TCGA-EE-A2M5-06,TCGA_PANCAN_TCGA-EE-A2M5,TCGA-SKCM,9.461144235141289,9.070217134022986,8.727397966058913,8.252379970588043,9.0,9.545785009812384,10.093250194540854,-2.446574366741083,0.0,0.0,0.0,0.0,0.10402763502634542,0.5810669370389259,0.4342925640432581,0.40930286401637933,0.3919106231782551,0.3919106231782551,0.38412012466063283,0,0.0,21.66551599
TCGA_PANCAN_TCGA-EE-A2M6-06,TCGA_PANCAN_TCGA-EE-A2M6,TCGA-SKCM,8.571789790088227,7.742574072332233,6.540085967154134,6.068827734582964,7.0,4.111356883906041,9.82012713900581,-2.6135897179169483,0.0,0.0,0.0,0.0,0.09729944006714675,0.5810669370389259,0.4343344628615265,0.40930286401637933,0.35539590147861166,0.35539590147861166,0.37547992109251804,0,,129.2698162
TCGA_PANCAN_TCGA-EE-A2M7-06,TCGA_PANCAN_TCGA-EE-A2M7,TCGA-SKCM,7.672617178866157,7.9917530391692715,6.552279969340907,7.138183403561488,9.0,3.688874117995128,9.03508369436862,-3.8235187661018744,0.0,0.0,0.0,0.0,0.24376640152193732,0.5810669370389259,0.4342925640432581,0.40930286401637933,0.3919106231782551,0.3919106231782551,0.4120678779597512,0,,28.83256074
TCGA_PANCAN_TCGA-EE-A2M8-06,TCGA_PANCAN_TCGA-EE-A2M8,TCGA-SKCM,12.786648940817665,11.699793758568523,10.937739279278077,11.60901384156395,8.0,7.485523432978625,11.25148481829616,-2.6933480720695187,0.0,0.0,0.0,0.0,0.09383081135147728,0.5810669370389259,0.4342925640432581,0.40930286401637933,0.3734730362036607,0.3734730362036607,0.37839324253074025,0,,19.75868758
TCGA_PANCAN_TCGA-EE-A2MC-06,TCGA_PANCAN_TCGA-EE-A2MC,TCGA-SKCM,11.593662758087476,10.652102259852844,10.086463436840827,9.883108994551982,10.0,7.240896251622451,11.60055840203516,-3.300941166817333,0.0,0.0,0.0,0.0,0.10984712067710824,0.5810669370389259,0.43455423358464756,0.40930286401637933,0.4106618214248125,0.4106618214248125,0.38908659534837475,0,,61.51165467
TCGA_PANCAN_TCGA-EE-A2MD-06,TCGA_PANCAN_TCGA-EE-A2MD,TCGA-SKCM,8.756113069071914,8.052604763908718,6.611552036122083,6.461299824298627,9.0,4.546462358167092,8.564917176716081,-2.116382343791507,0.0,0.0,0.0,0.0,0.20402132629723102,0.5810669370389259,0.4342925640432581,0.40930286401637933,0.3919106231782551,0.3919106231782551,0.4041188629148099,0,0.0,47.27619423
TCGA_PANCAN_TCGA-EE-A2ME-06,TCGA_PANCAN_TCGA-EE-A2ME,TCGA-SKCM,12.453177856824636,11.377868536812555,10.172152806076582,11.089329082516015,11.0,7.174616143785874,10.807041255273969,-2.8992316790109687,0.0,0.0,0.0,0.0,0.19086155717503067,0.5752494962684859,0.4347256711089382,0.40930286401637933,0.42967624665760873,0.42967624665760873,0.4079631670452885,0,0.0,103.2646218
TCGA_PANCAN_TCGA-EE-A2MF-06,TCGA_PANCAN_TCGA-EE-A2MF,TCGA-SKCM,8.954299654243197,8.303269670514485,7.055630016702392,7.05003741855023,7.0,4.648816295088479,9.463140183599222,-3.180541752205678,0.0,0.0,0.0,0.0,0.14494615819274112,0.5810669370389259,0.4343344628615265,0.40930286401637933,0.35539590147861166,0.35539590147861166,0.3850092647176369,0,,268.7313016
TCGA_PANCAN_TCGA-EE-A2MG-06,TCGA_PANCAN_TCGA-EE-A2MG,TCGA-SKCM,10.259093012136299,10.047509409964432,8.288938012433668,9.21155236455935,10.0,5.7787736614766425,9.978620160531708,-1.6601503146878613,0.0,0.0,0.0,0.0,0.14469754480057898,0.5810669370389259,0.43455423358464756,0.40930286401637933,0.4106618214248125,0.4106618214248125,0.39605668017306883,0,0.0,103.1988691
TCGA_PANCAN_TCGA-EE-A2MH-06,TCGA_PANCAN_TCGA-EE-A2MH,TCGA-SKCM,9.930204586208497,9.598351876228222,8.342273415982866,8.625193401295085,6.0,4.091217444892292,9.25962296473044,-1.0359993246170482,0.0,0.0,0.0,0.0,0.08111822997380218,0.5810669370389259,0.4339908954802706,0.40930286401637933,0.33772210060434416,0.33772210060434416,0.3686402054227444,0,0.0,16.96419765
TCGA_PANCAN_TCGA-EE-A2MI-06,TCGA_PANCAN_TCGA-EE-A2MI,TCGA-SKCM,10.712799208709901,9.359264431076094,7.301864724282709,8.01165875559025,7.0,6.181136351096126,10.266824004217323,-2.928140513433048,0.0,0.0,0.0,0.0,0.13451472247426483,0.5810669370389259,0.4343344628615265,0.40930286401637933,0.35539590147861166,0.35539590147861166,0.38292297757394167,0,,204.6552915
TCGA_PANCAN_TCGA-EE-A2MJ-06,TCGA_PANCAN_TCGA-EE-A2MJ,TCGA-SKCM,11.700175069982906,10.585989108646245,9.858058535525146,10.205302407390041,10.0,6.529752245129083,10.243971588335913,-2.247404827552419,0.0,0.0,0.0,0.0,0.14419063494266854,0.5810669370389259,0.43455423358464756,0.40930286401637933,0.4106618214248125,0.4106618214248125,0.3959552982014868,0,,96.22908242
TCGA_PANCAN_TCGA-EE-A2MK-06,TCGA_PANCAN_TCGA-EE-A2MK,TCGA-SKCM,11.446394255616198,9.822401046421046,8.438971089399821,8.958134800399476,8.0,6.68128058495065,10.405489788757707,-3.283913226559825,0.0,0.0,0.0,0.0,0.15181022837349042,0.5810669370389259,0.4342925640432581,0.40930286401637933,0.3734730362036607,0.3734730362036607,0.3899891259351429,0,,180.3925436
TCGA_PANCAN_TCGA-EE-A2ML-06,TCGA_PANCAN_TCGA-EE-A2ML,TCGA-SKCM,9.66511714493052,9.320774155109902,8.12237696609204,8.533051197608161,9.0,6.541302644600337,9.972923901437273,-2.197026020961898,0.0,0.0,0.0,0.0,0.12209669891816975,0.5810669370389259,0.4342925640432581,0.40930286401637933,0.3919106231782551,0.3919106231782551,0.3877339374389977,0,0.0,216.6551599
TCGA_PANCAN_TCGA-EE-A2MM-06,TCGA_PANCAN_TCGA-EE-A2MM,TCGA-SKCM,8.771465021498637,7.482107177338152,5.295931023456803,5.384456622264256,7.0,4.603555135658685,9.407982728723184,-3.2026900638768137,0.0,0.0,0.0,0.0,0.17181548040528488,0.5810669370389259,0.4343344628615265,0.40930286401637933,0.35539590147861166,0.35539590147861166,0.39038312916014567,0,0.0,167.8995299
TCGA_PANCAN_TCGA-EE-A2MN-06,TCGA_PANCAN_TCGA-EE-A2MN,TCGA-SKCM,10.68593727677532,9.714621116745853,8.325605965345607,8.939201921511776,9.0,5.43874528645368,9.35241388359658,-2.4198841313537596,0.0,0.0,0.0,0.0,0.1953504815589625,0.5810669370389259,0.4342925640432581,0.40930286401637933,0.3919106231782551,0.3919106231782551,0.40238469396715615,0,0.0,47.53920505
TCGA_PANCAN_TCGA-EE-A2MP-06,TCGA_PANCAN_TCGA-EE-A2MP,TCGA-SKCM,10.160386927098264,9.657520131262597,9.012792725382718,8.847510786249362,8.0,5.373982226510319,9.922955208012274,-2.965171173656767,0.0,0.0,0.0,0.0,0.13459449095296364,0.5810669370389259,0.4342925640432581,0.40930286401637933,0.3734730362036607,0.3734730362036607,0.38654597845103755,0,1.0,248.6438505
TCGA_PANCAN_TCGA-EE-A2MQ-06,TCGA_PANCAN_TCGA-EE-A2MQ,TCGA-SKCM,8.450789564127522,7.451394219353401,6.378246449585952,6.064401924233188,8.0,6.066134408548924,8.848940187046997,-2.496834156703864,0.0,0.0,0.0,0.0,0.15414016701005365,0.5810669370389259,0.4342925640432581,0.40930286401637933,0.3734730362036607,0.3734730362036607,0.39045511366245556,0,0.0,43.23240293
TCGA_PANCAN_TCGA-EE-A2MR-06,TCGA_PANCAN_TCGA-EE-A2MR,TCGA-SKCM,10.829336334249346,10.392077606039955,8.461620564489658,9.787237241210596,10.0,8.570846171888633,10.6626894437338,-2.4980853476803873,0.0,0.0,0.0,0.0,0.15132863490438436,0.5810669370389259,0.43455423358464756,0.40930286401637933,0.4106618214248125,0.4106618214248125,0.39738289819382994,0,,134.3985271
TCGA_PANCAN_TCGA-EE-A2MS-06,TCGA_PANCAN_TCGA-EE-A2MS,TCGA-SKCM,9.163248249571483,8.458199560486415,7.7270998967302535,7.580544116773079,10.0,4.083519748820173,9.143253624890113,-1.9683582958041468,0.0,0.0,0.0,0.0,0.15560913899789258,0.5810669370389259,0.43455423358464756,0.40930286401637933,0.4106618214248125,0.4106618214248125,0.39823899901253157,0,,162.4749318
TCGA_PANCAN_TCGA-EE-A2MT-06,TCGA_PANCAN_TCGA-EE-A2MT,TCGA-SKCM,8.214189206145596,7.259250105218151,6.112901392973387,5.714053940249391,6.0,4.427143524454568,7.630859946262983,-0.39904926944052566,0.0,0.0,0.0,0.0,0.10249067981224563,0.5365890190655136,0.42963261579279,0.40930286401637933,0.33772210060434416,0.33772210060434416,0.36314745585825453,0,,71.21017852
TCGA_PANCAN_TCGA-EE-A2MU-06,TCGA_PANCAN_TCGA-EE-A2MU,TCGA-SKCM,11.73637508005802,10.52566228056293,9.405892034598475,9.228386800354347,10.0,7.202975962398737,10.406844476808713,-1.6443039694875967,0.0,0.0,0.0,0.0,0.12692598339903677,0.5810669370389259,0.43455423358464756,0.40930286401637933,0.4106618214248125,0.4106618214248125,0.39250236789276044,0,,53.25969031
TCGA_PANCAN_TCGA-EE-A3AA-06,TCGA_PANCAN_TCGA-EE-A3AA,TCGA-SKCM,9.792026324096728,9.174583164106412,7.2601847231140235,7.925523371237913,11.0,5.218409211343141,9.357965727181147,-2.7123021302323735,0.0,0.0,0.0,0.0,0.2741378596173427,0.5752494962684859,0.4347256711089382,0.40930286401637933,0.42967624665760873,0.42967624665760873,0.42461842753375106,0,,124.3054871
TCGA_PANCAN_TCGA-EE-A3AB-06,TCGA_PANCAN_TCGA-EE-A3AB,TCGA-SKCM,8.163642619311835,8.131594602532157,7.230135449499322,6.387474754763547,8.0,3.58872063118556,11.544038664154014,-2.2813083056251404,0.0,0.0,0.0,0.0,0.04201353042243987,0.5810669370389259,0.4342925640432581,0.40930286401637933,0.3734730362036607,0.3734730362036607,0.3680297863449328,0,,122.7274222
TCGA_PANCAN_TCGA-EE-A3AC-06,TCGA_PANCAN_TCGA-EE-A3AC,TCGA-SKCM,10.215877108662452,8.94872272602498,7.965767785812918,8.257113640068697,9.0,5.860895775024464,9.548362591391662,-2.6191500192525377,0.0,0.0,0.0,0.0,0.16120426999812196,0.5810669370389259,0.4342925640432581,0.40930286401637933,0.3919106231782551,0.3919106231782551,0.3955554516549881,0,,64.04313377
TCGA_PANCAN_TCGA-EE-A3AD-06,TCGA_PANCAN_TCGA-EE-A3AD,TCGA-SKCM,5.636924068016643,4.967584511636412,3.261044332016796,2.7770392199758187,6.0,3.1759556685716985,6.322979523737571,-0.3870571492659094,0.0,0.0,0.0,0.0,0.14581512470451194,0.41813360546606704,0.4121128236696439,0.4093034715703379,0.33772210060434416,0.33772210060434416,0.34461742520298094,0,0.0,28.76680804
TCGA_PANCAN_TCGA-EE-A3AE-06,TCGA_PANCAN_TCGA-EE-A3AE,TCGA-SKCM,10.699552324723998,9.278641597605514,8.165111930799359,8.311819929922416,9.0,6.245155256767808,8.706205317062373,-0.4474753421278628,0.0,0.0,0.0,0.0,0.1312652417143176,0.5484286913396841,0.42976254094046423,0.40930286401637933,0.3919106231782551,0.3919106231782551,0.3821339922378201,0,,54.50899168
TCGA_PANCAN_TCGA-EE-A3AF-06,TCGA_PANCAN_TCGA-EE-A3AF,TCGA-SKCM,9.103733880511973,8.42858313633354,7.3522026319214095,7.655652818555593,9.0,4.255863249702992,9.815963837664393,-3.2567279698624505,0.0,0.0,0.0,0.0,0.1586827457989852,0.5810669370389259,0.4342925640432581,0.40930286401637933,0.3919106231782551,0.3919106231782551,0.3950511468151608,0,0.0,13.80806786
TCGA_PANCAN_TCGA-EE-A3AG-06,TCGA_PANCAN_TCGA-EE-A3AG,TCGA-SKCM,6.190950941667805,5.122515068011143,3.8579652853970283,7.075532427799558,6.0,1.443076151362673,8.872486698987434,-1.2708009645951694,0.0,0.0,0.0,0.0,0.04087445687103333,0.5517862006224685,0.4337046500848738,0.40930286401637933,0.33772210060434416,0.33772210060434416,0.35467805443981987,0,0.0,41.58858533
TCGA_PANCAN_TCGA-EE-A3AH-06,TCGA_PANCAN_TCGA-EE-A3AH,TCGA-SKCM,6.548660174533654,5.657933179687597,3.444950169550949,3.2482012138951246,8.0,3.5532007412058166,8.599407860948462,-3.433463787904164,0.0,0.0,0.0,0.0,0.22377579306630585,0.4983035561360395,0.4273855698809149,0.40930286401637933,0.3734730362036607,0.3734730362036607,0.38644816386066005,0,0.0,138.8039583
TCGA_PANCAN_TCGA-EE-A3J3-06,TCGA_PANCAN_TCGA-EE-A3J3,TCGA-SKCM,9.176595956714932,8.288009846221915,6.749154298994114,6.58899466757801,7.0,3.755314904045098,9.293858596634593,-2.2451710032382097,0.0,0.0,0.0,0.0,0.12808473976047108,0.5810669370389259,0.4343344628615265,0.40930286401637933,0.35539590147861166,0.35539590147861166,0.38163698103118293,0,,172.1734556
TCGA_PANCAN_TCGA-EE-A3J4-06,TCGA_PANCAN_TCGA-EE-A3J4,TCGA-SKCM,9.797499282205592,7.7862340144836715,6.102352602922799,5.909991712263908,7.0,5.431362208131255,8.049835281217977,-1.5139105824304044,0.0,0.0,0.0,0.0,0.18185067434807126,0.5810669370389259,0.4343344628615265,0.40930286401637933,0.35539590147861166,0.35539590147861166,0.3923901679487029,0,,127.198606
TCGA_PANCAN_TCGA-EE-A3J5-06,TCGA_PANCAN_TCGA-EE-A3J5,TCGA-SKCM,11.125330627204463,9.538978127176645,8.11658311746105,8.661435258309787,9.0,6.1116469145909935,9.393309575705247,-2.123278453285991,0.0,0.0,0.0,0.0,0.18035105191438078,0.5810669370389259,0.4342925640432581,0.40930286401637933,0.3919106231782551,0.3919106231782551,0.39938480803823984,0,,36.95301969
TCGA_PANCAN_TCGA-EE-A3J7-06,TCGA_PANCAN_TCGA-EE-A3J7,TCGA-SKCM,8.639102456744224,7.554443112108778,7.120021483179685,7.034301265310127,9.0,3.4834159583257325,8.808579700284437,-3.4686977134739108,0.0,0.0,0.0,0.0,0.20547828618438146,0.5810669370389259,0.4342925640432581,0.40930286401637933,0.3919106231782551,0.3919106231782551,0.40441025489224,0,,64.07601013
TCGA_PANCAN_TCGA-EE-A3J8-06,TCGA_PANCAN_TCGA-EE-A3J8,TCGA-SKCM,5.758342237202105,4.545210570292452,1.3901760491438329,2.1811367474603722,8.0,2.9724169534509737,8.524955054276981,-3.1832775322098392,0.0,0.0,0.0,0.0,0.21635456733778377,0.4685290820809565,0.4313481808705211,0.40930286401637933,0.3734730362036607,0.3734730362036607,0.3798015461018603,0,,34.32291153
TCGA_PANCAN_TCGA-EE-A3JA-06,TCGA_PANCAN_TCGA-EE-A3JA,TCGA-SKCM,10.047038476417521,8.802302416015001,7.544894842681918,8.324446830356536,9.0,5.307661669187727,8.734803300042017,-1.3870511798892178,0.0,0.0,0.0,0.0,0.15786471131474183,0.5810669370389259,0.4342925640432581,0.40930286401637933,0.3919106231782551,0.3919106231782551,0.39488753991831205,0,,53.1939376
TCGA_PANCAN_TCGA-EE-A3JB-06,TCGA_PANCAN_TCGA-EE-A3JB,TCGA-SKCM,9.093129188691135,7.9742379600390105,6.079612106485884,5.262791898881289,8.0,4.956581764759608,11.210748855545656,-3.4607353294820165,0.0,0.0,0.0,0.0,0.10167317321854347,0.5810669370389259,0.4342925640432581,0.40930286401637933,0.3734730362036607,0.3734730362036607,0.3799617149041535,0,,201.7950488
TCGA_PANCAN_TCGA-EE-A3JD-06,TCGA_PANCAN_TCGA-EE-A3JD,TCGA-SKCM,11.971859175009369,10.85290029376764,9.324986089157006,9.56368315393892,10.0,6.64538175424661,10.980401509206153,-3.3481192734146434,0.0,0.0,0.0,0.0,0.18780265810585056,0.5810669370389259,0.43455423358464756,0.40930286401637933,0.4106618214248125,0.4106618214248125,0.40467770283412313,0,,27.3531249
TCGA_PANCAN_TCGA-EE-A3JE-06,TCGA_PANCAN_TCGA-EE-A3JE,TCGA-SKCM,12.73827412045913,11.480141763939168,10.463976002020456,11.135702162575445,9.0,8.289225838140169,11.016730084550279,-2.4780061132507907,0.0,0.0,0.0,0.0,0.1170446807902741,0.5810669370389259,0.4342925640432581,0.40930286401637933,0.3919106231782551,0.3919106231782551,0.38672353381341856,0,,51.35286189
TCGA_PANCAN_TCGA-EE-A3JH-06,TCGA_PANCAN_TCGA-EE-A3JH,TCGA-SKCM,11.716172740061838,11.27416280638633,10.52241434425832,10.630396210750984,10.0,7.212014798514083,10.835061324613642,-2.4547344030145677,0.0,0.0,0.0,0.0,0.12931335928720036,0.5810669370389259,0.43455423358464756,0.40930286401637933,0.4106618214248125,0.4106618214248125,0.39297984307039313,0,,134.3327744
TCGA_PANCAN_TCGA-EE-A3JI-06,TCGA_PANCAN_TCGA-EE-A3JI,TCGA-SKCM,7.883705551415789,7.048295260353779,5.4961824412507845,5.270075727155589,7.0,4.488412175995732,9.358019564831755,-3.869909693053593,0.0,0.0,0.0,0.0,0.17181651387253413,0.5810669370389259,0.4343344628615265,0.40930286401637933,0.35539590147861166,0.35539590147861166,0.3903833358535955,0,0.0,152.8092843
TCGA_PANCAN_TCGA-ER-A193-06,TCGA_PANCAN_TCGA-ER-A193,TCGA-SKCM,11.929186797337628,10.207962996539102,8.817255223431548,9.132438261864843,9.0,7.92976733126725,9.842391453802618,-1.9991476703100481,0.0,0.0,0.0,0.0,0.1615989591480045,0.5810669370389259,0.4342925640432581,0.40930286401637933,0.3919106231782551,0.3919106231782551,0.39563438948496465,0,,31.3969162
TCGA_PANCAN_TCGA-ER-A194-01,TCGA_PANCAN_TCGA-ER-A194,TCGA-SKCM,8.40872200985221,9.24235689263699,8.32090270913696,8.11914913184608,8.0,3.847054839778556,7.779649533677812,-0.8543984951984225,0.0,0.0,0.0,0.0,0.16433715576993502,0.5810669370389259,0.4339334412027324,0.40930286401637933,0.3734730362036607,0.3734730362036607,0.39242268684632664,0,,44.51458066
TCGA_PANCAN_TCGA-ER-A195-06,TCGA_PANCAN_TCGA-ER-A195,TCGA-SKCM,10.78521898469026,10.103194821394691,9.37614166396812,9.122558105062716,7.0,6.020393299547234,11.182759119740712,-3.258265955767502,0.0,0.0,0.0,0.0,0.08074438818485662,0.5810669370389259,0.4343344628615265,0.40930286401637933,0.35539590147861166,0.35539590147861166,0.37216891071606,0,,35.4407075
TCGA_PANCAN_TCGA-ER-A196-01,TCGA_PANCAN_TCGA-ER-A196,TCGA-SKCM,6.795820280341975,6.252167937393518,3.6760009452961686,1.7032893044872197,8.0,5.346116549539501,7.320513298023326,-0.33922144620194405,0.0,0.0,0.0,0.0,0.2018113191506142,0.47090561797252406,0.41434069240873755,0.4093028640174277,0.3734730362036607,0.3734730362036607,0.37396670595059284,0,,58.68428839
TCGA_PANCAN_TCGA-ER-A197-06,TCGA_PANCAN_TCGA-ER-A197,TCGA-SKCM,10.956495969860727,10.2312155040623,9.902198829761378,9.581735326741633,10.0,5.279430436040506,11.273275152685502,-1.6805868230871859,0.0,0.0,0.0,0.0,0.06463555609625712,0.5810669370389259,0.43455423358464756,0.40930286401637933,0.4106618214248125,0.4106618214248125,0.3800442824322045,0,,13.93957327
TCGA_PANCAN_TCGA-ER-A198-06,TCGA_PANCAN_TCGA-ER-A198,TCGA-SKCM,9.377595957022315,8.644102590153924,8.008272439628122,5.635573066225242,9.0,5.316953048989683,9.984082494868987,-3.1827614112647042,0.0,0.0,0.0,0.0,0.1638404454617753,0.5810669370389259,0.4342925640432581,0.40930286401637933,0.3919106231782551,0.3919106231782551,0.3960826867477188,0,,50.76108755
TCGA_PANCAN_TCGA-ER-A199-06,TCGA_PANCAN_TCGA-ER-A199,TCGA-SKCM,10.332477901427795,10.252407462034927,9.37029171512106,9.710433406038852,8.0,6.020404412357558,10.090856686358187,-2.77618133115502,0.0,0.0,0.0,0.0,0.12833667200523727,0.5810669370389259,0.4342925640432581,0.40930286401637933,0.3734730362036607,0.3734730362036607,0.3852944146614922,0,,9.172502219
TCGA_PANCAN_TCGA-ER-A19A-06,TCGA_PANCAN_TCGA-ER-A19A,TCGA-SKCM,12.318771312614189,11.157924959440397,10.169238604390017,9.84818448364258,11.0,7.835109297388438,12.534743718690486,-3.4843680829181274,0.0,0.0,0.0,0.0,0.1084615289698666,0.5752494962684859,0.4347256711089382,0.40930286401637933,0.42967624665760873,0.42967624665760873,0.39148316140425576,0,,77.75257258
TCGA_PANCAN_TCGA-ER-A19B-06,TCGA_PANCAN_TCGA-ER-A19B,TCGA-SKCM,6.579377522395441,6.586331416966916,6.149749642387824,6.338958400326187,7.0,5.142711585823797,8.439704459101673,-2.6223586236187213,0.0,0.0,0.0,0.0,0.11234925050517253,0.5810669370389259,0.4343344628615265,0.40930286401637933,0.35539590147861166,0.35539590147861166,0.3784898831801232,0,,98.39892166
TCGA_PANCAN_TCGA-ER-A19C-06,TCGA_PANCAN_TCGA-ER-A19C,TCGA-SKCM,6.600895590066979,6.293263116138888,4.777815247346776,4.034583495330948,8.0,3.834792104764455,8.819506631315251,-1.966604905058027,0.0,0.0,0.0,0.0,0.12131147821252661,0.5810669370389259,0.4342925640432581,0.40930286401637933,0.3734730362036607,0.3734730362036607,0.38388937590295014,0,,48.88713548
TCGA_PANCAN_TCGA-ER-A19D-06,TCGA_PANCAN_TCGA-ER-A19D,TCGA-SKCM,9.84255305178001,8.790232546341597,7.201802154182344,7.564153890318441,8.0,4.339771632136512,10.910441797873089,-3.2187510558723895,0.0,0.0,0.0,0.0,0.10302294096275928,0.5810669370389259,0.4342925640432581,0.40930286401637933,0.3734730362036607,0.3734730362036607,0.38023166845299666,0,,12.59164283
TCGA_PANCAN_TCGA-ER-A19E-06,TCGA_PANCAN_TCGA-ER-A19E,TCGA-SKCM,8.274431264715655,7.19854120640022,5.896700374296332,5.310869586051814,7.0,3.098234256712077,9.389932410030339,-3.3691714699958943,0.0,0.0,0.0,0.0,0.14548773491733435,0.5635534104897696,0.4344634140481436,0.40930286401637933,0.35539590147861166,0.35539590147861166,0.38164066499004773,0,,13.01903541
TCGA_PANCAN_TCGA-ER-A19F-06,TCGA_PANCAN_TCGA-ER-A19F,TCGA-SKCM,8.331707591167273,7.312101030280419,5.70170110158127,5.710987717216325,8.0,3.08161232285789,8.38748491918976,-1.5833006590742356,0.0,0.0,0.0,0.0,0.15462011467552703,0.5635534104897696,0.43442748867813386,0.40930286401637933,0.3734730362036607,0.3734730362036607,0.38707538281269416,0,,26.36683434
TCGA_PANCAN_TCGA-ER-A19G-06,TCGA_PANCAN_TCGA-ER-A19G,TCGA-SKCM,11.223053589641056,9.813307708293836,9.242717786219956,7.329231169992061,8.0,8.096319841418275,10.362582995739206,-2.9908042273060893,0.0,0.0,0.0,0.0,0.13643281954725056,0.5810669370389259,0.4342925640432581,0.40930286401637933,0.3734730362036607,0.3734730362036607,0.38691364416989493,0,,302.0679225
TCGA_PANCAN_TCGA-ER-A19H-06,TCGA_PANCAN_TCGA-ER-A19H,TCGA-SKCM,10.121768948914687,9.011403409717191,8.573962080370425,8.606654563580111,8.0,5.120136249960966,10.045570794666423,-3.0359800828371686,0.0,0.0,0.0,0.0,0.11434285521609516,0.5810669370389259,0.4342925640432581,0.40930286401637933,0.3734730362036607,0.3734730362036607,0.38249565130366386,0,0.0,152.3490154
TCGA_PANCAN_TCGA-ER-A19J-06,TCGA_PANCAN_TCGA-ER-A19J,TCGA-SKCM,7.137609371086826,6.914357550183558,5.542900465832648,6.016215494990301,7.0,4.9902741833186015,10.161896394917282,-3.6605249940438718,0.0,0.0,0.0,0.0,0.0954790137885449,0.5810669370389259,0.4343344628615265,0.40930286401637933,0.35539590147861166,0.35539590147861166,0.37511583583679764,0,,6.443765
TCGA_PANCAN_TCGA-ER-A19K-01,TCGA_PANCAN_TCGA-ER-A19K,TCGA-SKCM,9.371070773583758,8.129899792109788,6.788113744865347,6.281014991807593,9.0,5.569491091958716,8.82272976465152,-2.9135792863930945,0.0,0.0,0.0,0.0,0.24177793327839572,0.5810669370389259,0.4342925640432581,0.40930286401637933,0.3919106231782551,0.3919106231782551,0.41167018431104285,0,,15.41900911
TCGA_PANCAN_TCGA-ER-A19L-06,TCGA_PANCAN_TCGA-ER-A19L,TCGA-SKCM,7.3956149459152885,6.689192760584533,5.033857194258745,3.7631963614782644,6.0,3.8203934356466607,9.409666534723282,-3.2347667252346017,0.0,0.0,0.0,0.0,0.12533322657723528,0.5810669370389259,0.4343344628615265,0.40930286401637933,0.33772210060434416,0.33772210060434416,0.3775519182196822,0,,131.5054082
TCGA_PANCAN_TCGA-ER-A19M-06,TCGA_PANCAN_TCGA-ER-A19M,TCGA-SKCM,12.416377295022963,10.544449808195909,9.488213922643478,9.544460551897757,10.0,9.93568073195842,10.455507166180158,-3.6386231054937417,0.0,0.0,0.0,0.0,0.23081589834930363,0.5810669370389259,0.43455423358464756,0.40930286401637933,0.4106618214248125,0.4106618214248125,0.4132803508828138,0,0.0,61.05138574
TCGA_PANCAN_TCGA-ER-A19N-06,TCGA_PANCAN_TCGA-ER-A19N,TCGA-SKCM,10.574051893286681,10.217097780981376,9.086583648756005,9.260322200982014,9.0,6.134151103743247,11.236031086911842,-2.3164229927718605,0.0,0.0,0.0,0.0,0.0819854438619593,0.5810669370389259,0.4342925640432581,0.40930286401637933,0.3919106231782551,0.3919106231782551,0.37971168642775555,0,,44.08718809
TCGA_PANCAN_TCGA-ER-A19O-06,TCGA_PANCAN_TCGA-ER-A19O,TCGA-SKCM,8.797813584953708,9.822969886959262,9.406201111755292,8.457908924242178,10.0,4.228380044525885,11.585083018747273,-2.6642271776186863,0.0,0.0,0.0,0.0,0.06918364236776481,0.5810669370389259,0.43455423358464756,0.40930286401637933,0.4106618214248125,0.4106618214248125,0.380953899686506,0,,
TCGA_PANCAN_TCGA-ER-A19P-06,TCGA_PANCAN_TCGA-ER-A19P,TCGA-SKCM,12.35819751385762,11.406501692121546,10.555198004534406,11.346695025527918,10.0,6.975882351590082,11.194751867030966,-2.6929205632980207,0.0,0.0,0.0,0.0,0.12200799075687488,0.5810669370389259,0.43455423358464756,0.40930286401637933,0.4106618214248125,0.4106618214248125,0.39151876936432806,0,,162.0804156
TCGA_PANCAN_TCGA-ER-A19Q-06,TCGA_PANCAN_TCGA-ER-A19Q,TCGA-SKCM,10.497460925792351,9.575633870768376,8.534090538014949,8.023603199567258,8.0,6.291984734531067,11.139637559701903,-2.5986457351264356,0.0,0.0,0.0,0.0,0.0788598939787181,0.5810669370389259,0.4342925640432581,0.40930286401637933,0.3734730362036607,0.3734730362036607,0.3753990590561884,0,,50.89259296
TCGA_PANCAN_TCGA-ER-A19S-06,TCGA_PANCAN_TCGA-ER-A19S,TCGA-SKCM,13.350771298898437,11.822344405976674,11.199077970609528,11.66380901256046,8.0,7.613848386359709,11.41531293865967,-3.3200421215036524,0.0,0.0,0.0,0.0,0.11022766903938994,0.5810669370389259,0.4342925640432581,0.40930286401637933,0.3734730362036607,0.3734730362036607,0.3816726140683228,0,,49.47890982
TCGA_PANCAN_TCGA-ER-A19T-01,TCGA_PANCAN_TCGA-ER-A19T,TCGA-SKCM,4.4576666159322675,3.9164399000265733,1.971127389982143,2.45612660215462,8.0,1.4842928355116014,7.987452156854883,-2.7857323052086373,0.0,0.0,0.0,0.0,0.16124891093323807,0.45666993420229685,0.4215140738844547,0.40930286401637994,0.3734730362036607,0.3734730362036607,0.3644417638480061,0,,8.876615051
TCGA_PANCAN_TCGA-ER-A19T-06,TCGA_PANCAN_TCGA-ER-A19T,TCGA-SKCM,8.90111107663626,8.06769893336718,6.578829689101922,6.224439659071805,8.0,2.2211965499445467,9.437108964108461,-3.256208813461626,0.0,0.0,0.0,0.0,0.1813587419256807,0.5576778997490072,0.43376192017560455,0.40930286401637933,0.3734730362036607,0.3734730362036607,0.3911148924140665,0,,8.876615051
TCGA_PANCAN_TCGA-ER-A19W-06,TCGA_PANCAN_TCGA-ER-A19W,TCGA-SKCM,12.916326497308162,11.313527815892929,10.836444009066389,10.786804942969487,10.0,8.257661268781755,11.264123304271246,-3.096135835306809,0.0,0.0,0.0,0.0,0.13444733646092838,0.5810669370389259,0.43455423358464756,0.40930286401637933,0.4106618214248125,0.4106618214248125,0.39400663850513873,0,,148.1737186
TCGA_PANCAN_TCGA-ER-A1A1-06,TCGA_PANCAN_TCGA-ER-A1A1,TCGA-SKCM,9.991966698432128,10.437309046032025,8.685551043580139,8.340875719016962,14.0,6.038264965597887,10.245884498373805,-1.419710821623692,0.0,0.0,0.0,0.0,0.22358666047830725,0.5752494962684859,0.43511409980439497,0.40930286401637933,0.4877528620233456,0.4877528620233456,0.4262011965181826,0,,105.0728211
TCGA_PANCAN_TCGA-ER-A2NB-01,TCGA_PANCAN_TCGA-ER-A2NB,TCGA-SKCM,8.76007068966593,9.477783585497505,9.456059591300935,8.688637614193375,7.0,4.198973400813728,8.286105898365815,-0.47595242616215394,0.0,0.0,0.0,0.0,0.08755495166625003,0.5425148582397223,0.425431518761024,0.40930286401637933,0.35539590147861166,0.35539590147861166,0.36404001883239745,0,,28.1750337
TCGA_PANCAN_TCGA-ER-A2NC-06,TCGA_PANCAN_TCGA-ER-A2NC,TCGA-SKCM,8.204472042214263,7.942013527949642,6.240011766713219,6.249479779878881,7.0,6.892050956702117,10.664060568948392,-2.395593983720948,0.0,0.0,0.0,0.0,0.06643038566467489,0.5810669370389259,0.4343344628615265,0.40930286401637933,0.35539590147861166,0.35539590147861166,0.36930611021202364,0,,43.82417727
TCGA_PANCAN_TCGA-ER-A2ND-06,TCGA_PANCAN_TCGA-ER-A2ND,TCGA-SKCM,8.869802089469875,7.763592431677692,6.169244101078565,6.244022524224496,9.0,3.55890433684921,8.147037020958022,-1.7305054733192833,0.0,0.0,0.0,0.0,0.21659960538731918,0.5810669370389259,0.4342925640432581,0.40930286401637933,0.3919106231782551,0.3919106231782551,0.4066345187328276,0,,23.34220995
TCGA_PANCAN_TCGA-ER-A2NE-06,TCGA_PANCAN_TCGA-ER-A2NE,TCGA-SKCM,5.00083658181864,4.185828994949546,4.161643366500057,1.44782852514584,7.0,3.0822597679417267,5.230888480713958,-0.4541458962088969,0.0,0.0,0.0,0.0,0.19016485230953822,0.47685249714267786,0.4157564047558058,0.4093434490978807,0.35539590147861166,0.35539590147861166,0.36950262095690284,0,0.0,
TCGA_PANCAN_TCGA-ER-A2NF-01,TCGA_PANCAN_TCGA-ER-A2NF,TCGA-SKCM,9.609799451446923,9.41598680125132,8.073407286935478,8.622122264693761,8.0,5.720390658322758,9.36573442169997,-2.494994243618539,0.0,0.0,0.0,0.0,0.15807994604529177,0.5810669370389259,0.4342925640432581,0.40930286401637933,0.3734730362036607,0.3734730362036607,0.39124306946950316,0,,28.83256074
TCGA_PANCAN_TCGA-ER-A2NF-06,TCGA_PANCAN_TCGA-ER-A2NF,TCGA-SKCM,8.08379158662599,8.660154893170429,7.784375298712263,8.546704150698854,8.0,6.157985521343619,7.863295381722983,-2.2862782523739327,0.0,0.0,0.0,0.0,0.2099300591481619,0.5810669370389259,0.4342925640432581,0.40930286401637933,0.3734730362036607,0.3734730362036607,0.4016130920900771,0,,28.83256074
TCGA_PANCAN_TCGA-ER-A2NG-06,TCGA_PANCAN_TCGA-ER-A2NG,TCGA-SKCM,12.074267200175195,10.8823634325779,10.40351309937903,10.22140376050211,10.0,7.58519541705533,10.779793654545276,-3.5370934651409565,0.0,0.0,0.0,0.0,0.17525969655545995,0.5810669370389259,0.43455423358464756,0.40930286401637933,0.4106618214248125,0.4106618214248125,0.4021691105240451,0,0.0,48.98576454
TCGA_PANCAN_TCGA-ER-A2NH-06,TCGA_PANCAN_TCGA-ER-A2NH,TCGA-SKCM,12.477309108487324,11.444153483016443,11.284180296664765,11.349373886963761,9.0,7.288349333050522,10.98857802960442,-2.8337654187422334,0.0,0.0,0.0,0.0,0.10940107645499741,0.5810669370389259,0.4342925640432581,0.40930286401637933,0.3919106231782551,0.3919106231782551,0.3851948129463632,0,,41.55570898
TCGA_PANCAN_TCGA-ER-A3ES-06,TCGA_PANCAN_TCGA-ER-A3ES,TCGA-SKCM,4.791148783687963,4.53249997212446,2.5688493044164193,2.625559587026964,10.0,3.5608249863408425,5.404297606460636,-1.4154665122415393,0.0,0.0,0.0,0.0,0.40806638825543023,0.4448597039118777,0.4234892470565928,0.4096357758332891,0.4106618214248125,0.4106618214248125,0.41934258729640045,0,,247.0329092
TCGA_PANCAN_TCGA-ER-A3ET-06,TCGA_PANCAN_TCGA-ER-A3ET,TCGA-SKCM,8.566093368822704,7.859387441355727,5.1366281471970625,5.305189195956877,7.0,5.754908875265015,11.285772477004514,-3.7044479396528986,0.0,0.0,0.0,0.0,0.10145091955812847,0.5810669370389259,0.4343344628615265,0.40930286401637933,0.35539590147861166,0.35539590147861166,0.3763102169907144,0,,93.00719992
TCGA_PANCAN_TCGA-ER-A3EV-06,TCGA_PANCAN_TCGA-ER-A3EV,TCGA-SKCM,8.705643430319848,8.437369842662221,7.515088814976494,8.15327823175274,10.0,3.62954313829004,8.358670195924365,0.025478890603395143,0.0,0.0,0.0,0.0,0.11206218160388193,0.5306528277447681,0.4335403647042314,0.40930286401637933,0.4106618214248125,0.4106618214248125,0.3792440118988146,0,0.0,46.98030707
TCGA_PANCAN_TCGA-ER-A3PL-06,TCGA_PANCAN_TCGA-ER-A3PL,TCGA-SKCM,8.309191052303758,7.088607934126489,6.085760399650285,5.603687245816815,7.0,4.732714206081664,9.056476719059585,-2.18639578864824,0.0,0.0,0.0,0.0,0.1056205496132633,0.5810669370389259,0.4343344628615265,0.40930286401637933,0.35539590147861166,0.35539590147861166,0.37714414300174137,0,,33.20511556
TCGA_PANCAN_TCGA-ER-A42H-01,TCGA_PANCAN_TCGA-ER-A42H,TCGA-SKCM,6.715442442438415,5.6836824347064105,3.320119210144067,3.059291643037456,8.0,2.6320587768242736,8.698494534326894,-2.9652993322159285,0.0,0.0,0.0,0.0,0.19738325955100586,0.45075788343069373,0.41682489252760346,0.40930286401637933,0.3734730362036607,0.3734730362036607,0.36954838714586863,0,,14.00532597
TCGA_PANCAN_TCGA-ER-A42K-06,TCGA_PANCAN_TCGA-ER-A42K,TCGA-SKCM,7.390974678525705,6.402884721695043,4.747848144684708,3.830196517498673,7.0,3.855591107710452,7.845813580355316,-1.2850543111215886,0.0,0.0,0.0,0.0,0.1470887547779194,0.5810669370389259,0.4343344628615265,0.4093028640163804,0.35539590147861166,0.35539590147861166,0.3854377840346727,0,,12.9532827
TCGA_PANCAN_TCGA-ER-A42L-06,TCGA_PANCAN_TCGA-ER-A42L,TCGA-SKCM,10.770996020433047,10.326047976830935,10.252503850810141,9.814571591831815,9.0,6.324857396662442,11.473876817072835,-2.8972658259995114,0.0,0.0,0.0,0.0,0.0722287121812229,0.5810669370389259,0.4342925640432581,0.40930286401637933,0.3919106231782551,0.3919106231782551,0.37776034009160825,0,,149.0285038
TCGA_PANCAN_TCGA-FR-A2OS-01,TCGA_PANCAN_TCGA-FR-A2OS,TCGA-SKCM,5.960468169688862,5.52923344511779,3.184505128028651,1.2743394614298968,8.0,2.749448454259714,9.203266020072158,-1.551014760753886,0.0,0.0,0.0,0.0,0.1075806149151123,0.45075788343069373,0.418742403912638,0.40930286401637933,0.3734730362036607,0.3734730362036607,0.35197136049569683,0,,12.09849755
TCGA_PANCAN_TCGA-FR-A3R1-01,TCGA_PANCAN_TCGA-FR-A3R1,TCGA-SKCM,10.849228045051289,8.97543554801583,7.843086032465338,7.490538681144449,8.0,7.4520435127861795,8.520969907099644,-2.14028361876077,0.0,0.0,0.0,0.0,0.21426186370627529,0.5810669370389259,0.4342925640432581,0.40930286401637933,0.3734730362036607,0.3734730362036607,0.4024794530016999,0,,22.52030115
TCGA_PANCAN_TCGA-FR-A3YN-06,TCGA_PANCAN_TCGA-FR-A3YN,TCGA-SKCM,10.219746520174102,9.030439394954147,7.76744987122415,8.695301206135152,10.0,6.492351541500736,8.997685211020904,-3.021070507041359,0.0,0.0,0.0,0.0,0.2638627581323202,0.5810669370389259,0.43455423358464756,0.40930286401637933,0.4106618214248125,0.4106618214248125,0.41988972283941706,0,1.0,92.97432357
TCGA_PANCAN_TCGA-FR-A3YO-06,TCGA_PANCAN_TCGA-FR-A3YO,TCGA-SKCM,4.602871193622877,5.5395067435641945,6.313783183441487,2.2643299062478217,6.0,2.910022650562486,8.936677900217612,-0.39489328023850057,0.0,0.0,0.0,0.0,0.02818366611886792,0.4828059465902749,0.4258435682523316,0.40930286401637933,0.33772210060434416,0.33772210060434416,0.33677162911643965,0,,
TCGA_PANCAN_TCGA-FR-A44A-06,TCGA_PANCAN_TCGA-FR-A44A,TCGA-SKCM,13.073209240494103,11.495722274418474,11.272268466118,10.570652411457257,9.0,7.855341933278341,11.219592116332219,-3.52163186630012,0.0,0.0,0.0,0.0,0.13873320386204258,0.5810669370389259,0.4342925640432581,0.40930286401637933,0.3919106231782551,0.3919106231782551,0.3910612384277722,0,1.0,174.2117895
TCGA_PANCAN_TCGA-FR-A69P-06,TCGA_PANCAN_TCGA-FR-A69P,TCGA-SKCM,7.283499302693445,6.4423512821416535,5.278194557881818,5.016520208872915,7.0,3.097998384580611,8.825355564882319,-2.1574449008863947,0.0,0.0,0.0,0.0,0.10451774075064253,0.5635534104897696,0.4344634140481436,0.40930286401637933,0.35539590147861166,0.35539590147861166,0.3734466661567094,0,1.0,15.71489628
TCGA_PANCAN_TCGA-FR-A726-01,TCGA_PANCAN_TCGA-FR-A726,TCGA-SKCM,6.626596027900494,5.816062091521902,4.543775292654963,3.0309226916528207,8.0,3.258805324764241,8.714286099120397,-0.9983724639397149,0.0,0.0,0.0,0.0,0.0884075137630452,0.4685290820809565,0.4198425589206177,0.40930286401637933,0.3734730362036607,0.3734730362036607,0.3519110109969319,0,,10.02728737
TCGA_PANCAN_TCGA-FR-A728-01,TCGA_PANCAN_TCGA-FR-A728,TCGA-SKCM,10.890294310157957,9.93731914801928,8.886021234140582,9.180122720398513,9.0,5.837191432185502,9.695690427290183,-0.7985614397584939,0.0,0.0,0.0,0.0,0.09809002897007713,0.5810669370389259,0.433831386311241,0.40930286401637933,0.3919106231782551,0.3919106231782551,0.38284036790297565,0,1.0,19.16691324
TCGA_PANCAN_TCGA-FR-A729-06,TCGA_PANCAN_TCGA-FR-A729,TCGA-SKCM,11.565533274985228,10.427306632875249,9.663650196242031,9.965297167781177,8.0,6.095570030324821,10.311660371230484,-2.568361741243458,0.0,0.0,0.0,0.0,0.11664477475109544,0.5810669370389259,0.4342925640432581,0.40930286401637933,0.3734730362036607,0.3734730362036607,0.3829560352106639,0,,220.7975803
TCGA_PANCAN_TCGA-FR-A7U8-06,TCGA_PANCAN_TCGA-FR-A7U8,TCGA-SKCM,7.07420064385478,5.940897409038686,4.341828771190434,3.5175178239003335,8.0,2.31388432800847,8.502466338826121,-1.6189115024717289,0.0,0.0,0.0,0.0,0.12836693509680397,0.5399607160032446,0.4331957468807572,0.40930286401637933,0.3734730362036607,0.3734730362036607,0.37685985964016916,0,1.0,27.84627018
TCGA_PANCAN_TCGA-FR-A7U9-06,TCGA_PANCAN_TCGA-FR-A7U9,TCGA-SKCM,9.966936583147882,9.484156871581527,8.156525691963115,7.295017430055049,9.0,6.791319199188371,11.244684222274461,-4.037840103849748,0.0,0.0,0.0,0.0,0.14654524974555663,0.5810669370389259,0.4342925640432581,0.40930286401637933,0.3919106231782551,0.3919106231782551,0.39262364760447505,0,1.0,18.77239702
TCGA_PANCAN_TCGA-FR-A7UA-06,TCGA_PANCAN_TCGA-FR-A7UA,TCGA-SKCM,13.10678238087366,12.298129644743023,11.964737708460898,12.443741596705202,10.0,8.598934601339286,11.96210875560007,-3.7104359691347675,0.0,0.0,0.0,0.0,0.12276178833668466,0.5810669370389259,0.43455423358464756,0.40930286401637933,0.4106618214248125,0.4106618214248125,0.39166952888029,0,,38.26807378
TCGA_PANCAN_TCGA-FR-A8YC-06,TCGA_PANCAN_TCGA-FR-A8YC,TCGA-SKCM,8.588418431709073,8.138571914379204,7.0560182061040955,7.82173118557758,8.0,3.435748591421659,9.224811348355473,-3.3799222198398153,0.0,0.0,0.0,0.0,0.17013397150074974,0.5868619241359337,0.4342925640432581,0.40930286401637933,0.3734730362036607,0.3734730362036607,0.3948128719799963,0,0.0,34.81605681
TCGA_PANCAN_TCGA-FR-A8YD-06,TCGA_PANCAN_TCGA-FR-A8YD,TCGA-SKCM,7.2154257376562505,7.1320896982105815,5.117741126035326,5.410920707160084,8.0,3.8664530471229854,8.259402579750192,-1.5742645484646056,0.0,0.0,0.0,0.0,0.16160918451175912,0.5810669370389259,0.4342925640432581,0.40930286401637933,0.3734730362036607,0.3734730362036607,0.3919489171627966,0,,36.2626163
TCGA_PANCAN_TCGA-FR-A8YE-06,TCGA_PANCAN_TCGA-FR-A8YE,TCGA-SKCM,9.681375791551305,9.681683109713049,7.737967413352038,8.024400958333064,9.0,5.920800631809522,10.455897202500307,-1.6712641436537936,0.0,0.0,0.0,0.0,0.10455446601119477,0.5810669370389259,0.4342925640432581,0.40930286401637933,0.3919106231782551,0.3919106231782551,0.38422549085760266,0,,104.4152941
TCGA_PANCAN_TCGA-FS-A1YW-06,TCGA_PANCAN_TCGA-FS-A1YW,TCGA-SKCM,7.575846882551866,7.05960950849131,5.032678910521799,4.999728944621311,7.0,4.15143672448432,8.459083601141614,-2.0084862664096006,0.0,0.0,0.0,0.0,0.15524493395880873,0.5810669370389259,0.4343344628615265,0.40930286401637933,0.35539590147861166,0.35539590147861166,0.3870690198708504,0,,216.9181708
TCGA_PANCAN_TCGA-FS-A1YX-06,TCGA_PANCAN_TCGA-FS-A1YX,TCGA-SKCM,7.454654365194467,6.93314911086132,5.198692870636035,5.220047857639328,7.0,3.1221094443387254,9.444536310508084,-2.381980125397794,0.0,0.0,0.0,0.0,0.10170181875666116,0.5635534104897696,0.4344634140481436,0.40930286401637933,0.35539590147861166,0.35539590147861166,0.3728834817579131,0,,48.59124832
TCGA_PANCAN_TCGA-FS-A1YY-06,TCGA_PANCAN_TCGA-FS-A1YY,TCGA-SKCM,5.400184486167415,5.251376071030089,4.3708848729914305,3.47402452003526,7.0,2.9857372168763616,8.643895531978327,-3.763419858480348,0.0,0.0,0.0,0.0,0.14673024173327304,0.5458799287302166,0.4338800010438472,0.40930286401637933,0.35539590147861166,0.35539590147861166,0.3782377874004656,0,,228.5892757
TCGA_PANCAN_TCGA-FS-A1Z0-06,TCGA_PANCAN_TCGA-FS-A1Z0,TCGA-SKCM,11.389811181410773,9.676581776878516,8.86234315942146,8.871850421877284,10.0,6.11879991004381,9.94318429637299,-2.170668876628719,0.0,0.0,0.0,0.0,0.15203024102988077,0.5810669370389259,0.43455423358464756,0.40930286401637933,0.4106618214248125,0.4106618214248125,0.3975232194189292,0,,202.649834
TCGA_PANCAN_TCGA-FS-A1Z3-06,TCGA_PANCAN_TCGA-FS-A1Z3,TCGA-SKCM,7.2414742827878955,6.5387659469909245,4.9534012759881385,4.34079520549443,6.0,3.544139137446051,7.94691581384235,-2.612532818295114,0.0,0.0,0.0,0.0,0.17888230172895908,0.5810669370389259,0.4343344628615265,0.40930286401637933,0.33772210060434416,0.33772210060434416,0.388261733250027,0,,20.9093599
TCGA_PANCAN_TCGA-FS-A1Z4-06,TCGA_PANCAN_TCGA-FS-A1Z4,TCGA-SKCM,10.543164914662226,9.912152846528285,8.334002509729387,7.747477202639766,12.0,5.74307866832877,9.968199537946818,-2.338772510602742,0.0,0.0,0.0,0.0,0.24582986051838104,0.5752494962684859,0.43495900926829684,0.40930286401637933,0.4489004698373394,0.4489004698373394,0.4228483399817765,0,,28.07640464
TCGA_PANCAN_TCGA-FS-A1Z7-06,TCGA_PANCAN_TCGA-FS-A1Z7,TCGA-SKCM,7.640277158510926,7.029215170449672,5.353707987263124,4.923194718949941,7.0,3.260808534762273,10.60542585572643,-3.3318777167387896,0.0,0.0,0.0,0.0,0.08464426287426052,0.569411135272715,0.4344355143505138,0.40930286401637933,0.35539590147861166,0.35539590147861166,0.37063793559849606,0,,7.791695434
TCGA_PANCAN_TCGA-FS-A1ZA-06,TCGA_PANCAN_TCGA-FS-A1ZA,TCGA-SKCM,9.826443248223589,8.385299056910899,7.1267459394347785,7.015672578470725,8.0,5.220264165247283,8.915220688939964,-1.7598253010595082,0.0,0.0,0.0,0.0,0.145663301497867,0.5810669370389259,0.4342925640432581,0.40930286401637933,0.3734730362036607,0.3734730362036607,0.38875974056001816,0,,27.71476477
TCGA_PANCAN_TCGA-FS-A1ZB-06,TCGA_PANCAN_TCGA-FS-A1ZB,TCGA-SKCM,8.333912946337172,7.890925260372036,6.232502659603531,5.34020061499684,8.0,4.048628548135224,10.662695641844664,-2.7101074611329263,0.0,0.0,0.0,0.0,0.09096954514619028,0.5810669370389259,0.4342925640432581,0.40930286401637933,0.3734730362036607,0.3734730362036607,0.37782098928968283,0,,48.85425913
TCGA_PANCAN_TCGA-FS-A1ZC-06,TCGA_PANCAN_TCGA-FS-A1ZC,TCGA-SKCM,5.328961994104239,4.276309596586766,2.1936264444753184,3.4674063501960832,7.0,1.326192164494116,8.542513347380691,-1.5770733531502739,0.0,0.0,0.0,0.0,0.07864884602949991,0.4685290820809565,0.4297325848618097,0.40930286401637933,0.35539590147861166,0.35539590147861166,0.3483218556934514,0,,357.3659467
TCGA_PANCAN_TCGA-FS-A1ZD-06,TCGA_PANCAN_TCGA-FS-A1ZD,TCGA-SKCM,5.555856866747405,5.664595816204862,7.535628455895763,5.651452763193729,6.0,2.6910874409518937,9.347892405694745,-3.4871342892474706,0.0,0.0,0.0,0.0,0.045537304891444016,0.5517862006224685,0.43239607605971864,0.40930286401637933,0.33772210060434416,0.33772210060434416,0.3553489092388709,0,,53.52270112
TCGA_PANCAN_TCGA-FS-A1ZE-06,TCGA_PANCAN_TCGA-FS-A1ZE,TCGA-SKCM,6.748200850073375,5.791870405178843,3.8128810471648453,3.5918172443569496,8.0,1.419862450377524,7.7086877652858234,-2.3619634979335284,0.0,0.0,0.0,0.0,0.22837154545506155,0.5576778997490072,0.43363463789406903,0.4093028640163816,0.3734730362036607,0.3734730362036607,0.40049199666363594,0,0.0,46.45428543
TCGA_PANCAN_TCGA-FS-A1ZF-06,TCGA_PANCAN_TCGA-FS-A1ZF,TCGA-SKCM,7.387832304338876,6.893330197395716,5.3701541587296004,5.786860559019979,6.0,4.228787912673377,8.064945231636775,-1.5639723815966926,0.0,0.0,0.0,0.0,0.11615690029326108,0.5810669370389259,0.4343344628615265,0.40930286401637933,0.33772210060434416,0.33772210060434416,0.37571665296288737,0,,15.45188546
TCGA_PANCAN_TCGA-FS-A1ZG-06,TCGA_PANCAN_TCGA-FS-A1ZG,TCGA-SKCM,6.478102710772202,5.833427339859254,4.306929347229854,3.2084338297063795,8.0,2.2709474874770588,8.067318587117212,-3.031597198345307,0.0,0.0,0.0,0.0,0.22679516109259945,0.4983035561360395,0.4276288230911098,0.40930286401637933,0.3734730362036607,0.3734730362036607,0.3871006881079578,0,,9.698523852
TCGA_PANCAN_TCGA-FS-A1ZH-06,TCGA_PANCAN_TCGA-FS-A1ZH,TCGA-SKCM,10.39265234165744,9.778574090054136,9.408330358127284,8.621146398886335,8.0,5.322083176268783,11.033622644878744,-3.197725950307052,0.0,0.0,0.0,0.0,0.08764450533086028,0.5810669370389259,0.4342925640432581,0.40930286401637933,0.3734730362036607,0.3734730362036607,0.3771559813266169,0,,32.74484663
TCGA_PANCAN_TCGA-FS-A1ZJ-06,TCGA_PANCAN_TCGA-FS-A1ZJ,TCGA-SKCM,8.713086166541386,7.821909406092291,7.257743616114712,6.870988732926053,8.0,2.8386089475281047,8.174639805384256,-1.463924411921064,0.0,0.0,0.0,0.0,0.13929617968456226,0.5576778997490072,0.4322733126679878,0.40930286401637933,0.3734730362036607,0.3734730362036607,0.3824046584643195,0,,47.37482329
TCGA_PANCAN_TCGA-FS-A1ZK-06,TCGA_PANCAN_TCGA-FS-A1ZK,TCGA-SKCM,5.551919436666526,4.737570656423253,2.0070275807755604,1.9030747181897958,8.0,3.200143352036398,7.124716607432177,-1.415672301214431,0.0,0.0,0.0,0.0,0.2218678560288116,0.4448597039118777,0.41942740864277295,0.4093028642716344,0.3734730362036607,0.3734730362036607,0.37378617381175144,0,,23.93398429
TCGA_PANCAN_TCGA-FS-A1ZM-06,TCGA_PANCAN_TCGA-FS-A1ZM,TCGA-SKCM,10.619111853154706,9.702620355172632,9.4200932659747,9.158488107200817,9.0,5.105171000815344,10.529576963621208,-2.11429400606149,0.0,0.0,0.0,0.0,0.08418372228036401,0.5810669370389259,0.4342925640432581,0.40930286401637933,0.3919106231782551,0.3919106231782551,0.3801513421114365,0,,101.2591643
TCGA_PANCAN_TCGA-FS-A1ZN-01,TCGA_PANCAN_TCGA-FS-A1ZN,TCGA-SKCM,6.983638108664212,6.1023892867389895,4.411172673980791,4.023396238506806,6.0,4.977060067504232,7.8090319901422065,-1.539848166939688,0.0,0.0,0.0,0.0,0.13017451282792483,0.5810669370389259,0.4343344628615265,0.4093028640163826,0.33772210060434416,0.33772210060434416,0.37852017546982075,0,,23.99973699
TCGA_PANCAN_TCGA-FS-A1ZP-06,TCGA_PANCAN_TCGA-FS-A1ZP,TCGA-SKCM,8.200115260583232,8.1053024151905,6.340547764982432,6.967780409498803,10.0,5.7435257392136885,9.799097960648671,-3.022461228556166,0.0,0.0,0.0,0.0,0.1798680478823894,0.5810669370389259,0.43455423358464756,0.40930286401637933,0.4106618214248125,0.4106618214248125,0.40309078078943095,0,,74.72794819
TCGA_PANCAN_TCGA-FS-A1ZQ-06,TCGA_PANCAN_TCGA-FS-A1ZQ,TCGA-SKCM,7.251277954830368,7.4425266908761545,5.207215315706048,5.655369576526118,8.0,4.467044664690224,8.239390961910434,-1.590876572037998,0.0,0.0,0.0,0.0,0.17609222505387728,0.5810669370389259,0.4342925640432581,0.40930286401637933,0.3734730362036607,0.3734730362036607,0.3948455252712203,0,,133.543742
TCGA_PANCAN_TCGA-FS-A1ZR-06,TCGA_PANCAN_TCGA-FS-A1ZR,TCGA-SKCM,9.503450820190892,8.120504286224426,6.4581965330121545,6.402861926201297,8.0,4.947432389471365,8.528728821540707,-2.1503043025412625,0.0,0.0,0.0,0.0,0.20320889552349541,0.5810669370389259,0.4342925640432581,0.40930286401637933,0.3734730362036607,0.3734730362036607,0.40026885936514384,0,,11.40809416
TCGA_PANCAN_TCGA-FS-A1ZS-06,TCGA_PANCAN_TCGA-FS-A1ZS,TCGA-SKCM,6.910743752779716,6.646413234247361,4.7415882413242425,3.881096520477678,7.0,4.4842025933468905,10.295197104506997,-4.119984018822213,0.0,0.0,0.0,0.0,0.12771611862245819,0.5810669370389259,0.4343344628615265,0.40930286401637933,0.35539590147861166,0.35539590147861166,0.38156325680358033,0,,148.7983693
TCGA_PANCAN_TCGA-FS-A1ZT-06,TCGA_PANCAN_TCGA-FS-A1ZT,TCGA-SKCM,10.31238900128164,9.362340680358589,8.195729325630337,8.65320044206317,10.0,6.774523529590232,9.61510463962481,-2.507510085990786,0.0,0.0,0.0,0.0,0.18587396685785276,0.5810669370389259,0.43455423358464756,0.40930286401637933,0.4106618214248125,0.4106618214248125,0.40429196458452366,0,,53.16106125
TCGA_PANCAN_TCGA-FS-A1ZU-06,TCGA_PANCAN_TCGA-FS-A1ZU,TCGA-SKCM,6.201717603750489,4.624962155305509,2.9690104268703092,2.4327165562741286,8.0,1.7782506368648736,9.139592611695075,-1.7994525638418457,0.0,0.0,0.0,0.0,0.08382625110358621,0.45666993420229685,0.4248681434120708,0.40930286401637933,0.3734730362036607,0.3734730362036607,0.34962804578759876,0,,26.56409245
TCGA_PANCAN_TCGA-FS-A1ZW-06,TCGA_PANCAN_TCGA-FS-A1ZW,TCGA-SKCM,11.251143667923408,9.565610935320311,8.028954312325222,8.888849921773872,11.0,6.800201026347946,10.496348685168433,-3.5669995331649655,0.0,0.0,0.0,0.0,0.22795815404508096,0.5752494962684859,0.4347256711089382,0.40930286401637933,0.42967624665760873,0.42967624665760873,0.4153824864192986,0,,49.47890982
TCGA_PANCAN_TCGA-FS-A1ZY-06,TCGA_PANCAN_TCGA-FS-A1ZY,TCGA-SKCM,5.486270885414129,4.641220731687632,3.0580502117670827,2.879186921841671,7.0,1.310979883798131,6.7097384945950695,-2.028341104310658,0.0,0.0,0.0,0.0,0.2110677526704847,0.4214378858826234,0.4167961655686258,0.409302867695463,0.35539590147861166,0.35539590147861166,0.3628001146591617,0,,27.09011408
TCGA_PANCAN_TCGA-FS-A1ZZ-06,TCGA_PANCAN_TCGA-FS-A1ZZ,TCGA-SKCM,7.580068740094841,6.132935617852189,4.113694107971746,3.8918148154326966,7.0,4.2084158118666055,6.921679729003681,-1.95225763775829,0.0,0.0,0.0,0.0,0.2679297483084103,0.5810669370389259,0.4343344628615265,0.40930286402122307,0.35539590147861166,0.35539590147861166,0.40960598274173954,0,,27.02436138
TCGA_PANCAN_TCGA-FS-A4F0-06,TCGA_PANCAN_TCGA-FS-A4F0,TCGA-SKCM,6.917403395224106,5.53594708435832,3.162326225413442,2.4082440733873987,7.0,5.849824164491565,6.761689782503939,-1.654498510630698,0.0,0.0,0.0,0.0,0.27031779509782633,0.45075788343069373,0.4203622004774143,0.40930286418610967,0.35539590147861166,0.35539590147861166,0.38122732893413114,0,,77.81832528
TCGA_PANCAN_TCGA-FS-A4F2-06,TCGA_PANCAN_TCGA-FS-A4F2,TCGA-SKCM,6.104564564609866,5.700421498799888,4.428074714462465,1.8694526619746075,7.0,2.664186989282201,10.009836981972205,-3.141361904447195,0.0,0.0,0.0,0.0,0.08856385939032509,0.5102285727165702,0.4278820589350878,0.40930286401637933,0.35539590147861166,0.35539590147861166,0.3582746513073948,0,,50.13643686
TCGA_PANCAN_TCGA-FS-A4F4-06,TCGA_PANCAN_TCGA-FS-A4F4,TCGA-SKCM,7.830745446793521,8.639263889563274,8.071074111278996,8.070363158084783,7.0,3.21348726691344,8.64341790348219,-1.2821325195059892,0.0,0.0,0.0,0.0,0.09112133823941738,0.5635534104897696,0.43451538094015124,0.40930286401637933,0.35539590147861166,0.35539590147861166,0.37077777903286585,0,,66.67324194
TCGA_PANCAN_TCGA-FS-A4F5-06,TCGA_PANCAN_TCGA-FS-A4F5,TCGA-SKCM,8.532338963466556,6.373633526563781,4.498800790331272,3.358373717629017,7.0,4.212405917535731,7.517580143193409,-1.334469361278118,0.0,0.0,0.0,0.0,0.19744752087790904,0.528090066635324,0.43101798756313553,0.40930286401638105,0.35539590147861166,0.35539590147861166,0.3842508681142723,0,,28.73393168
TCGA_PANCAN_TCGA-FS-A4F8-06,TCGA_PANCAN_TCGA-FS-A4F8,TCGA-SKCM,10.167368756525699,9.900985066811607,8.913930207007605,9.239381439716155,7.0,4.906467342983104,9.775573184193291,-1.8051996565814505,0.0,0.0,0.0,0.0,0.09234094786104415,0.5810669370389259,0.4343344628615265,0.40930286401637933,0.35539590147861166,0.35539590147861166,0.3744882226512975,0,,174.8364402
TCGA_PANCAN_TCGA-FS-A4F9-06,TCGA_PANCAN_TCGA-FS-A4F9,TCGA-SKCM,6.795741234887481,6.0204416641774365,5.939072611556422,4.173227775834713,10.0,2.155166338666828,8.37758125991997,-2.923103486152611,0.0,0.0,0.0,0.0,0.19281833273410892,0.5576778997490072,0.4340749887562018,0.40930286401637933,0.4106618214248125,0.4106618214248125,0.400907181336102,0,,34.02702436
TCGA_PANCAN_TCGA-FS-A4FB-06,TCGA_PANCAN_TCGA-FS-A4FB,TCGA-SKCM,5.4951971183517365,4.9707259758547035,3.1354427505672113,2.138268976910155,6.0,0.4924172400758576,7.548827205514749,-2.88771554443902,0.0,0.0,0.0,0.0,0.19589979315187175,0.4744728629027568,0.42556869147723264,0.40930286401638827,0.33772210060434416,0.33772210060434416,0.3685932624305187,0,,26.72847421
TCGA_PANCAN_TCGA-FS-A4FC-06,TCGA_PANCAN_TCGA-FS-A4FC,TCGA-SKCM,8.891259784885767,7.856324815603391,6.481836411662915,6.236031845314271,8.0,5.248747338696455,9.22959920751212,-2.694366799379173,0.0,0.0,0.0,0.0,0.1585597970917217,0.5810669370389259,0.4342925640432581,0.40930286401637933,0.3734730362036607,0.3734730362036607,0.39133903967878914,0,,54.41036263
TCGA_PANCAN_TCGA-FS-A4FD-06,TCGA_PANCAN_TCGA-FS-A4FD,TCGA-SKCM,8.738998256402718,7.712706005817342,6.5651457395894735,6.942724608148889,6.0,4.583133928662418,8.852017536757772,-1.7593892243380784,0.0,0.0,0.0,0.0,0.09279978640454589,0.5810669370389259,0.4343344628615265,0.40930286401637933,0.33772210060434416,0.33772210060434416,0.37104523018514435,0,,80.67856791
TCGA_PANCAN_TCGA-FW-A3I3-06,TCGA_PANCAN_TCGA-FW-A3I3,TCGA-SKCM,7.127330427893898,6.490054091105895,5.6460415338551115,5.896156336227577,10.0,4.458710090719838,7.7151895417016165,-1.6935315880198862,0.0,0.0,0.0,0.0,0.19470077540673258,0.5810669370389259,0.43455423358464756,0.40930286401638005,0.4106618214248125,0.4106618214248125,0.4060573262942997,0,,17.45734293
TCGA_PANCAN_TCGA-FW-A3R5-06,TCGA_PANCAN_TCGA-FW-A3R5,TCGA-SKCM,9.262538557784508,8.008734129106145,6.267444708891225,5.8071142210485895,9.0,4.5600607028876965,8.627487678611198,-2.2046388149557252,0.0,0.0,0.0,0.0,0.22930348109496718,0.5810669370389259,0.4342925640432581,0.40930286401637933,0.3919106231782551,0.3919106231782551,0.40917529387435714,0,1.0,36.95301969
TCGA_PANCAN_TCGA-FW-A3TU-06,TCGA_PANCAN_TCGA-FW-A3TU,TCGA-SKCM,7.202195228757347,7.750333935188367,6.135070442267723,6.662074227178721,9.0,2.5017703218999783,8.196039324617853,-1.4156115818117092,0.0,0.0,0.0,0.0,0.16941469392034025,0.5576778997490072,0.4322733126679878,0.40930286401637933,0.3919106231782551,0.3919106231782551,0.39211587870639397,0,,55.5939113
TCGA_PANCAN_TCGA-FW-A3TV-06,TCGA_PANCAN_TCGA-FW-A3TV,TCGA-SKCM,8.465984977821224,8.073143787850881,6.587689107406444,7.202340247926568,8.0,4.401350582810709,9.419013590684733,-3.581740928847892,0.0,0.0,0.0,0.0,0.18319565224677617,0.5810669370389259,0.4342925640432581,0.40930286401637933,0.3734730362036607,0.3734730362036607,0.3962662107098,0,0.0,13.51218069
TCGA_PANCAN_TCGA-FW-A5DX-01,TCGA_PANCAN_TCGA-FW-A5DX,TCGA-SKCM,7.320413912174691,6.099423441002183,5.545422375796797,4.189192562390944,8.0,3.632535787345959,7.828067554454039,-2.3721865341611377,0.0,0.0,0.0,0.0,0.18052375141235447,0.5810669370389259,0.4342925640432581,0.4093028640163794,0.3734730362036607,0.3734730362036607,0.3957318305429157,0,,21.04086531
TCGA_PANCAN_TCGA-FW-A5DY-06,TCGA_PANCAN_TCGA-FW-A5DY,TCGA-SKCM,9.7384458141372,9.730660261158054,8.35512927517679,8.681919968833446,9.0,5.276891156783949,9.766935936689569,-2.826370097948333,0.0,0.0,0.0,0.0,0.17809704499259016,0.5810669370389259,0.4342925640432581,0.40930286401637933,0.3919106231782551,0.3919106231782551,0.39893400665388173,0,,19.29841865
TCGA_PANCAN_TCGA-GF-A2C7-01,TCGA_PANCAN_TCGA-GF-A2C7,TCGA-SKCM,5.0712993384637155,5.275270723247068,4.079400430974383,1.89381848626094,8.0,3.3468576342173786,8.302100653085278,-2.6011666612855064,0.0,0.0,0.0,0.0,0.15832716480563971,0.5161875658808806,0.429063301524469,0.40930286401637933,0.3734730362036607,0.3734730362036607,0.3772707864862058,0,,0.690403393
TCGA_PANCAN_TCGA-GF-A3OT-06,TCGA_PANCAN_TCGA-GF-A3OT,TCGA-SKCM,10.128739629573568,9.1482209706602,7.938948455186214,7.4898390155623975,10.0,9.67628680450676,10.368359846871034,-1.722633721256722,0.0,0.0,0.0,0.0,0.10967278457417572,0.5810669370389259,0.43455423358464756,0.40930286401637933,0.4106618214248125,0.4106618214248125,0.3890517281277882,0,0.0,9.895781964
TCGA_PANCAN_TCGA-GF-A4EO-06,TCGA_PANCAN_TCGA-GF-A4EO,TCGA-SKCM,12.321609582620283,11.23913079741021,10.291937102738164,10.863457170693444,9.0,7.469014953182183,11.064009024906673,-3.106773717087421,0.0,0.0,0.0,0.0,0.131982163061712,0.5810669370389259,0.4342925640432581,0.40930286401637933,0.3919106231782551,0.3919106231782551,0.3897110302677061,0,1.0,19.42992406
TCGA_PANCAN_TCGA-GF-A6C8-06,TCGA_PANCAN_TCGA-GF-A6C8,TCGA-SKCM,10.035250528913643,8.871771808570239,8.512336794845293,8.018277228307365,7.0,5.305864758371236,9.378195775978018,-2.4039151305954585,0.0,0.0,0.0,0.0,0.11011654396667704,0.5810669370389259,0.4343344628615265,0.40930286401637933,0.35539590147861166,0.35539590147861166,0.3780433418724241,0,,2.038333827
TCGA_PANCAN_TCGA-GF-A6C9-06,TCGA_PANCAN_TCGA-GF-A6C9,TCGA-SKCM,11.118628376837195,10.381108714220408,8.662785033247943,8.196473134883014,8.0,4.5355553333993095,11.346144657861142,-2.9396229778527037,0.0,0.0,0.0,0.0,0.10758913812761557,0.5810669370389259,0.4342925640432581,0.40930286401637933,0.3734730362036607,0.3734730362036607,0.38114490788596794,0,1.0,15.78064898
TCGA_PANCAN_TCGA-GF-A769-01,TCGA_PANCAN_TCGA-GF-A769,TCGA-SKCM,6.33845399897877,5.600824463673466,4.307813732737977,3.663943419449138,8.0,5.16131532669045,9.345811462884733,-2.6248847953158174,0.0,0.0,0.0,0.0,0.10206764991563347,0.5810669370389259,0.4342925640432581,0.40930286401637933,0.3734730362036607,0.3734730362036607,0.3800406102435715,0,,35.17769668
TCGA_PANCAN_TCGA-GN-A262-06,TCGA_PANCAN_TCGA-GN-A262,TCGA-SKCM,5.563839843770713,3.646850241875071,1.686057467987692,0.7766835032540985,6.0,0.8108132418300152,3.563129523690621,-0.23350978109076914,0.0,0.0,0.0,0.0,0.3923211094854548,0.4164609063495483,0.4125926948812384,0.40289637250856614,0.33772210060434416,0.33772210060434416,0.3923986367658303,0,,139.8888779
TCGA_PANCAN_TCGA-GN-A263-01,TCGA_PANCAN_TCGA-GN-A263,TCGA-SKCM,9.069803093946108,7.8043507158814105,6.186151672885799,6.2017937182572105,10.0,5.753462805495048,8.700555935920423,-2.047378650072452,0.0,0.0,0.0,0.0,0.22038081700661583,0.5810669370389259,0.43455423358464756,0.40930286401637933,0.4106618214248125,0.4106618214248125,0.4111933346142762,0,,15.3532564
TCGA_PANCAN_TCGA-GN-A264-06,TCGA_PANCAN_TCGA-GN-A264,TCGA-SKCM,6.514475945499221,6.169709254929167,4.74303996537394,4.438446536386413,8.0,3.142151997191489,8.730382325426906,-3.7690294666247244,0.0,0.0,0.0,0.0,0.2046584271295405,0.569411135272715,0.43442748867813386,0.40930286401637933,0.3734730362036607,0.3734730362036607,0.3982545902600859,0,,117.9274748
TCGA_PANCAN_TCGA-GN-A265-06,TCGA_PANCAN_TCGA-GN-A265,TCGA-SKCM,11.187138681224964,10.049553495476138,8.746160149811896,8.313370019559457,8.0,6.356210730562284,11.790243458040957,-2.6927048111434697,0.0,0.0,0.0,0.0,0.07000308865932424,0.5810669370389259,0.4342925640432581,0.40930286401637933,0.3734730362036607,0.3734730362036607,0.37362769799230966,0,,96.91948581
TCGA_PANCAN_TCGA-GN-A266-06,TCGA_PANCAN_TCGA-GN-A266,TCGA-SKCM,11.638097213240313,10.164257611851788,8.086201278075048,8.37588068893581,9.0,7.383220433365656,11.57648392150023,-3.0310345464459925,0.0,0.0,0.0,0.0,0.12073490154622295,0.5810669370389259,0.4342925640432581,0.40930286401637933,0.3919106231782551,0.3919106231782551,0.38746157796460834,0,,10.12591643
TCGA_PANCAN_TCGA-GN-A267-06,TCGA_PANCAN_TCGA-GN-A267,TCGA-SKCM,9.220441966297553,8.75499128365693,7.676071102453165,8.97465814870607,6.0,3.1794314291428227,8.253704860166346,-1.8592101013146767,0.0,0.0,0.0,0.0,0.13105233950990577,0.569411135272715,0.43451538094015124,0.40930286401637933,0.33772210060434416,0.33772210060434416,0.3764007640686991,0,,64.43765
TCGA_PANCAN_TCGA-GN-A268-06,TCGA_PANCAN_TCGA-GN-A268,TCGA-SKCM,6.7972198100967605,6.000899550640702,5.241369689612203,4.342428831680335,9.0,3.0436594694108705,8.227038149537414,-2.6938739760181702,0.0,0.0,0.0,0.0,0.186244666108288,0.5635534104897696,0.4342956482530649,0.40930286401637933,0.3919106231782551,0.3919106231782551,0.3970614424091514,0,,62.7938324
TCGA_PANCAN_TCGA-GN-A26A-06,TCGA_PANCAN_TCGA-GN-A26A,TCGA-SKCM,10.388953448315975,9.18722513128964,8.489383304154838,7.447021177695326,9.0,5.510420807172184,10.30974320691018,-0.3745605113242263,0.0,0.0,0.0,0.0,0.057684597585654224,0.5425148582397223,0.4275183125221949,0.40930286401637933,0.3919106231782551,0.3919106231782551,0.3657862511084412,0,,32.48183582
TCGA_PANCAN_TCGA-GN-A26C-01,TCGA_PANCAN_TCGA-GN-A26C,TCGA-SKCM,12.114349529337405,11.157891717912914,9.16239588440883,9.929410412293837,9.0,9.37566721471846,10.76351474091034,-3.2845710239546353,0.0,0.0,0.0,0.0,0.19831061108754092,0.5810669370389259,0.4342925640432581,0.40930286401637933,0.3919106231782551,0.3919106231782551,0.40297671987287187,0,,26.99148503
TCGA_PANCAN_TCGA-GN-A26D-06,TCGA_PANCAN_TCGA-GN-A26D,TCGA-SKCM,7.315934640328288,6.663058829848467,4.942093574963872,4.675073598738551,7.0,3.075344366862186,7.700295416676167,-1.38007500570491,0.0,0.0,0.0,0.0,0.15907427096899404,0.5635534104897696,0.4344634140481436,0.4093028640163817,0.35539590147861166,0.35539590147861166,0.38435797220038015,0,,47.99947398
TCGA_PANCAN_TCGA-GN-A4U3-06,TCGA_PANCAN_TCGA-GN-A4U3,TCGA-SKCM,6.153348531773315,5.77708705250409,4.914136203060617,4.413989832883453,6.0,4.746189132268404,8.507900677773574,-3.2781863405407714,0.0,0.0,0.0,0.0,0.12445740311696735,0.5810669370389259,0.4343344628615265,0.40930286401637933,0.33772210060434416,0.33772210060434416,0.37737675352762867,0,1.0,121.9055134
TCGA_PANCAN_TCGA-GN-A4U4-06,TCGA_PANCAN_TCGA-GN-A4U4,TCGA-SKCM,7.302481845974202,6.7500450694097935,4.98216744419698,5.615637252979619,7.0,3.9157312186940287,7.51213955601537,-3.0682310350441977,0.0,0.0,0.0,0.0,0.2679376832797815,0.5810669370389259,0.4343344628615265,0.40930286401637933,0.35539590147861166,0.35539590147861166,0.40960756973504503,0,1.0,39.35299339
TCGA_PANCAN_TCGA-GN-A4U5-01,TCGA_PANCAN_TCGA-GN-A4U5,TCGA-SKCM,11.94622000918612,10.637725837214836,9.443656439835697,9.65677259270418,8.0,7.597948250043757,9.041706022882185,-2.172296428704656,0.0,0.0,0.0,0.0,0.20924188983737277,0.5810669370389259,0.4342925640432581,0.40930286401637933,0.3734730362036607,0.3734730362036607,0.40147545822791936,0,1.0,38.00506296
TCGA_PANCAN_TCGA-GN-A4U7-06,TCGA_PANCAN_TCGA-GN-A4U7,TCGA-SKCM,4.978069303144374,4.631712854171159,2.181500522499297,2.260014020794099,7.0,4.22682447008719,6.26783622223237,-0.7123583936742826,0.0,0.0,0.0,0.0,0.20102017552032111,0.43311143279194975,0.41635872326065304,0.4093037801073131,0.35539590147861166,0.35539590147861166,0.3630380026317698,0,,10.4218036
TCGA_PANCAN_TCGA-GN-A4U8-06,TCGA_PANCAN_TCGA-GN-A4U8,TCGA-SKCM,11.074856638093145,10.157476617439647,9.127732627910891,9.230023060675865,9.0,6.105835193711699,9.765980910117028,-2.2430466931162734,0.0,0.0,0.0,0.0,0.15755688240271018,0.5810669370389259,0.4342925640432581,0.40930286401637933,0.3919106231782551,0.3919106231782551,0.3948259741359057,0,1.0,48.88713548
TCGA_PANCAN_TCGA-GN-A4U9-06,TCGA_PANCAN_TCGA-GN-A4U9,TCGA-SKCM,8.475814771593893,7.213164580032596,5.839522323681452,4.606551734744453,8.0,3.6209382443862856,8.87280469009635,-1.7617921524392273,0.0,0.0,0.0,0.0,0.13684134823678396,0.5810669370389259,0.4342925640432581,0.40930286401637933,0.3734730362036607,0.3734730362036607,0.3869953499078016,0,1.0,22.12578492
TCGA_PANCAN_TCGA-GN-A8LK-06,TCGA_PANCAN_TCGA-GN-A8LK,TCGA-SKCM,5.252052589615072,4.995113995449323,3.7550704550821266,3.706938459281216,7.0,2.541985583774473,4.6174418833802715,-0.26841019946778477,0.0,0.0,0.0,0.0,0.27337468802540377,0.5161875658808806,0.4211639081530487,0.41060124353057054,0.35539590147861166,0.35539590147861166,0.39534466141370306,0,0.0,50.10356051
TCGA_PANCAN_TCGA-GN-A8LL-06,TCGA_PANCAN_TCGA-GN-A8LL,TCGA-SKCM,5.810284773555357,6.610022711507663,5.942988706729461,5.887335277586397,7.0,2.2839217723076173,6.398683288070543,-1.4811234902879171,0.0,0.0,0.0,0.0,0.1970455525278382,0.5576778997490072,0.43382662657352006,0.40930286580673153,0.35539590147861166,0.35539590147861166,0.3906497692271417,0,,21.36962883
TCGA_PANCAN_TCGA-GN-A9SD-06,TCGA_PANCAN_TCGA-GN-A9SD,TCGA-SKCM,9.90574700169067,9.533834121695637,7.718489942630253,9.142943270854342,10.0,3.3752201914492423,9.563653457732338,-1.7812684995940646,0.0,0.0,0.0,0.0,0.16386082518051173,0.5810669370389259,0.434630491683435,0.40930286401637933,0.4106618214248125,0.4106618214248125,0.3999045878688129,0,1.0,59.40756814
TCGA_PANCAN_TCGA-HR-A2OG-06,TCGA_PANCAN_TCGA-HR-A2OG,TCGA-SKCM,9.826700631537815,9.037628476744835,7.522704246678906,6.917331560308128,7.0,6.029739982686291,10.449791911346864,-2.5125585297885165,0.0,0.0,0.0,0.0,0.09514903011793148,0.5810669370389259,0.4343344628615265,0.40930286401637933,0.35539590147861166,0.35539590147861166,0.375049839102675,0,,0.230134464
TCGA_PANCAN_TCGA-HR-A2OH-06,TCGA_PANCAN_TCGA-HR-A2OH,TCGA-SKCM,13.147995356141841,11.786496415460341,11.349933266773089,11.569002373168555,11.0,8.080609700611769,11.666922896910851,-3.58470035079759,0.0,0.0,0.0,0.0,0.15421290858899395,0.5752494962684859,0.4347256711089382,0.40930286401637933,0.42967624665760873,0.42967624665760873,0.4006334373280812,0,1.0,65.88420949
TCGA_PANCAN_TCGA-IH-A3EA-01,TCGA_PANCAN_TCGA-IH-A3EA,TCGA-SKCM,6.131466814465514,6.874957499511298,6.414783381796293,4.744890641796728,8.0,4.583928198605976,8.642920889022506,-1.051790964831615,0.0,0.0,0.0,0.0,0.0812791112675079,0.5810669370389259,0.4339334412027324,0.40930286401637933,0.3734730362036607,0.3734730362036607,0.37581107794584123,0,,17.22720847
TCGA_PANCAN_TCGA-LH-A9QB-06,TCGA_PANCAN_TCGA-LH-A9QB,TCGA-SKCM,6.9895219601003005,6.21396157084454,5.953224159208146,3.364130898668607,7.0,4.753711493691238,8.003240825733412,-2.807055066802749,0.0,0.0,0.0,0.0,0.16950580175738525,0.5340302089078226,0.43101798756313553,0.40930286401637933,0.35539590147861166,0.35539590147861166,0.3798505527446669,0,,368.7740408
TCGA_PANCAN_TCGA-OD-A75X-06,TCGA_PANCAN_TCGA-OD-A75X,TCGA-SKCM,9.162313175750247,7.2365856770895345,6.047057548612953,4.458022550761754,8.0,5.48078212440398,8.892744502237779,-2.176794656989281,0.0,0.0,0.0,0.0,0.15906150450922382,0.5810669370389259,0.4342925640432581,0.40930286401637933,0.3734730362036607,0.3734730362036607,0.3914393811622896,0,,297.8926258
TCGA_PANCAN_TCGA-QB-A6FS-06,TCGA_PANCAN_TCGA-QB-A6FS,TCGA-SKCM,9.197205503223579,9.777064465738437,8.955001981072414,9.298608928559517,9.0,3.830458163541077,8.88289547085949,-1.4080861849567006,0.0,0.0,0.0,0.0,0.14240236545002719,0.5810669370389259,0.4342925640432581,0.40930286401637933,0.3919106231782551,0.3919106231782551,0.3917950707453691,0,,7.232797449
TCGA_PANCAN_TCGA-QB-AA9O-06,TCGA_PANCAN_TCGA-QB-AA9O,TCGA-SKCM,10.398032903634386,9.632555552734825,9.062761421924366,8.989884068049658,9.0,5.104881761343652,9.05246387163754,-1.9033549321352679,0.0,0.0,0.0,0.0,0.15973013193443272,0.5810669370389259,0.4342925640432581,0.40930286401637933,0.3919106231782551,0.3919106231782551,0.39526062404225026,0,0.0,18.04911727
TCGA_PANCAN_TCGA-RP-A690-06,TCGA_PANCAN_TCGA-RP-A690,TCGA-SKCM,6.168434484357122,6.0432722626907704,4.004820510616503,4.0361093731182045,9.0,3.839314663455149,8.816484726679898,-3.052839126204307,0.0,0.0,0.0,0.0,0.19817657735445446,0.5810669370389259,0.4342925640432581,0.40930286401637933,0.3919106231782551,0.3919106231782551,0.4029499131262546,0,,0.197258112
TCGA_PANCAN_TCGA-RP-A693-06,TCGA_PANCAN_TCGA-RP-A693,TCGA-SKCM,10.419604076027477,9.11077417340321,7.801238609041975,8.213989091118064,11.0,5.2996732697607865,10.782575008620498,-2.7226999962174236,0.0,0.0,0.0,0.0,0.1398009600355985,0.5752494962684859,0.4347256711089382,0.40930286401637933,0.42967624665760873,0.42967624665760873,0.3977510476174021,0,,0.32876352
TCGA_PANCAN_TCGA-RP-A694-06,TCGA_PANCAN_TCGA-RP-A694,TCGA-SKCM,9.152027845233912,8.389906768541092,7.293094812474587,7.383509451799684,8.0,3.539940446964116,9.716054003419112,-2.568807847940244,0.0,0.0,0.0,0.0,0.11895171641408675,0.5810669370389259,0.4342925640432581,0.40930286401637933,0.3734730362036607,0.3734730362036607,0.38341742354326214,0,,0.690403393
TCGA_PANCAN_TCGA-RP-A695-06,TCGA_PANCAN_TCGA-RP-A695,TCGA-SKCM,7.763733209685661,7.7767472821635,6.927392077079894,7.279546031588948,9.0,6.007695602828381,9.050568689727724,-2.4849465282685372,0.0,0.0,0.0,0.0,0.1423217164233761,0.5810669370389259,0.4342925640432581,0.40930286401637933,0.3919106231782551,0.3919106231782551,0.3917789409400389,0,,
TCGA_PANCAN_TCGA-RP-A6K9-06,TCGA_PANCAN_TCGA-RP-A6K9,TCGA-SKCM,9.146528980504284,9.107545175841821,8.51710361548942,8.708131223003964,9.0,6.044542753008943,10.03204485613764,-3.8039146347313384,0.0,0.0,0.0,0.0,0.16329918513448372,0.5810669370389259,0.4342925640432581,0.40930286401637933,0.3919106231782551,0.3919106231782551,0.3959744346822604,0,,
TCGA_PANCAN_TCGA-W3-A824-06,TCGA_PANCAN_TCGA-W3-A824,TCGA-SKCM,11.452428947814832,10.140893237698396,9.437468539007757,9.33500018962854,8.0,6.893701971065751,9.217987792307735,-2.906280122681059,0.0,0.0,0.0,0.0,0.20474910286789164,0.5810669370389259,0.4342925640432581,0.40930286401637933,0.3734730362036607,0.3734730362036607,0.4005769008340231,0,0.0,228.1618832
TCGA_PANCAN_TCGA-W3-A825-06,TCGA_PANCAN_TCGA-W3-A825,TCGA-SKCM,10.294060179333243,9.494580964062745,9.251759376342571,9.072167482999902,8.0,4.362070058837669,10.083561461517316,-2.1667888420210355,0.0,0.0,0.0,0.0,0.08620686828188863,0.5810669370389259,0.4342925640432581,0.40930286401637933,0.3734730362036607,0.3734730362036607,0.37686845391682255,0,1.0,63.02396686
TCGA_PANCAN_TCGA-W3-A828-06,TCGA_PANCAN_TCGA-W3-A828,TCGA-SKCM,8.043557921000543,7.574619530970226,6.410408732455843,4.938403042038885,6.0,4.127047168992218,10.394168020107852,-2.658461230294619,0.0,0.0,0.0,0.0,0.06632593891001136,0.5810669370389259,0.4343344628615265,0.40930286401637933,0.33772210060434416,0.33772210060434416,0.3657504606862375,0,,121.0836046
TCGA_PANCAN_TCGA-W3-AA1O-06,TCGA_PANCAN_TCGA-W3-AA1O,TCGA-SKCM,6.2542379894101785,5.848560721150285,4.752838344136965,3.5760490621446444,8.0,4.118534154582692,8.21671725482893,-1.907157706773905,0.0,0.0,0.0,0.0,0.1360571604267531,0.5810669370389259,0.4342925640432581,0.4093028640163794,0.3734730362036607,0.3734730362036607,0.38683851234579547,0,0.0,4.010914949
TCGA_PANCAN_TCGA-W3-AA1Q-06,TCGA_PANCAN_TCGA-W3-AA1Q,TCGA-SKCM,9.946988567332939,8.994224727036277,7.522011573291601,7.968919981076692,9.0,6.5798514269353445,8.500323956745989,-2.607493076232487,0.0,0.0,0.0,0.0,0.26905232573293036,0.5810669370389259,0.4342925640432581,0.40930286401637933,0.3919106231782551,0.3919106231782551,0.4171250628019497,0,0.0,69.07321564
TCGA_PANCAN_TCGA-W3-AA1R-06,TCGA_PANCAN_TCGA-W3-AA1R,TCGA-SKCM,9.57991907621309,8.308218354198043,7.373901318519579,7.3166474099429335,10.0,4.998980736657623,7.843492000413785,-1.2692054543898026,0.0,0.0,0.0,0.0,0.2297326255523877,0.5810669370389259,0.43455423358464756,0.40930286401637933,0.4106618214248125,0.4106618214248125,0.41306369632343054,0,0.0,111.0891935
TCGA_PANCAN_TCGA-W3-AA1V-06,TCGA_PANCAN_TCGA-W3-AA1V,TCGA-SKCM,8.706885947872715,8.518672368222065,8.833424967388753,5.978156889290696,9.0,9.010189595793204,10.567279172115283,-3.7651401783680747,0.0,0.0,0.0,0.0,0.11798694160061023,0.5810669370389259,0.4342925640432581,0.40930286401637933,0.3919106231782551,0.3919106231782551,0.3869119859754857,0,0.0,42.08173061
TCGA_PANCAN_TCGA-W3-AA1W-06,TCGA_PANCAN_TCGA-W3-AA1W,TCGA-SKCM,13.140045789772502,11.94185220847673,11.491470802927797,11.620665002172263,10.0,7.853527892725293,10.956573418100337,-2.919413962174289,0.0,0.0,0.0,0.0,0.15321444082316782,0.5810669370389259,0.43455423358464756,0.40930286401637933,0.4106618214248125,0.4106618214248125,0.39776005937758663,0,0.0,219.1537627
TCGA_PANCAN_TCGA-W3-AA21-06,TCGA_PANCAN_TCGA-W3-AA21,TCGA-SKCM,7.443741682931122,7.21047734261494,5.147295817184345,6.321639364923898,6.0,1.8507594254809088,5.820792672607666,-0.7879315471793849,0.0,0.0,0.0,0.0,0.26263641891816264,0.5517862006224685,0.43278796413187226,0.4093028658090484,0.33772210060434416,0.33772210060434416,0.3988471100171792,0,0.0,105.0399448
TCGA_PANCAN_TCGA-WE-A8JZ-06,TCGA_PANCAN_TCGA-WE-A8JZ,TCGA-SKCM,8.278162018272845,7.084747757926512,5.467294290185794,6.189632401015611,8.0,4.123045353111909,7.6742282816129785,-1.9449114029308285,0.0,0.0,0.0,0.0,0.21650295602318614,0.5810669370389259,0.4342925640432581,0.40930286401637933,0.3734730362036607,0.3734730362036607,0.40292767146508196,0,,24.03261334
TCGA_PANCAN_TCGA-WE-A8K1-06,TCGA_PANCAN_TCGA-WE-A8K1,TCGA-SKCM,10.830824885720254,9.856069743155182,9.117319219198265,9.304236388028166,8.0,5.881329354416788,8.681492096544996,-1.4676464389568462,0.0,0.0,0.0,0.0,0.15418473260814142,0.5810669370389259,0.4342925640432581,0.40930286401637933,0.3734730362036607,0.3734730362036607,0.3904640267820731,0,,49.05151724
TCGA_PANCAN_TCGA-WE-A8K5-06,TCGA_PANCAN_TCGA-WE-A8K5,TCGA-SKCM,10.282950803548436,8.607608626377223,7.083732628840196,7.448882497579234,8.0,4.3245586137179926,8.547256027136001,-1.7445352089642059,0.0,0.0,0.0,0.0,0.18354947153518592,0.5810669370389259,0.4342925640432581,0.40930286401637933,0.3734730362036607,0.3734730362036607,0.396336974567482,0,0.0,61.15001479
TCGA_PANCAN_TCGA-WE-A8K6-06,TCGA_PANCAN_TCGA-WE-A8K6,TCGA-SKCM,7.223290644334195,6.287190640454492,5.005853565870344,4.231907878399188,6.0,2.3062914083581907,9.072357687073904,-2.4516413829911583,0.0,0.0,0.0,0.0,0.09393312833304816,0.5576778997490072,0.43382662657352006,0.40930286401637933,0.33772210060434416,0.33772210060434416,0.36649252385525977,0,,17.95048821
TCGA_PANCAN_TCGA-WE-A8ZM-06,TCGA_PANCAN_TCGA-WE-A8ZM,TCGA-SKCM,4.635495569217343,4.753453079600736,2.4358509801627424,6.187470829675213,7.0,2.2724413009436706,8.150735812351565,-4.00797459161102,0.0,0.0,0.0,0.0,0.17974158034194393,0.49234092360903375,0.4313817046629398,0.40930286401637933,0.35539590147861166,0.35539590147861166,0.3736325948217817,0,,101.324917
TCGA_PANCAN_TCGA-WE-A8ZN-06,TCGA_PANCAN_TCGA-WE-A8ZN,TCGA-SKCM,10.241894277977094,10.006397734411605,9.116261345919881,9.471249154388321,9.0,4.542350924140579,9.030234691840121,-1.88945695994064,0.0,0.0,0.0,0.0,0.1720227927978723,0.5810669370389259,0.4342925640432581,0.40930286401637933,0.3919106231782551,0.3919106231782551,0.39771915621493814,0,0.0,58.98017556
TCGA_PANCAN_TCGA-WE-A8ZO-06,TCGA_PANCAN_TCGA-WE-A8ZO,TCGA-SKCM,10.870581303702949,9.250826165846949,8.050695032298776,8.029690988482699,9.0,5.911959965286915,10.304467297340604,-3.19081474827278,0.0,0.0,0.0,0.0,0.16024253704870517,0.5810669370389259,0.4342925640432581,0.40930286401637933,0.3919106231782551,0.3919106231782551,0.39536310506510475,0,1.0,70.51977513
TCGA_PANCAN_TCGA-WE-A8ZQ-06,TCGA_PANCAN_TCGA-WE-A8ZQ,TCGA-SKCM,5.718359157754837,4.539947329851932,1.479751193095566,1.273169438379058,7.0,2.310718196784404,8.193701857060514,-2.9514026428439983,0.0,0.0,0.0,0.0,0.2137513324730214,0.4804238860829008,0.43257692681106835,0.40930286401637933,0.35539590147861166,0.35539590147861166,0.37829018217239635,0,,63.22122497
TCGA_PANCAN_TCGA-WE-A8ZT-06,TCGA_PANCAN_TCGA-WE-A8ZT,TCGA-SKCM,7.071245945430874,6.700574576550886,4.829586745513506,4.9034250224375535,5.0,6.152660046352549,8.127809060322951,-4.107274873601121,0.0,0.0,0.0,0.0,0.23228899608693454,0.5810669370389259,0.4343344628615265,0.40930286401637933,0.32049022827510243,0.32049022827510243,0.3954966976557738,0,,11.80261038
TCGA_PANCAN_TCGA-WE-A8ZX-06,TCGA_PANCAN_TCGA-WE-A8ZX,TCGA-SKCM,10.72367977496405,9.570392554740842,9.121231278974346,8.968467511599062,9.0,4.794265090341184,9.922991831178944,-3.1534980534615986,0.0,0.0,0.0,0.0,0.15975275143479808,0.5810669370389259,0.4342925640432581,0.40930286401637933,0.3919106231782551,0.3919106231782551,0.3952651479423233,0,1.0,35.80234737
TCGA_PANCAN_TCGA-WE-A8ZY-06,TCGA_PANCAN_TCGA-WE-A8ZY,TCGA-SKCM,7.791165104337068,7.117114786112484,6.0375129029742105,4.657392081093574,9.0,5.342920919402922,8.549810358179002,-1.355222257361322,0.0,0.0,0.0,0.0,0.1417369707959443,0.5810669370389259,0.4342925640432581,0.40930286401637933,0.3919106231782551,0.3919106231782551,0.3916619918145526,0,,49.51178617
TCGA_PANCAN_TCGA-WE-AA9Y-06,TCGA_PANCAN_TCGA-WE-AA9Y,TCGA-SKCM,6.45471578276057,7.583528017652516,6.857254307228709,6.114520383283058,9.0,2.872316585750363,9.150877490735033,-2.13778814337721,0.0,0.0,0.0,0.0,0.11524592137169842,0.5517862006224685,0.4329541045415824,0.40930286401637933,0.3919106231782551,0.3919106231782551,0.38023994274607675,0,,12.16425026
TCGA_PANCAN_TCGA-WE-AAA0-06,TCGA_PANCAN_TCGA-WE-AAA0,TCGA-SKCM,8.802155445415107,8.086999303049286,6.054950298087706,6.003725387944771,8.0,3.991499170926328,8.993121417003405,-2.9047106774061433,0.0,0.0,0.0,0.0,0.2176961757090421,0.5810669370389259,0.4342925640432581,0.40930286401637933,0.3734730362036607,0.3734730362036607,0.4031663154022532,0,0.0,40.40503666
TCGA_PANCAN_TCGA-WE-AAA3-06,TCGA_PANCAN_TCGA-WE-AAA3,TCGA-SKCM,9.774132704520609,9.42689852595408,8.678706195921906,8.718654697752545,8.0,6.158407722016564,9.905766494765945,-2.820729263369362,0.0,0.0,0.0,0.0,0.1250191964018144,0.5810669370389259,0.4342925640432581,0.40930286401637933,0.3734730362036607,0.3734730362036607,0.38463091954080764,0,,21.40250518
TCGA_PANCAN_TCGA-WE-AAA4-06,TCGA_PANCAN_TCGA-WE-AAA4,TCGA-SKCM,11.655629748243788,11.473071457142753,11.368533074113577,11.056361965933098,9.0,6.89762767427955,11.132639252074856,-1.380589290435637,0.0,0.0,0.0,0.0,0.06023141186378455,0.5810669370389259,0.4342925640432581,0.40930286401637933,0.3919106231782551,0.3919106231782551,0.3753608800281206,0,1.0,24.98602755
TCGA_PANCAN_TCGA-XV-AB01-06,TCGA_PANCAN_TCGA-XV-AB01,TCGA-SKCM,7.514268986063738,8.400568318937342,6.997192255747345,7.013303365704761,8.0,2.702568895810872,7.889130158309252,-1.0776317615931879,0.0,0.0,0.0,0.0,0.16285799177064905,0.5458799287302166,0.43126135702031954,0.40930286401637933,0.3734730362036607,0.3734730362036607,0.38455503554824505,0,,13.24916987
TCGA_PANCAN_TCGA-YD-A89C-06,TCGA_PANCAN_TCGA-YD-A89C,TCGA-SKCM,6.000698464531982,5.405299897915102,4.37610240334465,3.336571571595699,8.0,0.5195419045784366,7.896988319316637,-2.633515492264599,0.0,0.0,0.0,0.0,0.17968048888494817,0.504266671216818,0.42847500250901094,0.4093028640163795,0.3734730362036607,0.3734730362036607,0.3790396125661634,0,,6.904033928
TCGA_PANCAN_TCGA-YD-A9TA-06,TCGA_PANCAN_TCGA-YD-A9TA,TCGA-SKCM,10.276399691381917,9.00743981058438,8.259368633480689,7.088698338909659,11.0,5.361389391691602,10.279736401156581,-2.466770253765996,0.0,0.0,0.0,0.0,0.15474153260224355,0.5752494962684859,0.4347256711089382,0.40930286401637933,0.42967624665760873,0.42967624665760873,0.40073916213073113,0,,49.18302265
TCGA_PANCAN_TCGA-YD-A9TB-06,TCGA_PANCAN_TCGA-YD-A9TB,TCGA-SKCM,9.827683044721347,8.286100924068966,7.1178070279535035,6.691708063049953,8.0,3.474020632652202,9.492624605485073,-3.195861398256863,0.0,0.0,0.0,0.0,0.1750508195832186,0.5868619241359337,0.4342925640432581,0.40930286401637933,0.3734730362036607,0.3734730362036607,0.39579624159649013,0,,
TCGA_PANCAN_TCGA-YG-AA3O-06,TCGA_PANCAN_TCGA-YG-AA3O,TCGA-SKCM,8.239397249162733,7.739242093774504,6.885172082387664,6.979740328404075,9.0,3.859890058701136,8.829075281037284,-3.2991826874871455,0.0,0.0,0.0,0.0,0.2092916850418949,0.5810669370389259,0.4342925640432581,0.40930286401637933,0.3919106231782551,0.3919106231782551,0.4051729346637427,0,1.0,37.93931025
TCGA_PANCAN_TCGA-YG-AA3P-06,TCGA_PANCAN_TCGA-YG-AA3P,TCGA-SKCM,7.845648291135341,6.142822296322583,4.723012576241054,4.235151222862714,10.0,1.3775680141288449,7.9300972663346645,-2.6619716269311713,0.0,0.0,0.0,0.0,0.2835107989805458,0.5576778997490072,0.4340749887562018,0.40930286401637933,0.4106618214248125,0.4106618214248125,0.4190456745853893,0,,14.43271855
TCGA_PANCAN_TCGA-Z2-A8RT-06,TCGA_PANCAN_TCGA-Z2-A8RT,TCGA-SKCM,10.12939966060105,9.21643185252866,7.686869170027633,7.478736964814638,10.0,6.08861441595073,9.726485522164882,-2.2673750682346654,0.0,0.0,0.0,0.0,0.1842183005992604,0.5810669370389259,0.43455423358464756,0.40930286401637933,0.4106618214248125,0.4106618214248125,0.4039608313328051,0,,27.58325936
TCGA_PANCAN_TCGA-Z2-AA3S-06,TCGA_PANCAN_TCGA-Z2-AA3S,TCGA-SKCM,8.202729722911451,7.8241177559048625,6.641340926163256,7.440773947275641,9.0,3.742426666084346,8.480524044124598,-2.5400389133009407,0.0,0.0,0.0,0.0,0.19965196740899552,0.5810669370389259,0.4342925640432581,0.40930286401637933,0.3919106231782551,0.3919106231782551,0.4032449911371628,0,0.0,96.98523852
TCGA_PANCAN_TCGA-Z2-AA3V-06,TCGA_PANCAN_TCGA-Z2-AA3V,TCGA-SKCM,9.640016643685245,10.491677000999143,10.188608168062423,9.051039874619814,8.0,5.258262623830245,10.461832627480408,-2.806654160404909,0.0,0.0,0.0,0.0,0.10312514153183411,0.5810669370389259,0.4342925640432581,0.40930286401637933,0.3734730362036607,0.3734730362036607,0.38025210856681163,0,,15.97790709
