PATIENT_ID,SAMPLE_ID,OS_MONTHS,OS_STATUS,SURV_STATUS,BRAF,MAP2K1,MAP2K2,MAPK1,MAPK3,CDKN2A,MKI67,CD8A,PRF1,GZMA,PDCD1,CD274,CYT,BRAF_MUT,BRAF_VARIANT,NRAS_MUT,IMPRES,PD_L1,MAPK_DRIVEN
TCGA-3N-A9WB,TCGA-3N-A9WB-06,17.02995036,1:DECEASED,1,0.2637859382920583,0.7522948641840838,1.2276244855375618,0.6803454792217047,0.9074742030999009,0.014321113284475412,1.0681681956833955,0.008833011129532435,0.01887557579619955,0.047463210030141985,0.009675008328304988,0.16751666147944141,0.03316939291317077,0,WT,1,8.571428571428571,10.5008,1
TCGA-3N-A9WC,TCGA-3N-A9WC-06,66.47598383,0:LIVING,0,0.5759976104434618,0.8865935175182318,1.1641847558393037,0.8709447847048009,1.2702326158072583,1.3759473882896194,0.41358705712878174,2.860326386411607,1.4039291609123141,2.542773295640599,3.2363756271171074,4.848440246470672,1.9733512282764565,0,WT,1,8.571428571428571,303.925,1
TCGA-3N-A9WD,TCGA-3N-A9WD-06,12.98615906,1:DECEASED,1,0.6255409299438177,0.7066798221756445,1.2803857269013756,0.9963058817635437,0.9137262930914536,4.656227861618161,0.4080221640016359,0.7319302030997474,0.4486533718200008,1.050762423915975,0.6498575231895404,0.5430731658616517,0.7497078978679879,0,WT,1,7.5,34.0426,1
TCGA-BF-A1PU,TCGA-BF-A1PU-01,12.72314824,0:LIVING,0,0.33530304579796366,0.9177396801207099,1.4955840450353306,1.254686485778898,1.7401323826018287,0.6355046100791006,0.8049716374266617,0.007988530430704651,0.0395606604370536,0.013627111253901012,0.007777736500135987,0.05697365960761819,0.026593885845477304,1,p.V600E,0,7.5,3.5714,1
TCGA-BF-A1PX,TCGA-BF-A1PX-01,9.271131275,1:DECEASED,1,0.5219504543039073,1.3578474787641197,0.8844181983647863,0.9129428582159753,1.3336354719911854,0.10229822536687672,1.2068768221296826,3.0303023898095267,3.069071213765456,4.204392764408895,2.3418371133604183,1.291967146779452,3.6367319890871754,1,p.V600E,0,8.571428571428571,80.9871,1
TCGA-BF-A1PZ,TCGA-BF-A1PZ-01,28.04352829,0:LIVING,0,0.44860066265242826,0.9098592314421433,1.1728876691824983,1.0710329951530178,1.0239642936321625,0.00595910787501706,1.142107098279611,0.18753267237775811,0.24276394695423406,0.23468573395543463,0.2689981702738955,0.33145990644096085,0.23872484045483433,0,WT,1,9.642857142857142,20.7776,1
TCGA-BF-A1Q0,TCGA-BF-A1Q0-01,27.32024855,0:LIVING,0,2.307055149650545,1.3712841524295607,1.5761645519398244,0.9136951890395638,1.0877395313516365,4.315836584677718,2.367772269259572,0.2896754697553984,0.24149373550622916,0.4077842111911783,0.17919936038401404,3.633398866615646,0.32463897334870373,0,WT,0,7.5,227.76,0
TCGA-BF-A3DJ,TCGA-BF-A3DJ-01,15.25462735,0:LIVING,0,0.6252841420342946,1.250800152573341,0.499689314280492,0.5681554696801535,1.1549119339568024,0.02627514289874307,0.49611789149255786,0.2101141245380608,0.21227386479824858,0.2878582452787519,0.14654807879570156,0.7257497278633307,0.25006605503850027,1,p.V600E,0,6.428571428571429,45.4937,1
TCGA-BF-A3DL,TCGA-BF-A3DL-01,25.28191472,0:LIVING,0,0.579983405386927,1.253719127108699,1.8902973703617076,0.7266244210811861,1.1880016265453226,1.5222895748094443,0.8859120184638645,0.06230006678301034,0.31574852747389354,0.11518619236954403,0.035219904969315256,0.1641793456957393,0.21546735992171878,1,p.V600K,0,7.5,10.2916,1
TCGA-BF-A3DM,TCGA-BF-A3DM-01,19.75868758,0:LIVING,0,1.4286674463603475,1.5110271236839459,0.9964494219349542,1.0356072201394606,0.7717248008695232,0.09143084512828903,0.4558093107734928,0.032837559527370885,0.02405857262713873,0.01882100991618465,0.021101160225286162,0.20950111501456198,0.02143979127166169,1,p.V600K,0,8.571428571428571,13.1326,1
TCGA-BF-A3DN,TCGA-BF-A3DN-01,23.57234441,0:LIVING,0,1.5846661013955528,0.7829347060025468,0.5752147537799905,0.9116050868571294,0.8552427929823847,0.5146026779101192,0.8702832863530223,0.0451840915184555,0.06098183344659378,0.09005695644171308,0.041676498270921944,0.5134489048179862,0.07551939494415343,1,p.V600E,0,6.428571428571429,32.1856,1
TCGA-BF-A5EO,TCGA-BF-A5EO-01,23.11207548,0:LIVING,0,0.3370145930383928,1.1811203958365406,0.9957007254652414,0.6490045426939699,2.3983461452234667,0.028360148064022313,0.9045552088115654,0.4069718978018713,0.5279556268872273,0.2620474019628362,0.8776259643793239,0.26341025090301584,0.39500151442503173,0,WT,1,8.571428571428571,16.5119,1
TCGA-BF-A5EP,TCGA-BF-A5EP-01,11.01357793,0:LIVING,0,2.6984278354928497,0.7309253098578056,0.5592598680622781,1.5693859394755676,1.2744006758016269,0.020220294990626452,0.7855107208477742,0.04556887836973427,0.09810906251696369,0.06811792849222702,0.028896863314704053,0.1959317038978458,0.08311349550459535,0,WT,0,8.571428571428571,12.282,0
TCGA-BF-A5EQ,TCGA-BF-A5EQ-01,10.61906171,0:LIVING,0,0.7274689829868597,1.1043818856657113,0.8603369502349354,4.278669634984467,1.1698333274162656,0.4016152551440345,0.5346961828608994,0.6820377694525896,0.658383475452994,0.8130812269502198,0.8354404127454147,0.523211989233023,0.735732351201607,1,p.V600K,0,8.571428571428571,32.7976,1
TCGA-BF-A5ER,TCGA-BF-A5ER-01,10.75056712,0:LIVING,0,0.9778260300800384,0.5440162490000544,1.8449001325959817,0.48225200507687566,1.5107845547612377,0.6120110697346148,0.7799463115823042,0.009127991600246318,0.07459345938264492,0.03233899683455485,0.027687112969722556,0.2130585787801718,0.053466228108599884,1,p.V600K,0,8.571428571428571,13.3556,1
TCGA-BF-A5ES,TCGA-BF-A5ES-01,16.1094125,0:LIVING,0,0.5001525101929225,0.7551269737935905,0.9386741001991584,1.1139794293502652,1.3413705551155302,0.015372480684994621,0.9654879095768388,0.15644490200961264,0.16691346228710494,0.20864153244507613,0.20424418695667798,0.3043003456295228,0.18777749736609053,0,WT,0,7.5,19.0751,0
TCGA-BF-AAP0,TCGA-BF-AAP0-06,14.92586383,0:LIVING,0,1.3248525604168977,1.0219854168110647,1.007802830079687,0.7949275828960041,1.0751373562275979,0.04635661484137516,0.7865171531323114,3.1495111333264756,1.725534681777862,3.1739862261592435,3.1486088384750093,1.212819161457943,2.449760453968553,1,p.V600K,0,8.571428571428571,76.0257,1
TCGA-D3-A1Q1,TCGA-D3-A1Q1-06,16.56968143,1:DECEASED,1,0.7777715015240662,0.8844805868894204,0.6658917331501374,0.6557172409579611,0.580878610600736,1.4217997722900035,0.3174906768374638,0.046510410103875695,0.0836959181350099,0.03006501356568594,0.0407554111270697,0.09142043767524712,0.05688046585034792,0,WT,1,9.642857142857142,5.7307,1
TCGA-D3-A1Q3,TCGA-D3-A1Q3-06,16.66831048,1:DECEASED,1,1.407694572967352,0.8532561675969862,0.5883879861905218,1.6004301821573803,0.9370818016805869,0.3610179351826705,1.0411638755872317,0.6188274733116165,0.4363034447453779,0.4609663758211002,0.9826885896368012,0.8830518420373015,0.4486349102832391,0,WT,0,8.571428571428571,55.3542,0
TCGA-D3-A1Q4,TCGA-D3-A1Q4-06,112.0426078,0:LIVING,0,1.020798928504122,0.9027535239941407,0.9090022207662694,0.9647636172689333,0.6551955122808882,0.28708003517617364,1.2922784078127667,0.11501108120223501,0.1554198012740149,0.24013481567926723,0.08734217824873584,0.22072547154139183,0.19777730847664104,1,p.V600E,0,6.428571428571429,13.8362,1
TCGA-D3-A1Q5,TCGA-D3-A1Q5-06,112.5686294,1:DECEASED,1,1.399572259742223,1.0152162131298728,0.7332880777686299,0.7036412442309936,0.5052949583987842,0.0010125394982066118,0.5148094680077847,0.2771299147961213,0.1210623341968372,0.13662702575643368,0.04446311626854517,0.06377431791828841,0.12884467997663546,1,p.V600E,0,7.5,3.9977,1
TCGA-D3-A1Q6,TCGA-D3-A1Q6-06,71.80195286,1:DECEASED,1,1.156561579799745,2.0262613446850923,0.4437119570595539,1.2418359335773903,0.80808753116522,0.0024488172910575594,0.6480456189069008,0.1359363779486501,0.1260303464883506,0.22415397644976326,0.07444695823480438,0.12486059707197927,0.17509216146905693,1,p.V600E,0,10.714285714285714,7.8269,1
TCGA-D3-A1Q7,TCGA-D3-A1Q7-06,133.2478548,0:LIVING,0,0.8237253726369597,0.9590670380864605,0.6667825180009636,0.8657076085138337,0.6873444515164476,1.7836013573732297,1.6898917394562467,4.140402203878837,6.157871598773248,4.1421415280783975,3.3788866133011655,3.567880912869639,5.150006563425823,1,p.V600E,0,9.642857142857142,223.653,1
TCGA-D3-A1Q8,TCGA-D3-A1Q8-06,28.07640464,1:DECEASED,1,0.7271452069270264,1.6426079221759229,0.732055734309358,0.756076583393362,1.0484238808091457,0.011426750246789727,0.4562873661086479,0.13632061803353274,0.10927507240358415,0.2050139877066424,0.10157531027785974,0.07575962073040789,0.15714453005511328,0,WT,1,8.571428571428571,4.749,1
TCGA-D3-A1Q9,TCGA-D3-A1Q9-06,31.59417431,1:DECEASED,1,1.3371895447657185,0.899208495939135,0.5201145190655408,1.5926605120672908,0.7747299851914816,0.4725958519059006,0.69175284403298,0.7426837311956979,0.6792025916040645,0.49784200705085696,0.5071291412751715,1.8659774852000592,0.5885222993274607,1,p.V600E,0,8.571428571428571,116.969,1
TCGA-D3-A1QA,TCGA-D3-A1QA-06,90.90311339,0:LIVING,0,2.500946768377966,0.7951114469596965,0.7502047925277252,1.4620516426087977,0.7636826663035868,0.6567021625927729,0.7911477093645329,0.22849914460804086,0.20801924064455027,0.17435676476621043,0.17877175555910474,2.019889639507698,0.19118800270538033,1,p.V600R,0,8.571428571428571,126.617,1
TCGA-D3-A1QB,TCGA-D3-A1QB-06,95.73593714,0:LIVING,0,0.7507417828738439,0.772807507755344,0.5350529263645192,1.180928925493063,0.9871703847163588,1.6271142732720036,0.7475759655075261,5.453625734111644,5.578064304826531,3.1619447754424015,6.322143325147113,1.9120011756206166,4.370004540134466,0,WT,1,9.642857142857142,119.854,1
TCGA-D3-A2J6,TCGA-D3-A2J6-06,43.42966105,1:DECEASED,1,0.6908487941505403,1.020208989949064,1.7689429630154077,1.1323082214925522,0.9937295261495027,1.0347192725413425,3.3152702017503084,1.239475678722358,1.9150148441661836,1.8423209742276572,1.4584678292739794,0.4181375908538053,1.8786679091969205,0,WT,0,8.571428571428571,26.211,0
TCGA-D3-A2J7,TCGA-D3-A2J7-06,103.10024,1:DECEASED,1,1.5386843185533634,0.9861203758042412,0.9459752570132922,1.2427710490024844,1.3854749015449679,0.5871488015095206,0.5958466213800391,0.8203929052461341,0.43540711945289623,0.9066679359373717,0.42412529545170596,1.5686564687071027,0.6710375276951339,1,p.V600E,0,7.5,98.3314,1
TCGA-D3-A2J8,TCGA-D3-A2J8-06,65.48969326,1:DECEASED,1,0.6854395010129803,1.2494384861681072,1.3386310332823927,0.833778582398646,1.0638287169638805,0.04425973082013727,2.0525847739963377,2.7116059266633665,3.500575896470079,3.2029461459731885,1.3437990676137779,6.330163786727936,3.351761021221634,0,WT,1,8.571428571428571,396.807,1
TCGA-D3-A2J9,TCGA-D3-A2J9-06,23.76960253,1:DECEASED,1,0.8860076053879987,1.5379552506977971,0.7490161685703344,0.6938768378375164,0.7101773193539359,0.04858132953643672,0.9045261771110499,8.477243904728441,6.202187123010474,7.235614980065045,7.866790894343288,1.9906003862625876,6.71890105153776,0,WT,0,8.571428571428571,124.781,0
TCGA-D3-A2JA,TCGA-D3-A2JA-06,115.5275011,0:LIVING,0,0.9027323135821469,0.900218007239567,0.8318017778509533,1.1374208922303197,0.4796202314742266,12.76852908104426,0.8875136006089692,0.4901200305778429,0.3383385954598303,0.661704788119849,0.4262345730334014,1.3509540437288639,0.5000216917898397,1,p.V600E,0,8.571428571428571,84.6847,1
TCGA-D3-A2JC,TCGA-D3-A2JC-06,86.76069303,0:LIVING,0,1.6654649753615418,1.1467500576078762,0.9705401521327023,0.8023078423133202,1.7042661610201946,0.014315439801032472,0.9208419928007585,0.9784179621405718,0.6623977442209988,0.7862114578706725,0.6431320299350146,1.210786780813375,0.7243046010458356,0,WT,0,7.5,75.8983,0
TCGA-D3-A2JD,TCGA-D3-A2JD-06,11.86836309,1:DECEASED,1,0.8045500146106247,0.877468787469365,0.9473770135423532,0.8562928770101933,1.7030902193289936,0.4357057987817805,1.3535981979182465,0.3263224874562286,0.43054493029647284,0.1675113112565663,0.5732132510855592,0.25349880589147605,0.2990281207765196,1,p.V600E,0,8.571428571428571,15.8906,1
TCGA-D3-A2JE,TCGA-D3-A2JE-06,27.64901207,1:DECEASED,1,0.6094693562151952,0.6606030656964665,1.1635590204686315,1.6042527644758249,0.5995303524250641,2.567800876637398,0.9840681979067563,0.022851828143190554,0.03587704723783948,0.03150335624977855,0.0265624044806754,0.010886158177812244,0.03369020174380902,1,p.V600E,0,6.428571428571429,0.6824,1
TCGA-D3-A2JF,TCGA-D3-A2JF-06,62.07055265,0:LIVING,0,0.2262346141664252,0.7406119229405554,1.2034503334662137,0.4381532331744837,1.1090894060563323,1.7945228130008828,0.7684449195614151,0.9832937514780898,0.7660777104552569,1.7370915380573337,1.046685580658941,1.0829127088296302,1.2515846242562954,0,WT,0,8.571428571428571,67.8825,0
TCGA-D3-A2JG,TCGA-D3-A2JG-06,113.5220436,1:DECEASED,1,1.628186069713837,1.1399182485747197,1.3627478035075222,1.0495783214197643,0.779107101486508,0.12844660136994168,0.2206801167134652,0.10108193387754273,0.0394726970424283,0.09925529850899453,0.0786822822148584,0.14970700879815538,0.06936399777571142,1,p.V600E,0,7.5,9.3844,1
TCGA-D3-A2JH,TCGA-D3-A2JH-06,42.08173061,0:LIVING,0,1.9477362937317386,0.8302252237429427,1.012729471447907,0.9003095282945176,0.5654868404647925,0.8269102118080262,1.0924774062483706,7.134891394741636,7.602107022558653,4.3346704326733665,6.462402498807838,1.6376297886039215,5.968388727616009,1,p.K601E,0,8.571428571428571,102.655,1
TCGA-D3-A2JK,TCGA-D3-A2JK-06,12.09849755,1:DECEASED,1,0.02163717255023994,0.561991810682942,2.998310763690476,0.31829686657847694,2.790352840994754,0.3710848223667313,0.8758283411514821,0.047683087331982454,0.16820704161983002,0.0325354206385103,0.023212833352219207,0.06183286796189956,0.10037123112917017,1,p.V600E,0,6.428571428571429,3.876,1
TCGA-D3-A2JL,TCGA-D3-A2JL-06,171.5816813,0:LIVING,0,0.3479615732682743,0.8206622562303225,1.4376447751674808,0.794479893074925,1.301976508460293,0.040826564151730194,0.666790420206406,2.505625356080073,0.9668562451057925,3.1510449331588055,4.027845807026611,0.46235223916216467,2.058950589132299,0,WT,1,7.5,28.9826,1
TCGA-D3-A2JN,TCGA-D3-A2JN-06,66.47598383,1:DECEASED,1,0.6544184050734335,1.1409199342061562,1.2960591683257292,0.5272117189428813,1.2593290231260659,0.0203011421296883,0.9898842152433606,1.3415747347883062,0.8245558419675442,3.3091577011632896,0.7249339109355207,0.08698397725723776,2.066856771565417,1,p.V600E,0,8.571428571428571,5.4526,1
TCGA-D3-A2JO,TCGA-D3-A2JO-06,66.0814676,0:LIVING,0,0.7691858535926241,1.00372030537534,0.7510819150342136,0.9052102748566263,0.6510111197630309,0.7396573553463873,2.776156361794301,2.1605610834803874,2.6308899925693483,3.5438673585307443,1.49556883614111,2.366846049544683,3.0873786755500463,0,WT,1,10.714285714285714,148.366,1
TCGA-D3-A2JP,TCGA-D3-A2JP-06,59.5719499,0:LIVING,0,0.5356590210303325,0.8791747833104053,1.269190801950962,1.0520233965964272,0.9746662047332536,0.053449710219549196,0.49080025168146957,1.2020823248908046,1.1303479814160118,1.7328440831512884,0.8829201193543914,0.23459958022727007,1.43159603228365,1,p.V600E,0,7.5,14.7059,1
TCGA-D3-A3BZ,TCGA-D3-A3BZ-06,130.7163757,0:LIVING,0,0.6182671332892865,1.5419306905475607,0.8712832205184011,0.8587511974478349,1.3233786472401534,2.0489430861450764,1.6462232232641882,1.5025687332137474,1.298888849960416,1.089858315664801,0.8769372451235177,0.8470193603898447,1.1943735828126085,0,WT,0,7.5,53.0955,0
TCGA-D3-A3C6,TCGA-D3-A3C6-06,58.0596377,1:DECEASED,1,0.6847249607430034,0.6477329704663067,0.9958510112529575,0.9059202208450832,0.7318015804532455,0.0038735708206650422,1.0880839422370256,0.009812406436606096,0.05417910837762054,0.015719360533212844,0.013084468087700859,0.06970555122794637,0.03494923445541669,1,p.V600E,0,7.5,4.3695,1
TCGA-D3-A3C7,TCGA-D3-A3C7-06,46.98030707,0:LIVING,0,1.0207598520831074,1.4813052328386667,0.8994768342939374,0.7986309578656409,1.3042173306829707,0.0546563892293188,0.4256265033325574,0.9512997158083536,1.1510535964127273,0.8401272738025477,1.1380876091990777,0.1212632514255891,0.9955904351076375,1,p.V600E,0,7.5,7.6014,1
TCGA-D3-A3C8,TCGA-D3-A3C8-06,46.32278002,0:LIVING,0,0.4812484541753445,0.9900879899850092,0.898053218013936,0.7849327089614978,0.8360226793406421,3.0457386677975387,2.1791629882439,15.302761203377992,7.618314319746729,15.365461918906778,9.258482900119526,4.813439907897811,11.491888119326754,0,WT,0,8.571428571428571,301.731,0
TCGA-D3-A3CB,TCGA-D3-A3CB-06,166.5187231,0:LIVING,0,1.2077907677495778,1.4685885207208207,0.6525272279188767,0.7144997091813093,0.7761933792960874,1.6917033363426863,0.7420260720923139,4.761255446688127,3.294137326313388,2.4317434813278305,2.013982792144245,40.73311964375539,2.862940403820609,1,p.V600E,0,7.5,2553.36,1
TCGA-D3-A3CC,TCGA-D3-A3CC-06,86.92507479,0:LIVING,0,0.8606079317286612,0.9405749822498636,0.943237323207992,1.3909007496835655,0.7071982670695598,1.198069498644946,0.6231122267808423,0.0319672441163258,0.03749427177393924,0.0749075607071573,0.04422895172157103,0.044179552253272615,0.05620091624054827,0,WT,0,7.5,2.7694,0
TCGA-D3-A3CE,TCGA-D3-A3CE-06,60.22947694,1:DECEASED,1,2.134365280496347,1.405795352700146,0.6248992351989262,0.8786561756465838,0.7992287704248382,0.0616856579187598,1.1842224184940906,1.9243169928711192,1.5248880087625334,1.2687047074201385,1.496652820361118,0.9668341019054905,1.3967963580913358,1,p.V600E,0,8.571428571428571,60.6061,1
TCGA-D3-A3CF,TCGA-D3-A3CF-06,24.52575862,1:DECEASED,1,0.661044649608298,1.0266808182084233,0.7702474516713149,0.8458423660980208,0.7288290611782647,0.5003161374153742,0.990111630230732,0.6620288531860937,0.5777192065335048,0.7410381800507462,0.9297769842015956,0.5099057985294573,0.6593786932921255,0,WT,0,8.571428571428571,31.9635,0
TCGA-D3-A3ML,TCGA-D3-A3ML-06,13.87382056,1:DECEASED,1,0.8279456261065111,0.4621746200771958,0.9973320093791777,1.0304309721489955,0.6922834066194924,0.430631577027504,1.9848393008434277,0.016826052383005188,0.01603604397577132,0.025202265290840027,0.01438465026540127,0.03352630425921778,0.020619154633305672,0,WT,1,7.5,2.1016,1
TCGA-D3-A3MO,TCGA-D3-A3MO-06,9.336883979,1:DECEASED,1,1.2913249911865723,1.1670576686514518,0.7985776888902297,0.981548011981107,0.8299404475933742,0.006683540792137042,0.7952702108377334,0.008900400087855857,0.454178207421704,0.056095364679611674,0.03489051749914703,0.0109340164347487,0.2551367860506578,1,p.V600E,0,8.571428571428571,0.6854,1
TCGA-D3-A3MR,TCGA-D3-A3MR-06,103.5933853,0:LIVING,0,0.7775482076896983,1.0509169150877888,1.220192170217785,0.4544210627084892,1.0105454923336787,0.04184229498437345,0.8450208682877883,2.813536852062505,1.9750035425121693,4.63795214365245,2.211531430161867,0.8932360791133791,3.30647784308231,1,p.V600E,0,8.571428571428571,55.9926,1
TCGA-D3-A3MU,TCGA-D3-A3MU-06,39.74750962,0:LIVING,0,1.1951132603033459,0.7407222648733941,1.2159322512532509,1.396230642701383,1.430415473177037,0.8938484516167997,0.5480072175472543,0.18066938719029568,0.21070654738737266,0.12788910444329565,0.32231342508163446,0.6186668779680132,0.16929782591533415,1,p.V600E,0,7.5,38.7812,1
TCGA-D3-A3MV,TCGA-D3-A3MV-06,45.30361311,0:LIVING,0,1.7163480578681043,0.9760096114619292,0.7592356021350278,0.9813016501269036,0.6816672663517046,0.62948539873886,1.010424143358074,0.02914442590468894,0.0722079321796376,0.10894134241430214,0.024057861934778067,0.08380140317096352,0.09057463729696988,0,WT,1,7.5,5.2531,1
TCGA-D3-A51E,TCGA-D3-A51E-06,174.8364402,0:LIVING,0,1.1557967984170352,0.7716383528074017,0.8064772563863603,0.6962874753356347,0.7631208274955684,1.600083670593562,0.951305923875019,1.0375179418986133,1.0525295870285176,1.1664594021175998,1.342864804971119,1.0964087372857105,1.1094944945730587,0,WT,1,11.785714285714285,68.7285,1
TCGA-D3-A51F,TCGA-D3-A51F-06,55.72541671,0:LIVING,0,0.457312471600288,0.925455789750369,0.9702696377148132,0.7109658735521995,1.0314184573524985,0.1658869823880266,1.091567746298885,12.455297496435417,7.827356739915101,10.051358603946133,12.071092563570566,1.8574746682176826,8.939357671930617,0,WT,0,9.642857142857142,116.436,0
TCGA-D3-A51H,TCGA-D3-A51H-06,56.3500674,0:LIVING,0,0.6060027194366351,1.2250928299228032,0.9162323333898464,0.6262306409672406,1.011930490325538,0.820816535997597,1.1120157406952995,1.0762495064847015,1.2289354179158902,1.9109349987375666,4.382656001028733,0.5806562550338497,1.5699352083267284,0,WT,0,10.714285714285714,36.3985,0
TCGA-D3-A51J,TCGA-D3-A51J-06,145.1162179,0:LIVING,0,0.6337804724319895,1.0074844521622226,0.5609130117271549,0.7869247962126902,0.8687073253466375,0.3232839513964136,1.0322850138462423,3.112686416546902,3.1717730671107116,2.4001897600001145,3.314967477499247,1.115970002170871,2.785981413555413,1,p.V600E,0,7.5,69.9547,1
TCGA-D3-A51K,TCGA-D3-A51K-06,32.94210474,0:LIVING,0,0.0782572318962974,0.4328682722555826,2.573075761113397,0.36682485375213697,1.3323354031214685,6.611327985689912,0.42356718804265775,0.49289897078619005,0.6044754345381277,0.7943076441490928,2.0709129247155027,0.04969760927804585,0.6993915393436103,0,WT,0,8.571428571428571,3.1153,0
TCGA-D3-A51N,TCGA-D3-A51N-06,22.6189302,0:LIVING,0,0.7919729893898584,1.059118216195175,0.9818361784312162,0.5333018899408749,1.0995642783576032,0.052309694640234106,0.2524098299302013,0.29432025029055026,0.17079086201603438,0.3609551814340634,0.4887331505094306,0.8411997963463718,0.2658730217250489,1,p.V600E,0,8.571428571428571,52.7307,1
TCGA-D3-A51R,TCGA-D3-A51R-06,63.81299931,0:LIVING,0,2.4996739935220695,1.6700212406675012,0.6015584861321854,0.518295009252039,0.5355329923861419,0.002550053511242461,2.356633773495127,0.0032766343204274533,0.02000557993588325,0.012072928890552625,0.00574212193449633,0.007647749458445472,0.016039254413217935,0,WT,1,7.5,0.4794,1
TCGA-D3-A51T,TCGA-D3-A51T-06,26.89285597,0:LIVING,0,0.688347903205621,0.949746666312704,0.8133029636175378,0.9342730264960294,0.649721503708347,2.554131327467072,0.4402047717464132,0.2562543737917543,0.2317543349817766,0.2482490494439484,0.41126540973002884,0.43979983321847593,0.2400016922128625,0,WT,0,8.571428571428571,27.5689,0
TCGA-D3-A5GL,TCGA-D3-A5GL-06,125.7849229,0:LIVING,0,0.3635597640680371,0.7684877384697741,0.9051330448497972,0.805902606142932,1.2799863988348321,0.7057937510463587,1.291020367457095,0.03672192469710043,0.05842905895437481,0.03929315497074697,0.051192202840927396,0.29869773901749513,0.048861106962560893,0,WT,0,6.428571428571429,18.7239,0
TCGA-D3-A5GN,TCGA-D3-A5GN-06,135.7464576,0:LIVING,0,0.9450744069241412,0.9321623880795963,0.5804638264745831,1.2511711935151586,0.9102507320930147,2.2044497213888197,0.9780925062173167,0.8085663480977722,0.6387661362303905,0.5552539988095461,0.4614143526199871,0.9056425345865393,0.5970100675199683,1,p.V600E,0,9.642857142857142,56.7703,1
TCGA-D3-A5GO,TCGA-D3-A5GO-06,137.9162968,0:LIVING,0,0.5088894396971486,0.981769303842689,1.2143911388119444,0.9352425795996682,1.959099258512872,4.7530139432275105,0.6357265006548253,0.5244460249270875,0.47568166876815177,0.8432247260956914,0.6413533375961061,0.35297538348435975,0.6594531974319215,0,WT,1,8.571428571428571,22.1263,1
TCGA-D3-A5GR,TCGA-D3-A5GR-06,178.3213335,0:LIVING,0,1.8209556369235602,1.0487883331209864,0.6519807341453637,0.9296345361012982,0.9031558838894347,0.02810874182895718,1.036765572959134,0.5255286223914313,0.4591271915785167,0.5589474378582813,0.46524662611381706,0.9547626542308854,0.509037314718399,1,p.V600E,0,7.5,59.8494,1
TCGA-D3-A5GS,TCGA-D3-A5GS-06,18.18062268,0:LIVING,0,0.5791181417787518,0.9402384784830529,1.0553723805951274,1.12039808282053,0.8444894595172902,2.135516897557139,0.29466111527542826,1.056036919735646,0.5111457721002929,0.563102556788108,1.3710184503758616,0.5092150443543412,0.5371241644442004,1,p.V600E,0,8.571428571428571,31.9202,1
TCGA-D3-A5GT,TCGA-D3-A5GT-01,16.01078344,0:LIVING,0,0.41150597441807724,0.43736881449495074,1.3015350359363296,0.7921513761948743,0.5289451057116574,0.9175051046102701,0.3779380643424532,0.009160250817618178,0.019885402243036535,0.018750918516055242,0.008918614919536855,0.0,0.01931816037954589,1,p.V600E,0,6.428571428571429,0.0,1
TCGA-D3-A5GU,TCGA-D3-A5GU-06,125.1931486,0:LIVING,0,0.9422162458442334,0.5011503645097694,0.8157293959719356,0.8137808873730463,0.5517956126745137,0.08561392893206057,0.7088138067025865,0.9197731654073111,0.43539209724129035,0.6515814074544526,0.6486597505707469,0.23758114963441118,0.5434867523478715,1,p.V600E,0,10.714285714285714,14.8928,1
TCGA-D3-A8GB,TCGA-D3-A8GB-06,30.83801821,1:DECEASED,1,0.6548091692835771,0.7498063014434829,2.816437635865345,0.3688672729950483,0.9403940374441366,1.4209576145914424,0.35520769442384564,2.1619006611509137,1.0126756596382258,2.463956145758559,3.330975708549423,0.4476709212092916,1.7383159026983925,1,p.V600E,0,7.5,28.0623,1
TCGA-D3-A8GC,TCGA-D3-A8GC-06,79.59364829,1:DECEASED,1,1.5556099911984427,0.8642199298598183,1.302537852010726,2.0408192153850635,0.9982634346700227,1.4782615703286792,0.4037917613748529,0.10356384324119053,0.12152618670853309,0.13960570040744194,0.13501652290826655,0.9256520718116711,0.1305659435579875,0,WT,1,9.642857142857142,58.0246,1
TCGA-D3-A8GD,TCGA-D3-A8GD-06,23.60522077,0:LIVING,0,0.7562403935451509,1.270771259850106,0.6137562271569958,0.6263313049506786,0.6823989634040074,0.06125482776981179,1.0318446997217574,2.194146209362872,3.4555092616525607,4.40551730897183,3.5692246601536497,1.5882049713904134,3.9305132853121956,1,p.V600E,0,9.642857142857142,99.5568,1
TCGA-D3-A8GE,TCGA-D3-A8GE-06,26.43258704,0:LIVING,0,0.6548091692835771,0.8986763504474342,0.6771686321665784,0.9250675701158521,1.2366790795516533,0.009553436932475061,0.10829985560300613,0.6079317859526714,0.4905135990269839,1.4178147177433311,0.479087487610286,0.3835105466850491,0.9541641583851574,0,WT,0,8.571428571428571,24.0404,0
TCGA-D3-A8GI,TCGA-D3-A8GI-06,58.51990663,1:DECEASED,1,0.33364620554695457,0.9861438528112281,3.458130624724326,0.8670268365073094,4.22238850050189,2.1810111429151875,1.0998030720117808,0.0256068473217069,0.3171506005571052,0.0486728113186027,0.06410898276199715,0.07115406113788973,0.18291170593785394,0,WT,0,7.5,4.4603,0
TCGA-D3-A8GJ,TCGA-D3-A8GJ-06,241.3781767,0:LIVING,0,0.46055804748282403,0.79410976132826,0.96173340497254,0.7068995784317471,1.2411803230251952,0.05688429525881701,0.6143204601413996,4.620599791282852,5.180109228041616,9.582081990265378,2.8602690359528355,2.632283895266573,7.381095609153497,1,p.V600E,0,9.642857142857142,165.005,1
TCGA-D3-A8GK,TCGA-D3-A8GK-06,170.2008745,0:LIVING,0,1.2432163345720295,0.9424922711537849,1.3651523761109794,1.1481151159445,0.9352786910874117,4.146802237349722,1.243916433370703,0.03281582556312459,0.03921865475282733,0.00428774696839512,0.027531402529279395,0.04889040001105098,0.02175320086061122,0,WT,1,6.428571428571429,3.0647,1
TCGA-D3-A8GL,TCGA-D3-A8GL-06,89.12779038,1:DECEASED,1,0.9945563206200461,1.1759554542994464,0.63555586378243,0.9466335040413265,0.728646136915189,0.0036390077395711275,1.0938515734061043,0.003927969789821171,0.013703929080695891,0.003445810748876657,0.0024584283000737834,0.16371831115391813,0.008574869914786273,0,WT,1,7.5,10.2627,1
TCGA-D3-A8GM,TCGA-D3-A8GM-06,107.1440313,1:DECEASED,1,2.020664060036262,1.0693698425794078,0.4748347774611201,1.3822701376298623,0.5710490446641737,1.5632929034296934,1.5735230065566337,0.502657384041178,0.5301438623778112,0.43345864908768045,0.4724979415479933,1.3774499700441163,0.4818012557327458,0,WT,0,10.714285714285714,86.3456,0
TCGA-D3-A8GN,TCGA-D3-A8GN-06,160.9954959,0:LIVING,0,0.6740570978060817,0.5991160018311571,0.772031753841835,0.4981251258337167,1.3130172943387923,0.29247870926484315,0.399377975173147,1.837271782606708,1.9142136595472055,1.3823744912347873,1.4327097291068238,1.2118300908145898,1.6482940753909965,1,p.V600E,0,8.571428571428571,75.9637,1
TCGA-D3-A8GP,TCGA-D3-A8GP-06,152.7435316,0:LIVING,0,0.6145157968719074,0.6214778509860771,0.6389659849291512,0.9003889998603896,0.7840917876553217,1.4087082092454255,0.5007387704912744,0.14376812311526355,0.15554331723610734,0.132659936450906,0.1795029957428782,0.0782418689901787,0.1441016268435067,0,WT,0,6.428571428571429,4.9046,0
TCGA-D3-A8GQ,TCGA-D3-A8GQ-06,29.0626952,1:DECEASED,1,0.7244377691853168,3.729862531012702,0.5103923948347444,0.6768778698974882,0.7808122169387497,1.5250234846435093,0.7346907290953986,0.19660079305762787,0.371440873300609,0.3303403491008953,0.12345262716012413,0.12705410051490013,0.35089061120075216,0,WT,1,7.5,7.9644,1
TCGA-D3-A8GS,TCGA-D3-A8GS-06,117.1713187,1:DECEASED,1,1.5010704721541073,1.0142380045054231,0.9637253747769949,0.625258438811406,1.4604477173684343,0.060538727781498616,0.9055955114133706,1.2640870011283039,2.055322300564724,3.0095442466939724,1.6487220320431486,0.6581962029222936,2.5324332736293482,1,p.V600E,0,8.571428571428571,41.2591,1
TCGA-D3-A8GV,TCGA-D3-A8GV-06,167.7022718,1:DECEASED,1,1.9272937431953663,1.1268728583590586,1.5657593104921366,0.6551609399968569,1.231570266204324,0.006808889316954425,0.8531013582646013,0.09239026186141074,0.24294087522425836,0.12411088418003284,0.1425960280399922,0.2573099184188491,0.1835258797021456,1,p.V600E,0,7.5,16.1295,1
TCGA-D9-A148,TCGA-D9-A148-06,151.5271066,0:LIVING,0,1.7019902643182547,1.2265875327009623,0.9248696674802196,1.5150644751498366,1.2380706105529078,0.7244346900835577,0.5462362838158091,0.4637522211243176,0.31491896756632665,0.3625450390609507,0.31992087427559435,1.5774480305063294,0.3387320033136387,1,p.V600E,0,8.571428571428571,98.8825,1
TCGA-D9-A149,TCGA-D9-A149-06,54.67337344,0:LIVING,0,1.9472283002585518,2.338802913031267,0.6698073610373582,0.9524481736109636,0.5844554332448061,0.1487275317148645,0.7976604875135093,0.6433608815061148,0.7971252835752812,0.5080619207823,0.5818749437783648,0.9274355895201697,0.6525936021787906,0,WT,0,10.714285714285714,58.1364,0
TCGA-D9-A1JW,TCGA-D9-A1JW-06,3.649275076,0:LIVING,0,0.9593987063988357,0.5556944948421846,1.0308430075709958,1.1548807952524058,0.9268511089671372,0.6446655128758675,0.9230532406566889,1.0728144466009943,1.0664568463217539,0.8104328632686836,1.0232092373305872,1.2472021285163233,0.9384448547952187,0,WT,0,9.642857142857142,78.181,0
TCGA-D9-A1JX,TCGA-D9-A1JX-06,7.101292041,1:DECEASED,1,1.2143053653672584,0.807468178303745,0.7732613648322393,1.270270859846404,0.8411837567631358,0.01218540136092492,1.7407359242923852,1.701359325687889,2.4274224820413672,1.0283583584135347,1.6587713443148264,0.7674869137376129,1.727890420227451,1,p.V600E,0,9.642857142857142,48.11,1
TCGA-D9-A1X3,TCGA-D9-A1X3-06,18.11486997,0:LIVING,0,1.1629533658085234,1.3053841938176338,0.5097912516838801,1.7480857024954244,1.234791039836336,1.1494016484860046,0.8055425942034664,0.0024512904454643326,0.011973370303703186,0.005018040598485909,0.0035801423575739532,0.10013064043768188,0.008495705451094548,0,WT,0,8.571428571428571,6.2767,0
TCGA-D9-A3Z1,TCGA-D9-A3Z1-06,15.38613276,1:DECEASED,1,0.7140825176165101,0.8400151356564353,0.9906347281847758,1.1525575764767466,0.5580111178134511,0.062200881133921485,1.2472937878640056,1.4925219006847992,2.29457605740706,2.1973695911466242,1.3640773580499528,0.7232658843283288,2.2459728242768424,0,WT,1,10.714285714285714,45.338,1
TCGA-D9-A3Z3,TCGA-D9-A3Z3-06,22.29016668,0:LIVING,0,1.1803088790847607,0.8082350938653136,0.6441795355284653,1.016587025374087,1.0920251855151248,0.9987990304932495,1.041531610460428,0.4431240919142009,0.5212573896456457,0.8390402275370676,1.268423236713099,0.7584927519840219,0.6801488085913567,1,p.V600E,0,8.571428571428571,47.5462,1
TCGA-D9-A3Z4,TCGA-D9-A3Z4-01,17.06282671,1:DECEASED,1,0.571168881275258,0.8574976801926001,0.6458763986952233,0.570415111203115,0.7434172711585543,0.014375365969898492,0.43734369766061154,0.397408953533501,0.29515975190077914,0.3954015370713113,0.3468456049734548,0.5481828324272339,0.34528064448604523,0,WT,1,8.571428571428571,34.3629,1
TCGA-D9-A4Z2,TCGA-D9-A4Z2-01,6.246506888,1:DECEASED,1,0.8420912905137112,0.9180840095565163,0.6681487524347461,0.8024773816538473,0.7735017794251161,0.0017711906123418057,0.7592273546477452,0.039600923155939986,0.05169143013569353,0.08385785476559758,0.023931496923495346,0.13280666299866198,0.06777464245064556,1,p.V600E,0,7.5,8.325,1
TCGA-D9-A4Z3,TCGA-D9-A4Z3-01,16.60255778,0:LIVING,0,1.5011262956126992,1.306918024940771,1.9131216828124786,0.7233846302458028,1.2716894769024687,0.01675521497785285,0.6994123743523184,0.17204278037530354,0.23159075978873522,0.2109406982529137,0.17236367204855918,0.10278996424811755,0.22126572902082448,0,WT,1,9.642857142857142,6.4434,1
TCGA-D9-A4Z5,TCGA-D9-A4Z5-01,7.167044745,0:LIVING,0,1.147261391598326,1.0815231065295707,0.5029792067970403,0.8147477914244894,1.064939328561126,0.026026573405399406,0.14270484002224512,0.0370915387808865,0.060142258731289644,0.08588337031664249,0.03996128788080957,0.19869950642400414,0.07301281452396607,0,WT,0,7.5,12.4555,0
TCGA-D9-A4Z6,TCGA-D9-A4Z6-06,18.44363349,1:DECEASED,1,0.440564875788117,0.8760992953951354,1.0310233505162552,0.9434440451976621,0.8975505618280426,0.014169524898734446,0.8154569199295082,0.09558857189559211,0.16341178476178378,0.1111116575644168,0.10769173615572905,0.31076759141686905,0.1372617211631003,0,WT,0,7.5,19.4805,0
TCGA-D9-A6E9,TCGA-D9-A6E9-06,9.895781964,0:LIVING,0,0.5881503773789293,0.8425115240660308,1.5689972861002013,1.0910200939698345,1.169957454594781,1.511286562857299,0.6574518898739216,7.608049364795437,12.802763297807811,4.578311497195036,13.022124022892653,4.028038053313652,8.690537397501423,1,p.V600E,0,9.642857142857142,252.498,1
TCGA-D9-A6EA,TCGA-D9-A6EA-06,25.18328566,0:LIVING,0,0.8592960804517504,1.6077210897935492,0.5987413107297258,1.066073969442603,0.8946891037127866,1.0995122264232557,0.5724519093813019,0.04238505764505043,0.0764017998330634,0.11619853043608368,0.055268223062681886,0.2355519595403055,0.09630016513457354,0,WT,1,8.571428571428571,14.7656,1
TCGA-D9-A6EC,TCGA-D9-A6EC-06,77.55531446,0:LIVING,0,0.7558440469891481,0.8090959174548294,1.092517562380807,1.0129021937698204,1.0715050030036655,2.0846683021998182,0.38079139664145123,0.0250581672431872,0.0365033065483407,0.03239607725621712,0.061634983417879055,0.2873138549675438,0.03444969190227891,0,WT,0,8.571428571428571,18.0103,0
TCGA-D9-A6EG,TCGA-D9-A6EG-06,22.94769372,1:DECEASED,1,1.536038286616105,0.764509950919312,0.5677277890828623,0.7979766419732944,1.1073320265289261,0.591902116856556,0.4866100095737329,0.0056438594324863004,0.059563569757540256,0.037134171963168226,0.008831177518364923,0.061162852364789196,0.04834887086035424,1,p.V600E,0,8.571428571428571,3.834,1
TCGA-DA-A1HV,TCGA-DA-A1HV-06,76.5690239,0:LIVING,0,0.5154520454892184,1.0653317973776795,0.7026707641075632,1.1256643985856503,1.1439234121534676,4.283426810509941,0.9813488952918048,1.7083305972385876,1.2453012828931411,1.3234599413176353,2.4110264486850284,0.8617134405445676,1.2843806121053882,0,WT,1,9.642857142857142,54.0166,1
TCGA-DA-A1HW,TCGA-DA-A1HW-06,26.95860867,0:LIVING,0,1.5604945438252382,1.681047608282298,0.6231504551236846,1.6970702553099697,0.929862826298491,2.003200625886399,1.5131080377838866,2.22364425643426,2.5752911182815135,2.138203215839786,1.6792592449592902,1.542604028906128,2.3567471670606497,1,p.V600E,0,8.571428571428571,96.6983,1
TCGA-DA-A1HY,TCGA-DA-A1HY-06,144.8860834,0:LIVING,0,1.2462196366442764,0.9541368666192341,0.5527374648754002,0.864247980753984,0.7405754120714848,8.823880150620676,0.6260057195988868,0.04344797151913344,0.045178967577637556,0.08442110422052967,0.04461523339113195,0.6417552963893902,0.06480003589908362,1,p.V600E,0,6.428571428571429,40.2285,1
TCGA-DA-A1I0,TCGA-DA-A1I0-06,20.38333827,1:DECEASED,1,0.9225943001491629,0.5742178533547639,2.8544189531244992,0.7476049144714032,1.4198581299938093,0.29166846491064874,0.5673326528570695,0.23163621680585533,0.3057320506020444,0.09429853542199901,0.5290998844217019,0.09719852456270843,0.2000152930120217,1,p.V600K,0,6.428571428571429,6.0929,1
TCGA-DA-A1I1,TCGA-DA-A1I1-06,222.5071506,0:LIVING,0,1.0948096699053296,0.7557718089188269,0.7139121410287259,1.3533981177485521,1.1644893257306959,1.3452006539560544,0.4789122541820497,0.7796478734062853,0.6323282839899769,0.6736077348723633,0.8217498717126043,1.626223570700733,0.6529680094311701,0,WT,1,8.571428571428571,101.94,1
TCGA-DA-A1I2,TCGA-DA-A1I2-06,176.5460105,1:DECEASED,1,1.9299397751326246,0.8860691976955267,0.9646024972834834,0.6184212350942153,0.4777387247683048,0.007459921542031413,0.8386726031083999,0.2814985783012258,0.17167383423153318,0.31590991485389447,0.2813843369248397,0.518333637575967,0.24379187454271384,1,p.V600E,0,7.5,32.4918,1
TCGA-DA-A1I4,TCGA-DA-A1I4-06,35.93385278,1:DECEASED,1,0.9577240026410772,0.9333675411049183,1.277431928055538,0.7043008582277316,0.8646176614650158,0.36205334591100646,0.6614727803953176,0.09172266009173206,0.14832714752104895,0.28772225956832126,0.04344500954257064,0.5091927105011042,0.21802470354468512,1,p.V600E,0,8.571428571428571,31.9188,1
TCGA-DA-A1I5,TCGA-DA-A1I5-06,135.0231778,0:LIVING,0,0.5358008126151561,1.3219433094123183,0.7005476357974652,0.7743550435439299,0.96968151856444,0.0394300007429798,0.7547709886186166,0.9525217387037114,0.661010693349393,1.1512113747720836,0.7290362821548887,2.558167408024317,0.9061110340607383,1,p.V600E,0,8.571428571428571,160.359,1
TCGA-DA-A1I7,TCGA-DA-A1I7-06,88.86477956,0:LIVING,0,2.7902183484555936,1.113835293812393,0.560598777807385,1.1182179128634404,0.9247801449887441,0.017578047373436267,0.8138795308681663,0.25702668132629247,0.2470886747620929,0.14349010704335588,0.23750693146688456,0.1527093167833023,0.1952893909027244,1,p.V600E,0,8.571428571428571,9.5726,1
TCGA-DA-A1I8,TCGA-DA-A1I8-06,53.91721735,1:DECEASED,1,1.890969418689584,1.1596545857816165,0.7033183592291761,1.2476426559904403,1.9147009266606343,0.04624048572715255,0.4341724682409689,0.03183068920889153,0.06167101913237724,0.06646007801012435,0.026032390096859252,0.15850016587261334,0.0640655485712508,1,p.V600E,0,6.428571428571429,9.9356,1
TCGA-DA-A1IA,TCGA-DA-A1IA-06,65.91708584,1:DECEASED,1,0.8477629539066536,0.5783912826301162,0.45008953939645086,0.7584209945865871,1.8569556566132641,2.0947032760395126,0.8785863527004543,0.055958260045859964,0.1219660036816596,0.01662761077201541,0.06063364550856763,0.393244916145924,0.06929680722683751,0,WT,0,8.571428571428571,24.6506,0
TCGA-DA-A1IB,TCGA-DA-A1IB-06,27.12299043,0:LIVING,0,0.6057850079481264,1.0099104095508578,0.7433162385125937,1.047196823495799,0.7752722249713133,0.38805917564256764,0.9611621862000299,3.4123417399477227,2.1459396192403934,3.6900058292556364,3.2192115454897956,1.8045274832936513,2.917972724248015,0,WT,0,11.785714285714285,113.117,0
TCGA-DA-A1IC,TCGA-DA-A1IC-06,68.08692508,1:DECEASED,1,1.3883070857983675,0.9311998307931377,0.720546575439174,0.7717642704965018,0.8072251739250058,0.3961261599129932,0.5442234192467347,0.24454263758658037,0.141270547075937,0.29293756338872823,0.11290683813795621,0.7230888087776639,0.21710405523233262,0,WT,0,9.642857142857142,45.3269,0
TCGA-DA-A3F2,TCGA-DA-A3F2-06,33.92839531,1:DECEASED,1,0.224190359112788,0.8884951550841619,2.031519558844073,0.42555169187937475,1.8378531371406412,0.3916175135394345,0.977439292955718,8.191886522586508,21.345227384199553,7.95172244653683,8.802910084561397,0.3683873374931294,14.648474915368192,0,WT,0,8.571428571428571,23.0924,0
TCGA-DA-A3F3,TCGA-DA-A3F3-06,10.4875563,1:DECEASED,1,0.9760229323675186,0.8610661852545926,0.5224480474784414,0.8323957771524725,0.7730640677956134,0.0020461772629666443,1.5201288706918838,0.18299177745787162,0.08572007769216561,0.10414029135992943,0.23153723273481744,0.8422829882283669,0.09493018452604751,0,WT,1,8.571428571428571,52.7986,1
TCGA-DA-A3F5,TCGA-DA-A3F5-06,225.9591676,1:DECEASED,1,2.3075743078154503,1.448977394217853,0.7368375548275968,1.1581232351399848,0.7003059421572422,0.417291799082299,1.892571717988429,0.12382263175071923,0.3136237190989787,0.08965319640024909,0.11134374487043061,0.2334860781158819,0.2016384577496139,1,p.V600E,0,7.5,14.6361,1
TCGA-DA-A3F8,TCGA-DA-A3F8-06,43.36390834,0:LIVING,0,1.2490833800700434,0.7729021983501907,0.9649167312032534,0.9102037382455859,0.962109760674984,0.0432569426215982,0.6503778321816457,7.070222599238979,12.057427923310971,4.826317535137937,6.334899603537264,6.130164130990491,8.441872729224453,1,p.V600K,0,8.571428571428571,384.27,1
TCGA-DA-A95V,TCGA-DA-A95V-06,72.09784002,0:LIVING,0,0.37764848854747346,0.8893090246597042,2.291631467754195,1.3375726799312344,1.2947705990969884,0.32454807442604294,0.17554114489029682,0.9827469850819567,1.049470063264795,0.5623051097207675,0.9175417369006194,2.62395655855963,0.8058875864927812,0,WT,0,8.571428571428571,164.483,0
TCGA-DA-A95W,TCGA-DA-A95W-06,37.34753592,0:LIVING,0,0.5392574011711696,0.5848216348437987,0.9704882352242186,0.6300691175988599,0.9287587477106413,0.6194078737733436,0.37683631130789014,0.4741298473229264,0.4594893937916797,0.5146765343513982,0.4886001977487445,0.5429583060450043,0.48708296407153895,1,p.V600E,0,8.571428571428571,34.0354,1
TCGA-DA-A95X,TCGA-DA-A95X-06,73.93891574,0:LIVING,0,1.7274792555113394,1.0738852535898675,0.8871370048880136,0.5285971732412504,0.8140260367057857,0.0243587465695336,1.4582332851928466,0.30092655527183004,0.2265917015932364,0.21692532863881286,0.2096197904698235,1.2941718171489913,0.22175851511602462,0,WT,1,7.5,81.1253,1
TCGA-DA-A95Y,TCGA-DA-A95Y-06,14.13683138,1:DECEASED,1,0.7545210310205189,1.0792693138588387,1.2309061806475075,0.9833864542049466,1.3101623692329318,2.0851115430937974,0.9894439011188756,0.02454311329802969,0.0857461161922824,0.04814607654517515,0.020908917719969795,0.14321742915757213,0.06694609636872878,0,WT,0,8.571428571428571,8.9776,0
TCGA-DA-A95Z,TCGA-DA-A95Z-06,13.01903541,0:LIVING,0,1.331048964320604,0.3866130905233042,1.9563602701728284,0.621875599157453,1.0926000903419344,1.131161399216963,0.4838616752582655,0.09876555804032429,0.18090414869601007,0.28809496114505717,0.12981639308377432,0.2766366778450207,0.23449955492053362,0,WT,0,8.571428571428571,17.341,0
TCGA-EB-A1NK,TCGA-EB-A1NK-01,34.15852977,0:LIVING,0,0.8847013364569469,0.7872544752881167,1.519315537150133,0.9409645323424546,2.420048802435523,0.633513571983345,1.1916303407422946,0.10374933374107874,0.23731589154518293,0.1626452053098579,0.16165558483654474,0.18332743429601484,0.19998054842752042,0,WT,1,7.5,11.4919,1
TCGA-EB-A24C,TCGA-EB-A24C-01,20.77785449,0:LIVING,0,1.0410181852061262,0.9415297138673265,0.7479805628695273,1.5497750060705453,0.6416153456503341,0.08139356643594603,0.37072610607272877,0.007795385201270586,0.01951368596252315,0.015558192283813497,0.011953770735559737,0.14101435406326396,0.017535939123168323,1,p.V600E,0,7.5,8.8395,1
TCGA-EB-A24D,TCGA-EB-A24D-01,21.20524707,0:LIVING,0,1.3569063903403955,0.6275810902357436,0.7198771205666206,1.1164403988401026,0.7265359748804225,0.2154771281991605,0.8642688857295622,0.10494825575619988,0.18102098811961104,0.3742628941520454,0.24124517981013927,0.1977279838081941,0.2776419411358282,1,p.K601E,0,9.642857142857142,12.3946,1
TCGA-EB-A299,TCGA-EB-A299-01,12.42726107,0:LIVING,0,0.5048249336770688,0.8579906973393229,1.067889820477443,0.6575609812861923,1.4896241373290133,0.08059998793936525,0.4094214919664828,0.3735125281904979,0.3247334791488084,0.5990800107946497,0.42741497794922245,0.18715449957570002,0.461906744971729,1,p.V600E,0,7.5,11.7318,1
TCGA-EB-A3HV,TCGA-EB-A3HV-01,1.28217773,0:LIVING,0,0.9162750846365542,0.7653308635969501,1.6089733056326783,0.868608320668163,1.4313300944924159,0.08527281074005401,0.9227484078012762,0.09339740556308816,0.15227531855798812,0.1634136924573845,0.10973034515291569,0.15832468559717966,0.1578445055076863,1,p.V600E,0,8.571428571428571,9.9246,1
TCGA-EB-A3XB,TCGA-EB-A3XB-01,26.16957622,0:LIVING,0,1.0869608916273015,0.868445791117441,0.5313067115470874,0.9172343227730652,0.7870773729490934,0.6621912578238142,0.6008303966351992,0.2943147826265889,0.23678009933124133,0.2936166525229161,0.2676716370985816,1.196611165108797,0.26519837592707873,1,p.V600K,0,9.642857142857142,75.0097,1
TCGA-EB-A3XC,TCGA-EB-A3XC-01,21.36962883,0:LIVING,0,1.1370903574428728,0.9818788632086274,0.8947469306841823,1.073756220810233,0.9368335473235555,0.019103327937798287,1.1094803055169462,0.1129161457554505,0.14815823109721438,0.260568347507411,0.1474937202782391,0.08185038156318737,0.20436328930231268,1,p.V600R,0,8.571428571428571,5.1308,1
TCGA-EB-A3XD,TCGA-EB-A3XD-01,38.13656837,0:LIVING,0,0.6035911460254628,0.7676981284681184,0.8641432793674535,1.1879356685507807,2.082488206966847,0.1839449710014638,0.42277413875690995,0.6740604477330057,0.5216045696472029,0.8525338713344348,0.3780469828067176,0.5982282117056846,0.6870692204908189,1,p.V600E,0,8.571428571428571,37.5,1
TCGA-EB-A3XE,TCGA-EB-A3XE-01,5.917743367,0:LIVING,0,0.37528380684151846,0.7411080703548771,1.9381292378884343,1.0406986984596622,1.8572169769890865,0.5531203115969318,0.157814388555535,0.37259942830895537,0.32874274051294466,0.434256096155021,0.4151941039196717,0.04189352284694129,0.3814994183339828,1,p.V600E,0,8.571428571428571,2.6261,1
TCGA-EB-A3XF,TCGA-EB-A3XF-01,9.139625867,0:LIVING,0,1.264010572897531,0.7131156523576246,0.7405646423629556,1.1813130380614445,0.8347095444521342,0.01299670949326487,0.46681668002394305,0.1285919383325904,0.2528688879610954,0.2153669491856364,0.043901360910330985,1.3318330748075187,0.2341179185733659,1,p.V600K,0,7.5,83.4861,1
TCGA-EB-A3Y6,TCGA-EB-A3Y6-01,4.142420357,0:LIVING,0,0.5432482202259081,0.6791788561913163,0.6203578719410331,1.373814363021078,0.8728165882564458,0.5420694296282366,0.3734502473044328,0.28846848293593425,0.2582735458699518,0.3114173499018877,0.27465704701138566,0.4163652400719253,0.28484544788591976,1,p.V600E,0,9.642857142857142,26.0999,1
TCGA-EB-A3Y7,TCGA-EB-A3Y7-01,10.71769077,1:DECEASED,1,0.4104347222476978,0.4789176388932767,2.624858778622623,0.5093253185172821,3.373149543154027,1.3427539642212878,2.4330306934016543,0.011334604083441027,0.040599362912866255,0.023201932278763764,0.026485747033072615,0.35275364022722083,0.03190064759581501,0,WT,0,8.571428571428571,22.1124,0
TCGA-EB-A41A,TCGA-EB-A41A-01,8.613604235,0:LIVING,0,0.4225874891831653,0.8475434292302,0.8196614186723618,0.5614984015122727,0.8201409335000315,1.0055841620982866,0.40752862509287247,0.0734603890776839,0.05112058609467163,0.14552191822914293,0.05364164784636022,0.09218616978623038,0.09832125216190728,0,WT,0,9.642857142857142,5.7787,0
TCGA-EB-A41B,TCGA-EB-A41B-01,9.567018444,0:LIVING,0,0.6648573918301283,0.9047412439190223,1.6485640470548284,0.5069729601674698,1.1276562187585186,1.4302213492756126,0.5726696471351681,0.3571888174339401,0.23143219199956247,0.3357373869108594,0.46842072355361997,0.39134015751985307,0.28358478945521093,0,WT,0,9.642857142857142,24.5312,0
TCGA-EB-A42Y,TCGA-EB-A42Y-01,23.70384982,1:DECEASED,1,1.1352035245424648,0.767450054760958,0.8540905264036817,0.8638055890372963,0.7032849944416183,0.005042485706267597,2.3902718371590814,0.10652307966866265,0.11345942598965957,0.1647319983723932,0.12945227020766106,0.26769356489882856,0.13909571218102637,0,WT,0,8.571428571428571,16.7804,0
TCGA-EB-A42Z,TCGA-EB-A42Z-01,14.49847125,0:LIVING,0,0.6957668408524912,0.9341188053284957,0.47785142309091194,0.814731897111315,1.244446827722976,0.0103046415995914,0.5168271711936118,0.1761052546985735,0.12773169540944307,0.21683383208056012,0.11989344582337906,0.2987599547515125,0.1722827637450016,1,p.V600E,0,7.5,18.7278,1
TCGA-EB-A431,TCGA-EB-A431-01,18.67376796,0:LIVING,0,1.1290964381725055,1.026414745462573,0.5677687761158757,1.0766754763299322,0.6559729403989601,0.5683660253862483,1.0596957777496232,0.06242978711049294,0.0929314069168177,0.06754796369356995,0.03907493614290234,0.4996082969119635,0.08023968530519382,1,p.V600E,0,9.642857142857142,31.318,1
TCGA-EB-A44N,TCGA-EB-A44N-01,6.739652168,1:DECEASED,1,0.6256916532820159,0.7968096171317413,0.6903746542035204,0.8332222814375417,0.9558511376740357,0.13351568152984802,0.9197049178639016,0.2808834661055759,0.27965015298506135,0.4165238113402476,0.4125428342279722,0.37250952869058934,0.34808698216265443,1,p.V600E,0,6.428571428571429,23.3508,1
TCGA-EB-A44O,TCGA-EB-A44O-01,2.662984515,0:LIVING,0,0.5839301239093778,0.9475320019869498,0.44790083183353124,1.2899162309299712,0.7840917876553217,1.4100379319273653,1.0827904955097003,0.08032818508791445,0.12293744003217055,0.08221553351585892,0.0680418691558058,0.7437348608200505,0.10257648677401474,0,WT,1,6.428571428571429,46.6211,1
TCGA-EB-A44P,TCGA-EB-A44P-01,24.36137686,0:LIVING,0,0.6070410357664453,0.8886751454710606,0.9757974222338974,0.733530500155466,0.892311088292802,3.677800182612207,0.3584239229792873,0.24317845542822794,0.258465496351582,0.25193493373099285,0.3360434926108651,1.561273534937039,0.2552002150412874,1,p.V600E,0,8.571428571428571,97.8686,1
TCGA-EB-A44Q,TCGA-EB-A44Q-06,13.87382056,0:LIVING,0,1.220507351616824,0.8127818075517557,0.8441006202238638,1.1775937687786333,0.8928467950632383,1.2837710119776569,1.6553585316930641,1.7082349131192642,1.3762448940573764,1.4678818023028313,3.3048642654597233,1.1905044515237055,1.422063348180104,0,WT,1,9.642857142857142,74.6269,1
TCGA-EB-A44R,TCGA-EB-A44R-06,10.35605089,1:DECEASED,1,0.71325074808349,0.7610682216950482,0.9108602995962135,0.4607549465084903,0.6725994493106647,1.9700462070167377,0.6674146017674891,1.5788699837941405,1.5067111327194675,0.8035580301302427,2.9257332984329976,0.17038177579470384,1.1551345814248553,0,WT,1,8.571428571428571,10.6804,1
TCGA-EB-A4IQ,TCGA-EB-A4IQ-01,20.9093599,1:DECEASED,1,0.6547421811332669,1.1118553995565068,0.8232737425152827,1.1758851301123845,1.6704317053605802,2.495375314561159,0.815471435779766,0.03332896582589563,0.06245000426087116,0.04763906809393971,0.03021201765013938,0.24813549056413067,0.055044536177405436,0,WT,0,7.5,15.5544,0
TCGA-EB-A4IS,TCGA-EB-A4IS-01,25.44629648,0:LIVING,0,0.913294111947744,0.9143198627696337,1.0700211461941438,0.8558107495105697,1.032215484498757,1.7635863715646944,0.8795734305179811,1.6916542221565238,1.2185300326769124,1.2161487485925704,2.6128032240469916,1.2005674476822106,1.2173393906347414,1,p.V600E,0,8.571428571428571,75.2577,1
TCGA-EB-A4OY,TCGA-EB-A4OY-01,32.12019594,0:LIVING,0,0.16174065598597318,0.5127433105598476,5.158245429434637,0.8203213972443147,1.2353594116537499,0.9012948986356543,0.4868471017946095,0.38884385793807386,0.43671238272798135,0.6227641886946631,0.9569843892374914,0.04201954959020728,0.5297382857113222,0,WT,0,8.571428571428571,2.634,0
TCGA-EB-A4OZ,TCGA-EB-A4OZ-01,20.38333827,0:LIVING,0,0.11292359968189854,0.48195634616426725,1.7618057543333279,0.39467963759028507,1.1200583288314805,0.4615626995729646,0.854949709864088,1.6530388454296139,2.310649823825308,2.425229597914607,2.39659927749166,0.26658006278744034,2.3679397108699574,0,WT,0,7.5,16.7106,0
TCGA-EB-A4P0,TCGA-EB-A4P0-01,10.71769077,1:DECEASED,1,0.2617779684865059,0.6341609127272421,1.008048752277768,0.8116854870862203,0.9916781611992964,0.011999772074526335,0.15929887617522737,0.261686497937338,0.17026174634058427,0.32059008972121766,0.3097937067836947,0.16195712729865658,0.24542591803090097,1,p.V600E,0,8.571428571428571,10.1523,1
TCGA-EB-A4XL,TCGA-EB-A4XL-01,25.54492554,0:LIVING,0,0.536273079074844,0.7492162460012157,0.6086191856859735,0.8905716124229975,1.2692461313885286,0.047041156078036994,0.5106434189838109,0.41832823584955864,0.3084761079220444,0.47231530671630423,0.3917692648139261,0.35758732417780276,0.3903957073191743,0,WT,1,9.642857142857142,22.4154,1
TCGA-EB-A551,TCGA-EB-A551-01,19.3970477,0:LIVING,0,0.6521575550004596,1.2436318397733739,0.6553252760392633,1.3474668898823028,0.9718504776837664,0.35747200803083506,1.1183156197071622,2.5778395278493704,2.7449920353888126,2.502728861590621,3.7467525288481376,3.7921127993692423,2.623860448489717,0,WT,1,7.5,237.709,1
TCGA-EB-A553,TCGA-EB-A553-01,7.430055561,0:LIVING,0,0.49142339597289925,0.34281986425704086,2.8124755560073753,0.4357452447285611,0.4703832094898418,5.736264083159961,0.9452286212337753,0.28392895493203807,0.16014445373751368,0.8095262918658123,0.18955829687765016,0.11045366645887518,0.484835372801663,1,p.V600E,0,7.5,6.9238,1
TCGA-EB-A57M,TCGA-EB-A57M-01,15.51763816,1:DECEASED,1,0.5641574548761091,0.6347533158702087,1.6844932801944414,1.222391890460699,1.3750416855402559,0.37358647397235123,0.40880069743712694,0.10913224891101045,0.2555578638385406,0.3181222009022902,0.17249363037769827,0.08867177845186339,0.28684003237041544,0,WT,0,7.5,5.5584,0
TCGA-EB-A5FP,TCGA-EB-A5FP-01,14.92586383,1:DECEASED,1,1.018515749047711,1.2617639148361732,0.3249178730421625,1.5851186604660348,0.8064869438633074,3.1929832927775057,1.0801244176790272,0.013174062931632268,0.04160351430198548,0.036265794077732685,0.0099516938032463,0.26508369462056053,0.038934654189859086,1,p.V600K,0,8.571428571428571,16.6168,1
TCGA-EB-A5KH,TCGA-EB-A5KH-06,20.35046191,1:DECEASED,1,0.47574872703486554,0.5331479598989685,2.7966272365754983,3.9316702878652063,1.7802385272811823,0.006522201106728529,1.3044378517120068,0.03519959035866647,0.0788003462861291,0.02573319715409569,0.07710960676638247,0.019561264885160277,0.0522667717201124,0,WT,0,6.428571428571429,1.2262,0
TCGA-EB-A5SE,TCGA-EB-A5SE-01,13.18341717,1:DECEASED,1,1.189218303076036,0.7671612875750211,0.9251374494292409,0.7079539012056494,0.6457925518578562,0.8676139095839452,0.5514377968248355,0.10876605211720022,0.1473024657760684,0.18368018011036952,0.05848424254414259,0.4673582128377178,0.16549132294321894,1,p.V600E,0,8.571428571428571,29.2964,1
TCGA-EB-A5SF,TCGA-EB-A5SF-01,12.1313739,1:DECEASED,1,0.22908719290047386,0.658913503760317,3.4284560128225694,0.5139267221812729,4.889604750070612,0.5649477516118789,0.36676327895236355,0.01979827451238546,0.026861717312788372,0.010131774845052682,0.04818998577192133,0.07701988816306787,0.018496746078920528,0,WT,0,5.357142857142857,4.828,0
TCGA-EB-A5SG,TCGA-EB-A5SG-06,68.25130684,0:LIVING,0,0.5002630406409346,0.9884837278409118,1.0051222781206057,0.8366077701436904,0.9242248391901213,0.17570742763503489,0.6279750366171879,7.622880403290551,8.339514007596854,7.378651801406965,8.751226196060454,2.3798794481837104,7.85908290450191,0,WT,1,8.571428571428571,149.183,1
TCGA-EB-A5SH,TCGA-EB-A5SH-06,54.0158464,0:LIVING,0,0.7690853713671586,0.37184840082931037,2.797037106905633,1.5687899027315273,1.7637884096231577,0.18113836966078603,0.3605243665115835,0.18126809639406155,0.20928778295793227,0.11044977649852417,0.25339897857303756,0.07408458173763198,0.15986877972822822,0,WT,0,7.5,4.644,0
TCGA-EB-A5UL,TCGA-EB-A5UL-06,29.29282967,0:LIVING,0,0.8330925489886889,1.0894818118980936,0.9051576370696052,1.054767814671208,0.5133671448079403,1.067160960053485,1.3906426477760194,1.0528383363182667,1.2588579943000997,0.8922803120066175,1.686936967445757,0.43230682545745835,1.0755691531533587,0,WT,1,8.571428571428571,27.0992,1
TCGA-EB-A5UM,TCGA-EB-A5UM-01,25.61067824,0:LIVING,0,0.22040329568191006,0.561645133546437,1.454662591274676,0.7405345941609878,0.9506116641387952,1.2141077271526977,0.404940448991916,1.1324611927551693,0.6276814131999039,1.029575514463686,1.345068706589699,0.25813467571338733,0.8286284638317949,0,WT,0,9.642857142857142,16.1812,0
TCGA-EB-A5UN,TCGA-EB-A5UN-06,58.91442286,0:LIVING,0,1.3367931982097156,0.39553826601278325,0.6509451284445565,0.9002088643110796,0.9401131180401274,0.4536588279515234,0.24826071606486164,0.1812448588222259,0.2524065376705601,0.24196096946347703,0.17528384169317787,1.5705149643514686,0.24718375356701855,1,p.V600E,0,6.428571428571429,98.4479,1
TCGA-EB-A5VU,TCGA-EB-A5VU-01,10.55330901,1:DECEASED,1,0.8752950836842034,1.1319438918682057,0.5789473062530844,1.440549285936021,0.5761702707293547,0.11939544501852409,1.013520858079727,0.08655571764827298,0.08220554783024833,0.05202838463617504,0.022071356046508946,0.10689460741803417,0.06711696623321169,0,WT,1,7.5,6.7007,1
TCGA-EB-A5VV,TCGA-EB-A5VV-06,7.035539337,0:LIVING,0,0.5967974311148224,1.4234657132922053,0.5941425656256138,0.7477850500207132,0.8654669526864389,0.10046888154924481,0.35503447194410315,2.3716949273472365,1.960932737641366,5.838026038203367,2.798943077870605,1.1649449517691761,3.8994793879223666,0,WT,0,13.928571428571429,73.0247,0
TCGA-EB-A6L9,TCGA-EB-A6L9-06,36.45987441,0:LIVING,0,0.6064437247595115,0.9292434135442383,1.4260181201359914,0.7313450320939849,1.1316152224522291,0.44467344854877233,0.780933389399831,1.4481654767984904,1.672155756538446,0.8286524302125005,1.6491472413228205,0.7082894404576808,1.2504040933754732,0,WT,0,8.571428571428571,44.3992,0
TCGA-EB-A6QY,TCGA-EB-A6QY-01,12.55876648,0:LIVING,0,1.3167135001541914,1.2899989285722893,0.4308420286933225,1.1806878617432512,0.953120339746691,0.5801154550038551,1.2170717876273742,0.08253862493588209,0.10897646421955251,0.0855337527339611,0.08362608869892883,0.23479898963117196,0.09725510847675681,1,p.V600K,0,9.642857142857142,14.7184,1
TCGA-EB-A6QZ,TCGA-EB-A6QZ-01,11.57247592,1:DECEASED,1,0.6975643562191519,0.6853971327752182,0.9995070545977595,1.1191132925055987,0.85134911938263,0.01859147335343084,1.028501215545723,0.02388931737985337,0.04302745304875678,0.0513463575391075,0.02093347205865506,0.09758139061820006,0.04718690529393214,1,p.V600E,0,7.5,6.1169,1
TCGA-EB-A6R0,TCGA-EB-A6R0-01,19.98882204,1:DECEASED,1,1.6310888895606188,0.9160415099486653,0.6923556941325051,1.1897264278350972,0.6207410740296351,0.008148895187633039,0.9783683073722138,1.3682555680036177,1.6000892000613656,1.0747655806429248,0.8218456935221079,4.603565498479145,1.3374273903521452,1,p.V600K,0,9.642857142857142,288.575,1
TCGA-EE-A17X,TCGA-EE-A17X-06,29.8188513,1:DECEASED,1,0.5225851670280978,1.0111155625761796,1.1854898155997085,0.9418758062977873,1.7181814710327412,0.00064323118534295,4.763652063234897,0.07886052738909381,0.28767702138644824,0.0441638777162663,0.03911446263932252,0.21995814415517734,0.16592044955135726,0,WT,1,9.642857142857142,13.7881,1
TCGA-EE-A17Y,TCGA-EE-A17Y-06,27.22161949,1:DECEASED,1,0.73128172520869,1.284614868303318,0.9432619154278001,1.6281233738115886,0.5256041247067671,0.005790321742589692,1.2250409894188778,0.04662618788825691,0.12053255086753793,0.038075579211612844,0.032598579593085555,0.05210009377625587,0.07930406503957539,1,p.V600E,0,7.5,3.2659,1
TCGA-EE-A17Z,TCGA-EE-A17Z-06,8.646480587,1:DECEASED,1,0.42813243332510376,0.6739693083409464,1.7397875201984885,1.9720948542711239,1.306268695633177,3.118199689145296,1.3604351633896459,0.017811598812035347,0.02609959044398545,0.010938035801032225,0.015607576109189496,0.02375683874325615,0.01851881312250884,0,WT,0,8.571428571428571,1.4892,0
TCGA-EE-A180,TCGA-EE-A180-06,94.97978104,1:DECEASED,1,1.1739840812262927,0.556092038827161,0.9251483793047114,1.273873570832603,0.5901600570490105,1.245372166850431,1.718444416913237,0.12095128802142553,0.12442647502923382,0.09157294528762569,0.10162921004570545,0.5849347832039686,0.10799971015842975,0,WT,0,8.571428571428571,36.6667,0
TCGA-EE-A181,TCGA-EE-A181-06,33.73113719,1:DECEASED,1,1.648388579378264,0.895553908518191,0.8337254359337191,0.7765193191878451,0.7848038856794379,1.2894285387484103,1.2342537157157953,1.6697562279913876,0.9829350189279095,1.2252102655314554,1.8027076799152486,1.3428245211505914,1.1040726422296825,0,WT,0,10.714285714285714,84.1751,0
TCGA-EE-A182,TCGA-EE-A182-06,14.69572936,1:DECEASED,1,0.20810259658117383,0.5913779803283103,3.7505867676198155,0.26910131825149186,4.284399825684562,0.6262373294677787,1.684496681777117,0.1719799022397482,1.2491286085833844,0.27185264321926206,0.5497698465042222,0.11150495283624597,0.7604906259013232,0,WT,0,8.571428571428571,6.9897,0
TCGA-EE-A184,TCGA-EE-A184-06,68.15267778,1:DECEASED,1,0.6510969092872125,0.6466373768069231,0.693588037591777,1.3414614885545728,1.0155171124837012,2.9089899871870046,0.5753889497501197,0.7603634226146659,1.0077199989429217,0.6480012898310764,0.9671714453603306,0.7096741393583755,0.8278606443869991,0,WT,1,8.571428571428571,44.486,1
TCGA-EE-A185,TCGA-EE-A185-06,4.964329158,1:DECEASED,1,1.0362787735716696,0.9233428591215579,1.283506206348135,1.2999375953864347,1.0448960557355425,0.20178453050234793,0.9046326266796066,0.0030207476470370987,0.02674304184110224,0.0023188921300296627,0.006617693718834423,0.052881778639551305,0.014530966985565951,0,WT,1,6.428571428571429,3.3149,1
TCGA-EE-A20B,TCGA-EE-A20B-06,133.8067528,0:LIVING,0,1.2034086262501098,2.875448164404368,1.0399721860575306,0.8264168663466999,0.9183516637435113,2.362651261267958,0.3916874777065921,0.7757685658257201,0.6608971921950377,1.0155740227971177,0.35306084709237456,0.2316068438935104,0.8382356074960777,1,p.V600E,0,7.5,14.5183,1
TCGA-EE-A20F,TCGA-EE-A20F-06,91.56064043,0:LIVING,0,0.8831103678870764,1.2505262541584952,1.2229082442721446,1.244212133396964,0.9188808375045517,0.01053175823366646,0.8144650034952289,0.7765039666285193,0.9085266665749407,0.6797103034824323,1.050398675777201,0.48378795244400274,0.7941184850286865,1,p.V600E,0,9.642857142857142,30.3263,1
TCGA-EE-A20H,TCGA-EE-A20H-06,168.2611697,1:DECEASED,1,1.8513124337058626,1.1568999502951662,0.6705341977561304,1.0660501279728412,1.0863675993785686,0.3881956938379133,2.716186545762792,0.08578382018853188,0.0777479569064089,0.09131104688235174,0.09354364598253952,0.0711923477434389,0.08452950189438033,1,p.V600K,0,8.571428571428571,4.4627,1
TCGA-EE-A20I,TCGA-EE-A20I-06,13.54505704,1:DECEASED,1,1.3039857515952267,1.14267288406117,1.162015175558457,1.3370932014838064,0.6700581086557913,0.9798726443203277,1.0066887312250803,0.3894165957380234,0.4055463010497331,0.20834983470202265,0.3402386912081895,0.9063061690827249,0.30694806787587786,0,WT,0,8.571428571428571,56.8119,0
TCGA-EE-A29A,TCGA-EE-A29A-06,63.35273038,1:DECEASED,1,1.6134319296079849,0.4605860092710895,0.7398077484866401,0.8599909538754387,0.7624675265560122,0.02260705855652689,1.492050377676647,0.01568659121346352,0.03972857538011443,0.03567820150179757,0.00509113251618203,0.4000471697318254,0.037703388440956,1,p.V600E,0,9.642857142857142,25.077,1
TCGA-EE-A29B,TCGA-EE-A29B-06,85.08399908,1:DECEASED,1,0.2999182301002841,0.8395299441787082,1.5746015797475774,0.6859058397805513,1.2295450332916997,4.105935426924819,1.8964522886240003,0.08054620818837258,0.35147301580720264,0.08365093823707187,0.08822433778247732,0.18662167764847415,0.21756197702213725,0,WT,0,8.571428571428571,11.6984,0
TCGA-EE-A29C,TCGA-EE-A29C-06,78.9689976,1:DECEASED,1,0.7038947364234791,0.9818006065186713,1.3440249268269664,0.6142860646166738,1.1423881549455106,0.00588304773761019,4.579063672740621,0.06576820603368345,0.2233886322519469,0.17176506179735374,0.07286529949168748,0.22056115819257668,0.19757684702465034,1,p.V600E,0,8.571428571428571,13.8259,1
TCGA-EE-A29D,TCGA-EE-A29D-06,13.97244962,1:DECEASED,1,1.030824821667236,1.0658248145244023,0.6439718678945303,1.5209162314502138,0.7773235899215196,0.004175861110359014,1.3781832096381192,0.027044159485542146,0.03263024656943072,0.06821026446844539,0.0169269226487906,0.2517455984123706,0.050420255518938056,0,WT,0,9.642857142857142,15.7807,0
TCGA-EE-A29E,TCGA-EE-A29E-06,63.78012296,0:LIVING,0,0.8741339557454908,1.071756671623065,1.1360075368769724,0.9532349421130968,0.7748867774169751,0.6366694471484785,1.7016592553985277,0.007017883385969125,0.03189732955652804,0.01316836933568881,0.013665387807815736,0.0,0.022532849446108425,1,p.V600K,0,7.5,0.0,1
TCGA-EE-A29G,TCGA-EE-A29G-06,72.06496367,1:DECEASED,1,1.0304563868405294,1.076365990661472,0.6657359824246861,1.138475215004222,0.9591307083906078,0.3969789553930097,0.9299482695291192,0.17299142007259471,0.2724862271836988,0.33630147578375713,0.2646017458766137,0.24489867711999513,0.304393851483728,0,WT,1,8.571428571428571,15.3515,1
TCGA-EE-A29H,TCGA-EE-A29H-06,64.63490811,0:LIVING,0,1.8871455117760354,0.964427621348445,0.5935086328483387,0.9479527320348022,1.0168498464003959,0.2842007423288833,1.3594916331228923,0.2913335388516724,0.3049241894445748,0.17665131377523707,0.396869380624749,0.5571498745018942,0.24078775160990593,1,p.V600E,0,7.5,34.925,1
TCGA-EE-A29L,TCGA-EE-A29L-06,2.597231811,1:DECEASED,1,0.7332913697180002,0.5474892809003006,1.1131859568950693,1.4519084217513305,0.7409804586540097,0.18196457068716368,2.226029830109416,0.0073622095239340305,0.013484938618175209,0.006279266091832359,0.016128008312055298,0.08114846046145271,0.009882102355003784,0,WT,1,8.571428571428571,5.0868,1
TCGA-EE-A29M,TCGA-EE-A29M-06,56.84321268,0:LIVING,0,1.0420620838817958,0.6794073657259878,0.8695399053808945,1.2019359094052373,0.8662574468233019,1.2370356921164658,1.1751887210170187,0.8082505905040052,1.1242956992734816,1.2073222686840592,0.5355564777233085,1.1716403219145863,1.1658089839787704,1,p.V600E,0,10.714285714285714,73.4444,1
TCGA-EE-A29N,TCGA-EE-A29N-06,18.60801526,1:DECEASED,1,1.0679641686684607,1.477368921333881,0.6950061889340433,1.5575579214216133,0.7685170932563024,0.7123927214759246,1.7203363160634966,0.6871103946927157,0.6313301414854999,0.908783269210738,0.5892837663119125,1.5565786399315726,0.770056705348119,0,WT,0,7.5,97.5743,0
TCGA-EE-A29P,TCGA-EE-A29P-06,56.4158201,0:LIVING,0,0.9998651315321404,0.6819538384171553,0.9016108924795058,0.8391588074081827,0.8068331933612721,0.451619919839218,1.1028659164161658,4.828781096610582,2.81764946552239,3.9392332203385165,3.9086075428257114,1.3947347771743326,3.3784413429304534,1,p.V600E,0,8.571428571428571,87.4291,1
TCGA-EE-A29Q,TCGA-EE-A29Q-06,66.73899464,1:DECEASED,1,0.8333660839357895,0.9976475862347564,1.0091253450115887,1.0181340718563958,0.8017243800139429,0.0028847890343757275,0.7574660981498051,0.03558560743433653,0.038021718314766494,0.09731372475451179,0.02192522778701613,0.3698805151095467,0.06766772153463914,0,WT,1,8.571428571428571,23.186,1
TCGA-EE-A29R,TCGA-EE-A29R-06,14.4655949,0:LIVING,0,0.6590740815200021,0.7325507013081911,0.8520001877199943,0.8175319452822064,1.054917692148334,0.0017156968524155809,0.5128933757737619,0.07055049831746281,0.071072753722623,0.044678860638175145,0.04636517918718935,0.10292077681707719,0.05787580718039907,0,WT,1,7.5,6.4516,1
TCGA-EE-A29S,TCGA-EE-A29S-06,61.2815202,1:DECEASED,1,0.7721891556648711,0.8966181995015922,1.7492418624802635,1.129868444420281,1.275753008746508,0.530121428090127,0.8651349981282744,0.5486650424438092,0.3226353769278595,0.5045111827877206,0.3816522783892862,0.27463141687938325,0.41357327985779,0,WT,1,8.571428571428571,17.2153,1
TCGA-EE-A29T,TCGA-EE-A29T-06,369.9247132,0:LIVING,0,2.2489317645646065,1.0355942551944088,0.5198194124278439,0.8591988872689141,1.3582583844030576,0.00865418980676959,0.4819736470014087,1.0533249584108253,0.6273525936791983,1.2305867376012618,0.3975700776067433,1.5158544538291123,0.92896966564023,1,p.V600E,0,10.714285714285714,95.0215,1
TCGA-EE-A29V,TCGA-EE-A29V-06,25.87368906,1:DECEASED,1,0.5064694927671877,0.8717012694196097,1.0617062434301432,1.0239116546952929,1.8970814003208043,1.2158044532948509,2.4950569215530116,0.017213573066264618,0.023407943951143595,0.028829390320290953,0.02228276291372601,0.2556827376830096,0.026118667135717276,0,WT,0,6.428571428571429,16.0275,0
TCGA-EE-A29X,TCGA-EE-A29X-06,17.91761186,1:DECEASED,1,1.1123549829407795,1.9791586430005905,0.7992088891986372,1.0920134885432349,1.8421322582947344,4.042232845642094,1.6406733298489757,0.4536247405519397,1.059269552635671,0.8131357891179852,0.6992536659885868,1.4101882083391137,0.9362026708768281,0,WT,1,7.5,88.3978,1
TCGA-EE-A2A0,TCGA-EE-A2A0-06,46.81592531,1:DECEASED,1,1.469664194350276,1.0688689997636895,0.16591059119458945,1.263359482667733,0.44548199087771867,0.27438384300902685,0.6991897979816996,0.8567132300252747,0.3315552323524824,1.8167271204558546,0.05681754194509135,0.8607865856352316,1.0741411764041686,0,WT,0,9.642857142857142,53.9585,0
TCGA-EE-A2A1,TCGA-EE-A2A1-06,115.9548937,0:LIVING,0,0.6299230714432857,1.0988491376858238,0.9166066816247028,0.9265616355542463,1.2757660747652992,0.2900426573115322,0.8176004271509024,1.1214971595967074,0.9410998287402695,1.0787276334406586,1.7130903325771145,1.6406767642955424,1.009913731090464,0,WT,1,8.571428571428571,102.846,1
TCGA-EE-A2A2,TCGA-EE-A2A2-06,59.6377026,0:LIVING,0,1.0613770005546106,1.242011926291285,0.7028101200198091,1.4110812293106705,0.7178470723843254,4.434146444098708,1.792054293570277,0.2949517654780841,0.26709826062107106,0.34400439474528366,0.38233920098616436,0.524791311711926,0.3055513276831774,0,WT,1,8.571428571428571,32.8966,1
TCGA-EE-A2A5,TCGA-EE-A2A5-06,39.28724069,1:DECEASED,1,0.7264027549277535,0.43693762013329335,0.9320915826971942,0.9907587664656758,1.7042400289826123,0.004213802530883653,1.3637544544819176,0.04913748594569686,0.09520910802318752,0.12593745767322545,0.06227279733738662,0.156399188393103,0.11057328284820649,0,WT,1,7.5,9.8039,1
TCGA-EE-A2A6,TCGA-EE-A2A6-06,86.13604235,0:LIVING,0,1.471779903430911,1.171275704240079,0.7527022690726797,0.5322793557933213,0.5752830880534373,2.4806065279737646,0.9337369064463914,1.6726950973706038,1.7941528061240912,1.601151995614744,1.6626880607782815,0.6903649279597472,1.6976524008694176,1,p.V600E,0,9.642857142857142,43.2756,1
TCGA-EE-A2GB,TCGA-EE-A2GB-06,59.27606273,0:LIVING,0,1.128566115315882,0.8282218524800696,0.7016433558133588,1.4130706675096671,0.8010514800462001,0.540982602956199,0.6480165872063853,0.1493013990441319,0.12251681810720703,0.13984157685578158,0.12602604163160208,0.30772540155094175,0.13117919748149431,1,p.V600K,0,8.571428571428571,19.2898,1
TCGA-EE-A2GC,TCGA-EE-A2GC-06,67.42939803,0:LIVING,0,1.225514715852522,0.9169727645591413,0.6657332499558186,1.2371736017128976,0.39568608666286786,0.26530981542747994,0.7175523485577507,1.7784670567025784,1.0708783839377392,1.0342300870830576,1.0786361652652594,1.0435046247929223,1.0525542355103985,0,WT,0,9.642857142857142,65.4122,0
TCGA-EE-A2GD,TCGA-EE-A2GD-06,340.1387382,1:DECEASED,1,1.4367283537810254,1.128046708708398,0.7093762427085679,1.0550247727341944,0.9660622313592988,0.07436429774650503,0.2574574749264955,0.07414289023165721,0.08687011144732376,0.2811118430890511,0.08679958725242236,0.7672029547464566,0.18399097726818744,0,WT,1,7.5,48.0922,1
TCGA-EE-A2GE,TCGA-EE-A2GE-06,173.7843969,0:LIVING,0,0.8712311358987093,1.004808073365728,0.6936618142512012,0.8143504335951293,0.9966824463962967,0.05063885376628924,0.749235611053662,2.989458940018374,2.0261124446644807,3.3722273700102723,3.1155922362379647,1.5893089018504143,2.6991699073373763,1,p.V600E,0,8.571428571428571,99.626,1
TCGA-EE-A2GH,TCGA-EE-A2GH-06,220.2386823,0:LIVING,0,0.4399725888924564,0.7618633096650008,1.1366715268117908,0.7452578542259825,0.7795905441817796,0.21208190295127807,0.5476927074583365,4.427003479571976,3.7562539380014672,6.489204525034321,2.4973139881429165,0.4993594339758939,5.122729231517894,1,p.V600E,0,10.714285714285714,31.3024,1
TCGA-EE-A2GI,TCGA-EE-A2GI-06,48.72275372,0:LIVING,0,0.8535183524874834,0.9601235034008663,0.7873827639398155,0.8386342950734272,1.076430892087919,1.1076004862565922,0.9858004227041808,1.7198400298771923,1.6580448924366942,1.2558784009054405,2.473628034606274,0.72824314304972,1.4569616466710673,0,WT,0,7.5,45.65,0
TCGA-EE-A2GJ,TCGA-EE-A2GJ-06,107.3741658,1:DECEASED,1,0.8111148533410382,0.8914610836334935,1.01674346821436,1.980783745473133,0.8746196988496209,1.3556274527460264,0.7873493952137556,1.1256266128035037,0.6440823300042348,0.775504681719169,0.9965288522469606,0.9716869291588469,0.7097935058617019,0,WT,1,9.642857142857142,60.9103,1
TCGA-EE-A2GK,TCGA-EE-A2GK-06,54.73912615,0:LIVING,0,0.7277201885505235,1.5429167248410058,0.7299353384681275,0.8588333180659027,0.8899200068540266,0.09636482546371047,1.482610236392358,1.9369062891420872,1.4281549808286644,2.438055904429305,3.1788046861947947,0.5283711093307728,1.9331054426289849,0,WT,0,12.857142857142858,33.121,0
TCGA-EE-A2GL,TCGA-EE-A2GL-06,79.65940099,0:LIVING,0,1.328296867812021,0.9020257367775502,0.7746795161745056,0.8251744608669004,0.8125365105635975,0.14972819235711246,0.6907947979159687,0.917256673069108,0.4243073742108037,0.8226547888481341,0.6390416364418345,0.6690600272468689,0.6234810815294689,0,WT,1,10.714285714285714,41.9401,1
TCGA-EE-A2GM,TCGA-EE-A2GM-06,75.48410428,0:LIVING,0,0.8546571510427593,1.028668538133305,0.40259376554043474,1.5776774728482166,1.1987092289446484,0.5664175384163147,0.27472117563803516,0.26912252092475003,0.3606849697908279,0.11974129395998961,0.30281129130243767,0.2929021041024905,0.24021313187540877,0,WT,1,9.642857142857142,18.3606,1
TCGA-EE-A2GN,TCGA-EE-A2GN-06,102.1139494,1:DECEASED,1,0.7582109616334468,0.5885075249407251,0.7750320046584215,1.3633744483176882,1.442462342502453,0.009023320823275663,0.6037916300877798,0.09609050344724243,0.1120263070024625,0.0787672045130854,0.09905879000577447,0.1370086179576827,0.09539675575777395,0,WT,1,6.428571428571429,8.5884,1
TCGA-EE-A2GO,TCGA-EE-A2GO-06,126.8040898,0:LIVING,0,0.9805334678217481,1.1046714354185483,0.7900660483677645,1.1334102272059778,0.9117141261976205,0.0036698573057920955,0.721699043114714,0.029911129083666773,0.11006640912828732,0.0843946625546126,0.03541873522403499,0.3396468589275571,0.09723053584144996,0,WT,0,8.571428571428571,21.2908,0
TCGA-EE-A2GP,TCGA-EE-A2GP-06,13.90669691,1:DECEASED,1,1.0781352028239142,1.1115580241346743,0.5557677728495299,0.6709969740229575,0.6292718776983597,0.7740723513185263,1.075522893147321,0.10026533826491775,0.12829486143119975,0.23253472541852926,0.1355261751575632,0.6784434361568765,0.1804147934248645,0,WT,1,7.5,42.5283,1
TCGA-EE-A2GR,TCGA-EE-A2GR-06,42.772134,1:DECEASED,1,1.1147218975850783,0.9030900277609514,0.7719962317465566,1.709780407745104,0.897426434649527,0.005184677385056198,1.1446909196254902,0.00856550567022425,0.015340348664958666,0.017533342756921116,0.007505842115669849,0.0,0.016436845710939892,0,WT,0,6.428571428571429,0.0,0
TCGA-EE-A2GS,TCGA-EE-A2GS-06,81.20458954,1:DECEASED,1,0.9690394176976656,0.9860890731282588,0.8344167505572131,0.7889778116643844,0.6052918134110107,0.013152552991588039,0.953938131388424,0.25918640859101877,0.2981658633565699,0.2341405319867634,0.20436755753641372,0.3455637347601341,0.2661531976716667,1,p.V600E,0,7.5,21.6617,1
TCGA-EE-A2GT,TCGA-EE-A2GT-06,44.87622054,0:LIVING,0,1.1826534643456226,1.2066085997552018,1.4006225544808417,1.1744387476135134,1.156362262042617,0.2394972387256938,1.3937490397311774,0.39652455888775545,0.6342394431331642,0.3303831594171421,1.1669239849965327,0.17828636456537494,0.4823113012751531,1,p.V600K,0,9.642857142857142,11.1759,1
TCGA-EE-A2GU,TCGA-EE-A2GU-06,94.81539928,0:LIVING,0,1.944342227449348,1.1075904099539062,0.44676139231575657,1.2972752979297215,0.6833723818039461,0.21818976247031463,0.859541557162289,2.3679632466936273,3.481380848307062,1.2180374390152189,1.7838008391275924,1.2763015440089192,2.3497091436611406,0,WT,1,9.642857142857142,80.0051,1
TCGA-EE-A2M5,TCGA-EE-A2M5-06,21.66551599,1:DECEASED,1,0.7691077007505955,2.02898467749556,0.8900771413895135,1.0498273323261633,0.7377858170595799,1.1044694325815216,3.1613876731679222,0.8987226591561815,1.2249244874171314,1.0218234895511706,0.4637350370688996,11.90753314459775,1.123373988484151,1,p.V600E,0,8.571428571428571,746.425,1
TCGA-EE-A2M6,TCGA-EE-A2M6-06,129.2698162,0:LIVING,0,1.240168373732909,1.5170685401485473,0.9923261264137986,1.7294072354633006,0.8022339547467967,11.264258135056869,1.765780604603753,0.19396947977623666,0.24510574283012213,0.24164870598026578,0.19852721824717634,0.25977302337584524,0.24337722440519394,1,p.V600E,0,7.5,16.2839,1
TCGA-EE-A2M7,TCGA-EE-A2M7-06,28.83256074,1:DECEASED,1,1.1007716152829499,1.4869788428604749,0.6972030939035656,0.8987095007682939,0.873783473646989,0.07797458347614629,0.13535546503674734,0.2591918762549801,0.27618336037335817,0.21787345123098248,0.1748730056849317,0.18977713205581775,0.24702840580217034,1,p.V600E,0,9.642857142857142,11.8962,1
TCGA-EE-A2M8,TCGA-EE-A2M8-06,19.75868758,1:DECEASED,1,1.3831266688410346,0.9047177669120355,0.723762691296298,0.8260645424046672,0.9128312708042616,0.10798766548199669,0.5703180793934131,7.945814306006743,5.5124339314552415,4.8839016075795785,7.682693242834718,2.842971895053159,5.1981677695174096,1,p.V600E,0,8.571428571428571,178.212,1
TCGA-EE-A2MC,TCGA-EE-A2MC-06,61.51165467,1:DECEASED,1,1.217844572641988,2.6291195814299444,0.5294786898746864,0.9714975079504904,1.160732845328248,0.015671047751179164,1.0099064113655476,2.464180463253174,2.6522382243958686,3.116200693405853,2.5144062034131007,2.39707651517621,2.8842194589008607,0,WT,1,10.714285714285714,150.261,1
TCGA-EE-A2MD,TCGA-EE-A2MD-06,47.27619423,1:DECEASED,1,1.5966179038800894,0.8124531294539408,0.7553609612808204,1.3752475002589704,0.8642518129388644,0.1395951736316699,1.254895254782313,0.22054916120826365,0.20708619439036535,0.31669057356192254,0.4108078605896497,0.3568311637182067,0.26188838397614395,0,WT,1,9.642857142857142,22.368,1
TCGA-EE-A2ME,TCGA-EE-A2ME-06,103.2646218,1:DECEASED,1,1.4673084443976958,0.9432513610463579,0.5131412585155148,0.7521718804568495,0.6521851015514134,0.1803334441973194,0.6605195728950589,4.936412061689409,2.2481574235450164,4.140920174938418,4.331343422039623,2.2887254214720762,3.194538799241717,1,p.V600K,0,11.785714285714285,143.469,1
TCGA-EE-A2MF,TCGA-EE-A2MF-06,268.7313016,1:DECEASED,1,1.0282011191134144,0.7499690753585914,1.029495900419286,1.3350348879277207,0.664740239007804,0.006531243220965709,0.6005400796300443,0.3629353322573004,0.42993569615912486,0.28305677451539635,0.3207407496331585,0.38423958746571435,0.3564962353372606,0,WT,1,7.5,24.0861,1
TCGA-EE-A2MG,TCGA-EE-A2MG-06,103.1988691,1:DECEASED,1,1.0951892694237548,1.337250317967707,0.5087255888255297,0.7867526078199674,0.81744933362906,2.2591456477058816,0.759101550612178,1.2868639222752243,0.6308995047527993,1.0791557366031257,1.4536408056202412,0.8598772787534389,0.8550276206779626,1,p.V600E,0,10.714285714285714,53.9015,1
TCGA-EE-A2MH,TCGA-EE-A2MH-06,16.96419765,1:DECEASED,1,1.262436351365238,0.8978937835478745,0.8154342893342386,0.9245245144157265,0.702363840116844,0.018286700914730582,0.6931463656577238,0.8521846373493012,0.860789416360829,0.8513628832723927,0.6360052828531928,0.25595074392185374,0.8560761498166108,1,p.V600E,0,6.428571428571429,16.0443,1
TCGA-EE-A2MI,TCGA-EE-A2MI-06,204.6552915,1:DECEASED,1,0.8588885692040292,0.9246106174988445,0.76741388145565,1.3468999927124155,0.9165224211127541,0.11260268967011053,0.42330251570629196,0.8530608304991046,0.3050844263683704,0.5644078517246497,0.7517879730488725,1.1416060751364985,0.43474613904651005,0,WT,0,7.5,71.5617,0
TCGA-EE-A2MJ,TCGA-EE-A2MJ-06,96.22908242,1:DECEASED,1,0.9330723633268719,0.790650815632206,0.7811554673906348,1.3775283341994977,0.8142873570816082,0.37809512034591003,1.7647306247684424,2.7282002867860107,3.180218888302439,1.8920606857805649,2.6726738883973877,1.458011369220482,2.536139787041502,0,WT,0,10.714285714285714,91.3956,0
TCGA-EE-A2MK,TCGA-EE-A2MK-06,180.3925436,0:LIVING,0,1.0127547681210218,0.7075938603143302,0.5129745779145933,0.8146974594327704,0.7733449871996226,0.0168920877659137,0.1490579438183862,1.345210731322592,0.7626726758246,1.0996753087727456,0.70611091423118,1.6212463119793417,0.9311739922986728,1,p.V600E,0,8.571428571428571,101.628,1
TCGA-EE-A2ML,TCGA-EE-A2ML-06,216.6551599,1:DECEASED,1,1.9964590083907925,0.8878221475505406,0.7285390468768018,0.9712140593655467,0.8654081556018789,0.008537883396189388,0.4125796571208935,0.9127745555368056,0.9827630980617535,0.548404348210074,1.0170886192485522,1.4698594783627168,0.7655837231359137,0,WT,1,9.642857142857142,92.1383,1
TCGA-EE-A2MM,TCGA-EE-A2MM-06,167.8995299,1:DECEASED,1,1.0160260227945102,0.7710522101996322,1.4170201001550995,0.7175991002503187,0.7839349954298283,4.21300469727449,1.7419504170972835,0.10744069037297325,0.08779614733609263,0.11665475410039901,0.11097063869967642,0.3718793949742593,0.10222545071824582,0,WT,1,7.5,23.3113,1
TCGA-EE-A2MN,TCGA-EE-A2MN-06,47.53920505,1:DECEASED,1,0.76540102310009,0.894035728733045,1.023798702830413,1.4294974401754168,0.9673623002290156,0.32432822694262914,0.7746141559209581,1.3416048069400934,0.856776816727447,0.8357287236626906,1.6670419642475962,0.6759755453741867,0.8462527701950688,0,WT,1,9.642857142857142,42.3736,1
TCGA-EE-A2MP,TCGA-EE-A2MP-06,248.6438505,0:LIVING,0,0.5794475001844442,1.0121328995456074,0.8862598823815252,0.6468376179978591,0.94741048953497,0.11063913250978165,0.538271920641058,1.296817804516831,1.1730861734346252,1.587037182522817,0.7049011638861985,0.64560150497185,1.3800616779787211,1,p.V600E,0,8.571428571428571,40.4696,1
TCGA-EE-A2MQ,TCGA-EE-A2MQ-06,43.23240293,1:DECEASED,1,1.9074764153952237,1.1282345247642924,0.6416465368882326,1.8747342389212944,0.8323576610697319,2.067346448063102,3.3170072651644857,0.19030614492214398,0.20713626842905147,0.22796157634182282,0.15646383942038408,1.0529151533818604,0.21754892238543716,1,p.K601E,0,8.571428571428571,66.0021,1
TCGA-EE-A2MR,TCGA-EE-A2MR-06,134.3985271,0:LIVING,0,1.0102148007550882,1.3612125164322268,1.106106130059208,1.1471455628408609,0.6726778454234116,0.8114340127538403,1.9145535538954122,2.0286263520934376,0.617389529115281,1.4022099377624255,2.660959672185587,6.0502567946589245,1.0097997334388533,0,WT,0,10.714285714285714,379.261,0
TCGA-EE-A2MS,TCGA-EE-A2MS-06,162.4749318,0:LIVING,0,0.94320990340717,1.1850488816723306,0.8240005792340551,0.9058460473836026,1.0456996158911966,0.9031955155890381,1.8696560290481976,0.621505261736679,0.4309004559711444,0.7228479927357262,0.6688062860188545,0.2545038292871416,0.5768742243534353,0,WT,0,10.714285714285714,15.9536,0
TCGA-EE-A2MT,TCGA-EE-A2MT-06,71.21017852,0:LIVING,0,0.44659325108146175,1.2001445971648381,0.49751153659304265,0.7012067652631138,1.4970848340587448,4.638498225858984,1.313142523249903,0.15309595783329658,0.12873901815434574,0.25311977218946774,0.11793628536427038,0.3272404034543968,0.19092939517190674,0,WT,0,6.428571428571429,20.5131,0
TCGA-EE-A2MU,TCGA-EE-A2MU-06,53.25969031,0:LIVING,0,1.3570571136785938,0.6096407440633362,0.8854893261608718,1.0162373504842501,0.8720587591665606,1.045076925751854,1.6206221020262732,1.696985194518823,1.632181651455309,1.9688548383654567,1.2306394994532561,2.334477915103327,1.800518244910383,0,WT,1,10.714285714285714,146.337,1
TCGA-EE-A3AA,TCGA-EE-A3AA-06,124.3054871,0:LIVING,0,1.9429689703679858,1.8770806166220164,0.7955473809161,1.702985588863045,0.8417978596463186,1.813741738163831,1.1022562507053402,0.5258443799851983,0.3682761940556455,0.44081195046652566,0.7192025689545937,0.577974597370177,0.4045440722610856,1,p.K601E,0,11.785714285714285,36.2304,1
TCGA-EE-A3AB,TCGA-EE-A3AB-06,122.7274222,0:LIVING,0,3.759508971716923,1.288856380898932,0.8381219783416314,0.6722658700247145,0.955237034790853,0.0361826406573289,0.686952936214418,0.2586041023791369,0.4759704290579085,0.32641187302178626,0.28077706620711135,0.17597959658103782,0.40119115103984737,1,p.V600E,0,8.571428571428571,11.0313,1
TCGA-EE-A3AC,TCGA-EE-A3AC-06,64.04313377,0:LIVING,0,1.0330689247026326,0.6826432798556674,0.9663157552634467,1.3112993802539397,0.8182006297095497,0.053165149565614404,2.0545250593141233,0.9271353749312452,0.7069202411514611,0.6136984746659498,0.8808240172715027,0.911178139638856,0.6603093579087055,0,WT,1,9.642857142857142,57.1173,1
TCGA-EE-A3AD,TCGA-EE-A3AD-06,28.76680804,1:DECEASED,1,0.8663242538884769,0.7888978657771921,0.5547294346798552,1.0451252646787346,1.1126172311299356,1.8728523437849278,0.2613206265417575,0.021128557154177628,0.02889605859114361,0.01686768431018319,0.0074058281020005865,0.12822343725938082,0.0228818714506634,1,p.V600E,0,6.428571428571429,8.0377,1
TCGA-EE-A3AE,TCGA-EE-A3AE-06,54.50899168,0:LIVING,0,0.7737577948513049,1.0508777867428107,0.7376545630189989,1.246527405016036,1.1537621243031835,6.079084320199412,1.1302282941520205,0.975341034246332,0.5458470809097821,1.0500195390164,1.387487823884273,1.1941289168490263,0.797933309963091,0,WT,0,9.642857142857142,74.8541,0
TCGA-EE-A3AF,TCGA-EE-A3AF-06,13.80806786,1:DECEASED,1,1.025722557551932,0.5393286732716914,1.0949877142370859,0.8154312468909889,1.2603481725917736,0.4288993916138324,0.8504836666014541,0.5439232108733437,0.4005672724697088,0.46077330968900726,0.48215438440070696,0.2888213900610421,0.43067029107935806,1,p.V600E,0,9.642857142857142,18.1048,1
TCGA-EE-A3AG,TCGA-EE-A3AG-06,41.58858533,1:DECEASED,1,2.376555355597523,1.504594423769565,0.7988782604656618,0.35920353058500887,0.6998551645089485,9.107359296774161,1.3357678951849794,0.07401440012856589,0.0463847504291996,0.02645341776859902,0.010294855658530656,0.027422781224588584,0.03641908409889931,1,p.V600E,0,6.428571428571429,1.719,1
TCGA-EE-A3AH,TCGA-EE-A3AH-06,138.8039583,1:DECEASED,1,1.3342476484979229,1.1958483048862552,1.0068874530090528,0.90194134444709,0.9389829074146953,0.0010878904501831152,0.8009313924382551,0.026841309152576712,0.02867890417670808,0.023179267993691983,0.02021241294214134,0.17131182125450226,0.02592908608520003,1,p.V600E,0,8.571428571428571,10.7387,1
TCGA-EE-A3J3,TCGA-EE-A3J3-06,172.1734556,1:DECEASED,1,1.0649217901751993,1.129682273528478,0.8742315544265038,0.8409177780661503,0.7569536666261583,0.024442962339389692,1.234708545690538,0.24235420508605712,0.23172095228931916,0.34314147307662474,0.23809503782271224,0.19947321491114348,0.28743121268297195,1,p.V600E,0,7.5,12.504,1
TCGA-EE-A3J4,TCGA-EE-A3J4-06,127.198606,1:DECEASED,1,1.365933043594714,0.74024959446606,1.29000948225294,0.8700652993758169,0.6886771854331424,0.016405054671609104,0.7486743315103623,0.15552360063212814,0.14300327572793944,0.22438187842742954,0.13750968661428534,0.6724436060122763,0.1836925770776845,1,p.V600E,0,7.5,42.1522,1
TCGA-EE-A3J5,TCGA-EE-A3J5-06,36.95301969,1:DECEASED,1,0.7057034164818583,1.1514767616812172,0.6950526409047918,1.212993053270233,0.6067748065438032,4.002376624455464,1.2180927357621691,1.0698810448857397,0.7103736806861813,0.7536882087926637,1.5039891776512286,1.0871720936969749,0.7320309447394225,0,WT,0,9.642857142857142,68.1495,0
TCGA-EE-A3J7,TCGA-EE-A3J7-06,64.07601013,0:LIVING,0,1.2059709229994802,0.633081752972749,0.8854538040655935,1.2203494712177878,0.7583647966555994,2.3260218337894982,1.241071326720184,0.35056200871280524,0.4115852301152806,0.3238243671427577,0.42140575272073516,0.16246921064787664,0.36770479862901917,0,WT,1,9.642857142857142,10.1844,1
TCGA-EE-A3J8,TCGA-EE-A3J8-06,34.32291153,1:DECEASED,1,2.687078926361106,1.3028095487180824,0.21600548943743342,1.1048507954837643,0.36176604858017164,1.9288602631481688,0.6698484259940384,0.026746718566045664,0.009798154063177633,0.0,0.0,0.10925242420977016,0.004899077031588817,0,WT,1,8.571428571428571,6.8485,1
TCGA-EE-A3JA,TCGA-EE-A3JA-06,53.1939376,1:DECEASED,1,1.3088535571844446,0.6900737525669873,0.20043260286740658,0.9665808670752072,0.5265775431067058,0.005008444805609976,0.6756741205641479,0.9305841039748557,0.21217872412474492,1.1381920021252925,0.11842377882011937,0.6158783368638492,0.6751853631250186,0,WT,1,9.642857142857142,38.6064,1
TCGA-EE-A3JB,TCGA-EE-A3JB-06,201.7950488,0:LIVING,0,1.3168921352216856,1.3847208260950017,0.624806331257429,1.2128182158253147,0.6383658267769816,2.8994869024200858,2.0483413071043226,0.13185900424108554,0.16402202037990543,0.18919179847264092,0.15657643004655067,0.4794009455581611,0.17660690942627316,1,p.V600E,0,8.571428571428571,30.0513,1
TCGA-EE-A3JD,TCGA-EE-A3JD-06,27.3531249,1:DECEASED,1,1.289516311128193,1.5607279474749858,0.3811602797432544,0.9376293756280248,0.5884039841234836,1.7095482147342982,2.389381531676606,1.6521093425561877,1.0882958037273986,2.6396001579750505,1.3164778741790968,1.5810102800976331,1.8639479808512247,0,WT,0,10.714285714285714,99.1058,0
TCGA-EE-A3JE,TCGA-EE-A3JE-06,51.35286189,0:LIVING,0,1.2155111520728445,0.7398340514423938,0.5100125816621528,0.9188608408212461,0.7311613455324804,0.06672442040151796,0.6577228524120661,6.83213317204276,3.139341781388327,4.445305720542294,2.8441709719562502,4.974514847993605,3.79232375096531,1,p.V600E,0,9.642857142857142,311.828,1
TCGA-EE-A3JH,TCGA-EE-A3JH-06,134.3327744,0:LIVING,0,0.794853479853203,1.282807138765335,0.791727389439244,0.705294252801132,0.9123151630620122,0.08645431366704558,0.7229328903866226,3.8099639323757155,4.435024223738208,3.411700999843624,4.415534859414617,2.3492501637443794,3.9233626117909157,1,p.K601E,0,10.714285714285714,147.263,1
TCGA-EE-A3JI,TCGA-EE-A3JI-06,152.8092843,1:DECEASED,1,0.7837557762851233,0.9048429776159652,0.6516364430680505,1.4082255510436688,0.5149821047305233,1.6372272575090385,0.6706467977582145,0.0957863646393933,0.1307002513362192,0.10361901280327843,0.07467393614606575,0.34212910718732786,0.11715963206974882,0,WT,1,7.5,21.4464,1
TCGA-ER-A193,TCGA-ER-A193-06,31.3969162,1:DECEASED,1,1.4366557832848559,1.9378078080278531,0.9540333077037416,1.1012798731239142,0.8036516177856337,0.010407473486994627,0.6520761866618022,1.6415294127910096,1.057148082530002,1.3420824288849504,1.293336907184005,3.8739025604736437,1.1996152557074762,1,p.V600R,0,9.642857142857142,242.836,1
TCGA-ER-A194,TCGA-ER-A194-01,44.51458066,1:DECEASED,1,0.08834229792551913,0.24866767543720777,1.9660168151508035,0.9382466047896311,1.6426533494106517,0.3323757086137197,0.5704632378959904,0.7579453482277669,0.5496243325613392,1.295192541325328,2.0157974176617173,0.21361692511109706,0.9224084369433336,0,WT,0,8.571428571428571,13.3906,0
TCGA-ER-A195,TCGA-ER-A195-06,35.4407075,1:DECEASED,1,0.6282316206479497,2.458144365214129,0.7402995928828018,0.9808566093580203,0.9748033979305604,0.033254591311700776,2.044523638486535,1.6161867903302338,1.9706137184540182,1.5642511818460187,1.3583639826583076,1.0195579482971515,1.7674324501500185,0,WT,1,7.5,63.9111,1
TCGA-ER-A196,TCGA-ER-A196-01,58.68428839,0:LIVING,0,0.8568063541985494,0.8383639194983641,0.780726469778427,1.1365122673271828,1.032424540799415,0.26471764559312344,0.6608098899002139,0.004281590956520342,0.04618328588021907,0.019720026557365378,0.006252971956411784,0.63294618656262,0.03295165621879222,0,WT,0,8.571428571428571,39.6763,0
TCGA-ER-A197,TCGA-ER-A197-06,13.93957327,1:DECEASED,1,0.624977113012039,0.6645878963490248,1.1381825820955542,1.019938076401691,0.9324629640379246,0.804352796231625,1.5936177819301094,2.364846678235668,2.5282882873014647,2.531189327715021,1.7942034943218144,0.6036345994642728,2.5297388075082425,0,WT,0,10.714285714285714,37.8389,0
TCGA-ER-A198,TCGA-ER-A198-06,50.76108755,1:DECEASED,1,1.2026159331381039,0.893566188593309,0.8662937323662272,1.0721535442318135,0.8289343641464575,0.5537071625405605,3.132767255076396,0.16629353171996256,0.7238719723813395,0.6358884885871569,0.3642899653935642,0.6199606461805287,0.6798802304842482,1,p.V600E,0,9.642857142857142,38.8623,1
TCGA-ER-A199,TCGA-ER-A199-06,9.172502219,1:DECEASED,1,0.9925355114190174,1.0384741013847887,1.19396046908916,0.8591273628596293,1.0918683932896314,4.1610568645001,1.0200384748454556,1.8963362225490008,2.2354052350262816,1.3674328514467227,1.4331828492912473,1.0195659246733075,1.801419043236502,0,WT,1,8.571428571428571,63.9116,1
TCGA-ER-A19A,TCGA-ER-A19A-06,77.75257258,0:LIVING,0,0.9797240276721647,1.4999146737101976,0.8205549359920555,1.0950228118375893,1.1780714522640687,1.1217593733738713,1.4358546827121517,2.679073326093439,2.6355301868209295,3.517795036518537,3.5998756614685776,3.626874190919976,3.0766626116697333,0,WT,0,11.785714285714285,227.351,0
TCGA-ER-A19B,TCGA-ER-A19B-06,98.39892166,1:DECEASED,1,1.9162686101234563,0.9917548574810714,0.6067529094494266,0.9734631046797254,1.524752128848949,0.004918023663238172,0.5992917165078779,0.14550684025496724,0.12096018315791751,0.2837837104736247,0.029072337003357308,0.5476149144449213,0.20237194681577111,1,p.V600E,0,7.5,34.3273,1
TCGA-ER-A19C,TCGA-ER-A19C-06,48.88713548,1:DECEASED,1,0.9188820401527981,1.2716164321016306,0.9636406682421005,2.7639945705074034,0.49880441356429367,0.4495189580017555,0.6248492901950196,0.04166674329213039,0.06344931515958406,0.07676225470219822,0.025772473438581047,0.21167387987947703,0.07010578493089115,1,p.V600E,0,8.571428571428571,13.2688,1
TCGA-ER-A19D,TCGA-ER-A19D-06,12.59164283,1:DECEASED,1,0.9040162531297619,1.0605503136213694,0.5879425937651086,0.5750933373807822,0.8001041936838436,0.6491652944315466,1.5365753290339126,0.4999208182285311,0.3506250954187841,0.4267768820813325,0.5212610615180073,0.3070729339813747,0.3887009887500583,0,WT,1,8.571428571428571,19.2489,1
TCGA-ER-A19E,TCGA-ER-A19E-06,13.01903541,1:DECEASED,1,1.6222576184113722,1.279324716062294,1.2087267308494818,0.5866511521107717,0.37833702691201404,6.206790886572766,2.4455046473898125,0.1289645596315552,0.10897212446953307,0.2205478368694529,0.08821176116997997,0.12066183266342098,0.164759980669493,1,p.V600E,0,7.5,7.5637,1
TCGA-ER-A19F,TCGA-ER-A19F-06,26.36683434,1:DECEASED,1,0.6931319736069511,0.7153616193593612,1.0270640031271532,0.8595618074197297,0.7547912405162271,0.006966505778853511,1.5529201764241365,0.1358859387486068,0.1377281426658178,0.1319321610747121,0.20237386501243185,0.11909686766159891,0.13483015187026492,0,WT,0,8.571428571428571,7.4656,0
TCGA-ER-A19G,TCGA-ER-A19G-06,302.0679225,0:LIVING,0,1.0486492519956458,1.142359857301346,0.6840981732147235,1.2374146654627092,0.5572160505700113,0.010327158237005555,2.3819155460273715,0.4921553684874489,1.4067166157325088,1.8213313279972891,0.2921553071993408,4.349916736715935,1.614023971864899,1,p.V600E,0,8.571428571428571,272.675,1
TCGA-ER-A19H,TCGA-ER-A19H-06,152.3490154,1:DECEASED,1,2.1187570414740375,2.3962433234589526,0.5658615128463154,0.6971828549777931,0.35724585937938247,0.41497630865215046,1.2823205345359514,1.0347075626224884,1.3100920815491266,0.7713789424181388,0.9398023410208978,0.538864829801706,1.0407355119836326,1,p.V600E,0,8.571428571428571,33.7788,1
TCGA-ER-A19J,TCGA-ER-A19J-06,6.443765,1:DECEASED,1,2.002275812776074,0.687668924484641,0.7706655194080525,1.0460338895818715,0.6855282749044814,0.8955026266331311,0.8187423407045119,0.22459249870766892,0.10754835263622405,0.1352168035741894,0.1436344969004862,0.4911054799295867,0.12138257810520672,1,p.V600K,0,7.5,30.785,1
TCGA-ER-A19K,TCGA-ER-A19K-01,15.41900911,1:DECEASED,1,1.0607796895476767,0.8408368309009729,0.780242822788868,1.1358473552260535,0.9786905385209196,0.6659889458034299,1.3235165175674402,0.20872533789188238,0.22768665390583984,0.3688654366330985,0.19915485109942413,0.7416115494873031,0.29827604526946916,1,p.V600K,0,9.642857142857142,46.488,1
TCGA-ER-A19L,TCGA-ER-A19L-06,131.5054082,1:DECEASED,1,1.1332162094165914,1.0049724124146358,0.6633259448834938,1.0433503997075924,1.0587133706071554,0.5727009213293671,0.16015289203205818,0.0429364715555508,0.10407638570718997,0.06690161186004132,0.056154574800589115,0.20941337487684514,0.08548899878361564,0,WT,0,6.428571428571429,13.1271,0
TCGA-ER-A19M,TCGA-ER-A19M-06,61.05138574,1:DECEASED,1,2.033732331692638,1.3843530196522087,0.5242596743376371,0.9175283675667917,0.7364465501334898,0.01654494149774901,1.7555566074055458,2.0031743763534355,1.4392313581860368,2.5035263086579613,1.886749395712899,15.607375224593508,1.971378833421999,1,p.V600E,0,9.642857142857142,978.35,1
TCGA-ER-A19N,TCGA-ER-A19N-06,44.08718809,1:DECEASED,1,0.5452109730300011,0.8943800581688514,1.0086307681465594,0.7347093283825678,1.4059297539624716,0.02905763193478834,1.4123777142286207,1.8937254130074648,1.0037975325791746,2.055201567399122,1.6846312551545795,1.1045143307355147,1.5294995499891484,0,WT,1,9.642857142857142,69.2366,1
TCGA-ER-A19P,TCGA-ER-A19P-06,162.0804156,1:DECEASED,1,0.9321177821849496,1.1071599981591482,0.8265800298450365,0.6097005552658574,0.7097134756868511,1.1465383123108974,1.0883161958411496,6.132080816753571,3.7690228178664307,4.201916481410311,5.766933794294639,1.9921478032368662,3.985469649638371,1,p.V600E,0,10.714285714285714,124.878,1
TCGA-ER-A19Q,TCGA-ER-A19Q-06,50.89259296,1:DECEASED,1,1.6871188949493592,1.3930395122373218,0.48119869745367916,0.8858112656272628,0.8774942229836681,0.015547472189937699,1.6229736697680284,0.6408621590757859,0.9158541675693449,1.0449998195819827,0.7633764231357001,1.234052274785417,0.9804269935756638,1,p.V600E,0,8.571428571428571,77.3567,1
TCGA-ER-A19S,TCGA-ER-A19S-06,49.47890982,0:LIVING,0,1.3924380217341719,1.2450169831855946,0.7469558870441904,0.6491078557296036,0.6092534303084793,0.05669742489791528,0.6862900457193141,7.555067701010126,5.880912090800254,6.578266771186772,6.8924028689547265,3.1089202288490383,6.229589430993514,1,p.V600E,0,8.571428571428571,194.883,1
TCGA-ER-A19T,TCGA-ER-A19T-01,8.876615051,1:DECEASED,1,1.4852780157184444,1.1443554028952234,1.5929364458489388,0.8673420737186018,0.307436235844801,2.287725820549675,1.0090402989668352,0.027031173783633983,0.007501758649031644,0.0075455280929725395,0.005383389035167659,0.028679858106786128,0.007523643371002092,0,WT,0,8.571428571428571,1.7978,0
TCGA-ER-A19T,TCGA-ER-A19T-06,8.876615051,1:DECEASED,1,1.0182589611381883,1.719276001325792,1.696133597570269,0.6995802472149327,0.6418322415622674,0.2889824250931334,0.7518049165492834,0.25083728572206426,0.19135793883905144,0.3274464556644149,0.19961719133027847,0.058431741168948836,0.2594021972517332,0,WT,0,8.571428571428571,3.6628,0
TCGA-ER-A19W,TCGA-ER-A19W-06,148.1737186,1:DECEASED,1,0.7387062452014194,0.856214270477322,0.38084604582348436,1.3005150887651047,0.6319086002904084,0.030697268649797053,1.6390185229195924,4.394156488324272,4.103734383790762,5.7010330262139215,3.394667267553771,4.866514714840339,4.902383705002341,0,WT,1,10.714285714285714,305.058,1
TCGA-ER-A1A1,TCGA-ER-A1A1-06,105.0728211,0:LIVING,0,0.7936867695686312,1.097581379308537,0.759497919146314,0.9854580130220111,0.7601809732675656,0.2697759106752167,2.8946976336158237,0.7938514974618364,1.092909291825014,1.0807674190971193,4.63471527092765,1.0324653201929135,1.0868383554610666,0,WT,0,15.0,64.7202,0
TCGA-ER-A2NB,TCGA-ER-A2NB-01,28.1750337,1:DECEASED,1,0.35905090331756523,0.5467168873704351,2.2126877097013726,0.5581791391110175,3.822627122578071,0.879212637297599,0.3442037122051222,0.7842352434698432,1.7177064403965967,2.0057472579545257,2.083920735355601,0.2770370919280557,1.8617268491755612,0,WT,1,7.5,17.3661,1
TCGA-ER-A2NC,TCGA-ER-A2NC-06,43.82417727,1:DECEASED,1,0.5557376026166853,0.7409226019996814,0.848521754851584,0.8009859652676488,0.9623580150320152,0.06633295004395534,1.832655126741198,0.2779418628943791,0.16670982786311467,0.23349418015323475,0.10910989893638064,1.878787545306717,0.2001020040081747,1,p.V600K,1,7.5,117.772,1
TCGA-ER-A2ND,TCGA-ER-A2ND-06,23.34220995,1:DECEASED,1,0.22878462975490552,0.536892542513362,1.5256084129521357,0.4992960069042313,0.7356364569684402,0.014532450542724803,0.6418763825473579,0.22526365445892244,0.11881250763866934,0.296946623592537,0.25061236057541436,0.1720536242370173,0.20787956561560317,1,p.V600E,0,9.642857142857142,10.7852,1
TCGA-ER-A2NF,TCGA-ER-A2NF-06,28.83256074,1:DECEASED,1,1.284190753178521,0.524096008571761,1.148645205389461,1.2281800695083789,0.7741420143458811,0.032709050419390893,0.2362832041555185,0.8625567958839486,0.5875904686931641,0.5736246609871748,0.7440982728362178,1.123179050940732,0.5806075648401694,0,WT,0,8.571428571428571,70.4066,0
TCGA-ER-A2NF,TCGA-ER-A2NF-01,28.83256074,1:DECEASED,1,1.2431940051885926,0.5582644445403389,1.2474731393915546,1.5174963050655206,0.7324091503270326,0.24518313291366195,0.5302688485322863,0.922079152683003,0.5353949599013635,0.9422340751407589,1.1788418225535287,0.82514175586896,0.7388145175210612,0,WT,0,8.571428571428571,51.7241,0
TCGA-ER-A2NG,TCGA-ER-A2NG-06,48.98576454,1:DECEASED,1,1.033889529543934,0.8717795261095657,0.7910142150648095,1.2887321045984779,0.6346968887004342,0.5983876176172631,1.761711327914831,3.2190598189146233,3.0388598770914896,4.222776017856008,2.3718293397350094,3.0474702269426306,3.6308179474737488,1,p.V600E,0,10.714285714285714,191.031,1
TCGA-ER-A2NH,TCGA-ER-A2NH-06,41.55570898,0:LIVING,0,0.8522009188647135,1.133884657779114,0.6543388547780722,0.8035926326282515,1.3517319080168912,0.03583655816730976,1.445149665493863,6.492850954082184,8.865942376304153,4.90925203014135,6.148166852267347,2.4777655363710727,6.887597203222752,0,WT,1,9.642857142857142,155.319,1
TCGA-ER-A3ES,TCGA-ER-A3ES-06,247.0329092,1:DECEASED,1,1.0199783236628202,0.6019230692998779,0.6465813756630551,1.0710435913618008,0.39297227455995154,0.02712847026783227,0.519130352767841,0.017224508394187286,0.00751177345676887,0.022665963907714373,0.0053905756708804205,0.1723040824483181,0.015088868682241623,0,WT,0,10.714285714285714,10.8009,0
TCGA-ER-A3ET,TCGA-ER-A3ET-06,93.00719992,1:DECEASED,1,1.2504622194972645,0.9678787413755033,0.41984930643910817,1.8886709025230535,0.6594550344067945,1.415732690933213,1.0386236017921258,0.11413926218360056,0.08095419760348191,0.10073183471052292,0.21560206581438796,0.8455086347458839,0.09084301615700241,0,WT,0,7.5,53.0008,0
TCGA-ER-A3EV,TCGA-ER-A3EV-06,46.98030707,1:DECEASED,1,0.5842706470067888,0.9622207826916863,0.5337495387146906,0.8884417744576271,1.335667237913205,0.6676342560018816,1.3998408582226791,0.715337209893094,0.5506808947776166,0.42018745105120303,0.18395811099848086,0.18148808195442376,0.4854341729144098,0,WT,0,10.714285714285714,11.3766,0
TCGA-ER-A3PL,TCGA-ER-A3PL-06,33.20511556,0:LIVING,0,1.3557899211685565,0.9396045992944095,0.6740672800018921,0.8198472169012783,0.5885274580010597,1.1318670387201784,0.546028223295448,0.13338653286028274,0.14839975487714382,0.2111513921622847,0.08311523867701337,0.4082022167137973,0.17977557351971427,1,p.V600E,0,7.5,25.5882,1
TCGA-ER-A42H,TCGA-ER-A42H-01,14.00532597,1:DECEASED,1,1.2231310541706457,0.8851379430850506,1.169196103742418,0.5840656771677348,0.5547093348649342,0.4780140285939051,0.8269341188666344,0.018782245856770876,0.022314994600087634,0.02493868804963485,0.006672192372989531,0.08293995454610732,0.02362684132486124,0,WT,0,8.571428571428571,5.1991,0
TCGA-ER-A42K,TCGA-ER-A42K-06,12.9532827,1:DECEASED,1,0.8606916669165492,1.7176639135126988,0.6143983573408737,0.7562858585168251,0.9634686266292607,0.003513659214753744,0.7299150143605995,0.03629941096448847,0.05027917533128234,0.09315776640671926,0.011868728879625394,0.21497929015855483,0.0717184708690008,1,p.V600E,0,7.5,13.476,1
TCGA-ER-A42L,TCGA-ER-A42L-06,149.0285038,0:LIVING,0,0.633652078477228,1.5603836180391797,0.6565248298721243,0.7183726234914731,1.1698267944068699,0.959847020730337,0.46866696707013067,2.0966577609323154,3.5069853734219043,2.9669311936691924,1.6887156597846655,1.2628613501859314,3.2369582835455484,1,p.V600K,0,9.642857142857142,79.1626,1
TCGA-FR-A2OS,TCGA-FR-A2OS-01,12.09849755,1:DECEASED,1,1.23905190456107,0.7932880660837224,0.7224647685842046,1.7241727083245295,0.5984818044170772,0.004152103398441716,1.1187994813824205,0.004979538261184418,0.01737302080869103,0.026210825976534378,0.01246701630271278,0.09132312588614298,0.021791923392612704,0,WT,0,8.571428571428571,5.7246,0
TCGA-FR-A3R1,TCGA-FR-A3R1-01,22.52030115,0:LIVING,0,1.100118480817424,0.9234211158115138,0.5735096932066299,0.9197615185677959,0.5363528850652849,0.34231671538389036,1.3401226502623038,0.5519538423165506,0.49618364934087683,0.7377056907272284,0.27910797006282256,2.777390130297904,0.6169446700340526,0,WT,0,8.571428571428571,174.101,0
TCGA-FR-A3YN,TCGA-FR-A3YN-06,92.97432357,0:LIVING,0,1.4633952199504,0.7419696765112931,0.6162974232038314,1.0570777881858886,0.8291564864659067,0.0030950625144795696,0.2722689646678263,0.9031911075285818,0.5458554265828964,0.603247720993961,0.8764641249390941,1.4202910863783993,0.5745515737884287,0,WT,1,10.714285714285714,89.0311,1
TCGA-FR-A44A,TCGA-FR-A44A-06,174.2117895,0:LIVING,0,1.3623603422448292,1.5044848644036264,0.4538712763091609,0.8025992380548511,0.9353178891437852,0.02277300794723279,0.6857723137267878,4.7833448090919095,6.197029497025802,6.9096689840141785,3.669867504447779,3.678321817126665,6.5533492405199905,1,p.V600E,0,9.642857142857142,230.576,1
TCGA-FR-A69P,TCGA-FR-A69P-06,15.71489628,0:LIVING,0,1.0131678617146023,1.1317325988053246,0.6227050626982714,1.0606804991720875,0.6521851015514134,0.0078868511711124,0.8842088253669553,0.09546527607326406,0.09058477055052329,0.11015514079259098,0.06127385497331279,0.12063949881018396,0.10036995567155713,0,WT,1,7.5,7.5623,1
TCGA-FR-A726,TCGA-FR-A726-01,10.02728737,1:DECEASED,1,1.276604345155875,0.8606983788117994,0.8125078151770765,0.9933654338262785,0.8558960939219409,0.013569376728286295,1.5907533208125804,0.025107922985235325,0.05978539774891982,0.05781994888998125,0.0293346492068731,0.1367453975445322,0.058802673319450535,0,WT,0,8.571428571428571,8.5719,0
TCGA-FR-A728,TCGA-FR-A728-01,19.16691324,0:LIVING,0,0.4727180714679085,1.0224706082887918,1.1531018621124598,0.6099575133288437,0.8643367420610066,2.540993667369522,0.8098005769457391,1.5553726979203144,1.032022599051924,1.5127361012958214,1.0499614887713413,0.8960692879240172,1.2723793501738727,1,p.V600E,0,9.642857142857142,56.1702,1
TCGA-FR-A729,TCGA-FR-A729-06,220.7975803,0:LIVING,0,0.7453883131948759,1.558920217937003,1.4120961912557475,0.6657121148924673,0.6390008352902302,2.4707133912201433,0.7892993577650464,2.4767287520444317,2.0955651363221452,2.1931053478812665,3.092223692445302,1.074947499600173,2.1443352421017057,1,p.V600E,0,8.571428571428571,67.3832,1
TCGA-FR-A7U8,TCGA-FR-A7U8-06,27.84627018,0:LIVING,0,0.8287606486019536,0.8892151166317569,1.7609095045447665,0.8183902381936243,0.915150489139686,0.01496540824796391,0.6344974919996693,0.03868631966680812,0.09696553838683473,0.02500752032281582,0.059472404954647284,0.06336752273432854,0.06098652935482528,0,WT,1,8.571428571428571,3.9722,1
TCGA-FR-A7U9,TCGA-FR-A7U9-06,18.77239702,0:LIVING,0,0.3714336629024316,1.4593151029610374,1.2631192561272322,0.8146577236498345,0.6178025264035115,4.730780979985502,2.701070707027723,0.3757529034986538,0.8284883231390283,0.6828665150331694,0.6137207232805387,1.7510059992863827,0.7556774190860989,0,WT,0,9.642857142857142,109.762,0
TCGA-FR-A7UA,TCGA-FR-A7UA-06,38.26807378,0:LIVING,0,0.8321714619219217,1.095499751355708,0.7920525532344843,0.8843754793371746,0.7427835692471847,0.07524510605102096,0.736447146976586,14.893916630669363,8.227014334015344,13.597689654205976,10.849843601448653,6.16951957094457,10.91235199411066,1,p.V600K,0,10.714285714285714,386.737,1
TCGA-FR-A8YC,TCGA-FR-A8YC-06,34.81605681,1:DECEASED,1,0.9352271488285211,0.841963727236339,0.9048242758677623,0.7942573726904831,0.28582961387085964,1.0518975166284092,0.373727983906031,0.7383396721784192,0.38377577816362607,0.3176307216834187,0.6262194805576494,0.15667038518240956,0.3507032499235224,0,WT,0,8.571428571428571,9.8209,0
TCGA-FR-A8YD,TCGA-FR-A8YD-06,36.2626163,1:DECEASED,1,0.6528665129245773,0.47427310434438963,1.6549744190181361,1.6753347820439684,1.2705200682206632,1.5572329139272065,1.1417780723404354,0.12676068098034116,0.10253393840219484,0.07685165271553691,0.10258563148181211,0.2167245212615042,0.08969279555886588,0,WT,0,8.571428571428571,13.5854,0
TCGA-FR-A8YE,TCGA-FR-A8YE-06,104.4152941,0:LIVING,0,1.2809753219636246,1.0068114446286012,0.683447845624243,0.7466194670545899,0.9590915103342343,0.042111430855197765,0.4955469347157532,0.5370817963417266,0.5516740298782249,0.5727894401113813,0.7642807414628893,0.9504857213359975,0.5622317349948032,1,p.V600E,0,9.642857142857142,59.5813,1
TCGA-FS-A1YW,TCGA-FS-A1YW-06,216.9181708,1:DECEASED,1,1.6007265104324568,0.8262028298792056,0.6033728454602485,0.5815543756861785,0.9246952158666017,0.13875868941655192,0.30088212483422383,0.0872021322201015,0.07080519144257677,0.09937197760621595,0.04923444349550932,0.2675404184766319,0.08508858452439635,0,WT,1,7.5,16.7708,1
TCGA-FS-A1YX,TCGA-FS-A1YX-06,48.59124832,1:DECEASED,1,1.323267174192886,0.6411578433762057,0.8572820500409976,0.988660717126654,1.0484565458561235,0.0037693205624010797,0.8799024564571567,0.08935994580244132,0.09270507226195637,0.09592071064056275,0.05092869286479281,0.12294148096882744,0.09431289145125957,1,p.V600E,0,7.5,7.7066,1
TCGA-FS-A1YY,TCGA-FS-A1YY-06,228.5892757,1:DECEASED,1,0.6010232669302331,1.1149778414857503,1.5330817153049259,2.650959513315413,0.7618338246446429,0.08862548486211443,0.40782813546985736,0.019272011856107222,0.05776290732638697,0.04626368175726872,0.01842234176335436,0.1104137845780948,0.05201329454182785,1,p.V600E,0,7.5,6.9213,1
TCGA-FS-A1Z0,TCGA-FS-A1Z0-06,202.649834,1:DECEASED,1,1.2885282359111156,0.6633138774365416,0.6338016187694532,0.8652069376488398,0.4984908291133067,23.52811313421615,2.1107643018293913,1.3004428657231917,1.3484554717211947,1.1197038214324768,1.3310847112652842,1.0926550546666614,1.2340796465768358,0,WT,1,10.714285714285714,68.4932,1
TCGA-FS-A1Z3,TCGA-FS-A1Z3-06,20.9093599,1:DECEASED,1,1.117094394575236,1.15052985573275,1.0246566980548284,0.7785829308483222,0.3218082032140973,0.002985670661845446,0.682269155197918,0.05332626330647359,0.0613687388521753,0.10248286058680958,0.02521251473929506,0.17013929395955915,0.08192579971949245,0,WT,1,6.428571428571429,10.6652,1
TCGA-FS-A1Z4,TCGA-FS-A1Z4-06,28.07640464,1:DECEASED,1,0.9283217870006969,0.8641651501768491,1.0222767176711791,0.7632740582091726,0.7148810861187405,2.327121071206567,3.8799270995432,0.56729884122403,1.0628198019785178,0.6810827518562236,1.1438488954954749,0.8384734709762252,0.8719512769173707,0,WT,0,12.857142857142858,52.5598,0
TCGA-FS-A1Z7,TCGA-FS-A1Z7-06,7.791695434,1:DECEASED,1,1.0677799512551072,0.9771052051213128,0.8154233594587683,0.8462052862488364,0.7926500299635075,0.0066973699080291995,1.078885731790366,0.08402405254257705,0.07967363752081523,0.1398067410102083,0.0658116165396122,0.13695756915028384,0.10974018926551177,1,p.V600E,0,7.5,8.5852,1
TCGA-FS-A1ZA,TCGA-FS-A1ZA-06,27.71476477,1:DECEASED,1,1.0946031231085394,0.9503570684943605,0.5740479895735403,1.083422612272468,1.1430283898662754,0.004784164913256384,1.4618864408410466,0.3110608704241596,0.5009406830160593,0.2680337111846667,0.5117417636301455,0.578738734205929,0.384487197100363,0,WT,0,8.571428571428571,36.2783,0
TCGA-FS-A1ZB,TCGA-FS-A1ZB-06,48.85425913,1:DECEASED,1,0.6179935983421859,1.083385615750523,1.1219626468976882,1.0342482563630486,1.307313977136467,0.017642760543957265,2.2074882507135185,0.10924269572302936,0.20035290532170355,0.19185946876738635,0.1247779625628192,0.248041369325489,0.19610618704454497,0,WT,1,8.571428571428571,15.5485,1
TCGA-FS-A1ZC,TCGA-FS-A1ZC-06,357.3659467,1:DECEASED,1,1.4978271292099148,1.8104919991384771,0.8181749556084064,0.5715780451170425,0.6394842779855018,0.002672565294338376,1.0327833913717586,0.023489357761081908,0.009560970033267658,0.008857118664256286,0.005416327782184482,0.02404717883533731,0.009209044348761972,1,p.V600K,0,7.5,1.5074,1
TCGA-FS-A1ZD,TCGA-FS-A1ZD-06,53.52270112,1:DECEASED,1,1.0054530597371947,1.014981443060005,0.3234423398536774,1.2079121711588143,0.5148285790097269,0.0145152527960384,2.6853016550310564,1.1321440682454118,0.32170066153905175,0.7416341668063375,0.0061290024903666515,0.08707012211972338,0.5316674141726947,1,p.V600E,0,6.428571428571429,5.458,1
TCGA-FS-A1ZE,TCGA-FS-A1ZE-06,46.45428543,1:DECEASED,1,0.7838506761647295,0.7879979138426985,0.6562871050806461,3.598154616422235,0.6087236032464993,0.23588039303082167,0.5860193907555438,0.0357303638377128,0.020696434756289576,0.057667594529220934,0.022076746023293518,0.0267304317742412,0.03918201464275525,0,WT,1,8.571428571428571,1.6756,1
TCGA-FS-A1ZF,TCGA-FS-A1ZF-06,15.45188546,1:DECEASED,1,0.9979224751731407,0.663046239556892,0.7042064116111347,0.572211168591823,0.6721813367093489,0.007867348571777306,1.1755322628064522,0.1213110603100812,0.10051845834507804,0.11307547589498852,0.1233837552345435,0.2831549724397659,0.10679696712003328,1,p.V600E,0,6.428571428571429,17.7496,1
TCGA-FS-A1ZG,TCGA-FS-A1ZG-06,9.698523852,1:DECEASED,1,1.1214262949619715,0.6377787195039067,1.0354062305798295,1.6672286823250209,1.1243439829949688,0.31837106932754555,0.5502813674209681,0.024284082717861567,0.06021887201047943,0.04014978100466381,0.03764779006760981,0.06104161144721684,0.050184326507571625,0,WT,0,8.571428571428571,3.8264,0
TCGA-FS-A1ZH,TCGA-FS-A1ZH-06,32.74484663,1:DECEASED,1,1.426786195805799,1.1224826580525282,0.6032498843612082,0.8300381206982689,0.9826560752240256,0.02023997488631914,1.0171304661771536,1.0329346725830264,1.772086846409736,1.819383878317047,1.0919913299648074,0.6222259370088542,1.7957353623633914,1,p.V600E,0,8.571428571428571,39.0043,1
TCGA-FS-A1ZJ,TCGA-FS-A1ZJ-06,47.37482329,1:DECEASED,1,0.69965773591635,0.846338276204878,1.0387398425982588,1.2077850166534192,0.358060525651009,0.01033549116581237,1.2257377502312496,0.3917799934853093,0.49083407287457514,0.328943557606101,0.32584505764814725,0.09816207080236238,0.40988881524033804,0,WT,0,8.571428571428571,6.1533,0
TCGA-FS-A1ZK,TCGA-FS-A1ZK-06,23.93398429,1:DECEASED,1,1.1822403707520421,0.7930141676688764,0.7315912146018719,2.660284177044398,0.49590571729548294,0.5538880048253041,1.206465539705713,0.006397576909555967,0.012694436460783479,0.0036829463241647583,0.00875931116123731,0.13066101781267758,0.008188691392474119,0,WT,0,8.571428571428571,8.1905,0
TCGA-FS-A1ZM,TCGA-FS-A1ZM-06,101.2591643,0:LIVING,0,1.0469187247792955,0.6138603447857625,0.6981895151647565,1.0424311785956726,0.782955044020494,0.06385434696482235,0.6728870773146602,1.6112932310848413,2.7322398468700784,1.1983908615298453,2.0286734733137477,0.5331393869968749,1.9653153541999617,1,p.V600E,0,9.642857142857142,33.4199,1
TCGA-FS-A1ZN,TCGA-FS-A1ZN-01,23.99973699,1:DECEASED,1,0.8039806153329868,0.8863039677653946,0.9630477224978388,0.8753395622975243,0.6804194615571522,0.014988811367166026,0.45478884650037305,0.04787513902862426,0.06198782088379817,0.045620687595602574,0.043397697524128295,0.4864823723095252,0.05380425423970037,1,p.V600E,0,6.428571428571429,30.4952,1
TCGA-FS-A1ZP,TCGA-FS-A1ZP-06,74.72794819,1:DECEASED,1,1.416453273620429,0.5987669769939534,0.3702987159946832,1.4685736091146964,1.0525984738129097,0.18778343714332568,0.3786464378350313,0.28747063426299113,0.1659754086290514,0.2702384424713718,0.18709867080495757,0.8387382866646068,0.2181069255502116,0,WT,1,10.714285714285714,52.5764,1
TCGA-FS-A1ZQ,TCGA-FS-A1ZQ-06,133.543742,1:DECEASED,1,1.3643029986038289,1.1587624595161186,1.1051907529885738,1.0438484215203905,1.8574456323179311,1.7473389333549845,1.128438005953565,0.134384791608023,0.13867320668928737,0.0639279737168268,0.1409754416867645,0.3368646989243178,0.1013005902030571,0,WT,1,8.571428571428571,21.1164,1
TCGA-FS-A1ZR,TCGA-FS-A1ZR-06,11.40809416,1:DECEASED,1,0.9713951676502458,0.6517686679673365,0.6154858799501645,0.884950323663649,0.8599857578035625,0.006049351721031272,0.7764915392209601,0.25262931258539095,0.26292375492927056,0.20048658690906232,0.18901450810871787,0.4762694202792857,0.23170517091916643,1,p.V600E,0,8.571428571428571,29.855,1
TCGA-FS-A1ZS,TCGA-FS-A1ZS-06,148.7983693,0:LIVING,0,1.2796523059949956,2.182618211217131,0.5776220588523154,1.3132914675051321,0.8447311808649258,0.0055929908965900495,0.894287664062585,0.04886970710319062,0.04855879827548914,0.09562229755378428,0.06507378860643537,0.34108579718611315,0.0720905479146367,1,p.V600E,0,7.5,21.381,1
TCGA-FS-A1ZT,TCGA-FS-A1ZT-06,53.16106125,0:LIVING,0,1.3918630401106749,0.7882248582435707,0.5692197170845528,1.4095739186112977,0.49354991410744337,0.16546643542781891,0.8701574823174552,1.1476681331476235,1.165735304555501,0.5116714180344728,0.7486737642400092,1.7305545708222045,0.8387033612949869,0,WT,1,10.714285714285714,108.48,1
TCGA-FS-A1ZU,TCGA-FS-A1ZU-06,26.56409245,1:DECEASED,1,0.9586506720537037,0.5999776079875724,2.096330987913849,1.5750549111744394,0.6790017985183152,4.1204028097043075,0.35922181088178823,0.01384084455171675,0.02501331763142097,0.011899589080651765,0.01697962464401752,0.03876678339375958,0.018456453356036368,0,WT,0,8.571428571428571,2.4301,0
TCGA-FS-A1ZW,TCGA-FS-A1ZW-06,49.47890982,0:LIVING,0,1.7585282631801822,1.1795083080234476,0.21288883544708867,1.1360089474099933,0.566928675638393,1.558817943364077,1.8022395818344632,1.3401422068304372,0.5230800846538209,0.9065546145120128,0.16291803717675316,1.7619176818678943,0.7148173495829169,0,WT,1,11.785714285714285,110.446,1
TCGA-FS-A1ZY,TCGA-FS-A1ZY-06,27.09011408,1:DECEASED,1,0.5746131886703814,0.8816555203820097,1.072450311017409,1.0455941469173797,1.0788742376018592,0.00262593635229174,0.5252899118938786,0.019232781367184662,0.038935736434250676,0.007770072398776316,0.013304858249558875,0.023627621449527722,0.023352904416513495,0,WT,1,7.5,1.4811,1
TCGA-FS-A1ZZ,TCGA-FS-A1ZZ-06,27.02436138,1:DECEASED,1,1.3577604892568522,0.6691377403030652,0.7509698838106434,1.2057346502539206,0.8194941655698709,0.5763780477858205,0.2510134051354059,0.0333189873391662,0.05262614552450132,0.03447237759418214,0.030147936815033926,0.2789609938569012,0.04354926155934173,0,WT,0,7.5,17.4867,0
TCGA-FS-A4F0,TCGA-FS-A4F0-06,77.81832528,0:LIVING,0,1.576923387688849,0.8213743921089218,0.5365448543662097,0.8296804986518447,0.8091720107248832,0.26968017064211713,0.43363538178143224,0.011238783272518676,0.024506401446455033,0.017254236283351935,0.00879284879456353,0.9040903317865671,0.020880318864903484,0,WT,0,7.5,56.673,0
TCGA-FS-A4F2,TCGA-FS-A4F2-06,50.13643686,1:DECEASED,1,1.4565903403480411,1.1614231869746217,1.033725762226277,1.105142191225295,1.294254491354739,0.36027151751720915,1.291750998586735,0.007753557571966394,0.09913441191579338,0.02800843954991303,0.021980924213790033,0.0851669587688837,0.06357142573285321,0,WT,0,7.5,5.3387,0
TCGA-FS-A4F4,TCGA-FS-A4F4-06,66.67324194,1:DECEASED,1,0.4234884798048394,0.6943254385322954,1.3085711432703095,0.5689078005037421,2.2502036241697083,0.042795617499144414,0.6063270652661331,0.6042711849305594,0.6158539252622396,0.8162626210399256,0.6525824558972957,0.13202338286013535,0.7160582731510826,0,WT,0,7.5,8.2759,0
TCGA-FS-A4F5,TCGA-FS-A4F5-06,28.73393168,1:DECEASED,1,0.6699596559454325,0.738416822787291,1.0206399688195078,1.2854499289279626,1.0736935611511786,1.5479957736966752,0.2673892196728467,0.031023662008198876,0.047066591922642426,0.06927800412071605,0.02471364244356754,0.27977777477528337,0.05817229802167924,0,WT,1,7.5,17.5379,1
TCGA-FS-A4F8,TCGA-FS-A4F8-06,174.8364402,1:DECEASED,1,0.7496978841981744,1.0270329733132253,0.7341597353373832,0.7229289932681365,1.2898381770033391,0.02192074435628914,1.0407332386962518,1.3275570113074404,1.143575873302265,1.4189899028952013,0.7787558235610094,0.46248943283204913,1.2812828880987333,1,p.V600E,0,7.5,28.9912,1
TCGA-FS-A4F9,TCGA-FS-A4F9-06,34.02702436,0:LIVING,0,0.865581801889204,1.195034435310713,0.7722858734465186,1.0089895436767204,1.1251214111130408,1.217359342350931,1.211371897092832,0.04774104456997258,0.2825127188632852,0.08859720859949713,0.06895636855025469,0.055103997036634024,0.1855549637313912,0,WT,1,10.714285714285714,3.4542,1
TCGA-FS-A4FB,TCGA-FS-A4FB-06,26.72847421,1:DECEASED,1,0.740269302041994,0.8799416988719739,0.8360753591598251,0.8193889308714162,0.7541444725860665,0.06202340747997213,0.5766953762733169,0.010564620306086396,0.023763803452739703,0.01707292200277767,0.009744479140195014,0.006489579640583267,0.02041836272775869,1,p.V600E,0,6.428571428571429,0.4068,1
TCGA-FS-A4FC,TCGA-FS-A4FC-06,54.41036263,1:DECEASED,1,0.6697531091486423,0.7826451562497097,1.061154284718895,1.1525284369025937,1.200727928847877,0.5968185448525759,0.4509847260094926,0.20288997352915042,0.2803612043344044,0.19422872597535332,0.2073464180393533,0.5905964149995513,0.23729496515487886,0,WT,1,8.571428571428571,37.0216,1
TCGA-FS-A4FD,TCGA-FS-A4FD-06,80.67856791,1:DECEASED,1,0.5014492891360135,0.6573655864329878,0.7746849811122407,1.0071405052440978,0.8553473211327137,0.11199190371820687,0.715670126640996,0.32518931410024243,0.24920680659851627,0.24617862503174273,0.3930347115856815,0.3664283395091971,0.2476927158151295,0,WT,1,6.428571428571429,22.9696,1
TCGA-FW-A3I3,TCGA-FW-A3I3-06,17.45734293,0:LIVING,0,1.1498292706935558,0.8204509631674415,0.6952193215057133,0.8989426173615185,0.6291673495480307,0.00883006779350063,0.8016184760171219,0.1672777112330024,0.10450652169950383,0.1612542897408229,0.0873511615433768,0.33483231827974974,0.13288040572016335,0,WT,0,10.714285714285714,20.989,0
TCGA-FW-A3R5,TCGA-FW-A3R5-06,36.95301969,0:LIVING,0,1.0144573836080764,1.2329811042703656,0.8097917411227168,1.0563175102057127,0.8472137244352393,3.289485700214707,2.43497097871944,0.17282328940578376,0.22791699448379604,0.17688341284273143,0.20191691475836213,0.3603615078048859,0.20240020366326372,0,WT,0,9.642857142857142,22.5893,0
TCGA-FW-A3TU,TCGA-FW-A3TU-06,55.5939113,1:DECEASED,1,0.33266985325618137,0.7053424153442976,3.1631332857820014,0.7670886933710304,1.8665918454717176,1.3064667187129797,0.48216912711821214,0.17212616225071387,0.2638100654140151,0.12614647274666524,0.30103379673614805,0.07440044623341259,0.19497826908034016,0,WT,0,9.642857142857142,4.6638,0
TCGA-FW-A3TV,TCGA-FW-A3TV-06,13.51218069,0:LIVING,0,1.158766606414127,0.9106026699967249,0.5519587112481442,1.2717914158067558,0.8572418938574267,0.4442355265455207,0.3365935357766602,0.35513981036443076,0.32513073318905167,0.1941116271691491,0.45131353612570096,0.3211592142730046,0.2596211801791004,1,p.V600E,0,8.571428571428571,20.1319,1
TCGA-FW-A5DX,TCGA-FW-A5DX-01,21.04086531,0:LIVING,0,2.369482523393923,0.9988292622530915,0.37307217189526176,1.0976215320416047,0.8500882485692866,4.647043910294908,1.6341411972329891,0.05832179448474491,0.1098943213486693,0.13276318486067748,0.026433643924155096,0.1818980676888461,0.12132875310467339,1,p.V600E,0,8.571428571428571,11.4023,1
TCGA-FW-A5DY,TCGA-FW-A5DY-06,19.29841865,0:LIVING,0,1.0336718180554256,1.0322526945332886,0.7985968161723026,0.8120431091326444,0.779956392707931,1.4356838500530151,0.7522016831229952,0.9664738502170412,0.9525834749456223,0.782967107433545,1.1889450345930523,0.6025450264813529,0.8677752911895837,0,WT,0,9.642857142857142,37.7706,0
TCGA-GF-A3OT,TCGA-GF-A3OT-06,9.895781964,0:LIVING,0,0.6964032282804394,1.7549219236007387,0.9849211357826972,0.825916195481706,0.7796362752475486,0.10706022823543414,1.130349259570835,0.4879903754649039,0.5100441432491981,0.8201994912986909,0.2761949870539166,13.03638180371022,0.6651218172739445,0,WT,1,9.642857142857142,817.187,1
TCGA-GF-A4EO,TCGA-GF-A4EO-06,19.42992406,0:LIVING,0,1.930263551192458,1.1037949604910413,0.574225600049932,0.5142287141315867,0.6801516081719341,0.05529146478221253,0.7102702303451138,4.15814477343336,2.9223042063764044,3.761364750513128,2.9489700872375924,2.810444233088682,3.341834478444766,1,p.V600E,0,9.642857142857142,176.173,1
TCGA-GF-A6C8,TCGA-GF-A6C8-06,2.038333827,0:LIVING,0,0.5924599483822279,1.8297822732126248,1.3515993305278566,1.0595149162059643,0.921337249037283,6.745825002559031,0.8337614071045285,0.5786606469356786,1.332919166651511,0.6956928215478675,0.5118178221914389,0.61509186617486,1.0143059940996892,1,p.V600E,0,7.5,38.5571,1
TCGA-GF-A6C9,TCGA-GF-A6C9-06,15.78064898,0:LIVING,0,0.829263059729281,1.5671919500653497,1.2390161482464406,0.6926158889923467,1.1164651736639215,0.08832691779592988,1.1316411702437748,0.6871719059122806,1.1293865598732382,1.0131564990561275,1.42669691056048,0.3540234793112681,1.0712715294646828,1,p.V600K,0,8.571428571428571,22.192,1
TCGA-GF-A769,TCGA-GF-A769-01,35.17769668,1:DECEASED,1,1.2979847297965919,0.8792686913383524,0.8529592842925098,1.104045483616261,0.8056703176888622,0.01493154464366388,1.6627761311747733,0.02903001503629806,0.051339242730267735,0.04764200605681938,0.030700708878607152,0.5549292513800428,0.049490624393543556,1,p.V600E,0,8.571428571428571,34.7858,1
TCGA-GN-A262,TCGA-GN-A262-06,139.8888779,0:LIVING,0,0.7073334614727432,0.8550795484729605,1.2860911218968516,0.7565295713188327,0.4537691132959887,0.9607795995712697,0.45033296433291975,0.0005154640199546087,0.008182765575163033,0.0031654451483590436,0.004516800545470518,0.01203156579382473,0.005674105361761038,1,p.V600E,0,6.428571428571429,0.7542,1
TCGA-GN-A263,TCGA-GN-A263-01,15.3532564,1:DECEASED,1,0.33427198651777035,0.9091157928875615,0.21563523990587835,1.4743856296321376,0.3721365476946864,0.31179160149731494,0.9500333676690899,0.23090628366701746,0.08521900347837971,0.4232807062545186,0.015099720518821025,0.8446455908457966,0.25424985486644913,1,p.V600E,0,10.714285714285714,52.9467,1
TCGA-GN-A264,TCGA-GN-A264-06,117.9274748,1:DECEASED,1,1.2122845561662297,0.8962738700657858,1.2327396672576436,2.0699322990161857,0.5365475687452727,0.9319760333169104,0.5304382001186266,0.056277845004399835,0.0633970712458882,0.07301383377671497,0.038201161017492435,0.1248845262004475,0.06820545251130158,0,WT,0,8.571428571428571,7.8284,0
TCGA-GN-A265,TCGA-GN-A265-06,96.91948581,0:LIVING,0,0.7535720322244557,3.7730680495373963,0.7993646399240883,0.9773810528772167,0.8984194520776524,0.03936032327444623,1.2838301829627572,0.844304366665031,1.0303785014483962,1.2473667027340374,0.7762824231032008,1.2909573375580927,1.1388726020912168,1,p.V600E,0,8.571428571428571,80.9238,1
TCGA-GN-A266,TCGA-GN-A266-06,10.12591643,1:DECEASED,1,1.0954683867167145,0.8640399394729196,0.9256347587631378,1.6732181893395766,0.7325006124585706,1.0377971373091357,1.3930087313680324,1.1566993470957556,0.46968947547204465,1.0934594187373177,0.6047553952288689,2.647263529687683,0.7815744471046812,0,WT,0,9.642857142857142,165.944,0
TCGA-GN-A267,TCGA-GN-A267-06,64.43765,1:DECEASED,1,0.5329705632645442,0.5792982776667052,1.1722673987495613,0.7354272215276118,0.5181493076854916,6.379583916681708,1.1858046461721852,1.1525138503333543,0.3704594221423608,0.7832147357334034,0.7351509113738298,0.12857120725978574,0.576837078937882,0,WT,1,6.428571428571429,8.0595,1
TCGA-GN-A268,TCGA-GN-A268-06,62.7938324,1:DECEASED,1,0.7263134373940064,1.1173568448604119,0.6151443213417188,1.2839452672807856,0.8021163605776765,0.20833740387893981,2.330248796343293,0.062010143901460694,0.13093309561610975,0.07140047244679026,0.06037432773659883,0.11559045270338798,0.10116678403145,0,WT,1,9.642857142857142,7.2458,1
TCGA-GN-A26A,TCGA-GN-A26A-06,32.48183582,1:DECEASED,1,1.327347869015958,1.184688900898533,0.5324789406912729,0.8395429199765642,0.8046511682231545,0.6009034529314903,0.6072609182993816,0.5478148206978221,0.8993798088416076,0.9999776369958684,0.35600137887151273,0.7112199610574231,0.949678722918738,1,p.V600E,0,9.642857142857142,44.5829,1
TCGA-GN-A26C,TCGA-GN-A26C-01,26.99148503,1:DECEASED,1,0.6805884424613399,0.8976668391470022,1.607183538524423,1.4346577938527074,0.9857788537151042,2.3783242592790708,0.8901022605716009,3.0242059444926412,0.7626943745746972,3.005007192589788,2.378554832989535,10.581285128374715,1.8838507835822427,0,WT,0,9.642857142857142,663.289,0
TCGA-GN-A26D,TCGA-GN-A26D-06,47.99947398,1:DECEASED,1,1.4780098014097725,1.5570264060400685,0.7838715414449945,2.126799502502018,0.7733449871996226,1.4709498685415965,1.1386087783674939,0.09139172973047242,0.08927850579466441,0.06859513760568288,0.08186236851775532,0.11851140165174294,0.07893682170017365,0,WT,0,7.5,7.4289,0
TCGA-GN-A4U3,TCGA-GN-A4U3-06,121.9055134,0:LIVING,0,1.2665617049551832,1.4917525009477892,0.43904763270262037,0.7625243764377798,1.2076071877414034,0.005726140461141471,0.5834839555771905,0.0546324882268359,0.08894868479318509,0.06608275963457744,0.02659594211400162,0.41218242841567915,0.07751572221388126,0,WT,1,6.428571428571429,25.8377,1
TCGA-GN-A4U4,TCGA-GN-A4U4-06,39.35299339,0:LIVING,0,1.1603519926381385,1.0764912013654016,0.6445046993237056,0.8120431091326444,0.7294104990144697,0.028732825007680214,0.7205668067946097,0.11846678151739609,0.09937977470535543,0.06506118797041596,0.09705611418715163,0.22480937613330262,0.0822204813378857,0,WT,1,7.5,14.0922,1
TCGA-GN-A4U5,TCGA-GN-A4U5-01,38.00506296,0:LIVING,0,1.2671422689245395,0.756331344252013,0.9387150872321718,0.8312328432385451,1.0932991223472595,0.11195360770496705,0.4876551507922908,2.4331378011127094,1.9605321453318771,1.7269891428410777,2.704007620105027,3.0746696696348486,1.8437606440864776,1,p.V600E,0,8.571428571428571,192.736,1
TCGA-GN-A4U7,TCGA-GN-A4U7-06,10.4218036,1:DECEASED,1,0.41838398275119143,1.1786083560889538,1.2125631171395432,1.0632633250629286,0.9245253576223172,0.7559774850627099,1.1511456343734354,0.008998681347560806,0.021131411239009773,0.0021254062889538845,0.012131041083141184,0.282748177255806,0.011628408763981829,1,p.V600E,0,7.5,17.7241,1
TCGA-GN-A4U8,TCGA-GN-A4U8-06,48.88713548,0:LIVING,0,0.5873800136503604,1.0289033082031729,0.5966427746394358,0.727691989116067,0.6666021466855391,0.01922495323910624,0.5637278833763953,1.688059233101948,1.2555380855352076,1.7395174559779802,1.1568866504510427,1.0827372285541965,1.497527770756594,1,p.V600E,0,9.642857142857142,67.8715,1
TCGA-GN-A4U9,TCGA-GN-A4U9-06,22.12578492,1:DECEASED,1,1.3554214863418497,0.8465026152537856,0.788139657816131,0.40987460098501804,0.41330757290551656,0.43048442105070284,1.710199413966836,0.07496221967626286,0.08035597975464492,0.2758528895344318,0.18803353233392595,0.18031395938424943,0.17810443464453837,0,WT,1,8.571428571428571,11.303,1
TCGA-GN-A8LK,TCGA-GN-A8LK-06,50.10356051,1:DECEASED,1,0.3096817530080162,1.1792735379535797,1.5291551575422349,0.9538124354917669,1.4779888475955179,2.5538121940234073,1.2102396607727275,0.03296946692043803,0.03140193040045992,0.03441907455336517,0.05777995224429198,0.07695448187858805,0.032910502476912545,0,WT,0,7.5,4.8239,0
TCGA-GN-A8LL,TCGA-GN-A8LL-06,21.36962883,1:DECEASED,1,0.15122463285642157,0.48586370269376916,1.541984098875453,0.8299824906021585,2.2664381525176793,0.7396502634920835,0.9250273962917426,0.14494367086695,0.3087631990771782,0.08121284875592392,0.32910958692066916,0.061737151448026654,0.19498802391655107,0,WT,0,7.5,3.87,0
TCGA-GN-A9SD,TCGA-GN-A9SD-06,59.40756814,1:DECEASED,1,0.7555426003127516,0.9942434202216714,0.7102424353395861,0.6428772849652361,1.059170681264845,0.02529699889390926,0.49490823730441225,1.066562172861211,0.5225826825362054,0.5885830891345516,1.069353427469609,0.14957779150442696,0.5555828858353785,1,p.V600E,0,10.714285714285714,9.3763,1
TCGA-HR-A2OH,TCGA-HR-A2OH-06,65.88420949,1:DECEASED,1,0.9042451293099888,0.9655232150078285,0.882346986963172,0.9373008931557538,0.8004112451254349,0.04152138857713235,1.4746265187505965,8.166817283323798,10.208310514055738,4.6705215607185675,6.454018090476284,4.3026327788627174,7.4394160373871525,1,p.V600E,0,11.785714285714285,269.711,1
TCGA-IH-A3EA,TCGA-IH-A3EA-01,17.22720847,0:LIVING,0,0.31795534780592916,0.7321210720803328,1.842760609472678,0.9717385717003022,0.9222584033620572,1.6139588835386942,1.1294541154716073,0.05326980967607283,0.2685287089928715,0.18453344847242387,0.13764084271604327,0.3666389158397176,0.2265310787326477,1,p.V600K,0,8.571428571428571,22.9828,1
TCGA-LH-A9QB,TCGA-LH-A9QB-06,368.7740408,0:LIVING,0,0.807960827930593,1.5380491587257443,0.6087722039425572,0.7739205989838296,1.4743238293246077,0.005117482065528917,0.5526716440967441,0.021418616727326308,0.15004218334604894,0.17306657935305006,0.019756061574380993,0.41442059956507404,0.1615543813495495,1,p.V600E,0,7.5,25.978,1
TCGA-OD-A75X,TCGA-OD-A75X-06,297.8926258,1:DECEASED,1,1.4778869898008702,1.1587389825091317,0.7338810235128915,1.3640579037841878,0.4777040998185083,1.128941648819914,1.1866852744211551,0.05711658465606822,0.14625591836752827,0.20285962149787456,0.141930066463943,0.6964333549392898,0.17455776993270142,1,p.V600K,0,8.571428571428571,43.656,1
TCGA-QB-A6FS,TCGA-QB-A6FS-06,7.232797449,0:LIVING,0,0.5200345932050315,0.6184438391164838,2.888492839903036,0.8708812074521032,1.5073089937627988,0.5046669900306763,0.9565945319855919,1.3653440369442083,2.241197132167644,0.7650833076759768,2.4382458314471123,0.21099110208051694,1.5031402199218105,1,p.V600K,0,9.642857142857142,13.226,1
TCGA-QB-AA9O,TCGA-QB-AA9O-06,18.04911727,1:DECEASED,1,0.38192791488313244,0.5565521881641021,1.297548363858552,0.4834493766693476,0.827065923459327,0.03244097832671213,0.9430899526291336,1.323423457352673,0.8790547565389067,2.270512275581062,1.7390161209109012,0.533029313005921,1.5747835160599843,0,WT,1,9.642857142857142,33.413,1
TCGA-W3-A824,TCGA-W3-A824-06,228.1618832,0:LIVING,0,0.39932920339541517,0.6640854883995074,1.0657584947607421,0.6716062560279765,0.9390809025556287,0.5606660445760375,0.7099170113221753,1.7337689038186865,1.8445272890423392,1.8200512155997162,1.7875019565196646,1.8809571196211696,1.8322892523210277,0,WT,1,8.571428571428571,117.908,1
TCGA-W3-A825,TCGA-W3-A825-06,63.02396686,1:DECEASED,1,0.4691252736729306,2.864922639605289,1.0527710702332056,0.4990681884153982,0.8533286212294852,0.8151377336639325,0.6891109592860699,1.5231134805484536,1.2720742022439926,2.0397604739215134,1.4113354767244528,0.3121044320606273,1.655917338082753,0,WT,1,8.571428571428571,19.5643,1
TCGA-W3-A828,TCGA-W3-A828-06,121.0836046,1:DECEASED,1,0.5517434341544312,1.2240363646083976,0.689472939477224,0.7974097448034072,0.8681520195480147,1.4053147569611204,0.9543590910458988,0.07020015774914044,0.24018012655802967,0.20538081335761904,0.07253950533937563,0.2627880935628419,0.22278046995782436,0,WT,0,6.428571428571429,16.4729,0
TCGA-W3-AA1O,TCGA-W3-AA1O-06,4.010914949,1:DECEASED,1,1.6071573728622495,1.0426373572904466,0.668432929196973,0.7521056541519561,0.7475853311529226,1.144540182360838,1.8650206341992233,0.031132605212628423,0.08850569646427511,0.05227685235399904,0.02770627733162325,0.26114815062515273,0.07039127440913708,0,WT,0,8.571428571428571,16.3701,0
TCGA-W3-AA1Q,TCGA-W3-AA1Q-06,69.07321564,1:DECEASED,1,1.3286206438718542,0.6992258724573386,0.9403272438640352,1.4228880549470593,0.8039586692272249,1.3397594287415626,0.16043982200548634,0.7201637902549601,0.40899640231520756,0.5721095115592278,0.6349392652224666,1.5100955102444256,0.4905529569372177,1,p.V600K,0,9.642857142857142,94.6605,1
TCGA-W3-AA1R,TCGA-W3-AA1R-06,111.0891935,1:DECEASED,1,1.4172013079655612,0.98859328720685,0.651764869104826,0.901252590876199,1.1371617474290612,4.304737832692473,2.1137594055992404,0.39715334024330873,0.35777733727778654,0.5320147124313122,0.48832111672856565,0.49417478947444465,0.4448960248545494,1,p.V600K,0,10.714285714285714,30.9774,1
TCGA-W3-AA1V,TCGA-W3-AA1V-06,42.08173061,1:DECEASED,1,0.5841980765106193,1.460082018522606,0.40874182049245616,2.013716762370504,0.5988999170183924,1.3653007420162335,2.6783001765900694,0.17381293658278488,2.5800815346491532,0.5604499960167437,0.18420365438533354,8.20974896965026,1.5702657653329486,0,WT,0,8.571428571428571,514.629,0
TCGA-W3-AA1W,TCGA-W3-AA1W-06,219.1537627,0:LIVING,0,0.8125327691892736,0.8417680855114491,0.8314328945538321,0.562033510055811,0.7396738567748974,1.0776108073699442,0.970157174743081,8.33680695588162,7.022399876689308,8.263901987951503,7.636818551534925,3.6736795662038286,7.643150932320405,1,p.V600K,0,10.714285714285714,230.285,1
TCGA-W3-AA21,TCGA-W3-AA21-06,105.0399448,1:DECEASED,1,0.5762823100822807,0.5645664557824935,1.9124440305333226,0.49031042185629997,1.0895883730105804,0.06008484910606368,0.6571760887190243,0.19384782425309702,0.09659749420249167,0.08534236543779938,0.27165303328345136,0.04158723000254798,0.09096992982014553,1,p.V600K,0,6.428571428571429,2.6069,1
TCGA-WE-A8JZ,TCGA-WE-A8JZ-06,24.03261334,0:LIVING,0,1.1731243999639767,0.5140885430601908,0.7086357436454578,1.1692863410928098,1.6154956293533016,0.006720063841800947,0.38329925170431484,0.18996988358852204,0.10262941290262306,0.127264997185856,0.16646224635576332,0.26201598035093376,0.11494720504423953,0,WT,1,8.571428571428571,16.4245,1
TCGA-WE-A8K1,TCGA-WE-A8K1-06,49.05151724,0:LIVING,0,0.6136561156095914,0.7802692831426462,0.4896802808186011,0.8241757681891084,0.7420453391854862,3.1311955121567725,0.9151517794997214,1.9085564515025788,1.3256350631573017,1.6237575214289337,2.145989312461483,0.9244029713056297,1.4746962922931177,0,WT,1,8.571428571428571,57.9463,1
TCGA-WE-A8K5,TCGA-WE-A8K5-06,61.15001479,1:DECEASED,1,0.9694301819078092,0.5484416648170648,0.9984031371752632,0.7805140898990126,0.5654352296905676,0.0309958357159816,0.9329482119157205,0.4922811247585595,0.2139914043251829,0.5935272609520629,0.49325534103168567,0.3036845693902737,0.4037593326386229,1,p.V600K,0,8.571428571428571,19.0365,1
TCGA-WE-A8K6,TCGA-WE-A8K6-06,17.95048821,0:LIVING,0,0.5262321135779099,0.9954407475779978,0.7100894170830024,0.4065182518530224,1.287068181019621,0.006218847038889006,0.08846684939584507,0.06233000224319863,0.05196032772343805,0.13065582605798445,0.018381018608005985,0.06295115589898138,0.09130807689071126,1,p.V600E,0,6.428571428571429,3.9461,1
TCGA-WE-A8ZM,TCGA-WE-A8ZM-06,101.324917,0:LIVING,0,0.43727184996577784,1.6322232594187651,0.43179839279697024,0.7374272559353913,0.9953105144232287,0.007547683239039341,0.1862117464147674,0.08088602350356938,0.012079694179180072,0.010720626547936232,0.007648377057306283,0.0611213752087776,0.011400160363558152,0,WT,0,7.5,3.8314,0
TCGA-WE-A8ZN,TCGA-WE-A8ZN-06,58.98017556,0:LIVING,0,0.19421204537973882,0.49285672050823504,2.992791176577995,0.4797115640211663,1.6381782379746919,0.06800840062319759,1.2245474505101146,1.7290667128119406,1.1063040971735545,1.9431644515276076,3.1360082705253007,0.3557703056894487,1.524734274350581,0,WT,1,9.642857142857142,22.3015,1
TCGA-WE-A8ZO,TCGA-WE-A8ZO-06,70.51977513,0:LIVING,0,1.3515808323907235,0.9540899126052605,0.7436933192163176,1.226572094825568,0.9417790354359957,0.03667091482613664,0.7643272567049674,0.9363155827223223,0.7669590135361328,0.6366061909477633,1.020107006247912,0.9445816077052702,0.701782602241948,0,WT,1,9.642857142857142,59.2112,1
TCGA-WE-A8ZQ,TCGA-WE-A8ZQ-06,63.22122497,0:LIVING,0,1.06880152054734,1.5095480722437782,1.333761773760392,0.42137678561889724,0.7944858056036603,0.009364261718924639,0.4346660071497318,0.006617923767197662,0.007346529129104636,0.001847139233350325,0.00790769482927509,0.06319363773412609,0.00459683418122748,1,p.V600E,0,7.5,3.9613,1
TCGA-WE-A8ZT,TCGA-WE-A8ZT-06,11.80261038,0:LIVING,0,1.0434688350383128,0.7094094155213096,0.9264162448592616,0.7902599529271198,0.684045281771689,0.7777654344471627,0.3775567813423497,0.07618601956240809,0.07151307143613639,0.07320186340101421,0.06812092214864618,1.118981881807405,0.0723574674185753,1,p.V600E,0,5.357142857142857,70.1435,1
TCGA-WE-A8ZX,TCGA-WE-A8ZX-06,35.80234737,0:LIVING,0,1.305744190540873,1.3592952275283054,1.387050381615646,0.6154595947393843,0.6766237830983308,0.02045645373893869,1.4593897145967138,1.4394992294197784,1.5240400883741132,1.4197579703337448,1.7211992532063467,0.4266898613683498,1.4718990293539291,1,p.V600E,0,9.642857142857142,26.7471,1
TCGA-WE-A8ZY,TCGA-WE-A8ZY-06,49.51178617,1:DECEASED,1,1.7161135993420182,1.1499742332340626,0.8720701715522599,1.277855096282792,1.352679194379248,0.015807388650167238,1.3406258664045723,0.08969771074365263,0.1928668365381269,0.1511791756084497,0.09397664078423339,0.6315104388545265,0.1720230060732883,0,WT,1,9.642857142857142,39.5863,1
TCGA-WE-AA9Y,TCGA-WE-AA9Y-06,12.16425026,0:LIVING,0,0.6970563627459652,0.7031230556171462,1.5876545835279356,0.7730834984899775,0.9926646456180263,0.012143559420533263,0.46754585956855677,0.16060169353621556,0.25503041729771336,0.3626566816503784,0.24296218685917986,0.10085968121834721,0.3088435494740459,0,WT,0,9.642857142857142,6.3224,0
TCGA-WE-AAA0,TCGA-WE-AAA0-06,40.40503666,0:LIVING,0,0.45475408249301896,1.1369288430184012,1.2587500384079957,0.8127821946952544,0.8596983053901579,5.70654921362758,0.9431528546469172,0.17532201183611262,0.145230235141774,0.20659922853471882,0.3072544288318524,0.23779172596493162,0.1759147318382464,1,p.V600E,0,8.571428571428571,14.906,1
TCGA-WE-AAA3,TCGA-WE-AAA3-06,21.40250518,0:LIVING,0,0.5755900991957404,0.5619996363519375,1.0955287430728637,1.8860244993795148,0.9866608099835049,0.563933616446454,0.6294266216429627,1.280432582540707,1.747166666490271,0.6684579056532748,1.1523171479103451,1.123512463464056,1.2078122860717728,0,WT,1,8.571428571428571,70.4275,1
TCGA-WE-AAA4,TCGA-WE-AAA4-06,24.98602755,0:LIVING,0,0.4101946813757523,0.7188111742526205,2.060371697616693,0.7860797485622508,2.168913388260733,1.2900508489635576,0.8492982054970714,4.578785831138562,12.264918048280071,3.9883937334951454,5.2807878326417965,1.8861258113703068,8.126655890887609,1,p.V600E,0,9.642857142857142,118.232,1
TCGA-XV-AB01,TCGA-XV-AB01-06,13.24916987,0:LIVING,0,0.2229862471109596,0.6032878659727101,3.8525625057573443,0.8454344120598777,2.906209229615646,1.0891758487756555,0.3632296371379524,0.306897244317605,0.45062128154036585,0.24858817430205954,0.6599307909135942,0.0878932841390304,0.34960472792121267,0,WT,0,8.571428571428571,5.5096,0
TCGA-YD-A89C,TCGA-YD-A89C-06,6.904033928,0:LIVING,0,0.7936756048769127,0.686318214016,1.1073193462364068,0.6382070059441562,0.4166544336188629,0.014601773418543185,1.1065674582318914,0.018367796928501882,0.054986635708165546,0.049120640803261825,0.041535161101904305,0.006915518127317714,0.052053638255713686,0,WT,1,8.571428571428571,0.4335,1
TCGA-YD-A9TA,TCGA-YD-A9TA-06,49.18302265,0:LIVING,0,0.8730342336112293,1.2300386527280207,0.8624081616365498,0.6067918959549409,0.5466260423398057,0.013744368233229375,1.9033811878136988,0.4459782125020164,0.6284074867608528,1.039757654386676,0.4440825828260442,0.6398521330385506,0.8340825705737644,0,WT,0,11.785714285714285,40.1092,0
TCGA-YG-AA3O,TCGA-YG-AA3O-06,37.93931025,1:DECEASED,1,2.271618418136375,0.6395058446512352,0.6243008245169295,1.324727425834118,0.5791904809729228,0.7969719488650795,0.7197200488629077,0.41440655387329295,0.30237709001007357,0.31775159787046825,0.338028201840206,0.21566844905843977,0.31006434394027094,1,p.V600R,0,9.642857142857142,13.5192,1
TCGA-YG-AA3P,TCGA-YG-AA3P-06,14.43271855,0:LIVING,0,1.0558002370412747,0.7932880660837224,1.206390469967714,0.7885062803735436,0.387553143266333,0.1133487527428567,0.5972885291723088,0.08229175990802794,0.056023168308968474,0.08049808435819714,0.0542411330420664,0.025497284020511886,0.0682606263335828,0,WT,0,10.714285714285714,1.5983,0
TCGA-Z2-A8RT,TCGA-Z2-A8RT-06,27.58325936,0:LIVING,0,1.3544780698916457,0.8835649836169355,0.8367912660031271,0.7554937919103005,1.1012432617722627,0.8631176739554179,1.2419132460351336,0.523984007322355,0.49038841393026855,0.6002803784854887,0.6035276782946055,1.0697006393647064,0.5453343962078786,1,p.V600K,0,10.714285714285714,67.0543,1
TCGA-Z2-AA3S,TCGA-Z2-AA3S-06,96.98523852,0:LIVING,0,1.3520776611721919,0.8794721587322379,1.3834489876481952,1.5616983900035464,0.4682710875522567,0.005106135098643043,0.49608885979204237,0.46610331662769044,0.3047672907900249,0.2236192672056623,0.3932497117707549,0.19755728935845407,0.2641932789978436,0,WT,0,9.642857142857142,12.3839,0
TCGA-Z2-AA3V,TCGA-Z2-AA3V-06,15.97790709,0:LIVING,0,0.3577373773368966,0.49628827636280454,1.8872206104168292,0.4858971008982063,4.5092856081079855,2.977249084859837,0.8242341707186932,0.9796563880278136,6.5018969358932,1.4628410974192734,5.0127502760081795,0.5946101274812887,3.9823690166562367,1,p.V600E,0,8.571428571428571,37.2732,1
