Gene,both_M1M2
A1BG,0
A1CF,-0.00672756999091676
A2M,0.00654247458802704
A4GALT,-0.0311236940963048
A4GNT,0.00771421155266647
AAAS,0.0036972208406412
AACS,0.0018147188881829
AACSP1,-0.00396720415715943
AADACL3,-0.00503563180566888
AADAT,0.00337642112124915
AAGAB,0.000786447916591235
AAK1,0.00396045189584974
AAMDC,-0.0039557306955318
AAMP,-0.00129660396042953
AANAT,-0.0096490602317581
AAR2,0
AARS2,-0.00192184451545702
AARSD1,0.00616426597013981
AASDH,0
AASDHPPT,0
AASS,-0.00622894034118725
AATF,-0.0028189907616149
AATK,0.00832644966165643
ABAT,0.012909726533174
ABCA1,-0.00525895325523745
ABCA10,-0.00796610779228745
ABCA11P,0
ABCA12,0.00250320295039895
ABCA13,0.00285503156373205
ABCA2,0.012164570286247
ABCA3,0
ABCA4,0.00291513731010458
ABCA5,-0.0071850146091276
ABCA6,-0.00348403940180777
ABCA7,-0.00437077619727555
ABCA8,-0.00391185665035911
ABCA9,-0.0106672813740155
ABCB1,0.00341203590173687
ABCB10,0.00431751364374102
ABCB11,0.00371219904294291
ABCB4,0.0202912930988247
ABCB5,0.0108537015230864
ABCB6,-0.00104396752937776
ABCB7,0.00130690006480413
ABCB8,0.00482765771174984
ABCB9,0.00841618263977812
ABCC1,-0.00364615112778519
ABCC10,-0.000964439385246449
ABCC11,-0.0226080917616931
ABCC13,0.00567931949974671
ABCC2,-0.00451688297124015
ABCC3,0.00701879842411063
ABCC4,0
ABCC5,0.0144346419284753
ABCC6,-0.00901580205477565
ABCC6P1,0
ABCC9,-0.0064045756596117
ABCD1,-0.00613378326885629
ABCD2,0
ABCD3,0.00662365192410577
ABCD4,-0.000855929300471427
ABCE1,0.0077470348637332
ABCF1,0
ABCF2,0.0045912141341401
ABCF3,0.00273593369923986
ABCG1,-0.0107728137772484
ABCG2,0.0286567302041612
ABCG4,0.00507891480501247
ABHD10,0.00735585335258651
ABHD11,0.00429740601765664
ABHD12,0
ABHD12B,0.0142398318526425
ABHD13,-0.00296885925176197
ABHD14A,0.0052584170755203
ABHD14B,0.00288222258051515
ABHD15,0.00430270059704592
ABHD16A,-0.00384014200932453
ABHD17A,0.00582281791108556
ABHD17C,-0.00938022147281649
ABHD2,0.00945624639641712
ABHD3,0
ABHD4,0.00547867237824111
ABHD6,0.00982280684853906
ABHD8,-0.0015958156480335
ABI1,-0.00516449404569202
ABI2,0.00773240176037103
ABI3,-0.000559168068727147
ABI3BP,-0.00250557484979056
ABL1,0.00140035655241149
ABL2,-0.000663163148345245
ABLIM1,-0.00316630960617437
ABLIM2,0.00316936082447653
ABLIM3,0.0104855404023419
ABR,0.00280278165212606
ABRA,0.00402512999025714
ABT1,0.00100358218287809
ABTB1,-0.00325672166508863
ABTB2,-0.0187923095534974
ACAA1,0
ACAA2,0.00491870050736919
ACACA,0.0157245874931087
ACACB,-0.00252085541958432
ACAD10,0.00412594794113595
ACAD11,0
ACAD8,0.0026325110574432
ACAD9,0.00379764366630324
ACADM,0.00697395776591621
ACADS,0
ACADSB,0.00231363229922158
ACADVL,0.0012612588504089
ACAN,-0.0240098670907499
ACAP1,-0.0057770368834692
ACAP2,0
ACAP3,0.00940819175953558
ACAT1,0.00258910320491706
ACAT2,0.0172501236374134
ACBD3,0.00118589489021348
ACBD4,0
ACBD5,-0.00537227009408246
ACBD6,0.00294381736282784
ACBD7,-0.00195317717282194
ACCS,-0.0031033759914501
ACE,0.024925341835471
ACE2,0.00459441587884607
ACER2,0
ACER3,0.00644323873730159
ACHE,-0.0159221195235695
ACIN1,0.00208883731718444
ACKR2,0.00378996105600847
ACKR3,-0.0126422143289408
ACKR4,-0.00406803236921619
ACLY,0.00243926735757915
ACMSD,0
ACO1,0.00200947876975942
ACO2,0.00755001036115125
ACOT1,0.00247465627865059
ACOT11,0.00868786848247804
ACOT13,0.00121540588827555
ACOT2,0
ACOT6,-0.00564922781126266
ACOT7,0.0169511903287316
ACOT8,0.00204432549519393
ACOT9,-0.00808789884199435
ACOX1,0.00114919049408952
ACOX2,0.022241790758983
ACOX3,0.000186249187603052
ACP1,0.00458417083031782
ACP2,-0.00902850900298207
ACP5,0.00960278190564412
ACP6,0.00297778936136782
ACRBP,-0.00397148371345358
ACSBG1,0
ACSBG2,0.0042368350742428
ACSF2,0.00735517900549313
ACSF3,0.000358448637495338
ACSL1,-0.0131075890233664
ACSL3,0.00133078563843064
ACSL4,-0.00324086112151095
ACSL5,0
ACSL6,0.00485571802869778
ACSM1,-0.0119231330458046
ACSM2A,0.00394316546167011
ACSM3,0
ACSM4,0.00907471806691177
ACSM5,0.0147136800889055
ACSS1,-0.00037854760339282
ACSS2,0.00419142051641478
ACSS3,0.00319920553470437
ACTA2,-0.0124240989383867
ACTB,0.00516111679596514
ACTC1,0
ACTG1,0.00857691941631509
ACTL10,-0.00426816582904867
ACTL6A,0.00675668982954051
ACTN1,0.00399298386782764
ACTN2,0.00832463072582641
ACTN4,-0.00083893298110644
ACTR10,-0.00206104137152687
ACTR1A,-0.00114159957470038
ACTR1B,0.00377209490855067
ACTR2,0.00333246177422005
ACTR3,0.00215318529957128
ACTR3B,0.004995667671597
ACTR3C,-0.0114959710731512
ACTR5,0.00220163034256048
ACTR6,-0.00622648819838827
ACTR8,0.00198604195690885
ACTRT3,-0.00641022630584755
ACVR1,-0.0023775264476375
ACVR1B,-0.00576707785555556
ACVR1C,-0.00615184968872204
ACVR2A,0.00118834037387655
ACVR2B,-0.00213132512836469
ACVRL1,-0.0124965544121936
ACY1,0.00535907494116844
ACY3,-0.00272293223999218
ACYP1,0.00532578416826493
ACYP2,0.00163048210830544
ADA,-0.00244370818336769
ADAL,0.00170305179671033
ADAM10,0.00440524682694418
ADAM11,-0.0124305144804561
ADAM12,0.0317928936558143
ADAM15,0.0119134068118711
ADAM17,-0.00445291838710578
ADAM19,-0.0183617140963347
ADAM20,-0.0100304407051634
ADAM20P1,-0.0119274103332526
ADAM22,-0.00369573300753818
ADAM23,-0.00620378524191603
ADAM28,-0.0140536873283472
ADAM32,-0.00526034491858642
ADAM33,0.00425275191058786
ADAM9,0.00956929538295641
ADAMDEC1,-0.0112696303612795
ADAMTS1,-0.00632249560259624
ADAMTS10,0.00518717085212881
ADAMTS13,-0.00262124981743227
ADAMTS14,-0.000354909523667362
ADAMTS15,0.0349060607186735
ADAMTS17,-0.00352030943268533
ADAMTS2,-0.017987651998165
ADAMTS4,-0.0102326395069392
ADAMTS5,0.0115620502804007
ADAMTS6,0.0115045405026502
ADAMTS7,0
ADAMTS7P1,0
ADAMTS8,0.0114287218851079
ADAMTSL2,0.00578228983400343
ADAMTSL4,0.00517228990784732
ADAP1,-0.000260839615026647
ADAP2,0
ADAR,-0.00666933493049381
ADARB1,0.00785990413765772
ADAT1,0.00162643641135445
ADAT2,0.0133261543507327
ADAT3,-0.00387291102631186
ADCK1,0.00435316892936609
ADCK2,0.00175713736229784
ADCK5,0.00447293282857975
ADCY1,0.021081430524112
ADCY10,0
ADCY10P1,0.00517064576554496
ADCY2,0.00339396383126788
ADCY3,0.0077073577858651
ADCY4,-0.0105736332351716
ADCY5,-0.00525712068521345
ADCY6,0.00455190613397848
ADCY7,0.00308016136787877
ADCY8,0.00935970504840967
ADCY9,0.00297761095331091
ADCYAP1R1,0
ADD1,-0.00210385981813458
ADD2,0
ADD3,-0.00215539828122506
ADGB,0
ADH4,0.00529018773092946
ADH5,0.000755426980074806
ADHFE1,0.00347736486994182
ADI1,0.00639755390439865
ADIPOR1,0.00235782132303758
ADIPOR2,0.00139885540061346
ADIRF,0.00819882722758501
ADK,0.0120923083414863
ADM,-0.0134630773319331
ADM2,-0.027525189441868
ADM5,0.00192371972998972
ADNP,0.00456848696775189
ADNP2,-0.00339088447387623
ADO,0.00296857049461964
ADORA1,0.00800395342563503
ADORA2A,-0.032377186984305
ADORA2B,0.00890088016444701
ADORA3,0.0333800483187262
ADPGK,-0.00121542949928816
ADPRH,0.00190353041070513
ADPRHL1,0.00151315400929135
ADPRM,-0.00824318457143836
ADRA1A,-0.00301991908866495
ADRA2B,0.0229614360858582
ADRA2C,0.00245354826581651
ADRB1,0
ADRB2,-0.00146017774390285
ADRB3,0.00400511413756591
ADRM1,0
ADSL,0.000849513045324185
ADTRP,0.00813954303761118
AEBP2,0.00383333638472544
AEN,-0.00622365520857842
AFAP1,-0.004374285805767
AFAP1L1,0.0257325125363304
AFAP1L2,-0.0105347593142166
AFF1,0.00183305713255451
AFF2,-0.0110836009195902
AFF3,0.0140365468240336
AFF4,-0.003257277781102
AFG3L1P,0
AFG3L2,0.00450053699040004
AFMID,0.00324855838262204
AFTPH,-0.00231757903826262
AGA,-0.0035714706238391
AGAP1,0.0190531113000437
AGAP2,-0.00182132952643867
AGAP3,0.00194072231274904
AGAP4,0
AGAP5,0
AGAP6,0.00192680464578141
AGAP9,0
AGBL2,-0.0190227256115147
AGBL3,-0.00184059879962091
AGBL5,0.00427364983019807
AGER,-0.00620171872572736
AGFG1,0.00266767313238734
AGFG2,0.00241839393145802
AGGF1,0.00348318600403084
AGK,-0.00438446102281981
AGL,0.00365732517423905
AGMAT,0.00376981963070873
AGMO,-0.00239149282892441
AGO1,0.00356089494295754
AGO2,0.00462212623672543
AGO3,0
AGO4,-0.000971383217008827
AGPAT2,0
AGPAT3,-0.00441607093989193
AGPAT4,0.0084300458179386
AGPAT5,0.00110894042715925
AGPS,0.00258182253175361
AGR2,-0.00295017597439977
AGRN,-0.00379809999594337
AGRP,0.00324621904691398
AGTPBP1,-4.28366832453314E-05
AGTR1,-0.0100614609677693
AGTRAP,-0.00929211228091454
AHCTF1,0.00292422315896493
AHCY,0.0131973243725711
AHCYL1,-0.000463111763253601
AHCYL2,-0.0052651950636853
AHDC1,0.0105820330076626
AHI1,0.00151915796164975
AHNAK,0.00424412981410987
AHNAK2,0.0119577428086086
AHR,0.000655561577831294
AHRR,-0.00355329599381873
AHSA1,0.00136782443511648
AIDA,-0.00859129083400759
AIF1,0.00270905928268028
AIFM1,0.0092186578281062
AIFM2,-0.0099711555705296
AIFM3,0
AIG1,0.00742892626796952
AIM2,-0.036185640270833
AIMP1,0.00261729915486812
AIMP2,0.00778782915961994
AIP,-0.00255138770493226
AIPL1,-0.00441945467100113
AIRE,0.00129645027160721
AIRN,-0.00294508332442228
AJUBA,-0.00606867264190263
AK1,0.00353841609660226
AK2,-0.00233455024544216
AK3,-0.00631586638956296
AK4,-0.00804444924760095
AK5,0.0124232600987844
AK6,0.00342568390140576
AK8,-0.0152507153525105
AK9,0
AKAP1,0.00396150701326075
AKAP10,0
AKAP11,0.00436532588881842
AKAP12,0.0295545384991229
AKAP13,-0.00329534722279365
AKAP17A,-0.000906693843129104
AKAP3,-0.0132049661524922
AKAP5,0.033792042840208
AKAP6,0.0241566303570883
AKAP7,-0.00731674977908201
AKAP8,-0.000498248886831812
AKAP8L,-0.00410587007804899
AKAP9,0
AKIP1,-0.00190977634992057
AKIRIN1,0.00561403753150514
AKIRIN2,-0.00535370070216252
AKNA,-0.00608478714318084
AKNAD1,0
AKR1A1,0.00344622371303404
AKR1B1,-0.00465990514554976
AKR1B10,0
AKR1C1,0.00642241105536758
AKR1C2,0.00771280991385325
AKR1C3,0.0167790514239765
AKR1D1,0
AKR1E2,0.00534646648213041
AKR7A2,0.0082026767841948
AKR7A3,0.0118208797556929
AKR7L,0.00698454824551259
AKT1,0.00245011096450915
AKT1S1,-0.00302642534599069
AKT2,-0.000378637140362953
AKT3,-0.0142501300081017
AKTIP,0
ALAD,0.00558994366517741
ALAS1,-0.0109489705797548
ALAS2,-0.00489715074205132
ALB,0.00079630842445212
ALCAM,0.00569091110534257
ALDH16A1,0.00527914641671522
ALDH18A1,0.0100660525922566
ALDH1A1,-0.00728770188285637
ALDH1A2,0.0255300866906583
ALDH1A3,0.00648214358671566
ALDH1B1,0.0148205942674192
ALDH1L2,-0.00786292624057437
ALDH2,-0.0129131894576275
ALDH3A1,-0.00639075307374125
ALDH3A2,0.00153727855195538
ALDH3B1,0.00168440695821633
ALDH4A1,0.01696429149764
ALDH5A1,0.0118828103582297
ALDH6A1,0.00541423229115778
ALDH7A1,0.0116051890804226
ALDH8A1,-0.00737199464675114
ALDH9A1,0.00651949896886394
ALDOA,0.00381417875052991
ALDOC,0.0056543423833072
ALG1,0.0085800100189842
ALG10,0.000159822904448483
ALG10B,0.00443061902287528
ALG11,-0.00100814275005411
ALG12,0.00423753552721647
ALG13,-0.0016867640830077
ALG14,0.00817543190271109
ALG2,0.000787303155105682
ALG3,0.0112623349173006
ALG5,0.00455796866642863
ALG6,0.00395288261587971
ALG8,0.00961302954339387
ALG9,0.00263637484622987
ALK,0.0134474285352909
ALKBH1,-0.00180854719577651
ALKBH2,0.00508230298285452
ALKBH3,0.00118661256540281
ALKBH4,0
ALKBH5,0.00240015157304188
ALKBH6,0.000906543558763543
ALKBH7,0.00497022204505854
ALKBH8,0
ALMS1,0.00137235596288495
ALOX12,0.000319457249669739
ALOX12P2,-0.00585763464797726
ALOX15,0.0681938729912937
ALOX15B,-0.00022626383859143
ALOX5,0.000550078606003532
ALOX5AP,0.0115138467274914
ALOXE3,0
ALPK1,-0.00482680592591655
ALPK2,-0.00799121262247202
ALPK3,0.00920221214130662
ALPL,0.00743096512997824
ALS2,0.00321266318910866
ALS2CL,-0.00233180721979448
ALX4,-0.00277606627679757
ALYREF,0.00555890872299039
AMACR,-0.00151702580465008
AMBRA1,0.000176416312310947
AMD1,0
AMDHD1,0.00603279859299296
AMDHD2,0.00779770574668761
AMER1,-0.0100447633421697
AMFR,-0.000912476891631636
AMIGO1,0.0226350712321387
AMIGO2,0
AMMECR1,0.00205325536413619
AMMECR1L,-0.00164508134094874
AMN,-0.00799701612729163
AMN1,-0.00436376119323411
AMOT,-0.0158346258434889
AMOTL1,0.0109066146735084
AMOTL2,-0.0271790988925878
AMPD2,0.0145973683990438
AMPD3,-0.00622235909545365
AMPH,0
AMT,-0.00449847637810499
AMY2B,0.000453723067223906
AMZ2,-0.00123105251745145
AMZ2P1,-0.00418164440280722
ANAPC1,0.00564700273598269
ANAPC10,-0.00233400499568363
ANAPC11,0.0058697509117981
ANAPC13,0
ANAPC15,0.0107945048699772
ANAPC16,-0.00136575494158504
ANAPC2,0.00158190662098405
ANAPC4,0
ANAPC5,0.00257864271520735
ANAPC7,0.00473157497558637
ANG,-0.00938227669752229
ANGEL1,0.00169683341244312
ANGEL2,-0.00259963417217574
ANGPT1,-0.00549165788723098
ANGPT2,-0.00350300109075806
ANGPT4,0.0116392805636862
ANGPTL1,-0.00279861088898627
ANGPTL4,0.00983755831636629
ANGPTL6,0.0067543980098363
ANK2,-0.00430239071364844
ANK3,-0.0036226604413452
ANKAR,-0.00370384647977672
ANKDD1A,0.00579283211346652
ANKDD1B,-0.00787093393412956
ANKEF1,0
ANKFY1,0.00239277307848019
ANKH,0.024247073825281
ANKHD1,0
ANKIB1,-0.00557759630137191
ANKLE1,-0.00942167780171488
ANKLE2,-0.0020464019358151
ANKMY1,-0.0010133483399948
ANKMY2,0
ANKRA2,-0.00625996459222471
ANKRD1,-0.0314066111257858
ANKRD10,-0.00223925966236193
ANKRD11,-0.00157876059444674
ANKRD12,-0.00321911659949924
ANKRD13A,-0.00740098194752387
ANKRD13B,0.0166003373677122
ANKRD13C,0.00268174228207057
ANKRD13D,0.00101120846057508
ANKRD16,0.0036186434897805
ANKRD17,-0.00130809421874401
ANKRD18A,0.00155853886493227
ANKRD18DP,0.00331668804781356
ANKRD19P,-0.00455789576902468
ANKRD2,-0.00853013373270259
ANKRD20A1,0.00994349188146962
ANKRD20A11P,-0.00431074468717947
ANKRD20A5P,-0.00834992824021096
ANKRD20A8P,-0.00417708107643685
ANKRD22,-0.0355298893986793
ANKRD23,0.00470632290896223
ANKRD24,-0.00587359749557401
ANKRD26,0.001775174520442
ANKRD26P1,-0.0131571798743747
ANKRD26P3,-0.00042921677324484
ANKRD28,-0.00328432060245769
ANKRD29,-0.00256487861078481
ANKRD30BL,0
ANKRD30BP2,0
ANKRD31,0
ANKRD33B,-0.0157632049500895
ANKRD34A,-9.71871065669127E-05
ANKRD34B,0
ANKRD35,0.0057079819217088
ANKRD36,0.00376831796084046
ANKRD36B,0.00467052825432266
ANKRD36BP1,-0.00358093512854325
ANKRD37,0
ANKRD39,0.00368633164575637
ANKRD40,0.00220388983319526
ANKRD42,0.00317686490892123
ANKRD44,-0.00605697397535425
ANKRD45,-0.00464172561865595
ANKRD46,0
ANKRD49,-0.00204820907118364
ANKRD50,0.00646446151250917
ANKRD52,0.00155547831659872
ANKRD53,-0.0213684112823593
ANKRD54,0.00468366000131151
ANKRD55,0.00962484627927216
ANKRD6,0.00334447660941752
ANKRD63,0.0279473032878911
ANKRD66,-0.00622867980430534
ANKRD9,0.00981996504734251
ANKS1A,0.00429927679569269
ANKS3,0.00242929983044158
ANKS4B,-0.00429717265323096
ANKS6,0.0130717125282887
ANKUB1,-0.00966713548572275
ANKZF1,-0.00122486695622649
ANLN,0.0179574532613547
ANO1,-0.00280326100638682
ANO10,0.00513254952877388
ANO2,0
ANO5,-0.00730794388718053
ANO6,0.00320879160607202
ANO7,0.00656392500700246
ANO8,0.00302764314686726
ANO9,-0.0116328180263095
ANP32A,0.00489746334034504
ANP32B,0.00132229760274712
ANP32E,0.00208507357512967
ANPEP,0.00891454025633275
ANTXR1,0.00545447303037079
ANTXR2,-0.0114009473851289
ANTXRLP1,0.00276872529704598
ANXA1,0.00346607119417481
ANXA10,-0.010313257234888
ANXA11,0.00563081348061805
ANXA2,0.00600427005203071
ANXA2P1,0.0025823916126034
ANXA2P2,0.00345144548150974
ANXA2R,-0.0145625662974859
ANXA3,-0.0177993807239277
ANXA4,0.00330156965689659
ANXA5,-0.00124359943597164
ANXA6,0.00519813622215775
ANXA7,-0.00357371894479965
ANXA8,-0.00907141560221706
ANXA8L1,-0.0128605189272434
ANXA9,0.0145844084819805
AOAH,-0.00607517895588959
AOC1,0.00476017482903277
AOC2,-0.0103072737251556
AOC3,-0.00442022615206023
AOC4P,-0.00567809691913041
AOX1,-0.0089443144838226
AOX2P,0
AP1AR,-0.00256913542826187
AP1B1,0.0100448088808887
AP1G1,0.000902312647244463
AP1G2,-0.00454511842437794
AP1M2,-0.0265718495728323
AP1S1,0.00456746483838288
AP1S2,0.00826312627782145
AP1S3,0.00238982655323952
AP2A2,0.00940768246564394
AP2B1,0.00102297143491421
AP2M1,0.00782749136525937
AP2S1,0.00567412250561588
AP3B1,0.00390951516118089
AP3B2,-0.00322164962480753
AP3D1,0.00352660591095213
AP3M1,0.00612051924514393
AP3M2,0.0013923070883532
AP3S1,0.00316242342192377
AP3S2,-0.00273015914657522
AP4B1,0.00177045234968182
AP4E1,0.00143349967641307
AP4M1,0.00162267509999144
AP4S1,-0.00275073780965982
AP5B1,-0.0066950908348396
AP5M1,-0.00116041960719123
AP5S1,0
AP5Z1,-0.00356832437104504
APAF1,-0.000724256243801069
APBA1,0.0168323422873038
APBA2,-0.0139611587868217
APBA3,-0.00889202873954749
APBB1,0.00429804501889012
APBB1IP,0.0163106971864812
APBB3,-0.00277519049831892
APC,0.00265878628607468
APC2,-0.00260379780968858
APCDD1,0.0160938899982807
APCDD1L,0
APEH,0.0045231242338316
APELA,0
APEX1,0.00602220381323744
APEX2,0.00302439972733622
APH1A,0
APH1B,-0.00267330884396825
API5,0.00405336589243078
APIP,-0.00227412650831386
APLF,-0.00821549737153238
APLN,0.0263865729598376
APLP1,-0.00522866541200964
APLP2,0.00534084318776524
APMAP,0.00422391845475925
APOA2,-0.00438418520196489
APOB,0.00218011424451638
APOBEC3A,-0.0281783229369487
APOBEC3C,-0.00522179600054058
APOBEC3D,-0.0236843936039486
APOBEC3F,-0.0149572704581058
APOBEC3G,-0.0149050983091657
APOBEC3H,-0.0239005571134674
APOBEC4,-0.00115974945838561
APOBR,0.00401029829939511
APOC1,0.0114819533434115
APOC1P1,0.00366505397062062
APOC2,0.0127022910736857
APOD,-0.0109637651031131
APOE,0
APOF,-0.00315918421140726
APOL1,-0.0193345368948327
APOL2,-0.0140560467098129
APOL3,-0.0375275909360956
APOL4,-0.0289890928849311
APOL6,-0.0204975441365057
APOLD1,0.00496197655641707
APOM,0
APOO,-0.0105019647575836
APOOL,0.00398327729377143
APP,0.00202634532614876
APPBP2,-0.00243750658743564
APPL1,0.00366537859308237
APPL2,0.0128880363499573
APRT,0.00817712026756106
APTR,-0.0041944485790684
APTX,0
AQP1,0.00846953208074505
AQP11,-0.00320566883174629
AQP12B,0.00400497120103764
AQP2,0.00609546115766302
AQP3,0.00993006730389991
AQP5,0.0188763839007178
AQP6,0.0180548297311031
AQP8,0
AQP9,0.000173764976033842
AQR,0.00327276989096817
AR,1.47831789576367E-05
ARAF,0.00124652509049884
ARAP1,0.000644964074216432
ARAP2,-0.00556317876216301
ARAP3,0.00364996160953407
ARC,0.0116401472160068
ARCN1,0.00100909743119336
AREG,0
AREL1,0.000788775904749813
ARF1,0
ARF3,-0.00232202216816131
ARF4,0.00181134195117672
ARF5,0.00210312987518407
ARF6,-0.00220143043991314
ARFGAP1,0.00141662737410708
ARFGAP2,-0.000859028074102291
ARFGAP3,-0.00157929447616415
ARFGEF1,0.00148240770185902
ARFGEF2,0.00397650038947009
ARFIP1,0.000461366714502792
ARFIP2,0
ARFRP1,-0.0025260492104302
ARG2,0.00524238482515195
ARGLU1,0
ARHGAP1,0.00346797199321832
ARHGAP10,0.00118781263463595
ARHGAP11A,0.00675606902312047
ARHGAP11B,-0.00204700128143508
ARHGAP12,-0.00357842371297106
ARHGAP15,-0.00308569846095628
ARHGAP17,0.00110763237581517
ARHGAP18,0.012092197282035
ARHGAP19,0.00165284241935063
ARHGAP20,-0.0107423556726519
ARHGAP21,0.00157089864634706
ARHGAP22,-0.00279302759981842
ARHGAP23,-0.00766744902744533
ARHGAP24,-0.00920960084058647
ARHGAP25,-0.000958104469557637
ARHGAP26,0.0195839223474355
ARHGAP27,-0.00424983787220566
ARHGAP29,-0.00632179824492347
ARHGAP30,-0.00183790891275472
ARHGAP31,0
ARHGAP32,-0.00458737702672224
ARHGAP33,0.00383755650033474
ARHGAP35,0.00291078454828212
ARHGAP39,0.0107142546093806
ARHGAP4,0.00982220325116662
ARHGAP40,-0.00709692328248194
ARHGAP42,-0.00432563293749912
ARHGAP44,0.00464379500522384
ARHGAP5,-0.0059445964211486
ARHGAP6,0.00864937569619481
ARHGAP8,0
ARHGAP9,0.00671868885539074
ARHGDIA,0.0032614585335993
ARHGDIB,0.0143864179851437
ARHGEF1,0.00110502289885761
ARHGEF10,0.00478042476291885
ARHGEF10L,-0.00307295844129106
ARHGEF11,-0.00662887571760656
ARHGEF16,0.000993393031076433
ARHGEF17,0.00477243063654695
ARHGEF18,0.000724028734376184
ARHGEF19,-0.00640387479968134
ARHGEF2,-0.00359580517434451
ARHGEF25,-0.00326091549099839
ARHGEF26,-0.00328603331328835
ARHGEF28,0.00655141483060657
ARHGEF3,-0.00604799556985461
ARHGEF33,0.00434605622521648
ARHGEF34P,-0.0059776754975031
ARHGEF35,-0.0186627882089081
ARHGEF37,0.0060303292174933
ARHGEF38,-0.0111049318257562
ARHGEF39,0.00538492522082015
ARHGEF4,-0.00636386973438351
ARHGEF40,0.00293019973608227
ARHGEF5,-0.00985534544755879
ARHGEF6,-0.00224480512288719
ARHGEF7,0
ARHGEF9,0.00873975001595102
ARID1A,-0.00145133925687135
ARID1B,-0.00520751138320992
ARID2,-0.00228517694243284
ARID3A,-0.00480983398635493
ARID3B,-0.0106295217797978
ARID4A,0.00229162459634727
ARID4B,-0.00394146967222663
ARID5A,-0.00610854132120331
ARID5B,-0.0114738430910831
ARIH1,-0.00263722138328024
ARIH2,-0.00111651208757983
ARIH2OS,-0.0122387374337007
ARL1,0.00361646254369505
ARL10,0.00458764395635691
ARL11,0.00152804155155334
ARL13B,0
ARL14EP,-0.00173315031924088
ARL15,0.00543305335556475
ARL16,0.00308814603369846
ARL17A,0.00200973611774842
ARL17B,-0.00260913431966716
ARL2,-0.00102828692073387
ARL2BP,0.000944750209537618
ARL3,0.0044509782525554
ARL4A,-0.0083627039740396
ARL4C,0.0183507567116955
ARL4D,-0.00315404437117892
ARL5A,0.00756512382983925
ARL5B,-0.00691902150857353
ARL6,-0.000945607653096901
ARL6IP1,0.00405008974386374
ARL6IP4,0.00442498196500839
ARL6IP5,-0.00112359676398466
ARL6IP6,-0.00377605237664669
ARL8A,-0.00279543779098769
ARL8B,-0.00104754958213467
ARMC1,0.00554927203816326
ARMC10,0.00114361220742496
ARMC2,0.00504093905231277
ARMC5,-0.00507575341622891
ARMC6,0.00725850242975335
ARMC7,0.00360647833494435
ARMC8,-0.00319059413544952
ARMC9,0
ARMCX1,-0.0015306022991633
ARMCX2,-0.0129335199798605
ARMCX3,0.00124915180684353
ARMCX4,0.00239489862812809
ARMCX5,0.00450228269719646
ARMCX6,0.00206046491953089
ARNT,0.00138469919298665
ARNT2,-0.00904705268688798
ARNTL,-0.00129493483416853
ARNTL2,-0.00967473570134797
ARPC1A,0
ARPC1B,0.00437312873792971
ARPC2,0.00134360805245829
ARPC3,0.00155783515211115
ARPC4,0.00413364011192103
ARPC5,0.00407309697317432
ARPC5L,0.00200505105724931
ARR3,-0.0029539760956167
ARRB1,0.00329399437454697
ARRB2,0.00183703594286193
ARRDC1,-0.0029555509743658
ARRDC2,-0.00350275239387662
ARRDC3,0.00192105132929345
ARRDC4,0.0168253080549897
ARRDC5,-0.012979331168277
ARSA,-0.0045007019601834
ARSB,-6.97377337183992E-06
ARSD,-0.00451407232178494
ARSF,-0.00796009143087115
ARSG,0
ARSI,-0.00301181450017958
ARSK,0
ART3,-0.0183920400192192
ART5,-0.00438934818394183
ARTN,-0.00874087831315978
ARV1,0.009247401990251
ARVCF,0.00629655291445197
ASAH1,0.00423137874905815
ASAH2,-0.0187728673213083
ASAH2B,-0.0110477499488223
ASAP1,0
ASAP2,-0.00916543813334391
ASAP3,-0.0196967108979423
ASB1,0.000217167900565453
ASB11,0
ASB12,-0.00677521909126149
ASB13,0.00538578055552728
ASB14,0
ASB16,-0.00289914791250014
ASB2,0.00118824317012629
ASB4,-0.0114119702207304
ASB6,-0.000853832128861816
ASB7,-0.00317101780951216
ASB8,0.00165629421156488
ASB9,0.000679499205622278
ASCC1,-0.00224326765430505
ASCC2,0.00154759232753694
ASCC3,0.00133418091375483
ASCL1,0.00724154923996145
ASCL2,-0.0253183085095231
ASF1A,0
ASF1B,0.00134265964833639
ASGR1,0.00211781674983823
ASGR2,0.0101175696723714
ASH1L,-0.00256201617805292
ASH2L,0.0019386424227364
ASIC1,0.0201002288340476
ASIC2,-0.00352991187151784
ASIC3,-0.00202602722871524
ASIP,0.00713720615010447
ASL,0.00554251287082277
ASMTL,-0.00497395764891027
ASNS,-0.0186352260556164
ASNSD1,-0.000249732640421175
ASPDH,0
ASPH,0.00985373795149792
ASPHD1,0.0162576505153768
ASPHD2,-0.0208221752409792
ASPM,0.0293069649611867
ASPRV1,-0.00357582545077708
ASPSCR1,0.00367255931678615
ASRGL1,0.00638353240455669
ASS1,-0.0223511527968866
ASTE1,0.00430390702340768
ASTL,0
ASTN2,0.0109520699056235
ASXL1,0
ASXL2,0
ATAD1,0.00164914786696086
ATAD2,0.00445089637963641
ATAD2B,0.000308946377365294
ATAD3A,0.00792277184086765
ATAD3B,0.00742439187515448
ATAD3C,0.00219250605842584
ATAD5,0.00150945445550938
ATAT1,0.00420491524110738
ATE1,0.00121007649914299
ATF1,0.00171808941627085
ATF2,-0.0040619226242665
ATF3,-0.0179036628855669
ATF4,-0.00829042796030795
ATF5,-0.00732577891523289
ATF6,0
ATF7,-0.00197087830281255
ATF7IP,0
ATF7IP2,0.000899713715604443
ATG10,0
ATG101,-0.00342669254950959
ATG12,-0.00249340090680893
ATG13,-0.00359839118493457
ATG14,0.000486678411030783
ATG16L1,-0.00144273722689126
ATG16L2,-0.00480093578485114
ATG2A,-0.0059422851045461
ATG2B,0.00161610727006178
ATG3,-0.00406063963582809
ATG4A,0.00152676110690389
ATG4B,0.00123835089668311
ATG4C,0.00509190891022354
ATG4D,-0.00346723636990838
ATG5,-0.00119263966072684
ATG7,0.00269523888239396
ATG9A,0.00358971616874712
ATG9B,0.0137877679504706
ATIC,0.0089464373618949
ATL1,0
ATL2,0.00291677351275646
ATM,0.000669207761949923
ATN1,-0.00334356085367644
ATOH8,-0.00949322951772385
ATOX1,-0.00122019440473483
ATP10A,-0.00616940401411557
ATP10B,-0.00743576828830604
ATP10D,-0.000328446538636364
ATP11A,0.00427347828037327
ATP11B,-0.00283874655310973
ATP11C,-0.0026861475947608
ATP13A1,-0.000420006654406653
ATP13A2,-0.00734491469029869
ATP13A3,0.00816784132720515
ATP13A4,-0.00370386748220267
ATP1A1,0.00458427359313352
ATP1A4,-0.00754551256444317
ATP1B1,0.00495228462596538
ATP1B2,-0.00929179091512554
ATP1B3,0
ATP1B4,0.00994565369249359
ATP2A2,0.00172427861156497
ATP2A3,0.00801017189802311
ATP2B1,0.00519578545144828
ATP2B2,0.00922039978581319
ATP2B3,0.0056844389230936
ATP2B4,0.00357084588654193
ATP2C1,-0.0014582191486564
ATP2C2,-0.00973578697859055
ATP4A,0.00194271552206699
ATP6AP1,0.00119463834091119
ATP6AP1L,-0.00457701444644982
ATP6AP2,0.00730447388160458
ATP6V0A1,0.00811090367877548
ATP6V0A2,0.00197191265620318
ATP6V0A4,-0.00231535294229219
ATP6V0B,0.00161285107171917
ATP6V0C,0.00221805444426084
ATP6V0D1,0.00271673794138566
ATP6V0D2,0.00927468373628495
ATP6V0E1,-0.000196945390081915
ATP6V0E2,0.00972856161621707
ATP6V1B1,-0.00403386403533772
ATP6V1B2,0.00283429439268084
ATP6V1C1,0.00313409244418282
ATP6V1C2,0.00724040015777937
ATP6V1D,0.00813380205198893
ATP6V1E1,0
ATP6V1E2,-4.62912486310188E-05
ATP6V1F,0.00574419196885676
ATP6V1G1,-0.000550261402453997
ATP6V1G2,-0.00297868386101504
ATP6V1H,-0.00203190162052491
ATP7A,0.00572070498808806
ATP7B,0.00288058093079634
ATP8A1,0.00776187245686703
ATP8B1,0.00999429641342872
ATP8B2,-0.0104159635577196
ATP8B3,0.00513926140003701
ATP8B4,0.00730073154445866
ATP8B5P,-0.00445506178555779
ATP9A,0.0166281413739043
ATP9B,0.00271904653665065
ATPAF1,0.00505624090537412
ATPAF2,0.0043003454606628
ATR,0.00144001039209221
ATRAID,0.00242445925062508
ATRN,0.00952237528537563
ATRX,0
ATXN1,0.0100957482802682
ATXN10,0.00379105097344802
ATXN1L,-0.00146358344795599
ATXN2,0.00103659171061334
ATXN2L,-0.00309904650306517
ATXN3,-0.00214645168320289
ATXN7,-0.008797792070913
ATXN7L1,-0.0082415656952588
ATXN7L2,-0.00183199663473551
ATXN7L3,-0.00241790882266904
AUH,0.00526711079397869
AUNIP,0.00986380667109794
AUP1,0.00346083006167242
AURKA,0.00315360492401491
AURKAIP1,0.00280011488642287
AURKB,0.0247389893772537
AURKC,-0.00754960535989504
AUTS2,-0.0191493049872901
AVEN,-0.00341500644568854
AVIL,-0.0152434496732537
AVL9,0
AVPI1,-0.000772529603017811
AVPR2,0.0145836037269956
AXDND1,-0.00143754359603216
AXIN2,0.00415832008672632
AXL,-0.01078190909569
AZI2,-0.00676615126580249
AZIN1,-0.00406534703320854
AZU1,0.00895231158088709
B2M,-0.0107794528491346
B3GALNT1,0
B3GALNT2,0.00243872779578298
B3GALT4,-0.00946036604740854
B3GALT6,0.00459325212376329
B3GAT3,0.00208824612598913
B3GNT2,-0.00282831420249507
B3GNT3,-0.00136251855765202
B3GNT4,-0.00518895062759524
B3GNT5,0.00422864964468642
B3GNT6,0.0122270249890437
B3GNT7,0
B3GNT8,-0.00606363970575614
B3GNT9,0.00328579020454324
B3GNTL1,-0.00328304932380108
B4GALNT1,-0.00869655262728612
B4GALNT4,0
B4GALT1,-0.0068594778632232
B4GALT2,0.00650355603744241
B4GALT3,-0.00172857540337858
B4GALT4,-0.00380840793843998
B4GALT5,-0.0166418545920434
B4GALT6,0
B4GALT7,0.00285433298737863
B9D1,0.0126551469850671
B9D2,0.00396593071700193
BAALC,-0.0196439938190997
BABAM1,0.00374858414720004
BACE1,0.0125892048715796
BACE2,0.00731316539274708
BACH1,-0.00288218763652031
BACH2,0
BAD,0.00276727053279181
BAG1,-0.000261326713031801
BAG2,0.00549364416128433
BAG3,0.00402419695273502
BAG4,0.00394744813703801
BAG5,0.00542481583854922
BAG6,0.00226401445036349
BAHCC1,-0.00100597267701681
BAHD1,0.00151910300146803
BAIAP2,0.00791806421588857
BAIAP2L1,-0.00398244008457254
BAIAP3,-0.00473985421966412
BAK1,-0.00782514333304619
BAMBI,-0.008048327572319
BANCR,-0.00745423893927465
BANF1,0.00660790003345713
BANK1,-0.00352421970922331
BANP,-0.00572176222658449
BAP1,0.0013174980079199
BARD1,0.00727104431787131
BARX1,0
BARX2,0.000851881234579153
BASP1,-0.0151290210951342
BATF,-9.29331605068992E-06
BATF2,-0.0231507894377508
BATF3,-0.00803067580627181
BAX,-0.00286925637648687
BAZ1A,-0.00684913514029096
BAZ1B,0
BAZ2A,-0.00656807838121123
BAZ2B,-0.00228816571246459
BBC3,-0.017770080793561
BBIP1,-0.00255121824555966
BBS1,0.00641780636127106
BBS10,0.00259240919968983
BBS12,-0.00960218644628793
BBS2,-0.00240702132647499
BBS4,0
BBS5,0.00793406782983916
BBS7,-0.00106481003511907
BBS9,0.00181988448091473
BBX,-0.0101355277281834
BCAM,0.010838980834067
BCAN,0.0124816949983866
BCAP29,-0.00180492907296523
BCAP31,0.00543648906750671
BCAR1,0.00682768986947192
BCAR3,-0.00171256886963575
BCAR4,-0.00253099350640318
BCAS1,0.00320545164198073
BCAS3,-0.00616536246389139
BCAS4,-0.00207332022846222
BCAT1,0.00170531793119583
BCAT2,0.00671639204489644
BCCIP,0.00575534691310934
BCDIN3D,0.0015845777121366
BCKDHA,0.00131459691781567
BCKDHB,0.0114862250640224
BCKDK,0.00580594505341676
BCL10,-0.00266270266955621
BCL11A,0.00241473124626237
BCL2,-0.00397743382544822
BCL2A1,-0.00993766090846196
BCL2L1,0.0028742799072472
BCL2L11,-0.00189900942484192
BCL2L12,-0.00139202774192101
BCL2L13,-0.00776826373033001
BCL2L14,-0.0381320241426417
BCL2L2,-0.00372544212290559
BCL3,-0.0130756952483847
BCL6,0
BCL6B,-0.0090316478154182
BCL7A,0.0171782440077145
BCL7B,-0.00335177670334599
BCL7C,0.00469030713105135
BCL9,0.00282277218683283
BCL9L,-0.0104723043452453
BCLAF1,0.000973142661040563
BCO2,0.0021555794710097
BCOR,-0.0035162470800077
BCORL1,-0.00312365388236576
BCR,-3.82340594912546E-06
BCRP2,0.00556661631658457
BCS1L,0.00711423571718443
BCYRN1,0.00284607478039214
BDH1,0.0133476040403427
BDH2,0.00115555487039718
BDKRB2,-0.00047222801852054
BDNF,0.00640613606567761
BDP1,0.00345415370337815
BECN1,-0.00145744358211811
BEGAIN,-0.0141322086424201
BEND2,-0.0033041124517732
BEND3,0.00274163664791168
BEND3P3,-0.00706641407733938
BEND4,0
BEND5,0
BEND7,0.00455445489030803
BEST1,-0.00183201504187596
BEST4,-0.0105613941277724
BET1,-0.0051201041110757
BET1L,-0.000836352795873461
BEX1,0.00422847117693275
BEX2,-0.00799006491614768
BEX4,0
BFAR,0
BFSP1,0.0033768763246573
BFSP2,0
BGLAP,-0.00531366997957216
BHLHB9,0.0086083801342928
BHLHE22,-0.0178478389418418
BHLHE40,0
BHLHE41,-0.00387768909773525
BICC1,0
BICD1,0.00672745218878304
BICD2,0.00501029675837484
BID,0.00173215919154482
BIK,-0.0035616182321939
BIN1,0.00771642383270463
BIN2,0.0030087618577191
BIN3,-0.000746867711833469
BIRC2,-0.00470845183950717
BIRC3,-0.0182946810752564
BIRC5,0.0318322827732816
BIRC6,0.00428575166248687
BIRC7,0.0114725180380562
BIVM,0.00668196561925875
BLACE,-0.0030369538218215
BLCAP,0.00177149960446207
BLM,0.00372470823078139
BLMH,0.00509956792592437
BLNK,-0.00398614500368802
BLOC1S1,0
BLOC1S2,-0.00385160103521987
BLOC1S3,-0.00774782112671543
BLOC1S4,-0.00154322382120126
BLOC1S5,0.00315636010997285
BLOC1S6,0.00753074109189731
BLVRA,-0.00345716288606146
BLVRB,0.0139890320430153
BLZF1,-0.00796874328883267
BMF,-0.00668731865370416
BMI1,0
BMP1,0
BMP2,-0.015224662175875
BMP2K,0.00285488574137619
BMP4,0
BMP5,-0.00267512441255681
BMP6,0.00468397895110871
BMP7,-0.00325849034885725
BMP8A,-0.0017339349496679
BMP8B,0.00330443193221862
BMPR1A,-0.00295222278100336
BMPR1B,-0.00558926546417114
BMPR2,-0.00231768192821495
BMS1,0.00335964297484322
BMS1P17,-0.00327814014517495
BMS1P20,0.00330171767260705
BMS1P4,0.00195617136424868
BMX,-0.0099415484181827
BNC2,0.0223705576884592
BNIP1,0.00212426349662827
BNIP2,0.00264105468413547
BNIP3,0
BNIP3L,0
BNIPL,0
BOC,-0.0146685092844348
BOD1,0
BOK,0.00813914443275476
BOLA1,-0.000802955095930447
BOLA2,0.00625074890334971
BOLA2B,0.00455216982312882
BOLA3,0.00960227380584473
BOLL,-0.00904266967374752
BOP1,0.00927426731951159
BORA,-0.000440285884198257
BPGM,-0.00758626671794277
BPHL,0.00435534615598029
BPI,0.00544972241837238
BPNT1,0.00429910093940717
BPTF,0.0033865163615199
BRAF,-0.00205667591042439
BRAP,-0.0022737363675383
BRAT1,0.007099398771827
BRCA1,0.00915922495877617
BRCA2,-0.00398279273325721
BRCC3,0.00477831146856123
BRD1,-0.00252688075548621
BRD2,-0.00710093966080779
BRD3,0
BRD4,-0.00360668110266921
BRD7,-0.00182910590464897
BRD7P3,0.00178538082544324
BRD8,-0.00181151775843203
BRD9,0.00402398585737753
BRDT,-0.00330673550879174
BRF1,0.00330343968050017
BRF2,-0.00120784558423466
BRI3,0
BRI3BP,0.0137662169367119
BRICD5,0.00734329709164113
BRIP1,-0.0234043996143706
BRIX1,0.00631639322093227
BRK1,0.00498977650026604
BRMS1L,-0.00325359499734132
BROX,-0.000846068741375303
BRPF1,0.00768003338012777
BRPF3,-0.004475978383694
BRSK1,-0.012230023621483
BRSK2,0.00536548439265151
BRWD1,-0.00209283735443524
BRWD3,0.000268018365228838
BSCL2,0.00697824758612403
BSDC1,-0.00431045227526366
BSG,0.00317776712964073
BSPRY,-0.03330135980574
BST1,-0.00272403752655912
BST2,-0.0072428472502175
BTAF1,-0.00207768301779986
BTBD1,0.00284511186963713
BTBD10,0.00123419372961929
BTBD11,-0.0287125238193037
BTBD18,0.00472729299047685
BTBD19,-0.00375978358420122
BTBD2,-0.00219278702406226
BTBD3,0.0049579948229237
BTBD6,0.00109855993549016
BTBD7,0.00279895795548404
BTBD8,-0.00367593131831538
BTBD9,-0.00227523726316912
BTC,-0.0108442035428025
BTD,-0.00105799431701229
BTF3,0.00357266409139536
BTF3L4,0.00180624878398838
BTG1,-0.0173120593314495
BTG2,0
BTG3,-0.0106392757971227
BTK,-0.00269396289493758
BTLA,0
BTN2A1,-0.00624831385730497
BTN2A2,-0.00672371266589391
BTN2A3P,-0.00806481613115179
BTN3A1,-0.0119796791877563
BTN3A2,-0.00679034910337572
BTN3A3,-0.0142826505136843
BTNL3,-0.00500732542283717
BTNL8,0.00298393158573289
BTRC,0.00135800249306244
BUB1,0.0103367254796129
BUB1B,0.0167534887657829
BUB3,0.00112640399929993
BUD13,0.00108902748949494
BVES,-0.011063886936349
BYSL,0.0110181891759498
BZW1,0
BZW2,0.0104488034006319
C10orf105,0.0202483239847591
C10orf55,0.0129721756308814
C10orf88,0.00156947297163673
C11orf1,0.00130135049372341
C11orf16,0.00341388209704283
C11orf21,0.00982561542676662
C11orf24,0.00223923244320903
C11orf54,0.00311374070243567
C11orf58,-0.00440885989959187
C11orf68,-0.00208541300035981
C11orf71,-0.0012264232505776
C11orf80,0.000716710901030867
C11orf86,-0.0108415353905721
C11orf87,-0.00229490751269015
C11orf91,-0.00195058068855368
C11orf96,-0.0123133411505861
C12orf29,0.00502105142180138
C12orf4,0.00338844361972705
C12orf43,0.000180171725767622
C12orf56,-0.00288164026990512
C12orf57,-0.00725577190410737
C12orf60,-0.00441649421541655
C12orf71,-0.004998847115651
C12orf73,0.00131967421237444
C12orf75,0
C12orf76,-0.00242056191714515
C14orf119,0.00324427519291855
C14orf132,0.00313913680742964
C14orf178,-0.00344123678661266
C14orf28,-0.00410780107608203
C14orf93,0.00103878573856588
C15orf39,-0.0126594719150196
C15orf40,0
C15orf48,-0.0248197801257979
C15orf61,0.00194600879327025
C15orf62,-0.000477934485185508
C16orf46,-0.00767732203803651
C16orf54,0.00584339119892563
C16orf72,-0.00109905774943134
C16orf74,0.0152582844510384
C16orf86,-0.00173272443268567
C16orf87,-0.00210652096158412
C16orf89,0.00970526888275433
C16orf91,0.00244470425669744
C16orf95,0.00310360166891893
C16orf96,0.00469185315342793
C17orf100,-0.00271155460388483
C17orf107,-0.00366345372963979
C17orf49,-0.00846714064800134
C17orf58,0.00742768205227794
C17orf64,0.00843704802163821
C17orf67,-0.0133352006210406
C17orf75,-0.00279619430072981
C17orf80,-0.000894529111855874
C17orf97,0.012263234312502
C18orf21,-0.00215758522748499
C18orf25,-0.00162900878397207
C18orf32,-0.00248436142520698
C18orf54,0.000713102224174416
C19orf12,-0.00957747394961063
C19orf25,-0.00172293844298605
C19orf33,0.00581547819484432
C19orf38,-0.00477077448245526
C19orf44,0.00412543947938661
C19orf47,-0.000756391327182234
C19orf48,0.00448236022935617
C19orf53,0.00495055369095833
C19orf54,-0.00148100732221779
C19orf67,-0.00265553814848188
C19orf71,0.00593219344687281
C19orf73,0.00477344433753178
C19orf84,-0.0263644398909737
C1D,0.000934267512652544
C1GALT1,-0.00170335894534409
C1GALT1C1,-0.00407124432986919
C1QA,-0.00402597225917763
C1QB,-0.00936746380080992
C1QBP,0.00521516423574873
C1QC,-0.000127191923246165
C1QL1,0.00329052725550197
C1QL2,-0.00682714313059166
C1QL3,0.0128327314714694
C1QL4,0
C1QTNF1,-0.0165007580422617
C1QTNF2,0.0057411016628382
C1QTNF3,0
C1QTNF4,0
C1QTNF5,0.00501545607969574
C1QTNF6,0
C1QTNF7,-0.0064305830778708
C1QTNF9,0
C1R,-0.0284763274757915
C1RL,-0.0180642912371105
C1S,-0.0380771247263022
C1orf100,0.00823157105820629
C1orf109,0.00415204023118318
C1orf112,0.00535861269289394
C1orf115,0.0104732798404561
C1orf122,0.000936267485041007
C1orf127,0.00923779535624184
C1orf159,-0.00080570938007788
C1orf162,0.0127413511349474
C1orf174,-0.000623061412369649
C1orf198,0.00407346353815592
C1orf21,-0.0107592210297509
C1orf210,-0.00358146709340581
C1orf216,0.00332657085196327
C1orf220,0
C1orf226,0.00423068709359936
C1orf35,0.00551712412076923
C1orf43,0
C1orf50,0
C1orf52,-0.00104875455918787
C1orf53,0
C1orf74,0.00409861409642513
C2,-0.00865228408948309
C20orf202,-0.00855434830588701
C20orf27,0.0159540675304272
C20orf96,0.00564063125371284
C21orf140,0.00354954202921387
C21orf58,0.0124075668440178
C21orf91,-0.0194401274938498
C22orf23,0.00167579011748524
C22orf39,0.00307937020385837
C22orf42,-0.0249729767897898
C22orf46,-0.00638312473360456
C2CD2,0.00379129187708501
C2CD2L,0.00403897821286085
C2CD3,0.00317704086461771
C2CD4A,-0.00122246528673932
C2CD4B,-0.00313911519125965
C2CD4D,-0.00514661745055778
C2CD5,0.000265709854863639
C2orf15,0.00468198977785634
C2orf16,0
C2orf27A,-0.0178129658358425
C2orf42,-0.00475108525200646
C2orf49,0
C2orf68,-0.00108184914891189
C2orf69,0.00417069517841241
C2orf72,0.00819019545744932
C2orf74,0.00357423176102777
C2orf76,0.00464853763968418
C2orf81,0
C2orf88,0.00729808795162355
C3,0
C3AR1,-0.00987484331606795
C3orf14,-0.00708667896840914
C3orf18,0.0049856214021313
C3orf20,-0.00466295834506858
C3orf33,0.00615663137389456
C3orf38,-0.00541191746683794
C3orf52,-0.0131112741318446
C3orf62,0
C3orf70,0.0070576466756563
C3orf80,-7.86767243007837E-05
C4A,-0.0271093237102415
C4B,-0.0167974256723133
C4B_2,-0.030582504415146
C4orf3,0.00110321076845026
C4orf33,-0.00375892692357718
C4orf36,-0.0118295443857342
C4orf45,0.00168836849133397
C4orf46,0
C5,-0.0063467834335539
C5AR1,-0.00353777013948375
C5AR2,-0.0025709642286487
C5orf15,-0.00957955030343595
C5orf22,-0.00424224939490727
C5orf24,0.00308929902504621
C5orf34,0.00347975364145328
C5orf47,-0.007784037933417
C5orf58,-0.00379055139167555
C5orf63,-0.00535367372926511
C6orf120,0.00149683040383072
C6orf132,0.00207611635470837
C6orf136,0.00200966307346108
C6orf163,0.00619036445737165
C6orf201,0
C6orf223,-0.00610037210929651
C6orf226,-0.00722977647779382
C6orf47,-0.00682379265613486
C6orf52,-0.00498981186919227
C6orf62,-0.00226026071023488
C6orf89,0.00125218972604882
C7,-0.00355848029485536
C7orf31,-0.00415969063104337
C7orf50,0
C7orf57,0.0167788885207216
C7orf61,-0.00806910990313318
C8B,0
C8G,-0.00559913428235214
C8orf33,0.00795565458141273
C8orf44,-0.00254490522224296
C8orf48,0
C8orf58,0.00307799361465581
C8orf76,-0.00316633527169976
C8orf82,0
C8orf88,-0.0034174921299734
C9,0.0108974402902176
C9orf131,-0.003329245842401
C9orf152,-0.0120779487245729
C9orf153,-0.00433672482462063
C9orf163,0.00730291722065901
C9orf24,0.00549214939640205
C9orf40,0.00536109820794517
C9orf43,0.00348535021931153
C9orf64,-0.00323166127307478
C9orf72,-0.00607726203415972
C9orf78,0.00130144630417926
C9orf85,-0.00351900478623347
CA1,-0.00263928110146368
CA11,-0.0111890579470782
CA12,-0.0265895396746159
CA13,-0.00822395541251998
CA2,0.0190900405862863
CA3,-0.00797392837859441
CA5A,0.017896668865217
CA5B,0.000926637130008385
CA5BP1,0.00105014507884463
CA7,0
CA8,0
CA9,0
CAAP1,0.00114202627873118
CAB39,0.00325971580625835
CAB39L,0.000786871188665184
CABIN1,-0.00268863903872301
CABLES1,0.0268689262355822
CABLES2,0.000813303357998696
CABP4,0.00370548222729232
CABP5,-0.00404216220565413
CABP7,0.004336350805961
CABYR,0.00132250012355838
CACFD1,-0.00970103026422896
CACHD1,-0.00441519489769069
CACNA1A,-0.00485761241753222
CACNA1B,-0.00602149352463449
CACNA1D,0.0151569678976664
CACNA1F,-0.0085469161517239
CACNA1G,0.0114976263360811
CACNA1I,-0.0171006518760682
CACNA2D1,-0.0136366633482454
CACNA2D3,0.0098806776039797
CACNA2D4,0.00569110722253294
CACNB1,-0.00209406043781428
CACNB2,-0.00333589424371033
CACNB4,0.0212087521032206
CACNG4,-0.00518011629269863
CACNG7,-0.00211882895783369
CACNG8,-0.00504767201722815
CACTIN,0.0016449679432488
CACUL1,0
CACYBP,0.00746762313809551
CAD,0.00750095851070537
CADM1,0
CADM3,0
CADM4,-0.00698356784208186
CADPS2,-0.00446591133391122
CAGE1,-0.00856572769729725
CAHM,0.00237325698167862
CALB1,-0.00804655557725618
CALB2,0
CALCOCO1,-0.00171355021272374
CALCOCO2,-0.010874726756082
CALCR,0.013783938974742
CALCRL,0.00452826202043349
CALD1,0.012876518026506
CALHM1,0.0184850637882168
CALHM2,0.00343545540187593
CALHM3,-0.000632396152642394
CALM1,0
CALM2,0.0102338836211376
CALM3,0.00274962589031328
CALML4,0.00564947838983235
CALML6,0.00668089096297361
CALN1,0
CALR,0.0114245015913896
CALR3,0
CALU,0.0119902057719989
CAMK1,0.0174253778968247
CAMK1D,0.0116268830493046
CAMK1G,-0.0153180496195192
CAMK2A,-0.00784257377584073
CAMK2B,0.00807783014385721
CAMK2D,-0.00160360773858933
CAMK2G,0.00290710768755675
CAMK2N1,0
CAMK2N2,0.00980807621042694
CAMKK1,0.0119825822638786
CAMKK2,-0.00578555989686711
CAMKMT,0.00657640707744401
CAMLG,-0.003361526283236
CAMP,-0.00414767161661152
CAMSAP1,0.00571429331509895
CAMSAP2,0
CAMSAP3,0
CAMTA1,0
CAMTA2,-0.000981538530035093
CAND1,-0.00132112443905286
CAND2,0
CANT1,0.0012402857369385
CANX,0.00344102370202734
CAP1,0.00426683731544324
CAP2,0
CAPG,0.00135522964017683
CAPN1,-0.00182673436742637
CAPN10,0.00199807925414156
CAPN11,0.0257560008688687
CAPN14,0.0129418250874956
CAPN15,0.00294333852320591
CAPN2,0.00532323353197213
CAPN3,-0.000898803469956743
CAPN5,0.00545760411827835
CAPN7,0
CAPN8,0.00522019484788181
CAPNS1,0.00282969489829341
CAPNS2,0
CAPRIN1,0.00206523982359393
CAPRIN2,0.00204317161398026
CAPS,0
CAPS2,-0.00220253628708466
CAPZA1,0
CAPZA2,0.00144656292330656
CAPZB,0.00435652501857697
CARD10,0.00328878166818473
CARD11,0
CARD14,0.0107562162316878
CARD16,-0.0133444482493557
CARD6,-0.00203810457760765
CARD8,0.00103737348069294
CARD9,0.0136892199465054
CARF,0
CARHSP1,0.00319303050263136
CARM1,0.00113826190541334
CARNS1,0.00789713645619198
CARS2,0.00581784273869373
CASC11,0.0053381616170933
CASC15,-0.00676438220948845
CASC2,0.00655392075930077
CASC20,-0.00536683373262065
CASC3,-0.00204373103462812
CASC6,0
CASC9,-0.00529881431723247
CASD1,0.00465561476670349
CASK,-0.00399888016043513
CASKIN1,0.00621627788935736
CASKIN2,0.00287433894463595
CASP1,-0.0100890363698207
CASP10,-0.00973942915294317
CASP12,0
CASP14,-0.00339648505617464
CASP2,0.00358947651789318
CASP3,-0.00368109453139296
CASP4,-0.0105256961810605
CASP5,-0.015260578469858
CASP6,0.000635707316112967
CASP7,-0.00383656312382215
CASP8,-0.00693987607482315
CASP8AP2,0
CASP9,-0.0025502807957472
CASQ1,-0.0102043511162775
CASR,0
CASS4,0.0106660823611095
CAST,-0.00184004102739069
CASZ1,-0.00717224787451098
CAT,0.00872490342368013
CATIP,-0.00293807167865947
CATSPER1,-0.00102680777640255
CATSPER2,-0.00235262208916388
CATSPER2P1,-0.0029414847435053
CATSPERB,-0.00512504916801652
CATSPERG,-0.000809021304802579
CAV1,-0.00578878778601968
CAV2,-0.0105543985668185
CBFA2T2,-0.00175383490863429
CBFA2T3,0.0147748318318887
CBFB,0.00415611720735132
CBL,0.0036566435189084
CBLL1,-0.000475369479751417
CBLN1,0.00212347910176364
CBLN3,-0.0208309711623275
CBR1,0
CBR3,0
CBR4,0.00181772404304448
CBS,-0.00316300056000091
CBWD1,-0.00248521404618905
CBWD2,-0.00730117909718402
CBWD3,-0.00316555986165937
CBWD5,-0.00526982652186233
CBWD6,-0.00343285147955485
CBX1,0.00479738421130556
CBX2,0.0199577181631281
CBX3,-0.00303260928745047
CBX3P2,-0.0036054825971644
CBX4,-0.00810751508244957
CBX5,0.00477467030797341
CBX6,-0.00293718615363949
CBX7,0.00536148005817557
CBX8,0.00777842671990149
CBY1,-0.000495949547068285
CC2D1A,-0.00309486628809624
CC2D1B,-0.00237090031870897
CC2D2A,0.00393826747813761
CC2D2B,0
CCAR1,0.00126147602244571
CCAR2,0.00157875122518933
CCBE1,-0.00279067081825622
CCDC102A,-0.0104224527742384
CCDC102B,0.0160193324206238
CCDC103,0.00321404308644082
CCDC106,0.0086982686609458
CCDC107,0
CCDC112,-0.00135763752444164
CCDC113,0.00535097089596034
CCDC115,-0.00800195022076113
CCDC116,-0.00996964213936609
CCDC117,-0.00279584420991818
CCDC12,0.0022454154650881
CCDC120,-0.00623808911041309
CCDC121,0.00280790328722756
CCDC122,-0.00353104864647863
CCDC124,0.00454241473624188
CCDC125,0.00205228442107573
CCDC126,-0.00217775508589201
CCDC127,0
CCDC13,0.00424270335835538
CCDC134,-0.00387127795713533
CCDC136,-0.00564771876155257
CCDC137,0.00112434899825969
CCDC138,0.0104882873998861
CCDC14,-8.62705808164647E-05
CCDC142,0.00154197460503061
CCDC144B,0
CCDC144CP,-0.00421014811318498
CCDC146,-0.00113008283540979
CCDC148,0
CCDC149,-0.00325164273245918
CCDC15,0.00740212864847273
CCDC150,0.00131567911733591
CCDC152,0.0183044908559184
CCDC153,-0.00161209662150172
CCDC154,-0.00627006542230945
CCDC157,-0.00800361292374443
CCDC158,-0.00342893731366687
CCDC159,-0.00129714283794222
CCDC162P,0.00864312078400291
CCDC167,0.00571120371233945
CCDC168,0.0031348421926611
CCDC169,0.00352762354948211
CCDC17,-0.00742751222675216
CCDC170,0
CCDC171,0.00389151857262052
CCDC174,-0.00286239186856278
CCDC175,0.0023931062991752
CCDC177,-0.00461894677229196
CCDC18,0.00570351776534673
CCDC180,0
CCDC181,-0.0136676721754289
CCDC183,0
CCDC184,-0.00776960877640455
CCDC22,0.00164427929414159
CCDC24,-0.00749153881950304
CCDC25,-0.000915399312127996
CCDC28A,-0.00149092575295946
CCDC28B,-0.00602212002543874
CCDC3,-0.00511082097201039
CCDC30,-0.00148462674164712
CCDC34,0.0134736075695801
CCDC39,-0.00270165233036907
CCDC40,0.00560167544673869
CCDC42,-0.011122712974512
CCDC43,0.00381662797460611
CCDC47,0.00426542774099201
CCDC50,-0.0123929493173551
CCDC51,0.00306239635490596
CCDC57,0.00117201626311973
CCDC59,-0.00462963965371225
CCDC6,0.00479190148037206
CCDC61,0.00179313050606249
CCDC62,-0.00370003282073611
CCDC63,0.000745664172251279
CCDC66,0.00178289628880142
CCDC68,-0.00864357885565048
CCDC69,-0.00499626269498542
CCDC7,-0.00142142693455044
CCDC71,-0.000816682448822785
CCDC71L,-0.00368206997063771
CCDC73,-0.0195666170661332
CCDC74A,0.00472900751780413
CCDC74B,-0.00166519669590219
CCDC77,-0.0047041515702515
CCDC78,0.0107275422284423
CCDC80,-0.000299792336222016
CCDC81,-0.00320893724674365
CCDC82,-0.00427915957416059
CCDC83,-0.00277133764147301
CCDC85A,0.0307687392117726
CCDC85B,0.00354373628544789
CCDC85C,0.00305740513811945
CCDC86,0.0129412728777171
CCDC88A,0.00400930639108136
CCDC88B,-0.00750456591827981
CCDC88C,-0.0139232440010765
CCDC9,-0.00957007324791845
CCDC90B,-0.00226052350316458
CCDC91,-0.00119239880372342
CCDC92,-0.00273103155745218
CCDC93,-0.00205099764491231
CCDC96,0.00482680652647113
CCDC97,-0.00527009268762063
CCIN,-0.00559894535627383
CCL1,-0.0367454563889177
CCL13,0.0426234156339033
CCL14,-0.0080213711633043
CCL15,-0.0257460637044023
CCL16,-0.0101609789006067
CCL17,0.0284383025692996
CCL18,0.0314285029745909
CCL19,-0.0167100577423029
CCL2,0.000175980169765563
CCL20,-0.0301077039804722
CCL22,0.0210548031038918
CCL23,0.0130687635882834
CCL24,0.0187493774199599
CCL25,-0.00746636292667065
CCL26,0.0596699009642103
CCL28,0.0107068554666775
CCL3,0.00198581350791746
CCL3L1,0
CCL3L3,0
CCL4,0.00392347898013645
CCL4L2,-0.00816816541561504
CCL5,-0.0127667659996419
CCL7,0
CCL8,-0.013150749961608
CCM2,-0.00762892589163055
CCM2L,-0.0207325855263246
CCNA1,-0.015346308859994
CCNA2,0.00915390231084208
CCNB1,0.0120994448929116
CCNB1IP1,0.00209684208353504
CCNB2,0.0102619269300182
CCNB3,0.00456883400683397
CCNC,0.000966574966373217
CCND1,0.0127986013486018
CCND2,0
CCND3,0.00526144230243865
CCNDBP1,-0.00545359511893288
CCNE1,0.0109028516306674
CCNE2,0.0191505517313429
CCNF,0.00931596263473368
CCNG1,-0.00127625984593443
CCNG2,-0.00328965303524119
CCNH,0.00908871836203744
CCNI,0.00121062404561342
CCNJ,-0.00330192150084399
CCNJL,0.00164478707488808
CCNK,-0.000928048560458913
CCNL1,-0.00353892647757618
CCNO,-0.0040958476212063
CCNT1,0
CCNT2,-0.00418306457308003
CCNY,0.00777933315299609
CCNYL1,-0.00462476235490109
CCP110,0
CCPG1,-0.00844439508479575
CCR1,0
CCR10,-0.0158469416749231
CCR2,0.0159278439947838
CCR3,0
CCR4,-0.00661002618094788
CCR5,-0.00316060113572196
CCR6,0
CCR7,-0.0302450851151893
CCRL2,-0.00648069138936203
CCS,0
CCSAP,0.0066729609031542
CCSER1,0.0143410757267439
CCSER2,-0.00993399480315057
CCT2,0.00704844455962499
CCT3,0.00551243773013677
CCT4,0.00582006329391468
CCT5,0.00560325619187584
CCT6A,0.00621073076909615
CCT6B,0.00142144066601974
CCT6P1,-0.0112829551770936
CCT6P3,0
CCT7,0.00456207779709336
CCT8,0.00390410872392075
CCZ1,-0.00529269868332744
CCZ1B,-0.00422439753096125
CD101,0.0168660151757872
CD109,0.00869034092985245
CD14,-0.00545813529040167
CD151,0.00608702279231704
CD160,0
CD163,0.012850710814675
CD163L1,0.0290323469903228
CD164,-0.00148328950369924
CD180,0.0427403033718344
CD1A,0.0339027875022035
CD1B,0.037498037240726
CD1C,0.0433961370340252
CD1D,-0.0108587110148875
CD1E,0.0297409019517887
CD2,-0.00458394854943752
CD200,-0.00326236355270808
CD200R1,0.042381668069858
CD200R1L,0.00475826740919699
CD207,-0.00636117708749784
CD209,0.0444043584147454
CD22,0.0199038832257149
CD226,0
CD24,0
CD244,0.000127273296064707
CD247,-0.00494182021527357
CD248,0.00275122121380234
CD27,0.00568381094142926
CD274,-0.0139591005422488
CD276,0.00985710959067853
CD28,0.0235477036241046
CD2AP,-0.00710440540250325
CD2BP2,-0.00116539760751256
CD300A,0.00885149303520022
CD300C,0.0108441813129362
CD300E,-0.00371598378986618
CD300LB,0.0277078227600716
CD300LD,0
CD300LF,-0.00772905643869874
CD302,0.0167456262029951
CD320,0.00960353805049456
CD33,-0.00100950544839537
CD34,0
CD36,0.0194602762565597
CD37,-0.00322987304339386
CD38,-0.0414832666862098
CD4,0.00921844091588769
CD40,-0.0124573892569275
CD44,-0.00618087940345033
CD46,-0.00635999488438561
CD47,-0.00381349514879039
CD48,-0.0119946259915173
CD52,0.0124516333595188
CD53,0
CD55,-0.00616777731494762
CD58,-0.00504013132832397
CD5L,-0.00701323064314595
CD63,0
CD68,0.0011558133673152
CD69,-0.0166289058958463
CD7,-0.0122963291879934
CD70,-0.038573415831074
CD72,-0.0125567506143258
CD74,0.0013660686982491
CD79A,0.00762442415104704
CD79B,0
CD80,-0.0193727215422311
CD81,0
CD82,-0.0107488683806522
CD83,-0.00871346675937577
CD84,0.00892401538023438
CD86,-0.00441095912090391
CD8A,-0.00475390338661735
CD9,0.0116624966179187
CD93,0.0412059777220162
CD96,0
CD99,0.00538238561468241
CD99L2,-0.00194309079259061
CD99P1,0.00494878383687814
CDA,0.00725884046352273
CDADC1,-0.00373137607438844
CDAN1,0.00232354879024385
CDC123,0.00359484106355246
CDC14A,-0.00647044684967365
CDC14B,-0.0129387363301639
CDC16,0.000968033880595922
CDC20,0.030203755995371
CDC23,0.0044697388975328
CDC25A,0.0139099615817883
CDC25B,-0.0028738674434639
CDC25C,0.00914236346385812
CDC26,-0.00767602472239334
CDC27,0
CDC34,0
CDC37,0.0047662349688974
CDC37L1,0
CDC40,0.00198105248929296
CDC42,-0.00103038465926452
CDC42BPA,0.00140472978509282
CDC42BPB,0.00391854511878718
CDC42BPG,-0.0111451330749605
CDC42EP1,-0.0172951451338045
CDC42EP2,-0.0221087769246538
CDC42EP3,0.010262465308985
CDC42EP4,-0.00677548938806791
CDC42EP5,-0.00436543628209712
CDC42SE1,-0.00569072328418341
CDC42SE2,-0.00723570412997739
CDC45,0.0127719034259614
CDC5L,-0.000887435824159217
CDC6,0.0143359238316417
CDC7,0.00220140261234716
CDC73,-0.00184794720689243
CDCA2,0.0109942739040294
CDCA3,0.00865091122314521
CDCA4,0.00533214310061139
CDCA5,0.0100991623202833
CDCA7,0.0222355402599247
CDCA7L,0.0102089234041979
CDCA8,0.0101850995962289
CDCP1,-0.00231478012199913
CDH1,0.0170365117356956
CDH11,0.00584632630742725
CDH12,0
CDH13,-0.00341772143855997
CDH2,0.0135986827800009
CDH22,-0.00652628427940282
CDH23,0.00738157663486779
CDH24,0.0100780715250257
CDH26,-0.00303605136656849
CDH4,-0.00330284949270476
CDH6,-0.00267491776070528
CDHR2,0.00351986516441303
CDHR3,-0.00863273029331789
CDHR5,-0.00722278925472729
CDIP1,0.00386432942920359
CDIPT,0.000850781582379293
CDK1,0.0154400846023798
CDK10,0.00668505577883114
CDK11A,-0.0032191566625518
CDK11B,-0.00148142323452511
CDK12,-0.00122702843709911
CDK13,-0.00122522971775901
CDK14,-0.0127779694816127
CDK16,-0.00275198597506695
CDK17,-0.00698088653928142
CDK18,-0.00435005706192671
CDK19,0.00390355714871139
CDK2,-0.00357129656122823
CDK20,0.00431778488882904
CDK2AP1,0.00234815577336666
CDK2AP2,0.00806453624371793
CDK3,-0.00403839221416452
CDK4,0.00448991930106884
CDK5,0.00817447062405008
CDK5R1,0
CDK5R2,-0.00266284929605987
CDK5RAP1,0.00152895667914883
CDK5RAP2,-0.00382325733780857
CDK5RAP3,0.0014630893918473
CDK6,0.0087338156716492
CDK7,-0.00440108286691941
CDK8,-0.000947688261437866
CDK9,-0.00184240625450597
CDKAL1,-0.00185619077084806
CDKL1,-0.00395067803258821
CDKL2,0.00568369752916272
CDKL3,-0.00217671428830029
CDKL5,-0.000598303378439638
CDKN1A,0.000139524018052827
CDKN1B,-0.00594532973747309
CDKN1C,-0.0219897087862537
CDKN2A,0
CDKN2AIP,-0.00116743864363605
CDKN2AIPNL,0.00499163472052682
CDKN2B,-0.0099937723216566
CDKN2C,0.0128851662222211
CDKN2D,-0.0156512301041345
CDKN3,0.00797762487035527
CDNF,0.00337686632384204
CDO1,-0.00283357803004662
CDON,0.00390524743630038
CDPF1,-0.00113175508714646
CDR2,0.00907507876262619
CDR2L,0.0197429151372659
CDRT15,0.00504877351847501
CDRT4,-0.0114382763068084
CDS1,0.0039230363880539
CDS2,-0.0032248258950333
CDT1,0.00792923893635079
CDV3,-0.00159734306946462
CDX1,0.014145044478788
CDX2,-0.00294911979074424
CDYL,-0.00359323553580547
CDYL2,-0.00642833236062385
CEACAM1,-0.0269579541204635
CEACAM19,-0.0106692086676383
CEACAM21,-0.0139786788868679
CEACAM22P,-0.00662084395093816
CEACAM3,-0.00643949710269433
CEACAM4,-0.00540229952743864
CEACAM6,-0.00606696990493365
CEACAM7,-0.00234465304459175
CEBPA,0.00687288144993385
CEBPB,-0.00703711520770025
CEBPD,-0.00199827862124029
CEBPE,-0.00120674460458067
CEBPG,-0.00584809075507139
CEBPZ,0.00277372737442459
CEBPZOS,0.00621809719908367
CECR2,0.00479479304748179
CECR3,0.00115029216585347
CECR7,0
CEL,-0.00383570804334606
CELA1,-0.0102846306693284
CELA2A,-0.00348347768538302
CELA2B,-0.00481305692443944
CELF1,-0.00584270842139235
CELF2,-0.00177835525553214
CELF3,-0.00458583665120571
CELF5,-0.00399908946314404
CELF6,0.00579647095468554
CELSR1,0.0141197401650081
CELSR2,0.0217590511450164
CEMIP,-0.00194995080817088
CEND1,0.0007154964672223
CENPA,0.0103075271023179
CENPB,0.00473841969803674
CENPC,0
CENPE,0.00633063202137472
CENPF,0.0157835832877089
CENPH,0.00625860323011325
CENPI,0.0115841070858718
CENPJ,-0.0108881568727379
CENPK,0.00869628259055155
CENPL,0.00370201464810738
CENPM,0.0126720579400022
CENPN,0.00750656079061211
CENPO,0.00566753027820575
CENPP,0.00710798997220031
CENPQ,0.00251447923825201
CENPT,0.000786826295964937
CENPU,0.00691598652003519
CENPV,0.0062622937132893
CENPW,0.00896969196077184
CEP104,0
CEP112,0.00102855878487975
CEP120,-0.00407006478793591
CEP128,0.00389164851013467
CEP131,0.0054132186612225
CEP135,-0.00572256919123824
CEP152,0.00226663507241478
CEP162,-0.0048221482201487
CEP164,0.00204464961298748
CEP170,0.00160173652251785
CEP170P1,0.00377570088849614
CEP19,-0.00577069955534904
CEP192,-0.00339496964519178
CEP250,0.00406287549744721
CEP290,0.00235226209326239
CEP350,-0.00171489092910364
CEP41,0.00617126099044451
CEP44,0.000271809384426226
CEP55,0.0126472267575525
CEP57,0
CEP57L1,-0.00279018271694654
CEP63,0.000131473595730432
CEP68,0.000848348174497493
CEP70,0.00730010695537947
CEP72,-0.000407155126457862
CEP76,0.00159235005803813
CEP78,0.00497219491090817
CEP83,0.00638639750639826
CEP85,0.00473017990862631
CEP85L,0.00808091818598154
CEP89,0.000725224591852653
CEP95,-0.000903842575080282
CEP97,0.00165472518646004
CEPT1,0.00475495079419343
CERCAM,0.00627126268423049
CERK,0.0126373737597826
CERKL,0
CERS1,0.00894523743837265
CERS2,0.00483949226418992
CERS3,-0.00434919633697783
CERS4,-0.00341128644533254
CERS5,-0.00223774834468952
CERS6,-0.00490105324867293
CES1,-0.0287501277411619
CES1P1,-0.0180205431170589
CES2,0.000677366441089657
CES3,0.0124573444607722
CES4A,-0.00616114367936679
CETN2,0.00496693691952275
CETN3,0.00263187131775552
CETN4P,-0.00445701276565343
CETP,-0.0163159580097203
CFB,-0.0259762314782422
CFD,0.00531698473808181
CFDP1,0.00395508970027677
CFH,-0.0239103727590531
CFHR3,-0.00527537213288219
CFL1,0.00301117928971104
CFL1P1,-0.00396794386206836
CFL2,0.00256125743580744
CFLAR,-0.00962531241746184
CFP,0
CGA,-0.00287422602413604
CGGBP1,-0.000360547553992574
CGN,-0.0133025285495521
CGNL1,-0.019994510560127
CGREF1,0.0093654749397229
CGRRF1,-0.00158600288738363
CH25H,0.0172637855748682
CHAC1,-0.0278781104000812
CHAC2,0.005875147930678
CHAD,0.00669197553477655
CHADL,0.00927826343171454
CHAF1A,0.0020990569782077
CHAF1B,0.00358232011438777
CHAMP1,0.00121386025831023
CHCHD1,0.00324435967314425
CHCHD10,0.0117504335606554
CHCHD2,0.00309992220273713
CHCHD3,0.00152582689991907
CHCHD4,0.0052453816390409
CHCHD5,0.00307278801285053
CHCHD6,0.00654523313384571
CHCHD7,0.0134889267288862
CHD1,-0.00319683645326346
CHD1L,0.00689752486973153
CHD2,-0.00599034602214312
CHD3,-0.00209236701753108
CHD4,0.000957328086642041
CHD6,-0.000832656875668158
CHD7,0.00417417697808654
CHD8,-0.00237195932747452
CHD9,0.00244243537091308
CHDH,0.0302901029516032
CHEK1,0.000168838537659937
CHEK2,0.00251392209041995
CHERP,0.00186416584856843
CHFR,0.000489598183046177
CHGA,-0.00215859398092548
CHGB,0
CHI3L2,-0.00864594550725062
CHIAP2,-0.00464772175573735
CHIC1,-0.00553868427022736
CHIC2,-0.00419372826805202
CHID1,0.00954661665831426
CHKA,0.00306927404696925
CHKB,-0.00302502896566546
CHM,0.00189519110363099
CHML,0.0058124439676175
CHMP1A,-0.00224055576895233
CHMP1B,-0.00228054354174008
CHMP1B2P,-0.00524954177774281
CHMP2A,0.00402225897464435
CHMP2B,-0.001123626834855
CHMP3,0.00209013025325984
CHMP4A,-0.00273349054631328
CHMP4B,-0.00350548233624967
CHMP4C,-0.0027398171589762
CHMP5,-0.00636651753022324
CHMP7,0.00108922613729272
CHN1,-0.00387565094109805
CHN2,0.0160343500257614
CHODL,-0.0050697280331733
CHORDC1,0.00126265843875056
CHP1,0.00481114448313487
CHP2,-0.00318493000794034
CHPF,-0.00494038811877879
CHPF2,0.00167900612083586
CHPT1,0.00615105238351461
CHRAC1,0.000224512006059527
CHRD,0.000619463387307026
CHRDL1,-0.00437641161128913
CHRDL2,-0.00771720008828791
CHRFAM7A,-0.0113329848936046
CHRM2,0.00256746732342914
CHRM3,-0.00689396302911481
CHRM4,-0.00940810924057003
CHRM5,-0.00539686479302767
CHRNA1,-0.0174329674994297
CHRNA10,-0.00535060837364051
CHRNA2,-0.00483737579776172
CHRNA3,0.0186610997601345
CHRNA6,-0.00678672124559434
CHRNA7,-0.00439218643057674
CHRNB1,-0.0087832635183157
CHRNB2,-0.0145192642260447
CHRNB4,-0.00952248587625226
CHRND,0
CHRNE,-0.0058828651157862
CHRNG,0.00341612637875607
CHST1,0
CHST10,0.00732651199265196
CHST11,0.000687613722080623
CHST12,-0.0041097505649186
CHST13,0.0221843477809661
CHST14,0.00166716297740129
CHST15,0.0115715173523765
CHST2,-0.0091047830019251
CHST3,-0.00548265693085884
CHST6,0.00374500259234485
CHST7,0.00135931462597847
CHSY1,0.00212888414733033
CHSY3,0.0051594005171072
CHTF18,0.00491341075250574
CHTF8,-0.00250759533991775
CHTOP,0
CHUK,0.00126881277248083
CIAO1,0.00679750731879686
CIAPIN1,0.0024701371725305
CIB1,0.00304545352530178
CIB2,-0.0232485950013414
CIC,-0.00175780798364839
CIDEB,0.00980424382871045
CIDEC,-0.00580874237027123
CIITA,-0.00152022851718844
CILP,0.00332105535921656
CILP2,-0.00738938504860471
CINP,0.00213301652206667
CIPC,0.00893163300697195
CIR1,-0.00219965206129821
CIRBP,-0.00149782227970435
CISD1,0.00637266096560107
CISD2,-0.00377390582737429
CISD3,0.00827850111627272
CISH,0.00880125470613806
CIT,0.00943523105801384
CITED2,0.0072786331565006
CITED4,-0.00843367757067201
CIZ1,0.00157476500720164
CKAP2,0.00674328995186322
CKAP2L,0.0137514741275524
CKAP4,-0.00956330159804511
CKAP5,0.00124745919950782
CKB,-0.00364706674600483
CKLF,0.00979203834591914
CKMT1A,-0.00706921563114669
CKMT1B,-0.00991273442297821
CKS1B,0.00271658117398646
CKS2,0.0035589911785401
CLASP1,-0.00395598162056828
CLASP2,0.00204415582967972
CLASRP,-0.00384531298236135
CLC,0
CLCA2,-0.00321890942907281
CLCA3P,-0.0133073349580087
CLCA4,0
CLCC1,0.000795313521209647
CLCF1,-0.0182413508732488
CLCN1,0
CLCN3,0.00586635057821078
CLCN4,0.000186720518978098
CLCN5,0.00669270916539374
CLCN6,0
CLCN7,-0.00401651433918724
CLCNKA,0.00338098198034763
CLCNKB,0
CLDN1,0.0106016131187212
CLDN10,0
CLDN11,0.00146933568632438
CLDN12,-0.00921205260742486
CLDN15,-0.0016692390023587
CLDN16,0.00322916524667652
CLDN18,0
CLDN19,-0.00830328780249919
CLDN23,-0.0103160565067816
CLDN5,-0.0100284877967361
CLDN6,-0.00462298346169307
CLDN7,-0.0154090329795853
CLDN9,0.0104280046345983
CLDND1,-0.00643432680874377
CLDND2,-0.00345244367684752
CLEC10A,0.033532559948073
CLEC11A,0.0112365114860625
CLEC12A,0.00369255681962644
CLEC12B,0.00781459103916018
CLEC16A,0.000674185776508524
CLEC17A,0.0059805637841701
CLEC18A,-0.00610238415041316
CLEC18B,-0.00725948024591546
CLEC18C,-0.00468308661516197
CLEC19A,0.0372725381428328
CLEC1A,0.0109639968672634
CLEC1B,0.00430992464194421
CLEC2B,-0.00849064289874716
CLEC2D,-0.0126173824410894
CLEC2L,0.00297851633788853
CLEC3B,0.0123047917308262
CLEC4A,0.0309997982008514
CLEC4C,-0.00492177814438988
CLEC4D,-0.0268685128010675
CLEC4E,-0.0308576256034043
CLEC4F,0.00315004303833377
CLEC4G,0.0371188117236969
CLEC4GP1,0.00506459682614264
CLEC4M,0.0282456139855408
CLEC5A,0.00858275118297347
CLEC6A,-0.0251364492777663
CLEC7A,0.00925814680038329
CLEC9A,0.00478340109019383
CLGN,0.00297677110542939
CLHC1,0.00397715538908929
CLIC1,-0.00185839667734675
CLIC2,-0.00149942022082056
CLIC3,-0.0101294281726182
CLIC4,-0.0115116755217582
CLIC5,-0.00891283867776898
CLIC6,0.00863768497231798
CLINT1,-0.00549516879666707
CLIP1,-0.00368798334911965
CLIP2,0.00182769351900299
CLIP3,0
CLIP4,0.00800254749927103
CLK1,-0.00513414200983611
CLK3,-0.00350868524966697
CLK4,-0.00381422777358364
CLLU1,-0.00980024673582663
CLMN,-0.00355749530125638
CLMP,0
CLN3,0.00044215168149524
CLN5,-0.00131577526493281
CLN6,0.00817486293908534
CLN8,0.00671358118226598
CLNS1A,-0.0026655963495323
CLOCK,0.00375796017551305
CLP1,0.00148573529052405
CLPB,0.00250993635593922
CLPS,-0.00270375254044546
CLPTM1L,0.00356857018277914
CLPX,0.00138464834024687
CLRN1,-0.00246094014403872
CLSPN,-0.0037089436678737
CLSTN1,0.000710587922819985
CLSTN3,-0.010897832012483
CLTA,0.00368420831384528
CLTB,0.00708070883966337
CLTC,0.00801889957503073
CLTCL1,0.00420706883723858
CLU,-0.0210933545626789
CLUAP1,0
CLUH,0.00729789224795685
CLUHP3,-0.0191626480749348
CLVS1,0.00656776505137693
CLYBL,0.00828227379261837
CMA1,0
CMAHP,-0.00869844946155806
CMAS,0.00383592541849785
CMBL,0.0109105529146154
CMC1,0
CMC2,-0.00140484138671677
CMC4,0.00554854787435394
CMIP,0.00209798428679311
CMKLR1,-0.0123303189302996
CMPK1,0.00373856705592267
CMPK2,-0.0234085273844273
CMSS1,0.00410721916946221
CMTM1,0.0126208775336736
CMTM2,-0.00132230433991681
CMTM3,0.00629470829246934
CMTM4,0.0108814786267687
CMTM6,-0.000904867209147927
CMTM7,0.00725415426336316
CMTM8,0.0111644409824611
CMTR1,-0.00973939621976311
CMTR2,0
CMYA5,-0.013100493732673
CNBD2,0.00419715714923124
CNBP,-0.00489061689131854
CNDP1,-0.00461230855405393
CNDP2,-0.00177978258059202
CNEP1R1,0.0017986808558455
CNFN,0.00659516221714406
CNGA1,0.0165866931234321
CNGA4,-0.00310673491031564
CNGB1,-0.00592191761204112
CNIH1,0.00306264119682757
CNIH2,-0.00316966903472414
CNIH3,0.0174460565367643
CNIH4,-0.00323977932888875
CNKSR3,0.00360095540736167
CNN1,0.0011659052100647
CNN2,0.00713806873189161
CNN3,-0.0149310343542969
CNNM1,0.00532030128222492
CNNM2,0.0014928961366645
CNNM3,-0.00109174028701561
CNNM4,-0.00833542745890691
CNOT1,0.0020054464173236
CNOT10,-0.00325572209193312
CNOT2,-0.00120483383455525
CNOT3,0.00156922808350619
CNOT4,-0.00326186957109362
CNOT6,0.00372400113526483
CNOT6L,-0.00335609474884777
CNOT7,0.00306423727832906
CNOT8,-0.0019191445102762
CNP,-0.0101647028087159
CNPPD1,-0.000916777239357363
CNPY2,0.00258068614062654
CNPY3,0.00260062761853908
CNPY4,0.00435947701404161
CNRIP1,0.014452895395143
CNST,-0.00452306815415663
CNTD1,-0.00534996100313981
CNTF,0.00448728228710579
CNTLN,-0.0105516580647564
CNTN2,-0.0103130978997241
CNTN4,-0.00288093360233705
CNTNAP1,-0.00573124933209951
CNTNAP2,-0.00715986323199544
CNTRL,-0.00286761703354694
CNTROB,0.00612371606287901
COA1,-0.00300891368183621
COA3,0.00331976453133183
COA4,0.00483927531792223
COA5,0.0017684599878667
COA7,0.00806896909675163
COASY,0.000966538344801449
COBL,0.00849053213586308
COBLL1,0.00399333667038251
COCH,-0.0146461332931954
COG1,-0.00158660727920662
COG2,0.00410084883827367
COG3,-0.00116051218441567
COG4,0.00288803257777537
COG6,0.00365629346282025
COG7,0.00233630558245157
COG8,0.00316903776193932
COIL,0.00201601528450491
COL10A1,-0.00249905355276176
COL11A1,-0.00186967786081538
COL11A2,0.00314005849302267
COL12A1,0.00793184303991953
COL13A1,0.010541867627145
COL14A1,0.0222967433771374
COL15A1,0.0134686472540923
COL16A1,-0.0029420381824711
COL17A1,-0.00328260490016399
COL18A1,0.00306298852985512
COL1A1,-0.00769205804535332
COL1A2,0.000914917657536831
COL22A1,0.0151242650877129
COL23A1,0.0176299817489715
COL24A1,0.0104124548432979
COL25A1,0
COL26A1,0.0041161788370512
COL27A1,0.00884200917913404
COL2A1,0
COL4A1,0.0168393958437628
COL4A2,0.00273330590560239
COL4A5,-0.00451357049065353
COL5A3,0.0161721213051418
COL6A1,0.0101900339287326
COL6A3,0.0125178260271465
COL6A4P2,0
COL6A5,0
COL7A1,0
COL8A1,-0.00401155205797777
COL8A2,0.00393244279552445
COL9A2,-0.0117265807029618
COL9A3,-0.00529301497596966
COLEC12,0.0242645054598731
COLGALT1,0.00592720805103391
COLGALT2,0.00457465222565799
COLQ,-0.00997066026659208
COMMD10,0.00593367460146907
COMMD2,0
COMMD3,0.00331543982092234
COMMD4,0.00159332518204255
COMMD5,0.00179277082340123
COMMD6,0.00208299085763564
COMMD7,0.00281934091206531
COMMD8,0.00241498684067196
COMMD9,0.00518199875709608
COMP,-0.0100012093272253
COMT,0.00334775300114039
COMTD1,0
COPB1,0
COPB2,0.00231438545554247
COPE,0.00154721560226685
COPG1,0.00134549817720576
COPG2,0.00515216887302997
COPRS,0.00526853402157378
COPS2,-0.00179794407531331
COPS3,0.0032841612443007
COPS4,0.00119183296886536
COPS5,0.00095662603373235
COPS6,0.00229681370942045
COPS7A,0.00342467140962269
COPS7B,0.0023045736950151
COPS8,0.00262163848362012
COPZ1,0.00354087029430186
COPZ2,0.00388442384252572
COQ10A,-0.000716009851550122
COQ10B,-0.00478746890472915
COQ2,0.00321900549261218
COQ3,0.00617689565375295
COQ4,0
COQ5,0
COQ6,0.00483930838865475
COQ7,0.00365674640255482
COQ9,0.00335780116521322
CORIN,0.0057630163638266
CORO1A,0.00542268473039306
CORO1B,0.00135191785366544
CORO1C,0.00598644468500202
CORO2A,0.00492935385711815
CORO2B,-0.00660603504091878
CORO6,-0.00240052867635738
CORO7,0.000939649644078282
CORT,-0.0024034724337051
COTL1,0.0182439483957318
COX10,0.00115700520871565
COX11,0.00523972384421565
COX14,0
COX15,0.00395883605803792
COX16,0.0064731368770642
COX17,-0.00220748167713504
COX18,0.004182808230187
COX19,-0.00150232721561343
COX20,0.00208240222477749
COX4I1,0.00290764577699444
COX5A,0.00361945838814384
COX5B,0.00460766033812953
COX6A1,0.00201504930670177
COX6B1,0.00510109378984207
COX6B2,-0.00358400002379616
COX6C,0.00374887396384804
COX7A1,0.00462851380294519
COX7A2,0.00294811035995376
COX7A2L,0.00367830008197573
COX7B,0.00350407728158659
COX7C,0.0030517668637066
COX8A,0.00550012881385904
CP,-0.0146095023310716
CPA4,-0.00812127974548783
CPA6,0.00909524509296241
CPAMD8,-0.000626498244554808
CPB1,-0.00797653501981426
CPB2,0.00453400539560744
CPD,-0.00461829737565431
CPE,0.0102320483873334
CPEB1,0.015560270890836
CPEB2,0.00222183721985997
CPEB3,-0.00526770480289584
CPEB4,-0.00373015235514796
CPED1,-0.000607349958911817
CPLX3,-0.00840735572929684
CPM,0
CPN2,-0.00747015091219322
CPNE1,-0.00237479620873875
CPNE2,-0.00317997648212922
CPNE3,0.00326875198922418
CPNE5,0.00517087792325732
CPNE6,-0.00357638042175529
CPNE7,0.0102643033140253
CPNE8,-0.00330110364975682
CPNE9,0.00709972441628727
CPOX,0.00142586313636393
CPPED1,0.00140534698642161
CPQ,0.00431361134540791
CPSF1,0.00667779923267209
CPSF3,0.00319078602288589
CPSF4,-0.00116990512147961
CPSF6,0.00375715107332406
CPSF7,0
CPT1A,-0.00204150217560685
CPT1B,-0.0128574012301722
CPT1C,-0.0106468946244371
CPT2,0.00251226588417917
CPVL,0.00737558090645003
CPXM1,0
CR1,0.0294048133375347
CR1L,-0.0165285709161378
CR2,0.0148817263270594
CRABP1,-0.0239251489628477
CRABP2,0.0253368269684757
CRADD,0.00145103246168209
CRAT,-0.00368943705093124
CRB1,-0.00479784611165375
CRB2,0.0411278450907956
CRB3,-0.0058717589649811
CRBN,0
CRCP,0.00302744882475976
CREB1,-0.00373210424058072
CREB3,-0.00234213028105966
CREB3L1,-0.00846407304141066
CREB3L2,0.00354880352673663
CREB3L3,-0.00388106400976116
CREB3L4,-0.00236913144286708
CREB5,0.0024736427780216
CREBBP,-0.00330353061707923
CREBL2,0.00413229087218468
CREBRF,-0.0114956815808367
CREBZF,0
CREG1,-0.00216714159158138
CREG2,0.0262192776556021
CRELD1,-0.00349046769336109
CRELD2,0.00990222665591193
CREM,-0.00330202540273343
CRHBP,0.0202559380591091
CRHR2,0.0121847902722873
CRIM1,-0.00397629477413585
CRIP3,0.00890412885521462
CRIPT,-0.00154633696223336
CRISPLD1,-0.0185735087118292
CRISPLD2,-0.0236452613072553
CRK,0.00172687235850789
CRLF1,0.00413370210651857
CRLF2,-0.010005766553661
CRLF3,-0.00334525439391528
CRLS1,0.00482144029580356
CRMP1,0.00688046602689262
CRNDE,0.00919219859658313
CROCC,0
CROCCP2,-0.00206969285599478
CROCCP3,0
CROT,0.00344104221235101
CRTAM,-0.00779625260860817
CRTAP,0.00245670140260834
CRTC1,0.00109460249723035
CRTC2,-0.00694670202182272
CRX,-0.0038911993800381
CRY1,0.00361450441917874
CRY2,-0.00210102194567647
CRYAB,0.00251008302441333
CRYBB1,0.0203842845940736
CRYBB2,-0.00443103570956461
CRYBB2P1,-0.00236648287250549
CRYBB3,-0.00271547795047928
CRYBG3,0.00223229800156349
CRYGS,0
CRYL1,0.00776995372351291
CRYZ,0.00853987298920653
CRYZL1,0.000821202417843292
CS,0.00458303753241738
CSAD,0
CSAG3,-0.0314585184160957
CSDC2,-0.00271913395468963
CSDE1,-0.00139056054749804
CSE1L,0.00602230490270891
CSF1R,0.0153666441431477
CSF2,-0.0103584207313481
CSF2RA,-0.00476176362679763
CSF2RB,-0.0129435758724677
CSF3,-0.0290034674656139
CSF3R,-0.00391575223821224
CSGALNACT1,0.00340253573071624
CSGALNACT2,0.0024150921792533
CSK,-0.00174247533637883
CSMD2,-0.0063898205599588
CSNK1A1,-0.000650735226733492
CSNK1A1P1,-0.00258718201517049
CSNK1D,-0.00157329006474668
CSNK1E,0.00249967472489626
CSNK1G1,0.00130128061206171
CSNK1G2,0.000405158212870995
CSNK1G3,-0.00513430275121503
CSNK2A1,-0.0012510167128206
CSNK2A2,-0.00166875128828612
CSPG4,0.00324209514172966
CSPG5,0.00795906425817029
CSPP1,0.00522399459463454
CSRNP1,-0.00831000241868673
CSRNP2,-0.0113072806510181
CSRNP3,-0.00804743724048334
CSRP1,0.00150783458545755
CSRP2,-0.00731397968373295
CSRP3,-0.00392674661952194
CST2,0
CST6,0.00394079070908603
CST7,-0.00722265691744141
CSTA,-0.00993724293662626
CSTB,0.00921403234635441
CSTF1,0.00105456708474061
CSTF2,0.00249917463110525
CSTF2T,0
CSTF3,-0.00446514708226193
CTAGE11P,-0.00231212558339052
CTAGE4,-0.00784636622935185
CTAGE6,-0.00478616106590393
CTAGE7P,0.0040154619514211
CTAGE8,-0.00669415287550707
CTAGE9,-0.00249246759778277
CTBP1,0.00351251301869723
CTBP2,-0.000986704248628447
CTBS,-0.00297775442613539
CTC1,-0.00422809628244085
CTCF,0.00146679901746596
CTCFL,0
CTDNEP1,0.00322445329588779
CTDP1,-0.00203461796167659
CTDSP1,0.000403780978579614
CTDSP2,-0.00610225981805583
CTDSPL,0.0144270489433304
CTF1,-0.00990471438917662
CTH,0
CTHRC1,-0.0052893652542714
CTIF,-2.60139838644536E-05
CTLA4,-0.0121950060332828
CTNNA1,-0.0010553385503924
CTNNAL1,0.0308333596229571
CTNNB1,-0.000900731362892928
CTNNBIP1,0.00987364579524569
CTNNBL1,-0.00874661565712712
CTNND1,0.00177567472181203
CTNND2,-0.020138056262265
CTNS,0.00945767414948266
CTPS1,0.0136681373216066
CTPS2,0
CTR9,0.00339284597896202
CTRB1,0.00524732375844053
CTRB2,0.00333184313249562
CTRC,-0.00734553736030371
CTRL,-0.0177483249828842
CTSB,0.00375629969729131
CTSC,0.0126238818774889
CTSD,0.00276564917198135
CTSE,0.010154543383229
CTSF,0.00888433209432921
CTSG,0.0119269879739924
CTSH,-0.00298945975549925
CTSK,0.00522249094423086
CTSL,-0.00521411027794834
CTSLP8,0.00531635314714756
CTSO,-0.00680518972582144
CTSS,-0.00293991862670587
CTSV,0.0116123418480486
CTSW,0.00517851337893081
CTSZ,0.00344032596648629
CTTN,-0.00492122439264698
CTTNBP2,0.0260235912388381
CTTNBP2NL,-0.00305565395128757
CTU2,0.0107014150741899
CTXN1,0.00999321079731666
CUBN,0.0136806714726088
CUEDC1,0.00413801062750831
CUL1,-0.0109330087471469
CUL2,0.00214105722161056
CUL3,0.00369668620422135
CUL4A,0.00155114640837862
CUL4B,-0.00109260948823876
CUL5,0
CUL7,0
CUL9,0
CUTA,0.00520722421557829
CUTC,0.00417975786456975
CUX1,0.0040355581827116
CUX2,0.00633775851203215
CUZD1,0.00634334391882133
CWC15,0
CWC22,-0.00101153768373839
CWC25,-0.00105727235966441
CWC27,0.00109016555749261
CWF19L1,-0.00220313275536653
CWF19L2,-0.00526269001344734
CX3CR1,0.00615873590274042
CXADR,0.0131498338405611
CXCL1,-0.0145574924207355
CXCL10,-0.060291498830055
CXCL11,-0.0421312070533073
CXCL12,-0.00799052986387097
CXCL13,-0.0135480954089139
CXCL14,0.0191060531769968
CXCL16,-0.00773746089880247
CXCL2,-0.0172899792937216
CXCL3,-0.0187493580294381
CXCL5,0
CXCL6,-0.00872770051687108
CXCL8,-0.0273900172243984
CXCL9,-0.052363208081003
CXCR1,0.0180151200725492
CXCR2,0.00827866893528681
CXCR2P1,-0.00365562880303289
CXCR3,-0.00901997456832319
CXCR4,-0.00393607540352679
CXCR5,-0.0204663465421816
CXCR6,-0.00675145396851083
CXXC1,0
CXXC4,0
CXXC5,0.00237673880063135
CXorf38,-0.00363163105954152
CXorf58,-0.00622863912879895
CXorf65,-0.00994020183920076
CYB561,0.00216953066441258
CYB561A3,-0.00810399554832113
CYB561D1,0.00322983155970728
CYB561D2,-0.00342296893360604
CYB5A,-0.0088888749409648
CYB5B,0.00434927359969711
CYB5D1,0.00955587245242289
CYB5D2,0.00206003181105218
CYB5R1,0.00624083528079726
CYB5R2,-0.00405425962102374
CYB5R3,-0.00276398485321301
CYB5R4,-0.00350047887550705
CYB5RL,0.00594417856672979
CYBA,-0.00548060707393401
CYBB,-0.00955033156940771
CYBRD1,0.00959601313841431
CYC1,0.00345964293131452
CYCS,0.0069520013763735
CYCSP52,-0.00203044152616313
CYFIP1,0.00898255084418023
CYFIP2,0
CYGB,0.0059255714255681
CYHR1,0
CYLC2,-0.00250119965444575
CYLD,-0.00659195696605927
CYP11A1,-0.00313834788150573
CYP17A1,-0.00742572214347476
CYP19A1,0.0102835724591615
CYP1A1,0
CYP1B1,0
CYP20A1,0.00211124977003831
CYP21A1P,-0.00199735979958137
CYP21A2,-0.00251441424071688
CYP27A1,0.00203932231276501
CYP27B1,-0.0159086209645346
CYP27C1,-0.00475851193308342
CYP2A6,-0.00347060663407931
CYP2B6,-0.00514099261909447
CYP2B7P,0
CYP2D6,-0.00366539077514456
CYP2E1,-0.016029295831636
CYP2F1,-0.00462951117748691
CYP2J2,-0.0176227397623384
CYP2R1,0.00101806742450788
CYP2S1,-0.00466488975967073
CYP2U1,-0.00249271937696649
CYP2W1,-0.00294083692292506
CYP39A1,-0.00228909508448101
CYP3A4,-0.00280852218662068
CYP3A5,0
CYP3A7,-0.0345937193781178
CYP4A11,0.00593728008905978
CYP4F11,-0.00478805723215673
CYP4F12,0
CYP4F22,-0.00902811071960261
CYP4F3,0
CYP4F30P,-0.0028802645140496
CYP4F35P,-0.0121613436946951
CYP4F62P,-0.00417346255022951
CYP4V2,0.00288352616790074
CYP4X1,0.00904596632254278
CYP51A1,0.0114907186153565
CYP7A1,-0.0061763772713058
CYP7B1,0.000182500218673975
CYP8B1,-0.00339746624812467
CYS1,-0.00510372113974045
CYSLTR1,0.0147122024523663
CYSLTR2,-0.0216992153283509
CYSTM1,0.00160600689200427
CYTH1,-0.00609318987955233
CYTH2,0.000179002316933413
CYTH3,0.00373569209559354
CYTH4,0.0059912220652791
CYTIP,-0.010493351500017
CYTL1,0.0134241548665868
CYYR1,0.0152638392604357
D2HGDH,0.00509648376329547
DAAM1,0.0109865467347698
DAAM2,0.0217771041693144
DAB1,0.00754364490748402
DAB2,0.0142047835394445
DAB2IP,-0.0069447269264944
DACT1,0.0343969228459813
DACT3,0.000473067956004878
DAD1,0.00874738937345698
DAG1,0
DAGLA,0.0097684128532362
DAGLB,0.00113306845103023
DALRD3,0.00176936366420157
DANCR,0.00784396256852183
DAND5,0
DAO,0.00421948153841794
DAP,0.00650333427494677
DAP3,0
DAPK1,0.00119998778118499
DAPK2,-0.00653760111165611
DAPK3,-0.00282660588632059
DAPL1,0.0116872666191115
DAPP1,-0.0145209470260194
DARS2,0.0100026390509983
DAXX,-0.00931765599178837
DAZAP1,0
DBF4,0.000685680864458243
DBF4B,-0.0032278012989378
DBH,0.00520941277471046
DBI,0.00464179526581258
DBIL5P,0.00140296130890465
DBN1,0.0116675671627058
DBNDD1,0.00675327132889404
DBNDD2,0
DBNL,0.00101262258761246
DBP,0.00588819842373128
DBR1,-0.00133506305239915
DBT,0.00145313647709577
DCAF10,-0.0006771634542792
DCAF11,0.00140488793727693
DCAF12,0.00249575853594156
DCAF13,0.00603394242506725
DCAF15,-0.00306658623838443
DCAF16,0.00143850367869897
DCAF17,0.0018721381415513
DCAF4,0.00922992691838608
DCAF4L1,-0.00249999631322159
DCAF5,-0.00292983768021064
DCAF6,-0.000510399188722192
DCAF7,0.00258332932674824
DCAF8,-0.000851893617540787
DCAF8L2,0.00210166403044364
DCAKD,0.0022843341177119
DCBLD1,-0.00535120040867249
DCBLD2,0.00788499369799208
DCDC1,0.00696324673254061
DCDC2,0.0161189879872508
DCHS1,0.00923670919583313
DCHS2,-0.00758716704175947
DCK,-0.00510103123856282
DCLK2,0.0130642540126961
DCLK3,-0.0042320652975813
DCLRE1A,0.00111026325574028
DCLRE1B,-0.000995189249260033
DCLRE1C,-0.00207792067379903
DCN,0
DCP1A,-0.00694842642104386
DCP1B,-0.00112004369385598
DCP2,-0.00153995379682976
DCPS,0.00210018584846743
DCST1,0.00716336556959269
DCST2,0
DCSTAMP,0.0213136210904821
DCT,-0.00496032298290641
DCTN1,0.00177894158777421
DCTN2,0
DCTN3,0.00386196698698451
DCTN4,-0.00286324780666489
DCTN5,0.00390593995626728
DCTN6,-0.00113834178086344
DCTPP1,0.00799089586162492
DCUN1D1,-0.00143119534147852
DCUN1D2,0.00673713032019644
DCUN1D3,0.0041521233744943
DCUN1D4,0.00118308538755171
DCUN1D5,0.00484697371210375
DCX,-0.00510515638898881
DCXR,0.00626633731029033
DDA1,-0.000128107290073775
DDAH1,0.0160613200290462
DDAH2,0.00275133562347185
DDB1,0.00267487905027427
DDB2,-0.00647568478020771
DDHD1,-0.00403575093581229
DDHD2,0.00326439428531273
DDI2,-0.000147722738106871
DDIT3,-0.00983204266526307
DDIT4,-0.0144651858562995
DDIT4L,0.0201855200762989
DDN,0.00387775769228758
DDO,0.00223007818548028
DDOST,0.00409489648761518
DDR1,-0.00873775878651994
DDR2,0
DDRGK1,-0.0021256975257798
DDT,0.00383377121109453
DDTL,0
DDX1,0.00248291155705097
DDX10,0.00758539478068529
DDX11,0.000513758218080085
DDX11L1,0.00772535333387577
DDX11L16,-0.00165413807487241
DDX11L2,0.00789788972623725
DDX12P,0.00606137882099216
DDX17,-0.00139720643733146
DDX18,0.00534753628041369
DDX19A,0.00444711803266206
DDX19B,-0.00387506064648317
DDX20,0.00263732645132459
DDX21,0.00418692744156213
DDX23,-0.000732332710881751
DDX24,-0.00460420757026887
DDX25,-0.00442437466759119
DDX27,0.00236833914161973
DDX28,0.00239860668382255
DDX31,0.00743618277288273
DDX39A,0.00472280235130675
DDX39B,0.00204546034996862
DDX3X,0
DDX41,0.00329092006435359
DDX42,0.00136553795480734
DDX43,-0.00865491560042589
DDX46,0.00692328795876186
DDX47,-0.0010862884529846
DDX49,0.00529660256649647
DDX5,-0.002768172248681
DDX50,0
DDX51,0.0036194958550111
DDX52,-0.00485494688015223
DDX54,0.00259694007664188
DDX55,0.00516901511646491
DDX56,0.00338794786816947
DDX58,-0.0159228259832019
DDX59,-0.0059226803333121
DDX60,-0.0155896359338397
DDX60L,-0.0108166898519689
DEAF1,0.00236919230841551
DECR1,-0.00422889252509292
DECR2,0.00794679254111793
DEDD,-0.00491313941956377
DEDD2,-0.00282428350674808
DEF6,0.00648325659926578
DEF8,0.00892006210081081
DEFB1,-0.0151598509929892
DEGS1,-0.000496240681891433
DEGS2,0.00553679357348779
DEK,-0.00460121384226017
DENND1A,-0.00104493210500635
DENND1B,-0.00236092556659161
DENND1C,0
DENND2C,0.00231096247885206
DENND2D,0.00332756779279924
DENND3,-0.00862215003096873
DENND4A,-0.00220479096288346
DENND4B,0.00329356342129633
DENND4C,0.0107675697968701
DENND5A,-0.0146504773332988
DENND5B,0.00443084300822524
DENND6A,0
DENND6B,-0.00110212348049999
DENR,0.000945942862494323
DEPDC1,0.0165969585568562
DEPDC1B,0.0107824669233347
DEPDC4,0.00466382132135092
DEPDC5,0.00390288677915883
DEPDC7,0.00873299178474801
DEPTOR,0.0191209518514887
DERA,0.00253835452808446
DERL1,-0.00368870564327179
DERL2,0
DERL3,0.0190505421735047
DES,-0.0202826019149749
DESI1,-0.00409019511949375
DESI2,-0.000277713677240215
DET1,0.00298941803013214
DEXI,0.00806227155180616
DFFA,0.00341885608868375
DFFB,0.00190322662342095
DGAT1,0.0049471853122119
DGAT2,-0.00999499417237743
DGCR11,0.00329827922109746
DGCR2,0.00105114301684683
DGCR5,0.00622450253600136
DGCR6,0.00241724062481957
DGCR6L,0.00127721766431098
DGCR8,0.00261412025909647
DGKA,-0.00290644144600256
DGKB,0
DGKD,0.0068615102918531
DGKE,-0.00525915555549725
DGKG,-0.00534496469286035
DGKH,0
DGKI,0.00988182982859914
DGKQ,0
DGKZ,0.00425360761960332
DHCR24,0.0159617184218693
DHCR7,0.0151708058070298
DHDDS,0.00373422742924536
DHDH,0
DHFR,0.00842212565934112
DHH,-0.00543670155326666
DHODH,0.00534382812119033
DHPS,-0.00140261277078591
DHRS1,0
DHRS11,0.0283850594169074
DHRS12,-0.00809017655515067
DHRS13,-0.0045058909619259
DHRS2,0.00870071225011533
DHRS3,0.0076627903627945
DHRS4,-0.001897274951026
DHRS4L1,0
DHRS4L2,-0.00244077355749606
DHRS7,0
DHRS7B,0
DHRS9,0.00736348234927858
DHRSX,-0.00100460108335481
DHTKD1,-0.00814309193781807
DHX15,0.00389266643856125
DHX29,0.00429319531495899
DHX30,0.00386922919538993
DHX32,0.00195354681062983
DHX33,0.0051075550243759
DHX35,0.0060065330824514
DHX36,-0.00406882220688537
DHX37,0.0028404351898853
DHX38,0.00262568273227088
DHX40,-0.00110355691140326
DHX57,0.00540399981087343
DHX58,-0.0154438755376076
DHX8,-0.00241557539200457
DHX9,0.00458581982431374
DIABLO,-0.00100825482509289
DIAPH1,0
DIAPH2,0.00132231386774122
DIAPH3,0.0115688975166527
DICER1,-0.000535870641546167
DIMT1,0.00452510443879362
DIO1,-0.0015803016240811
DIP2A,0.00446308862178514
DIP2B,0.00195111594667583
DIP2C,0.020524930550986
DIRAS1,0.0122400512064377
DIRAS2,0
DIRAS3,0.00398448383089826
DIRC3,0.00523737555867573
DIS3L,0.00202743127808719
DIS3L2,0.00536260987534588
DISC1,-0.00151197914103083
DISC1FP1,0
DISP1,0.00538312791186763
DISP2,0.00364500557675362
DIXDC1,-0.0125106417148835
DKC1,0.00540539423734544
DKK2,0
DKK3,0.00031227262736683
DLAT,0
DLC1,0.00755295351281444
DLD,0
DLEC1,0.00338446164164714
DLEU1,0.000855610620783358
DLEU2,0
DLEU2L,0.00519131149943148
DLEU7,-0.00776813949558823
DLG1,0.00209323795624888
DLG3,-0.00480185468889643
DLG4,0.00664377083938787
DLG5,-0.00241146793843927
DLGAP1,0.00348942140704028
DLGAP3,0.00695160702743342
DLGAP4,-0.00498840847127136
DLGAP5,0.0168926187313318
DLK1,-0.00186842025510116
DLK2,-0.0047300928265685
DLL1,0
DLL3,-0.00523937377487583
DLL4,-0.0215865632335368
DLST,0.0028313777935406
DLX1,0.00615654744633828
DLX2,0
DLX3,-0.000137346485180289
DLX4,0.00476143701142797
DMAP1,-0.00519351027150513
DMBT1,-0.00289832894044307
DMBX1,0
DMC1,-0.000342414272588083
DMD,-0.00230942046372756
DMKN,-0.00410437674251157
DMP1,0.00661643816220116
DMPK,0.0047732438820882
DMTF1,-0.00592774620107696
DMTN,0
DMWD,0
DMXL1,-0.00333163511360499
DMXL2,-0.00347783393535112
DNA2,0.00633691538082688
DNAAF1,-0.0223618868218497
DNAAF2,0.00316912569990241
DNAAF3,-0.00293518959623692
DNAH1,0
DNAH10,-0.00289476848751121
DNAH12,-0.00817058716542843
DNAH14,0.00819337321322663
DNAH17,-0.000244397720522758
DNAH2,-0.00275577858451878
DNAH3,0.00339155215583835
DNAH7,0.00668255557483508
DNAI1,0.00167901880311433
DNAJA1,-0.00758224681662095
DNAJA2,-0.00223391796293498
DNAJA3,0.00534256355331818
DNAJA4,0.00118766564956124
DNAJB1,0.00423351497022505
DNAJB11,0.00585400289698924
DNAJB12,-0.00289904248130526
DNAJB13,0.0104215220827115
DNAJB14,-0.00203893355878839
DNAJB2,-0.00255882225145168
DNAJB4,-0.00155876490501707
DNAJB5,0
DNAJB6,-0.00273702922314296
DNAJB9,0.00172535712266478
DNAJC1,-0.0055403315845226
DNAJC10,0.00336930869488461
DNAJC11,0.00612482624593752
DNAJC12,0.0107817171563628
DNAJC13,-0.00422033910020574
DNAJC14,-0.00243253811522851
DNAJC15,-0.00529318024481867
DNAJC17,0.00194039441721636
DNAJC18,-0.00441175759642746
DNAJC19,0
DNAJC21,-0.00102413485345507
DNAJC22,0.00272671042110538
DNAJC24,0.00169915322393457
DNAJC25,0.0033263945644589
DNAJC27,-0.00148183921485125
DNAJC28,0
DNAJC3,0.00363125814014522
DNAJC30,0
DNAJC4,0.00419153814749601
DNAJC5,0.0020569893179966
DNAJC5G,0.0060172804468732
DNAJC6,-0.0107195809557424
DNAJC7,-0.00516104832954207
DNAJC8,0.00163323979557813
DNAJC9,0.0057931782926689
DNAL1,0.00245142984085285
DNAL4,0.00264631706421142
DNASE1,0
DNASE1L1,0.00393261791110943
DNASE1L2,-0.00276344705531995
DNASE1L3,0.0393905233634319
DNASE2,-0.00240194796387022
DNASE2B,0.0340028901290812
DND1,-0.0208001575202388
DNER,0
DNHD1,-0.00214268923222374
DNM1,0.0142435429154979
DNM1L,0.000846063763259258
DNM1P35,0
DNM1P46,-0.0101710566856867
DNM2,0.00116278817079869
DNM3,0.0128854416570511
DNMBP,0.00731226762532317
DNMT1,0.0122313156125638
DNMT3A,0.0119174632107465
DNMT3B,0.000404975413144473
DNMT3L,0
DNPEP,-0.0030448800058462
DNPH1,0.011288640038983
DNTTIP1,0
DNTTIP2,0.0014527992888617
DOC2A,0.0102903690259898
DOC2B,-0.00513778989514089
DOCK1,0.00446069745962129
DOCK10,0.00470065884332165
DOCK11,0.00106736196879058
DOCK2,0.00263695799994146
DOCK3,0.0140527160272672
DOCK4,-0.00515704893103671
DOCK5,0.00322144821074074
DOCK7,0
DOCK8,-0.00255054760801071
DOCK9,-0.00680784651420917
DOHH,0.0035464791727676
DOK1,0.00137387255927508
DOK2,0.0189439318322453
DOK3,0.00574110866240015
DOK4,-0.00322801317475097
DOK5,-0.0282255820708232
DOK6,0.00120617225339539
DOLK,0.00298539189143694
DOLPP1,0.0046573357868473
DONSON,0.0031590515619937
DOT1L,0.00256567281235318
DPAGT1,0.00327948130574643
DPCD,0.0171398993057874
DPEP2,0.00583816747797029
DPEP3,0.00758624203740132
DPF2,-0.00233010851754967
DPF3,0.0140449397280793
DPH1,0.00376954420150515
DPH2,0.00774449760840611
DPH3,-0.000792864834392234
DPH5,0.00447653864818284
DPH6,0.00390197148947734
DPH7,0.00324665779675841
DPM1,0.000927683564863909
DPM2,0.00325112318112577
DPM3,0.0058913613447073
DPP3,0.00177470498714936
DPP4,0.00140235855152756
DPP7,0.00290068822954715
DPP8,0.00357506471121264
DPP9,0.00192964594565049
DPPA4,-0.00739353205747312
DPRXP4,0
DPY19L1,0.0087589507069709
DPY19L2,0.00445551926739569
DPY19L2P2,0.00559280560701038
DPY19L2P3,-0.00444684307969013
DPY19L2P4,0.00513726119778254
DPY19L3,0.00215096323554245
DPY30,0.000737827278122703
DPYD,0.00545930254902142
DPYS,-0.00860693455569515
DPYSL2,0
DPYSL3,0.00961594038031737
DPYSL5,0
DQX1,-0.00665642398033908
DR1,0
DRAM1,-0.010001017431451
DRAM2,0.00295347294803284
DRAP1,-0.00110041669977917
DRAXIN,0.00743814689971496
DRC1,-0.0152171428953786
DRD4,0.000863982964113375
DRD5,-0.00361941370837267
DRG1,0.00311163315077157
DRG2,0.00325730915801242
DRGX,-0.0184508593848471
DRICH1,0
DRP2,0.0080305773169467
DSC2,-0.00363365476366452
DSC3,0.00351107525590866
DSCAML1,-0.00959220594447491
DSCC1,0.00981781641229019
DSCR9,-0.0100249671486297
DSE,-0.00121132767199582
DSG2,-0.00296531989082929
DSN1,0.0028025785924192
DSP,-0.00928084610735469
DST,0.0031688061560311
DSTN,0.00521836053730993
DSTNP2,-0.00480976831815993
DSTYK,0.00270563663326531
DTD1,0.005854958329877
DTD2,-0.001932114624432
DTHD1,0.0107668966716572
DTL,0.0178349094154831
DTNA,0.0209297753799787
DTNB,-0.00346950529219653
DTNBP1,-0.00446253213760157
DTWD1,0.00331330752702063
DTWD2,0.00775766285921943
DTX1,0.017692189149441
DTX2,-0.00839910690781108
DTX3,-0.00655643256506349
DTX3L,-0.0121780701864607
DTX4,0.00759411382594587
DTYMK,0.00577140034128447
DUOX1,0.0174691311752264
DUOX2,0.00941543970295786
DUOXA1,0.0407381678838055
DUOXA2,0.00855325247364309
DUS1L,0.00589432704076392
DUS2,0.00371867427371123
DUS3L,0.00678222873102856
DUS4L,0.00311430626286601
DUSP1,-0.00421738705678375
DUSP10,-0.0162838256528425
DUSP11,-0.00247525885826696
DUSP12,-0.000159039224990236
DUSP13,0.0103512956948925
DUSP14,0.00884968698629407
DUSP15,-0.0142938069622532
DUSP16,-0.00122266480079397
DUSP18,-0.00304846792401285
DUSP19,0.0065653017499264
DUSP2,0.00479178382874061
DUSP22,-0.00205644232421901
DUSP23,0.00537384862302909
DUSP28,0.00169810017912755
DUSP3,0.0038436598629916
DUSP4,-0.00522456990204703
DUSP5,-0.0124711629133477
DUSP5P1,-0.00839349137073868
DUSP6,-0.000799384336972887
DUSP7,0.00838984215891136
DUSP8,-0.00809920031547488
DUSP9,0.0020388512723067
DUT,0.00399518484305388
DUXA,-0.00217382062368663
DUXAP10,-0.0102398145935626
DVL1,0.00459323070849962
DVL2,-0.000424447130698724
DVL3,-0.000720380767277961
DXO,-0.00479792336900894
DYDC1,-0.00324784356694744
DYDC2,-0.00521715397122407
DYM,0.00147554835941075
DYNAP,-0.00484879591792636
DYNC1H1,0.000934185245068614
DYNC1I1,0.00806936866535662
DYNC1I2,0
DYNC1LI1,-0.00445323832204023
DYNC1LI2,0
DYNC2H1,0.00999084251418883
DYNC2LI1,0.00189677167881964
DYNLL1,-0.00161569675726764
DYNLL2,0.00324236683739346
DYNLRB1,-0.00344347694343361
DYNLT1,-0.0118147579603657
DYNLT3,-0.00474740057834318
DYRK1A,-0.00508203450175143
DYRK1B,0.0013465836520662
DYRK2,0.00451119119502864
DYRK3,0
DYRK4,0.00528407226504718
DYSF,0.00407530816167518
DZANK1,0.00508160607658388
DZIP1,0.00600125102683402
DZIP1L,-0.00169084174969977
DZIP3,-0.00194736431082506
E2F1,0.0139156348625426
E2F2,0.0138535625633864
E2F3,0.00241146160017719
E2F4,0.00191933423583298
E2F5,-0.00488006345275203
E2F6,0.000536127385191849
E2F7,-0.00812791801802348
E2F8,0.0164147056109492
E4F1,0
EAF1,-0.00383112469612306
EAF2,-0.00416616483506612
EAPP,-0.00350197242362838
EARS2,0.01062049624906
EBF1,-0.00474610801042029
EBF4,-0.0262073544205019
EBI3,-0.0234113018776605
EBLN2,-0.00572197041398013
EBNA1BP2,0.00617437211428744
EBP,0.0107376013984741
EBPL,0.012114334569871
ECD,0.00408129584401435
ECE1,-0.0153343549818656
ECE2,-0.00147025723112116
ECEL1,0.000165741728737334
ECH1,0.00161886017218652
ECHDC1,0.00211263081528393
ECHDC2,-0.00353772979027527
ECHDC3,0.00143217504091529
ECHS1,0.00474081101121249
ECI1,0.00131813780788868
ECI2,-0.000863700823319259
ECM1,0.0059926028917004
ECM2,0
ECSCR,-0.00454810643303623
ECSIT,0.00571597214882042
ECT2,-0.00167536844577268
ECT2L,0.00465315608568886
EDA,0.0112345993331287
EDA2R,0
EDARADD,-0.0276673575957395
EDC3,0.000742321462214165
EDC4,0
EDEM1,-0.00378728065555379
EDEM2,-0.00720058015241728
EDEM3,0.00271542223873102
EDF1,-0.00497289881884823
EDIL3,0.0158390313450726
EDN1,-0.0372546374076568
EDNRB,0.0139786825548899
EDRF1,0.000973444350985624
EEA1,0.0100379779675222
EED,-0.00271782440245764
EEF1A1,-0.00108038937602677
EEF1B2,0.00846370064263009
EEF1DP3,-0.00330384099283726
EEF1E1,0.00588483188194076
EEF1G,0.00562142302497343
EEF2,0.00399667970234447
EEF2K,0.00865184687620878
EEFSEC,0.00647382586630967
EEPD1,0.0271412654245575
EFCAB11,0.00438443180203389
EFCAB12,-0.00422534352361078
EFCAB13,0.00324434236417056
EFCAB14,0.00242000331579664
EFCAB2,-0.00265459371848955
EFCAB3,-0.00601682421471242
EFCAB5,-0.00602583694543062
EFCAB6,0.00704267975138972
EFCAB7,0.0048930938209118
EFCC1,0.00324615058453783
EFEMP2,-0.00913339776452834
EFHC1,0.00433625776477806
EFHC2,-0.00101739085148752
EFHD2,0.00472924313284619
EFNA1,0.0137506545819443
EFNA2,-0.00302213224403881
EFNA3,0.00547025851418765
EFNA4,0.00167181188796663
EFNA5,-0.0052407236697901
EFNB1,0.00275342895544023
EFNB2,0
EFR3A,0.00182989712310715
EFR3B,0.00616075618394544
EFTUD2,0.00350526845284607
EGF,0.00384618757955843
EGFEM1P,0.00486743636512017
EGFL6,0.00278301464584708
EGFL7,0.0107931911056272
EGFL8,-0.0044687415077147
EGFLAM,0
EGFR,0
EGLN1,0.00212130621025586
EGLN2,-0.00187345292118046
EGLN3,0
EGOT,-0.0126862006013525
EGR1,0.0121126752510598
EGR2,0.0119064270798994
EGR3,0.0079584020118994
EGR4,0.00932726965460718
EHBP1,-0.0073372768087594
EHBP1L1,-0.00317438141427835
EHD1,-0.0048627793049407
EHD2,0.00796381594380926
EHD3,0.0154534993051994
EHD4,0.000146408557890399
EHF,0.0243367007189111
EHHADH,-0.0053944584258541
EHMT2,0
EI24,0.00285618482868626
EID1,0.00269909799897315
EID2,-0.00578142611164419
EID2B,0
EID3,-0.00539747705531762
EIF1,-0.0051231798012568
EIF1AD,0.00137149800279357
EIF1AX,0.0021300638134656
EIF1B,0.00113606773079359
EIF2A,0.00355915326194155
EIF2AK1,0.0013767602798745
EIF2AK2,-0.00775291487427198
EIF2AK3,0.00319727072844161
EIF2AK4,-0.000228124112091353
EIF2B1,0.0023048979707359
EIF2B2,0.00122961924804247
EIF2B3,0.00836637781887178
EIF2B4,0.00198173903228083
EIF2B5,0.00323496534967149
EIF2D,0.00253700225837065
EIF2S1,0.00226521797174344
EIF2S2,-0.00415155590721525
EIF2S3,0.00373413356564908
EIF3A,0.00604054208363211
EIF3B,0.00938338539215104
EIF3C,0.00670059515812437
EIF3D,0.00518571664958152
EIF3E,0.0024467374530438
EIF3F,0.00158402733153799
EIF3G,0.00146142129716505
EIF3H,0.000824931159193002
EIF3I,0.00383562577182328
EIF3J,0.00394297117875415
EIF3K,0.00474024715363889
EIF3L,0.00671589603051665
EIF3M,0.00181099302909631
EIF4A1,0.00515471392003141
EIF4A2,-0.00203212592330812
EIF4A3,0.00229720778635806
EIF4B,0.00433909106818896
EIF4E,0.00613411076800952
EIF4E3,-0.00321146411153831
EIF4EBP1,0.00492806531253901
EIF4EBP2,0.00296512642037723
EIF4EBP3,-0.00807635500700473
EIF4ENIF1,-0.00090124830755497
EIF4G1,0.00520164617278819
EIF4G2,0.00223868862545365
EIF4G3,0.00565788479070461
EIF4H,0.00196445216372066
EIF5,-0.00109858053292541
EIF5A,0
EIF5B,0.0038786193198317
EIF6,-0.00219432850331867
ELAC1,0
ELAC2,0.00405032404786016
ELANE,0.00337980548664789
ELAVL1,0.0038409984298006
ELAVL3,0
ELAVL4,0
ELF1,-0.00365754482561589
ELF2,-0.00400465642738005
ELF3,-0.010096642286872
ELF4,-0.00568242222184474
ELF5,0.00692490629689559
ELFN1,0.00484346038070471
ELFN2,-0.00365150638601787
ELK1,0.000588862399523775
ELK3,0.00320601375658251
ELK4,-0.00293850532955387
ELL,-0.00194517274286567
ELL2,0
ELL3,-0.00116712207079079
ELMO1,0.00407152012328356
ELMO2,-0.0124006080210089
ELMOD1,-0.00162101603196086
ELMOD2,0.00195284939889933
ELMOD3,-0.00280092285492593
ELN,-0.00309064345803137
ELOF1,0.000972995185278689
ELOVL1,-0.000802639348138033
ELOVL3,-0.011219418681234
ELOVL4,0
ELOVL5,0.00302785430261797
ELOVL6,0.0113990211314662
ELOVL7,-0.0311259466903134
ELP2,0.00332401980157651
ELP3,0.00197303721809786
ELP4,0.00377768899527776
ELP5,-0.0020257048764887
ELP6,0.00114296423632756
EMB,0.0171743573056809
EMBP1,0
EMC1,0.00533230781677069
EMC10,0.00117407670714888
EMC2,-0.00460795774860318
EMC3,0.003638707166962
EMC4,0.00110542493888781
EMC6,0.00201071272925903
EMC7,-0.00229728983014146
EMC8,0.00444757198768505
EMC9,0
EMD,0.00208901193095828
EME1,0.0072147485107381
EME2,0.00312756979634087
EMG1,0.00365707447636524
EMILIN1,0.0101899490580012
EMILIN2,0.00492282805840544
EMILIN3,-0.00552319915765331
EML1,-0.00314193694210543
EML2,-0.00428506864334813
EML3,0.00239308562767549
EML4,0.00162863004309956
EML5,0
EMP1,0.00801166368346009
EMP2,0.00483144188212712
EMP3,0
EMX1,0.0103753159894274
EMX2OS,-0.00293054610640489
EN2,0
ENAH,-0.00435975570698894
ENC1,0.0144466364094181
ENDOD1,-0.00761359973608056
ENDOG,0.0114588629664745
ENDOU,-0.00332153773887831
ENDOV,0.00140252763027021
ENG,0.00529460598659189
ENGASE,0.00491521914154551
ENHO,0.0135033125448796
ENKD1,0.00291519897768436
ENO1,0.00400722251304198
ENO2,0.00629546016663486
ENO3,-0.00510907495840215
ENOPH1,0.00710511721770847
ENOSF1,0.0105743914218175
ENOX2,0.00105846071625423
ENPP1,-0.00273759414487514
ENPP2,0.00787973335368358
ENPP4,-0.00895029583288176
ENPP6,0
ENSA,-0.00134705423934645
ENTHD1,-0.00714601800989893
ENTPD1,-0.00527644506393062
ENTPD2,-0.0011358322910084
ENTPD4,-0.00152774118546933
ENTPD5,-0.00611662123263747
ENTPD6,-0.00225997812230223
ENTPD7,0.00430426910840619
ENTPD8,0.00204235770431977
ENY2,-0.00281810551947891
EOGT,0.00153286508407595
EOMES,-0.00336671509642092
EP300,-0.00299876745314437
EP400,0
EPAS1,0.0169692760651314
EPB41,0.000166698522007829
EPB41L1,0.0120917762008588
EPB41L2,0.0138858245350935
EPB41L3,0
EPB41L4A,-0.0206040448433939
EPB41L4B,0
EPB41L5,-0.0178175233669943
EPC1,-0.000768281104845614
EPC2,-0.00348401539169844
EPCAM,0.00840883319142253
EPDR1,0.00333332077403683
EPG5,-0.00289883538734505
EPGN,-0.00651439717614493
EPHA1,-0.00247019935394068
EPHA10,0.00238656681271581
EPHA2,0.0044213273812395
EPHA3,-0.00332362862448507
EPHA7,-0.00475817531747987
EPHB2,-0.0033991931907676
EPHB3,0.0124690066311243
EPHB4,0.00549210978586353
EPHB6,0.00620846465043592
EPHX1,0.00410757783628737
EPHX3,-0.010585025123406
EPHX4,0.00959251652806206
EPM2A,0.00136262750306731
EPM2AIP1,-0.000960642319578979
EPN1,0.00506064320818113
EPN2,0.0118833820811568
EPN3,-0.0113482468503395
EPOR,0.00524848461395014
EPPIN,-0.00794217722717922
EPPK1,0.011825103861923
EPS15,-0.000912641073123723
EPS15L1,0.00347637877976913
EPS8,0.0189586653813962
EPS8L1,-0.00516075403144046
EPS8L2,-0.0164126383800149
EPS8L3,0
EPSTI1,-0.0212273277604991
EPX,0
EQTN,0
ERAL1,0
ERAP1,-0.00205886089325945
ERAP2,-0.00841441368277066
ERBB2,-0.00236696754949174
ERBB4,-0.00254892956329719
ERC1,-0.00111903342152102
ERC2,-0.0119236499627155
ERCC1,0.0067973639958762
ERCC2,0.0129136818766287
ERCC3,-0.000901953677244871
ERCC4,0.00134384896855782
ERCC5,-0.000883826800800258
ERCC6,0
ERCC6L,0.0114538465087025
ERCC6L2,-0.00112072023148978
ERCC8,0.00617337621538555
EREG,-0.032655878061795
ERF,0.00573133556605877
ERG,0
ERGIC1,0
ERGIC2,0.00290941062108511
ERGIC3,0.00296680859254386
ERI1,0.00939511972286724
ERI2,0.00397426286826891
ERI3,0.00519033557067692
ERICH1,-0.00239331621972066
ERICH5,-0.00472587724339057
ERLEC1,0
ERLIN1,-0.00160017142470709
ERLIN2,0.00392450017683671
ERMAP,-0.00417087154304963
ERMARD,0
ERMN,-0.0109252809988305
ERMP1,0.0113149648499337
ERN1,-0.00991763927471365
ERN2,0.00780698000896671
ERP27,0.0213287021364347
ERP29,0.00221471532210433
ERP44,-0.00442828938471458
ERRFI1,0
ESAM,0.00560711338663145
ESCO1,0
ESCO2,0.0149996989310026
ESD,0.00225556525800599
ESF1,0.00254545582203915
ESPL1,0.00112468973342325
ESPN,0.00458294151164689
ESPNL,0.042860265159393
ESR1,0.00332981305189834
ESR2,-0.00211121424299613
ESRG,0.00712568451316068
ESRP2,0
ESRRA,0.00116584889636943
ESRRB,-0.0043860691579862
ESRRG,0
ESYT1,0.0095292570359303
ESYT2,-0.00125645215067619
ESYT3,0.0103558495413379
ETAA1,0
ETF1,0
ETFA,0.0022895526941571
ETFB,0.00147926172903325
ETFDH,0.000792141618819675
ETHE1,0
ETNK2,0.0156804762594682
ETS1,0
ETS2,-0.00266311850084452
ETV1,0.00836133895621357
ETV2,0.00311872749076629
ETV3,-0.000143465218892991
ETV3L,-0.0124844266288644
ETV4,0.00533057780564022
ETV5,0.011609211933207
ETV6,-0.00238910074565408
ETV7,-0.0460554209660673
EVA1B,-0.0059277172680288
EVA1C,-0.00272631119187438
EVC,0.0051368357359723
EVC2,-0.00510148882524439
EVI2A,0.00505601480178273
EVI2B,0.00210527097531141
EVI5,0.00634300260811532
EVI5L,0.00555078092105644
EVL,0.0111264560316942
EVPLL,-0.00335882553042395
EWSR1,-0.0019221457456596
EXD2,-0.00452404693874902
EXD3,0.00318895925424491
EXO1,0.0156889269297377
EXO5,0.00187888660942353
EXOC1,0
EXOC2,-0.00045124920456301
EXOC3,0.00080938649179677
EXOC3L1,-0.0134731498548972
EXOC3L2,-0.00854189584582009
EXOC3L4,-0.0381129439911365
EXOC4,0.00254021868344342
EXOC5,1.84605978565961E-05
EXOC6,0
EXOC6B,0.00592078842721589
EXOC7,-0.000526825902371347
EXOC8,7.75318576553157E-05
EXOG,0
EXOSC1,0
EXOSC10,0.000527615104129345
EXOSC2,0.00690529599743192
EXOSC3,0.0013947973089253
EXOSC4,0.00338580219809114
EXOSC5,0.00956353019138314
EXOSC6,0
EXOSC7,0.000490922642652262
EXOSC8,0.00083330067958884
EXOSC9,-0.00636447086789134
EXPH5,-0.0196011782784209
EXT1,0.00301370385949868
EXT2,0.000530490631622103
EXTL1,0.00673782537356542
EXTL2,-0.00384578666672549
EXTL3,0.00191762809983681
EYA2,0.0266021802852672
EYA3,0
EYA4,-0.0175395783184593
EYS,0.00247729703991885
EZH1,-0.00488538393799763
EZH2,-0.00794646387734204
EZR,-0.00251882668297023
F10,0.00512720016499519
F11R,-0.00761715750235851
F12,-0.00549273925006504
F13A1,0.0794317200593516
F2R,0.00732883138638948
F2RL1,0
F2RL2,-0.014212561950788
F2RL3,0.00608023711538329
F3,0.00918967738821294
F5,0
F8,0.00169789257982279
F8A1,-0.00234970096680454
FA2H,0.0184545225708325
FAAH,-0.00541047329969175
FAAH2,-0.00716916238287901
FABP2,-0.00693180141190468
FABP3,0.0281169577980818
FABP4,0.0429533053417232
FABP5,0.0143536977535849
FABP5P3,-0.00349530639849113
FADD,-0.00152831350743347
FADS1,0.017858072115769
FADS2,0.0156328697990624
FADS3,-0.00174560937534569
FAF1,0.00408955477129636
FAF2,0.000916111368715544
FAH,0.00289972934854335
FAHD1,0.00606307136515171
FAHD2A,0.00348934381513414
FAHD2B,0.004383589243899
FAHD2CP,0.00314184779475233
FAIM,0.00647488962750997
FAIM2,0.022902876241139
FAM102A,0.00447777909425871
FAM102B,0.0021391885797673
FAM104B,0.00636410124507161
FAM106A,0.00322969131884393
FAM107A,-0.0135499376774515
FAM107B,-0.010182936187687
FAM110A,0
FAM110B,0.0185840524926312
FAM111A,-0.00605296262978304
FAM111B,0.027668538118884
FAM114A1,-5.99069725152254E-05
FAM114A2,0.000646790469619092
FAM117A,-0.00347707416656572
FAM117B,-0.000722050720367588
FAM118A,-0.00687429222699461
FAM118B,0.00242622532733983
FAM120A,0.00312277170446857
FAM120AOS,-0.00462426040482586
FAM120B,0.00202905676174656
FAM120C,0
FAM124A,-0.0267390051527955
FAM124B,0.0237738240861687
FAM126A,0.0114857148207156
FAM126B,-0.00599878443761773
FAM131A,0.00435683174790886
FAM131B,0.00756414891263924
FAM131C,0
FAM133B,0.00131793827565921
FAM133DP,-0.00638398230238929
FAM135A,-0.0118328056282387
FAM135B,0.0194090882189615
FAM136A,0.00490407075087054
FAM138A,-0.00454359126637854
FAM138B,-0.00218268498285766
FAM138D,-0.00245121326566602
FAM138E,-0.0037402207333453
FAM138F,-0.00208123107177036
FAM13A,0.00547123440609329
FAM13B,0
FAM149B1,-0.000793933607967744
FAM151A,0.0100032046277321
FAM151B,0.00306662644640442
FAM156A,0.00367319942242815
FAM156B,0.00804670932912066
FAM157A,-0.00857724268334429
FAM157B,-0.0130197875712426
FAM161A,0.00291012159213307
FAM161B,0
FAM162A,0.00339533667771193
FAM166A,0.00306454276750518
FAM166B,0
FAM167A,-0.00170827186119633
FAM167B,-0.00371760251113496
FAM168A,-0.00678921971025104
FAM168B,0.01021555875858
FAM169A,-0.00328749381276762
FAM169B,-0.00344706048606056
FAM171A1,-0.00437882435071152
FAM171A2,0.00286258826065577
FAM171B,0.00328709618603986
FAM172A,0.009922434115454
FAM172BP,-0.00105047532138481
FAM174B,0.0073658978619374
FAM177A1,-0.0126079491127852
FAM177B,0
FAM180B,0.0101654985817468
FAM182A,0.0074261480961994
FAM184A,0.00979340039786918
FAM184B,0.00335792140933584
FAM185A,0.00270883549629189
FAM186A,0
FAM186B,-0.0058490697805991
FAM187B,0.00315745544536851
FAM189A1,0
FAM189A2,0.00959298301910208
FAM189B,-0.00603979494953686
FAM193A,0.00043314528048731
FAM193B,-0.00177537351365752
FAM199X,0.00267956268480826
FAM200A,0.00107763754113242
FAM200B,0.00110816337767386
FAM201A,0.00995095853471443
FAM204A,0.00110802391209959
FAM205A,-0.00505778284122044
FAM209A,-0.0039734373624758
FAM20A,-0.00877105439888153
FAM20B,0.00169615110253105
FAM20C,0.00517666712988146
FAM210A,0.007030004906457
FAM210B,-0.00235972526766955
FAM214A,0.00295567492169805
FAM215A,-0.00452957297978377
FAM216A,0.00974397525178484
FAM216B,0
FAM217B,-0.00254956304784562
FAM218A,-0.00811084181086863
FAM219A,-0.00192396618122141
FAM219B,0.00260185975812854
FAM21EP,-0.00654354679342922
FAM220A,-0.00157274245330192
FAM221A,0.000863970052441684
FAM222A,0.0123980787173738
FAM222B,-0.00496349090421438
FAM223A,-0.00406923924970525
FAM223B,-0.00406923924970525
FAM224A,0
FAM224B,-0.00415267112764259
FAM225A,-0.0142464774458255
FAM225B,-0.00622314904409122
FAM227B,-0.00281675045895413
FAM228A,-0.00784817822304354
FAM229A,-0.00398743083830316
FAM229B,-0.0021140368610452
FAM24B,0.0010291885929472
FAM27C,0.00595021326336307
FAM27E3,0
FAM32A,0.000382448114577762
FAM3A,0.00178418520946909
FAM3B,-0.0111510776515073
FAM3C,-0.00164527738513761
FAM3D,0.00804312152532525
FAM43A,0.00169362277037849
FAM47E,0
FAM50A,0.00253071254102729
FAM50B,0.00165887797391246
FAM53A,-0.00523004997930527
FAM53B,-9.41255357745245E-06
FAM53C,-0.0029575407627185
FAM66B,0.0106886347431165
FAM66D,0
FAM66E,-0.00225872987203137
FAM72A,-0.00816936740090404
FAM72B,-0.00443593307604942
FAM72C,0.0046993403944132
FAM72D,-0.00505057749181418
FAM74A4,0
FAM76A,0.00285761137277576
FAM76B,-0.00393106352168448
FAM78A,0.00548292153976875
FAM78B,-0.0190474375314447
FAM81A,0.00824775848416863
FAM83A,-0.00317872974223023
FAM83B,-0.00573827661149576
FAM83D,0.010975962110108
FAM83E,-0.00325768846488842
FAM83F,0
FAM83G,-0.00644504152259163
FAM83H,0.00499260348782209
FAM86B1,0.0107170888998716
FAM86B2,0.00766984154391839
FAM86B3P,0.00786531683129044
FAM86C2P,0.00457730244140063
FAM86DP,0.0134104335111019
FAM86EP,0.0152995833896258
FAM86FP,0
FAM86HP,0.00271793346367423
FAM86JP,0.00504517588595579
FAM87B,0
FAM89A,0
FAM89B,0.00662215940968051
FAM8A1,-0.00689488019643969
FAM90A1,0
FAM91A1,0
FAM95A,-0.00158905041195083
FAM95B1,0.0213430419235462
FAM98A,0.00974414937007266
FAM98B,-0.000664586027727269
FAM98C,0.00369141259338316
FAM9A,-0.00295919759542981
FAN1,0.00425500386317551
FANCA,0.00393482692276679
FANCB,0.0101708462359398
FANCC,0.00152882200222783
FANCD2,0.000437682943039324
FANCE,-0.00198488887458836
FANCF,-0.00189473574064159
FANCG,0.000892017175185628
FANCI,0.0031267096732692
FANCL,-0.00494750805962959
FANCM,0.00213759380718876
FANK1,0.00759936912116959
FAP,-0.0132980240563228
FAR1,0.0002130349093937
FAR2,0.0154214035143555
FAR2P1,0.0061600627198063
FAR2P2,-0.00459583445820291
FARP1,0.0176310962831664
FARP2,-0.00561171865590623
FARS2,0.00336942135836661
FARSA,0.00864082686549997
FARSB,0.00959967446970896
FAS,-0.014191966028881
FASLG,-0.0126116673327238
FASN,0.0193797792276132
FASTK,0.00546330891847703
FASTKD1,0.00718097503938684
FASTKD2,0.00580323138719441
FASTKD3,0
FASTKD5,0
FAT1,0.0108064964299284
FAT2,0.00508522536593213
FAT3,-0.00936072020452717
FAU,0.00263758930064312
FAXDC2,-0.000980537573272175
FBF1,-0.000283952777809666
FBL,0.00425792404706746
FBLIM1,0.00324167374850042
FBLN5,0.0191505043869125
FBN1,-0.010693225669186
FBN2,0.0108419270499504
FBP1,0.0162725035552085
FBRS,-0.00166253537066714
FBRSL1,0.00270219492317566
FBXL12,-0.0033892828369537
FBXL16,0.00473028091152694
FBXL17,0
FBXL18,0.00128000262702703
FBXL2,-0.00543228108677064
FBXL20,-0.00196280928330659
FBXL22,0.0100657100152505
FBXL3,-0.00454096040469646
FBXL4,0.00214267128842619
FBXL5,-0.00256992030088216
FBXL6,0.00309407606098681
FBXL8,-0.00246672960118127
FBXO10,-0.00366504747200279
FBXO11,-0.00110510409546334
FBXO16,0.0246958913327052
FBXO17,0
FBXO2,-0.0118612156328562
FBXO21,0.00292435438928018
FBXO22,0
FBXO24,-0.00496407698380637
FBXO25,0
FBXO28,0.00145243892988746
FBXO3,0.00202626078729935
FBXO31,-0.00109416497861566
FBXO32,-0.0136134681675216
FBXO33,0.00321889785632021
FBXO34,-0.00200251026246415
FBXO36,0.00749944203584208
FBXO38,0.0039065807547325
FBXO39,-0.0143779457103262
FBXO4,0.00107487293058238
FBXO40,0
FBXO41,0.00886396862206553
FBXO42,-0.00128064915311609
FBXO43,0.00689368880216732
FBXO44,-0.0039463538838072
FBXO45,0.00496275027626811
FBXO46,-0.000202350359978384
FBXO47,-0.00333184579366557
FBXO48,-0.00237305700942004
FBXO5,0.000176969541357536
FBXO6,-0.0153151702624277
FBXO7,-0.00812418108044725
FBXO8,-0.00455758758601243
FBXO9,-0.000176686669727052
FBXW10,-0.00315970582417299
FBXW11,0.00308611845874941
FBXW2,0
FBXW4,-0.00695931351874857
FBXW5,-0.00430069085055589
FBXW7,-0.00255833831784107
FBXW8,0.0102777769052707
FBXW9,0.0120469835019829
FCAMR,-0.00789135094590954
FCAR,-0.0130853674153088
FCER1A,0.0327300663818423
FCER1G,-0.00437848546224475
FCER2,0.0424096228335195
FCF1,0.00584966160312472
FCGBP,0.0237035736542217
FCGR1A,-0.0236266811344184
FCGR2A,0.00879291430910002
FCGR2B,0.0261557210067974
FCGR2C,0.0124854309119985
FCGR3A,0.00990917401781173
FCGR3B,0.00268387308910614
FCGRT,0.00620942626028728
FCHO1,-0.00149540297490974
FCHO2,0.00608190988183077
FCHSD1,-0.00807344025904216
FCN1,0.0103500504746883
FCRL3,0
FCRL6,-0.00945893630411072
FCRLA,0
FCRLB,0.02401511437622
FDFT1,0.00427902265798967
FDPS,0.00982761010637707
FDPSP2,-0.00501840769552168
FDXACB1,0.00671965217605521
FDXR,0
FECH,0.0043457064444757
FEM1A,0.00331382475620599
FEM1B,0.00315851132886332
FEM1C,-0.00541431203655617
FEN1,0.00687779019585417
FENDRR,0.00236144528379535
FER,0
FER1L4,-0.00588304951678344
FER1L6,0.0063617526830002
FERMT1,0.00658838504946296
FERMT2,-0.0180300684810021
FERMT3,0.00682330838093325
FES,0.0062774372127722
FEZ1,-0.00587743396535101
FEZ2,0.00120826608905556
FEZF2,0.00881942064216001
FFAR2,-0.015991351093922
FFAR3,0.0155636000260923
FFAR4,0.0169201846531703
FGD1,0.00759338753068691
FGD2,-0.00126880556797572
FGD3,-0.0053902109426386
FGD4,0.0115024488309715
FGD5,0.0211056203583464
FGD5P1,-0.0046225602081683
FGD6,-0.00178868888857589
FGF1,-0.0079540136347381
FGF11,0.00191951490715982
FGF13,0
FGF19,-0.00214755300961247
FGF2,-0.0077787007523502
FGF5,0
FGF7,-0.00603115143661941
FGF8,-0.00381856798339387
FGFBP3,0.0099188466512158
FGFR1,0.0121653000387359
FGFR1OP2,-0.000688077317330147
FGFR2,-0.00375241808370324
FGFR3,0.00820696133939737
FGFR4,-0.00689864585368716
FGFRL1,0.00885754906404448
FGGY,0.00179342164872078
FGL1,0.0144185161701677
FGL2,0
FGR,0.00532424728147415
FH,0.00993847883490198
FHAD1,-0.00809954490034033
FHDC1,-0.00283723485173059
FHIT,0.00220361781516934
FHL1,0.0221317891147873
FHL2,0.00955333245647683
FHL3,0
FHOD1,0.0147505533548985
FIBP,0.00130378492671559
FICD,0
FIG4,0.00156399903733923
FIGNL1,-0.00186980921181571
FIGNL2,-0.00339665618093431
FILIP1L,-0.00686263431774868
FIP1L1,0
FIRRE,-0.00859506380678523
FIS1,0.00782508604360478
FITM1,-0.00531483675761149
FITM2,0.0119314181985326
FIZ1,0
FJX1,0.00795235300947131
FKBP10,0.00488139747092859
FKBP11,-0.00181057205876415
FKBP14,0.00587938736000922
FKBP15,-0.000724559331397588
FKBP1A,0.0105889747006711
FKBP1AP1,-0.00191938801494066
FKBP1B,-0.00645075000743798
FKBP2,0.00442678971058241
FKBP4,0.00453627318504511
FKBP5,0.00338475130631161
FKBP6,-0.00284743172084877
FKBP7,0.0134414927972575
FKBP8,0.00313392711046254
FKBP9,0.00289546111372328
FKBPL,-0.00967376638757876
FKRP,-0.00401830007494405
FKTN,0.00452552431101407
FLAD1,-0.00215905025393644
FLCN,-0.00145158070432059
FLG2,-0.00404722285742843
FLI1,0.00450125105265701
FLII,0.00113956092317183
FLJ13224,-0.00984989269284952
FLJ20021,-0.00220318037176815
FLNA,0.00754963079462283
FLNB,0.00424303891005513
FLNC,0.00452221959322419
FLOT1,-0.014266001447645
FLOT2,-0.00812567591596771
FLRT1,-0.00457513253590174
FLRT2,0.00466130233589125
FLRT3,0.00199489432074408
FLT1,0.0130337503440608
FLT3,-0.0242109662033097
FLT3LG,-0.0085654889385373
FLT4,-0.0147583592665287
FLVCR1,0.00111484411816365
FLVCR2,0
FLYWCH1,0
FLYWCH2,0.00623104677999779
FMN1,0
FMNL1,-0.00434182183960015
FMNL2,-0.00684960437402658
FMNL3,0.00016752617265348
FMO1,0.00598113901230447
FMO2,-0.00237554502659713
FMO4,0.00246254216478863
FMO5,-0.00373822695049294
FMOD,0.00519021417437729
FMR1,-0.00323577763973097
FN1,0.0164441371928652
FN3K,0.0115517737893991
FN3KRP,0.00280364809407382
FNBP1,-0.0046050399638127
FNBP1L,0.00764026645616464
FNBP4,-0.00440695746081525
FNDC1,0.00625612924132908
FNDC3A,-0.000422976491096564
FNDC3B,0.00144483460012012
FNDC4,0.00280360660540887
FNDC5,0.0172587021951393
FNIP2,-0.00272824336996752
FNTA,-0.00224773618409459
FNTB,0.00457563778319707
FOCAD,0.0120684661309182
FOLH1,-0.00518051810454733
FOLR1,0.00469190082763485
FOLR2,0.00987972958803311
FOLR3,-0.00919781867752792
FOS,0.0129183588304105
FOSB,0.00812138866931946
FOSL1,0
FOSL2,0.00140464506816291
FOXA1,-0.0021167511207232
FOXA2,-0.00163986837249309
FOXA3,-0.0029002176508691
FOXC1,-0.00502848696602905
FOXD1,-0.00460564796644873
FOXD3,-0.00985064357809777
FOXD4,-0.00571459400607131
FOXD4L1,-0.00496395958799079
FOXD4L5,-0.0111697149350777
FOXD4L6,-0.0024447547306068
FOXE1,-0.00259360722562623
FOXF1,-0.0151408270988856
FOXG1,-0.00282232124849808
FOXH1,0.00634944057238042
FOXJ2,-0.00329228940109679
FOXK1,-0.00164152565572292
FOXK2,0.00262084192677111
FOXL2,-0.00612457677614156
FOXL2NB,-0.00487849037479597
FOXM1,0.0125087069546184
FOXN2,-0.0120025500693362
FOXN3,0.00170118867998156
FOXO1,-0.00346162219110629
FOXO3,-0.00513617646030074
FOXO3B,0.00370360923079442
FOXO4,-0.00407912495158406
FOXO6,0
FOXP1,0
FOXP2,-0.0071020110834364
FOXP3,-0.00596915145710515
FOXP4,-0.0016824380184264
FOXQ1,0.0432171706413769
FOXRED1,0.00442188361515696
FOXRED2,0.0135299358962553
FPGS,-0.00324810568720617
FPGT,0
FPR1,-0.0101144663735156
FPR2,-0.0236777358049072
FPR3,-0.00261007510701439
FRA10AC1,0
FRAS1,-0.00672146834383089
FRAT1,-0.00848311352533162
FRAT2,0.00264564882781054
FREM1,0.00302300958309512
FRG1,0
FRG2,0
FRG2C,-0.00309808587035225
FRK,-0.00173428317222933
FRMD1,0.00232878851252019
FRMD3,-0.0114131793846314
FRMD4A,0.021764731531551
FRMD4B,0.010319787326311
FRMD5,0.00218846394621921
FRMD6,0
FRMD8,0
FRMPD1,-0.00338677629872968
FRMPD2,0.00396412124837719
FRRS1,-0.0028479994520052
FRS2,-0.00357255383390256
FRS3,0
FRY,0.00541023903026264
FRYL,-0.00183623867757382
FSBP,0.00709815850866835
FSCN1,-0.0132277674949202
FSD1,-0.0105282399331616
FSD1L,-0.00637871636421331
FSIP1,0
FSIP2,-0.00327165103016041
FST,0.00703807697138741
FSTL1,-0.0124605911533524
FSTL3,-0.00561764306770396
FTCDNL1,0.00835011376797835
FTH1,-0.00843144398006426
FTH1P3,-0.00723681915520252
FTL,0.00616662156828928
FTLP10,-0.00691867218644765
FTMT,-0.00381266526683219
FTO,0.00368617228870718
FTSJ1,0.00317014472571755
FTSJ3,0.0023667049633597
FTX,-0.00304319551402809
FUBP1,-0.00256302843160165
FUBP3,0.00477402024445632
FUCA1,0.0134465155913314
FUCA2,0.00143765022413493
FUNDC1,-0.00145467883634769
FUNDC2,0.00118674328166502
FUOM,0.00396033752916811
FURIN,0.0041324958089331
FUS,0.00258616646275654
FUT1,-0.00326159194375447
FUT10,0.00184321885337156
FUT11,0.00221593437545772
FUT2,0
FUT3,-0.00411596705850136
FUT4,-0.00908677152815116
FUT6,0.00484799354616199
FUT7,0
FUT8,0.00424996129287513
FUT9,0.00889773475166221
FUZ,0.0015557178522411
FXN,0.0105077090090635
FXR1,-0.00119615796959175
FXR2,-0.00396141436032395
FXYD1,0.00425092962508668
FXYD2,0.00580925169211998
FXYD3,0
FXYD5,0.00693264520825199
FXYD6,-0.0035580508310711
FXYD7,0.0073455044066629
FYCO1,0.0010186736954895
FYN,0
FYTTD1,-0.00569830857595138
FZD1,-0.00502885619118919
FZD2,0.00938214311593144
FZD3,0.0100024881632197
FZD4,-0.0128601567753275
FZD5,0.00443470862016873
FZD6,-0.00692876602788048
FZD7,-0.00756969008926581
FZD8,0.0027413354276002
FZD9,0.00416845384299182
FZR1,-0.00206421143760708
G0S2,-0.0214755337843969
G2E3,0.00357231334606595
G3BP1,0.00429159864838962
G3BP2,-0.00369443418523085
G6PC3,0.00326653027100049
G6PD,0.00904464786635852
GAA,0
GAB1,-0.00120501426763387
GAB2,-0.00192925741809868
GAB3,-0.000150733326610242
GABARAP,-0.00039796283283975
GABARAPL1,-0.0062719262412048
GABARAPL2,0.00152997951782949
GABBR1,-0.0114219282946992
GABBR2,0.00667181995566495
GABPA,0.00352545935574226
GABPB1,-0.004061887002512
GABPB2,0.00168872182212944
GABRA2,-0.00301195490712275
GABRA4,0.00408935094562884
GABRR2,-0.00501906857524102
GAD1,-0.00752980916920358
GADD45A,0.00538048611060215
GADD45B,-0.015030556428572
GADD45G,-0.0127677543106666
GADD45GIP1,0.00629743526525607
GAGE1,-0.00424661865336666
GAK,-0.00139325239931294
GAL3ST1,-0.00281098883922032
GAL3ST2,0
GAL3ST4,0.0109845751500499
GALC,0.00594545673986361
GALE,0.00652518005147195
GALK1,0.00524657023055353
GALK2,0
GALM,0.0068797500331956
GALNT1,0.010284182732221
GALNT10,0
GALNT11,0.00748386902891862
GALNT12,0.011172664327259
GALNT13,-0.00204205640814178
GALNT14,0.0228469577065697
GALNT15,-0.0120012501464291
GALNT16,-0.0125018816665421
GALNT18,0.0402642613292747
GALNT2,0.00270507600282329
GALNT3,-0.0171557912186446
GALNT4,-0.00634112954643956
GALNT6,0
GALNT8,-0.0102194605576819
GALR1,0.00298119878246716
GALR2,0
GALT,0.00111104620566918
GAMT,0.0148535360188542
GAN,0.00674367079259143
GANAB,0.00404287568167834
GAPDH,0.00627620957016858
GAPT,0.00378619076797077
GAPVD1,0.00240244751011041
GAR1,0.00935942866796343
GARNL3,0.00858500860491022
GART,-0.00847503917997595
GAS1,0.00524458403325789
GAS2L1,0.00376183056647783
GAS2L1P2,-0.00216118361428561
GAS2L3,0.0249196774924031
GAS5,0.00200975421314648
GAS6,0.0145348439383542
GAS7,0.00307803302974332
GAS8,0
GATA2,-0.00548550520821135
GATA3,0
GATA4,-0.00292704859134534
GATA5,-0.00458122831068114
GATA6,-0.00327724006147144
GATAD1,-0.00267443990145118
GATAD2A,0.00358910942529352
GATAD2B,-0.00507607311657107
GATC,0.00101772977121703
GATM,0.0268486637632385
GBA,-0.00116594846630958
GBA2,0.000790221633758946
GBA3,0
GBAP1,0.00689110745437198
GBE1,0.00318013088532705
GBF1,0.000729586633373892
GBGT1,-0.00295136755558592
GBP1,-0.0414845014484374
GBP1P1,-0.0573768649248917
GBP2,-0.0220499548112749
GBP3,-0.0263573387282783
GBP4,-0.0453359230861509
GBP5,-0.0568304971592509
GBP6,-0.0395777614764058
GBP7,-0.0379642584183172
GCA,0.00141512217252026
GCAT,0.00404638391863068
GCC1,-0.00596302670710462
GCC2,-0.0073676780938915
GCDH,0.00510865569653671
GCFC2,0.0031681377072626
GCGR,-0.00172548371492053
GCH1,-0.0359599422763451
GCHFR,-0.00616916149715594
GCKR,-0.00523801794545053
GCLC,-0.00156683850665968
GCLM,-0.00543835719043413
GCNT1,0.00276436755600063
GCNT2,-0.00407250084958468
GCNT3,0.007777317005496
GCNT4,-0.0127618338461908
GCOM1,0.0179567237413304
GCSAM,-0.0104153994537854
GCSAML,-0.00388183159174094
GCSH,0.0167276026372442
GCSHP3,0.00313269023245867
GDA,0.00383444330345919
GDAP1,0.000661266138354072
GDAP2,-0.000816657371462687
GDE1,-0.000241049767466767
GDF1,0.00456197706726522
GDF11,-0.000671294547229177
GDF15,0
GDF6,-0.00246102571440589
GDI1,-0.0024755732563546
GDI2,0.00321642910012294
GDNF,-0.00356706008303317
GDPD1,-0.000240068065615725
GDPD2,-0.00230030938656476
GDPD3,-0.00165057216523423
GDPD4,0.0154003212302794
GDPD5,0.00321462458188922
GDPGP1,0
GEM,0
GEMIN2,-7.54936626394712E-05
GEMIN4,0.00705785851658959
GEMIN5,0.00319266144007136
GEMIN6,0.00464567866966502
GEMIN7,-0.00184919943187394
GEMIN8,0
GEMIN8P4,0
GEN1,0.00391763281724799
GFER,0.00131357112725863
GFM1,0.00794619668037901
GFM2,0.00299308212567263
GFOD1,0.0149286020943057
GFOD2,0.0019340070094993
GFPT1,0
GFPT2,-0.0153632759685387
GFRA1,0
GFRA2,0.0209598087257032
GFRAL,-0.00445432392142249
GGA1,0.00210997070501377
GGA2,0.00365076264328951
GGA3,0.000899971372439101
GGACT,0.00203644190698792
GGCT,0.0105959417724413
GGCX,0.000958326386590637
GGH,-0.00518608486529638
GGNBP2,-0.00220096706292755
GGPS1,-0.00388414458333949
GGT1,-0.00432525507081499
GGT3P,-0.00191740748391098
GGT5,-0.00144564348943463
GGT6,-0.00350077331945523
GGT7,-0.00279928990176856
GGT8P,0.00745718427774214
GGTLC2,-0.00305880932512098
GHDC,-0.000705034259782802
GHITM,0.00183117166481313
GHRL,0.000122392607748569
GHRLOS,0.00270907897636512
GID4,-0.00275976149117284
GID8,0.00358496953842827
GIGYF1,-0.00230179239192246
GIGYF2,0.00349567791366891
GIMAP1,-0.00105388859749874
GIMAP2,-0.00716655979651048
GIMAP4,-0.00735437202846843
GIMAP5,-0.0103692530737686
GIMAP6,-0.00522530124495807
GIMAP7,-0.0154357113455919
GIMAP8,-0.00805763104783576
GIN1,0
GINM1,-0.00265942676024776
GINS1,0.00576633900558961
GINS2,0.0132092017764781
GINS3,0.00152376986921341
GINS4,0.00505628187934571
GIPC1,0
GIPC2,0.00201206961219863
GIPC3,0
GIT1,0.00393022971455266
GIT2,0.00334237812055722
GJA1,0
GJA3,-0.0225107041173671
GJA4,-0.0315434514823939
GJA5,-0.00446560155003115
GJA9,-0.000309705191910499
GJB2,-0.0175860910705467
GJB3,-0.0118464035516652
GJB5,-0.0138299106488491
GJB6,-0.00505029839539803
GJB7,-0.00386563659454076
GJC1,0.00275273241463852
GJC2,-0.00796929089440475
GJD3,-0.0131284162560023
GK,-0.016111835405705
GK3P,-0.00347396546271317
GK5,0.00476931513386676
GKAP1,-0.00303898167360976
GLA,0.00208879573062894
GLB1,0.00153862606629838
GLB1L,-0.00031897515218877
GLB1L2,0.0207954208122638
GLB1L3,-0.00266895354462289
GLCCI1,0.0122985374928308
GLCE,0.00695913893441002
GLDN,0.00419762680652921
GLE1,0.00128091008447219
GLG1,0.000781666993770495
GLI1,0.0146147906795972
GLI2,0
GLI3,0.00315299497088157
GLI4,0.00123081262591795
GLIDR,0
GLIPR1,0.0201304751642513
GLIPR1L1,-0.00266769303496314
GLIPR2,-0.00650016288317957
GLIS1,-0.00559077629425534
GLIS2,0
GLIS3,-0.00544234634444916
GLMN,0.00505206119345499
GLO1,0.00186655615962641
GLOD4,0.00283152337642956
GLP1R,-0.00317661990829638
GLP2R,0.00556326616439573
GLRA1,-0.00351881813053481
GLRB,0.00607767992952903
GLRX,-0.00901027093957849
GLRX2,0.000942643749751605
GLRX3,0.00527280609603756
GLRX5,0.00644268178452727
GLS,-0.00318083098401283
GLS2,0.00399339475623524
GLT1D1,-0.0202425000774095
GLT8D1,0.00115789357911404
GLT8D2,-0.0027138284764255
GLTP,0.00189758596441009
GLTPD2,-0.00402383346748217
GLUD1,0.00416749475295814
GLUD1P3,0.00435189375333209
GLUD2,0.00374459570208357
GLUL,-0.00353595034328264
GLYAT,0.00874653173249881
GLYATL1,0.0158339198867835
GLYCTK,0.00209031330287263
GLYR1,0.00205296728243171
GM2A,0.00462217622331352
GMCL1,0.00685490171698441
GMDS,0.00118701242514808
GMEB1,0.00258389370890788
GMEB2,0.00117437696633236
GMFB,0.00233116780719184
GMFG,0.00391050577654311
GMIP,0.000643853465530467
GMNC,0
GMNN,0.00242930666680904
GMPPA,0.00195304311831658
GMPPB,0.00553223040065591
GMPR,-0.0235094429326521
GMPR2,0.00198729783780539
GMPS,0.00324862357339059
GNA11,0.00448636042009509
GNA12,0
GNA13,-0.00450179880846139
GNA15,0
GNAI1,0.00696482752830388
GNAI2,0.00198845172876703
GNAI3,0.00155124428239114
GNAL,0.00266849297678932
GNAQ,0.00642146509738994
GNAS,0.00417755957231741
GNAT1,0
GNAT2,0.00608185842060276
GNAZ,0.00116682974774806
GNB1,0
GNB1L,0.00929206915784543
GNB2,0
GNB3,0.00518736834880439
GNB4,-0.00387691764514601
GNB5,0.000376773351677192
GNE,0.00119881328249267
GNG10,0.00346468764619494
GNG11,-0.0184417156878881
GNG12,0.0215409831411907
GNG2,0.011723352761461
GNG3,-0.00397017536937246
GNG4,-0.00764126662780994
GNG5,-0.00114187904526883
GNG7,0.0065888925088315
GNGT2,-0.0058746477934895
GNL1,-0.00392751390673044
GNL2,0.00310836314063037
GNL3,0.00686586704083613
GNL3L,0.0044458352881024
GNLY,-0.0059214596968564
GNMT,0
GNPAT,0.000522708056167499
GNPDA1,0.00918394732805648
GNPDA2,0.0033443052199582
GNPNAT1,0.00472822789082177
GNPTAB,-0.00138289679653261
GNPTG,0.00233902719996777
GNRH1,0
GNRHR,0.00398488719021364
GNRHR2,0.00507856256315241
GNS,-0.00181609498914383
GOLGA1,0
GOLGA2,0.000747589780753889
GOLGA2P5,-0.00701650686998847
GOLGA2P7,-0.0027071101935972
GOLGA2P9,-0.0020365870641927
GOLGA3,0.0059718233559906
GOLGA4,-0.00160267037800677
GOLGA5,0
GOLGA6C,-0.00857883573560683
GOLGA6D,-0.00273178616206136
GOLGA6L1,-0.00202684726264025
GOLGA6L10,-0.00331401865838279
GOLGA6L17P,-0.00259375044406325
GOLGA6L22,-0.00370977959257759
GOLGA6L4,0
GOLGA6L5P,-0.00237878444611489
GOLGA6L6,0
GOLGA6L9,0
GOLGA7,-0.00104225970166809
GOLGA7B,0.0236143731461052
GOLGA8A,0.00272465376822347
GOLGA8B,0.00164634613284686
GOLGA8CP,-0.00248649481852028
GOLGA8F,-0.00164472614489441
GOLGA8G,-0.00338843537174749
GOLGA8H,-0.00950627386340763
GOLGA8J,-0.00352894143327879
GOLGA8K,-0.0103553015715336
GOLGA8M,0
GOLGA8N,0
GOLGA8R,0
GOLGA8T,-0.00704781666597168
GOLGB1,-0.00188135637683112
GOLIM4,0.00598518659574869
GOLM1,-0.00783569586104382
GOLPH3,-0.00177093500176602
GOLPH3L,-0.001236079902055
GOLT1B,0
GON4L,-0.00104529534452769
GOPC,-0.00281736223348709
GORAB,-0.00554454422780821
GORASP1,-0.00141636850196575
GORASP2,0.000872155949930824
GOSR1,-0.000486475367657563
GOSR2,0
GOT1,0.0047956283096925
GOT2,0.00684821987659646
GP1BA,-0.0171898506418081
GP5,0.00587211845711689
GP6,-0.00338084836789871
GPA33,-0.00910912249280309
GPAA1,0.00625013560952215
GPALPP1,0.00114309982348039
GPAM,0.00956717532427144
GPANK1,-0.00644270987331643
GPAT2,0.0193990990941982
GPATCH1,0.000870922788042502
GPATCH11,0.00670798375591067
GPATCH2,0.00116334019684434
GPATCH2L,0.00418681455728934
GPATCH3,-0.00339806599250964
GPATCH4,0.0118436429752611
GPATCH8,-0.00138537278270697
GPBAR1,-0.0166392687652803
GPBP1,-0.00849284640758847
GPBP1L1,-0.00456389593023576
GPC1,0.0163081864998983
GPC2,0.00143293727092857
GPC3,0
GPC4,0.00645602207085761
GPC5,-0.0162201132918278
GPC6,0.00938640623954574
GPCPD1,-0.00531774613958034
GPD1,0.0185700004635045
GPD1L,0.013707090982812
GPD2,-0.00454863561064208
GPER1,0.0125488195355436
GPHN,0.00282242096909118
GPI,0.00812967851716149
GPIHBP1,-0.00433702188317118
GPKOW,-0.00407045554872741
GPM6A,0.00537546539981006
GPM6B,-0.00640287962397187
GPN1,0.00157121053532443
GPN2,-0.00134795817464511
GPN3,-0.00171300567305995
GPNMB,0.00930004334749572
GPR107,-0.000950226729199021
GPR108,-0.00152686767271874
GPR12,-0.00566412385038282
GPR132,-0.0125909922073035
GPR135,-0.00506364071624604
GPR137,-0.00551136602165447
GPR137B,0.00297982246489668
GPR137C,0.00517573550742678
GPR141,-0.00102204371959241
GPR143,0.0174285178309815
GPR146,0.0157008683355456
GPR155,0.00850631314733646
GPR156,0.00549252457621662
GPR157,-0.0232325932059188
GPR160,0
GPR161,0
GPR162,-0.000224066513658705
GPR171,-0.0119613500838102
GPR173,-0.00593900543012942
GPR174,-0.00508000143431234
GPR176,0.000996024687015137
GPR179,-0.00338286839667794
GPR18,0.00447576621478043
GPR180,-0.00170297270845308
GPR182,-0.00596080748090628
GPR183,0.0233663297571409
GPR19,0.00189089439691764
GPR22,0.0005544492750245
GPR26,-0.0025169611190438
GPR27,0.0111061895270565
GPR3,0.0137294302529201
GPR31,-0.0200624007051569
GPR34,0.0379754990543921
GPR35,0.00929968507207736
GPR37,-0.000163924317021709
GPR37L1,-0.00393100267263724
GPR4,-0.0030390421255439
GPR45,0
GPR52,0
GPR55,0.0167459960044309
GPR63,-0.00427195877576676
GPR65,-0.00030764017093306
GPR68,-0.00456470563041108
GPR75,0.00279512304833535
GPR82,0.0203676606384834
GPR83,-0.00313545263306017
GPR84,-0.0161482233838632
GPR85,0.00323429308288722
GPR88,0.00378010056827986
GPR89A,0.0010792674134482
GPR89B,-0.00317900649874925
GPRASP1,0.00268229173283074
GPRASP2,0.00535768047695064
GPRC5A,-0.0123159778864395
GPRC5B,-0.000246031102872652
GPRC5C,0.00543144503859879
GPRIN1,0
GPRIN2,-0.00425873378266425
GPRIN3,0.0041207443308985
GPS1,0.00366512928681479
GPS2,-0.00173004366456803
GPSM1,0.00487361714140424
GPSM2,0.00843123419076126
GPSM3,-0.00336021035504775
GPT,0.00881810280064879
GPT2,0
GPX1,0.00467536257100609
GPX2,0.00243361209645365
GPX3,0.0101219745131973
GPX4,-0.00276949288419631
GPX7,0.00450470353666977
GPX8,0.00721168628884018
GRAMD1A,-0.0115240592951249
GRAMD1B,-0.0162906858720236
GRAMD1C,-0.0149021127894126
GRAMD4,0.0154536115137894
GRAP,-0.00285020949689679
GRAP2,0
GRAPL,-0.0032006793052305
GRB10,-0.012955980658677
GRB14,-0.00242556532651616
GRB2,-0.00211673349306476
GRB7,-0.00421399335200243
GREB1,0.00972258756029094
GREB1L,-0.00655122230534604
GREM1,0
GREM2,-0.00733565412378336
GRHL1,-0.00604526389387609
GRHL2,-0.00284189599405889
GRHL3,-0.00639080869688589
GRHPR,0.00640688154146376
GRIA3,-0.010297423171775
GRIA4,-0.00393839139540645
GRID1,0.00356010291082714
GRID2IP,-0.0112200325374533
GRIK1,-0.00781018903273678
GRIK4,-0.0216936795371423
GRIN1,-0.0161994333897125
GRIN2A,0.000477123122346019
GRIN2C,0
GRIN2D,-0.00628028314259505
GRIN3A,-0.0230311613617365
GRIN3B,0.00341760941284548
GRINA,-0.0086538517112201
GRIP1,-0.0132130348669468
GRIP2,-0.0211476691334617
GRIPAP1,-0.00345342319932607
GRK4,0.0105647019874657
GRK5,-0.0131449663961107
GRK6,0.00396540777828514
GRM1,-0.003031531946949
GRM4,0.00138728685200243
GRN,-0.00208556657248166
GRPEL1,0.00367134007705387
GRPEL2,0
GRPR,0.000442980086099603
GRSF1,-0.00466037759687979
GRTP1,0.002592301436746
GRWD1,0.00814313577911319
GRXCR2,0.00935134536954907
GSAP,-0.00369312132040282
GSDMA,0.0252300964586557
GSDMB,-0.0106116488893164
GSDMC,-0.00314120438789905
GSDMD,-0.0123876109675538
GSE1,0
GSG1,0.00369692142760368
GSG1L,0.00278573722096828
GSK3A,0.000641893541687128
GSK3B,0
GSKIP,0.0012115522084401
GSN,0.00568991806531303
GSPT1,0.00527939373381537
GSPT2,0
GSR,0.00511164935828652
GSS,0.000743090213577983
GSTA4,0.00309135608833686
GSTCD,0.00541216656908642
GSTK1,-0.00655862288575273
GSTM1,0.00999665658081284
GSTM2,0.0106705868137516
GSTM3,0.0025961705556256
GSTM4,0.00917144034443351
GSTM5,0.00381473224407181
GSTO1,-0.00126108632213969
GSTO2,0
GSTP1,0.00225135853960672
GSTT2,0.00437809027339832
GSTT2B,0.00556067623968625
GTDC1,0.00373526875168148
GTF2A2,0.00542742348772023
GTF2B,-0.00458733899271884
GTF2E1,-0.00120137559088688
GTF2E2,-0.00478532987793743
GTF2F1,0
GTF2F2,-0.00157218114441359
GTF2H1,-0.00207374295662523
GTF2H2,0.00628093588418636
GTF2H2C,0.00557278388810331
GTF2H3,-0.00289480301265259
GTF2H4,0.00550642029320253
GTF2H5,0.0019755829775155
GTF2I,0
GTF2IP1,-0.00354501917982344
GTF2IRD1,0
GTF2IRD1P1,-0.00449953818857747
GTF2IRD2,-0.00512321610851113
GTF2IRD2B,-0.00437171395740776
GTF3A,0.00404755559446625
GTF3C1,0.00283353710321004
GTF3C2,0.00414670104461077
GTF3C3,0.00128575083504244
GTF3C4,0.00184885726849186
GTF3C5,0.000926920592239802
GTF3C6,0.00331286517253531
GTPBP1,-0.0122516910643115
GTPBP10,0
GTPBP2,-0.00759111104988168
GTPBP3,0.00369450463400315
GTPBP4,-0.00342404271928479
GTPBP6,0.00309738257486021
GTPBP8,0
GTSE1,0.0141303733761902
GTSF1,-0.00348367612783811
GUCA1A,0.0395122606514593
GUCA1B,-0.00239431842131844
GUCD1,-0.000833955176076479
GUCY1A2,0
GUCY1B2,-0.027746507485257
GUCY2C,0.00715036368842996
GUCY2D,0
GUCY2EP,-0.00375315822935111
GUCY2F,-0.0204363601276162
GUF1,0.00869186381914257
GUK1,-0.0022456455266765
GULP1,-0.0033732749847384
GUSB,0.00383594296399305
GUSBP1,0.00302850248778701
GUSBP11,0.00223671933115284
GUSBP2,0
GUSBP3,-0.010749558471322
GUSBP5,0.00146922119642399
GVINP1,-0.0203930488286371
GXYLT1,-0.00157210701670807
GXYLT2,0.00646032655207402
GYG1,0.00244695300539359
GYPC,-0.0131491205187482
GYS1,0.00161326795589801
GZF1,0.00880286805027325
GZMA,-0.00500819805784789
GZMB,-0.0233654352360467
GZMH,-0.00860348585990355
H19,-0.00262893876088439
H6PD,-0.00227373967829398
HAAO,0
HABP4,0
HACE1,-0.000565851975657771
HACL1,-0.00099401489026087
HADH,0.0141397647894221
HADHA,0.0068816966236974
HADHB,0.00658315250383684
HAGH,0.00163355090251083
HAGHL,0.0154199231163809
HAL,-0.00393138263182723
HAMP,0.00924578005909143
HAND1,-0.0071026217739058
HAP1,-0.00897657587987603
HAPLN3,-0.0449232742047532
HAPLN4,0.00996812120798445
HAR1B,-0.00595306085771898
HARBI1,-0.00425714671176379
HARS2,-0.00120853385649409
HAS1,-0.0118849718017918
HAS3,-2.21041944343732E-05
HAT1,0.0051751983579571
HAUS1,-0.00106281859392339
HAUS2,0.00182368803530361
HAUS3,-0.0015431084692294
HAUS4,0.00292604855578555
HAUS5,0.00210939306061959
HAUS6,-0.000819979740824057
HAUS7,0.00509999935433359
HAUS8,0.0038204265170534
HAVCR1,-0.00672721307105835
HAVCR2,0.00242852174355177
HAX1,-0.00485028291939058
HBA1,-0.0051218814907756
HBD,0
HBEGF,-0.00446571303474621
HBG2,-0.00589100776843039
HBP1,-0.00685541515786991
HBS1L,0.00469350723210338
HCAR1,-0.00302761850333644
HCAR2,-0.0269467376914449
HCAR3,-0.0240538512234514
HCCS,0.00396303131489426
HCFC1,0
HCFC1R1,0.00722142794641561
HCFC2,0.00195531429174531
HCG11,0.0011768995591854
HCG18,0
HCG22,-0.00249059239938122
HCG25,-0.00429145542737377
HCG27,-0.00782592959968824
HCG4,-0.00276873606496581
HCG4B,-0.00126317016768013
HCG9,-0.00231669901302661
HCK,-0.00476637559921803
HCLS1,0.00485170132752685
HCN2,0.0121080100699673
HCN3,0
HCN4,-0.00179943234777631
HCP5,-0.0097425739662955
HCRTR1,0.0127032042875497
HCRTR2,0.0061624956744555
HCST,0.00880417900200901
HDAC1,0.00229022335461458
HDAC10,0.000915357475060605
HDAC11,-0.00492069840889842
HDAC2,0.00579480733739245
HDAC3,-0.000216441389588648
HDAC4,0
HDAC5,-0.00270291859667898
HDAC6,-0.00498436307207453
HDAC7,-0.000874934533782745
HDAC8,0
HDAC9,0.00807392705782034
HDC,-0.00851382348165277
HDDC2,0.00359561272444779
HDDC3,0.00232794320964648
HDGF,0.000795013498051762
HDHD3,-0.00799561475083796
HDLBP,0.00593494771273647
HDX,-0.0112941890503532
HEATR1,0.00854567175599119
HEATR3,0.00682553466437652
HEATR4,0
HEATR5A,0.00210286855166253
HEATR5B,0.0031200625894247
HEATR6,-0.00443638051822808
HEATR9,-0.0202098783742234
HEBP1,0.00140694641228083
HEBP2,-0.00853297675696249
HECA,-0.00318167222268218
HECTD1,0.00277876139361947
HECTD2,0.00669851780166785
HECTD3,0.00200796874481522
HECTD4,0.00268745138282743
HECW1,-0.00927482049008878
HECW2,0
HEG1,-0.00676174861226838
HEIH,-0.00551314326668834
HELB,-0.0135652799910111
HELLS,0.00354317341226418
HELQ,-0.000847390335660622
HELZ,0.00124774019358521
HELZ2,-0.0147186044257869
HEMK1,0.00558032417605652
HENMT1,0.0029107249076875
HEPACAM2,-0.00661242285100928
HEPHL1,-0.00209193035655949
HERC1,9.18764083793071E-05
HERC2,0.00548014636999302
HERC2P2,0.00364608291278918
HERC2P3,0.00443932998276819
HERC2P4,0
HERC2P7,0.00261224066294148
HERC2P9,0.0021483577809072
HERC3,0.00316274535504668
HERC4,-0.00333253735900424
HERC5,-0.017160142700731
HERC6,-0.0100378241206926
HERPUD1,-0.00451945305550423
HERPUD2,-0.00345439501476296
HES1,0
HES2,0.00786252479902515
HES4,-0.0188385885441301
HES6,0.0147886350571403
HES7,-0.0110231741143768
HESX1,-0.0238607609680617
HEXA,0
HEXB,0.00670496232259103
HEXIM1,-0.00689975939139835
HEXIM2,-0.00830360826732463
HEY1,0
HEYL,0.00388735774967789
HFE,0.00612779421338875
HGD,0.00536806374011779
HGF,-0.0152025610152549
HGFAC,-0.00376511191146975
HGS,-0.00106349098661456
HGSNAT,0.00814881611034236
HHAT,0.00146777013010913
HHATL,0.00258603696888327
HHEX,0.0136763252341088
HHIPL2,-0.00560899985510708
HHLA2,0
HHLA3,0
HIBADH,0.00540972541703005
HIBCH,0.00410617920359936
HIC1,-0.00648061105025834
HIC2,-0.00163122468537008
HIF1A,-0.00146585711390626
HIF1AN,0
HIF3A,-0.00299392028887451
HIGD1A,0.00114680915008244
HIGD1B,0.00524471856557681
HIGD1C,-0.00847459164513613
HIGD2A,0.00202258744397629
HIGD2B,0.002833456790826
HILPDA,0.00646455808756706
HINFP,-0.00520977299034487
HINT1,0.00053904775917626
HINT2,0.00417688608475435
HINT3,-0.00446569267454954
HIP1,0.00313338343207363
HIP1R,-0.00458959095028961
HIPK2,0.00527435408300402
HIPK3,0.0014203343148365
HIRA,-0.00156922578474854
HIRIP3,0.00323243032041153
HIVEP1,-0.0103741101297093
HIVEP2,-0.0205011440304655
HIVEP3,0.0190775122868988
HJURP,0.0157384846516683
HK1,0.0018985568489307
HK2,-0.00555248903263444
HK3,0.00587434263371035
HKDC1,0
HLCS,0.00299686650771736
HLF,-0.00468192411126229
HLTF,0.0064096501125216
HLX,-0.00480926108307593
HM13,0.00292470127434447
HMBOX1,-0.00139910066701224
HMBS,0.0140098648546413
HMCES,-0.00187938328335177
HMCN1,0.0103635168979392
HMCN2,-0.00517740335779942
HMG20A,0.00102060529412349
HMG20B,0.0017673583527601
HMGA1,-0.000788768964704838
HMGA2,0.0054419161752298
HMGB1,0.00332033140061642
HMGB2,-0.00161016843095344
HMGB3,0.000879228196767896
HMGCL,-0.00169422230970645
HMGCR,0.0116833156853673
HMGCS1,0
HMGN1,-0.00193518553568289
HMGN2,0.00368127221302082
HMGN2P46,-0.018610444481339
HMGN3,-0.00142892296959135
HMGN4,-0.00584242063266747
HMGN5,0
HMGXB3,0.000187034044034148
HMGXB4,0
HMMR,0.00526383429849884
HMOX1,0.00536214465696616
HMOX2,0.00656427673109833
HMSD,-0.0286579498910565
HNF1B,-0.00532221818574611
HNF4G,-0.00157660751516429
HNMT,0.00478876560894172
HNRNPA0,0.00288666417924321
HNRNPA1,0.00498277035651091
HNRNPA1L2,-0.00933881396319701
HNRNPA1P10,0.00432917266081595
HNRNPA2B1,0.000726261377855012
HNRNPA3,0.00317001700811302
HNRNPAB,0.00805879648894702
HNRNPC,0.000204419470258471
HNRNPD,0.00106557957355193
HNRNPDL,0.00244555014150075
HNRNPF,-0.000844258309274988
HNRNPH1,0.00281933896588114
HNRNPH2,0.00127550483736457
HNRNPH3,0
HNRNPK,0.00135372904238813
HNRNPKP3,-0.00269761378080529
HNRNPL,0.00097037900252105
HNRNPLL,0.0021698812053981
HNRNPM,0.00280029307675172
HNRNPU,0
HNRNPUL1,0
HNRNPUL2,0.000909307770620752
HOGA1,0
HOMER1,0
HOMER2,0.0251032721216699
HOMER3,0.00977531657068413
HOMEZ,-0.00155820875981624
HOOK2,-0.00443556735111646
HOOK3,0.00606175417800509
HOPX,0.00644299323237918
HORMAD1,-0.0115816356026305
HOTAIRM1,0
HOXA1,0
HOXA13,-0.00134923338683613
HOXA3,0
HOXA4,0.00839275712583407
HOXA5,0
HOXA9,0
HOXB2,-0.00600410565039302
HOXB4,-0.00323336007342345
HOXB6,0.00480316347702118
HOXB7,-0.00506307983355977
HOXB9,-0.00544022179300438
HOXD1,-0.00123644217958202
HOXD10,-0.00193542970151774
HOXD8,-0.00218679726649849
HP1BP3,0.0026478996756445
HPCAL1,0.00982580489379803
HPD,-0.0215495907488123
HPDL,0.00586859528840765
HPGD,0.0242638331328645
HPGDS,0.032524701235612
HPN,-0.0211770580814169
HPR,-0.00320202250577362
HPRT1,0.0044745777715989
HPS1,0.00113061705644865
HPS3,0
HPS4,-0.0036013212109013
HPS5,-0.00570472358932941
HPSE,0.00256152752343385
HPX,-0.0101725939722765
HR,0.0107966105909507
HRAS,0.00537074496125706
HRC,-0.00584371582740765
HRH1,0.00811023247904867
HRH2,0.0228273744149277
HRH4,0.0149480629194255
HRK,0.00152045243622995
HS1BP3,0.00216167106210338
HS2ST1,0.0120916755328328
HS3ST1,0.0174879689035433
HS3ST2,0.0321535335939411
HS3ST3A1,-0.0294148454270881
HS3ST3B1,-0.0303349670504715
HS3ST5,0.0111867613279705
HS6ST1,0.00803152150552506
HSBP1,0.00130777110506875
HSBP1L1,-0.00647013603660287
HSCB,-0.00501926051174895
HSD11B1,-0.0203963151339165
HSD11B1L,0.00654539673729219
HSD11B2,0.00472236083534593
HSD17B10,0.00393316944613111
HSD17B11,-0.00216767809703412
HSD17B12,0.00587957707325045
HSD17B13,-0.00641774954200571
HSD17B14,0.00415715361317723
HSD17B3,-0.0123020629371989
HSD17B4,0.00629113936864011
HSD17B6,0
HSD17B7,0.00296580278978475
HSD17B7P2,-0.00267609862111111
HSD17B8,0.000988089070793457
HSD3B1,0.011445109481539
HSD3B2,0.00959934577924813
HSD3B7,-0.00106606362462357
HSD3BP4,0.00330872367804086
HSDL2,0
HSF1,-0.000853305631923845
HSF2,0.00337818998986155
HSF2BP,0.00590521095083301
HSF4,0.00746820858639583
HSF5,-0.00444089587899597
HSFX2,0
HSH2D,-0.0282397909031141
HSP90AA1,0.00281925317242463
HSP90AB1,0.00691357124928732
HSP90B1,0.00983357294125486
HSPA12A,0
HSPA12B,0.00634386153266418
HSPA13,-0.00370543392327341
HSPA14,0.00378273919227013
HSPA1B,-0.00977323640300608
HSPA1L,0
HSPA2,-0.00651141660275316
HSPA4,0.00203521793094807
HSPA5,0.0103363818326753
HSPA6,0.00759508355056914
HSPA7,0.0135009291756714
HSPA8,0.00693611799026517
HSPA9,0.00217030740321866
HSPB11,-0.00348859194101861
HSPB6,0.00633827387732525
HSPB7,0.0175901464291562
HSPB8,0.00240087412766744
HSPB9,-0.00456304936866985
HSPBAP1,-0.0106528285623097
HSPBP1,0.0075754263312766
HSPD1,0.0107919456408914
HSPE1,0.0108129480164879
HSPG2,0.0284507803180444
HSPH1,0.0121694262010894
HTATIP2,-0.00451017336125013
HTATSF1,0.00171843589620281
HTATSF1P2,0.0067293010931031
HTR1D,0
HTR2A,0.00332097137492694
HTR2B,0
HTR3B,-0.00301009136146926
HTR6,-0.00337440023961283
HTR7,-0.00155488951613716
HTR7P1,0.00936121889956377
HTRA1,0.011242337979961
HTRA2,0.00120105348830874
HTRA3,0.0151651992929458
HTRA4,0.00596804874667683
HTT,0.00984999797205981
HUS1,0
HUS1B,-0.00538514326864084
HUWE1,0
HVCN1,-0.00552343797052572
HYAL1,0.0135399602919897
HYAL2,0.0102014863850251
HYAL3,-0.00210162577897515
HYAL4,-0.00460650650536634
HYDIN,0
HYI,0.00348750287649
HYKK,-0.00420053304681481
HYLS1,-0.00213081007637407
HYMAI,-0.0067872291207058
HYOU1,0.00413088586104536
HYPK,0.00462901603927526
IAPP,-0.00467006226012548
IARS2,0.00666247478808197
IBA57,0.00276466310440955
IBSP,-0.00687164414810738
IBTK,0.00285146707446559
ICA1,0.00231877258401103
ICA1L,0.00182289561240359
ICAM1,-0.0110886000604126
ICAM2,-0.00608980234670081
ICAM3,-0.0137884981732477
ICAM4,0.0147522865011676
ICAM5,0.00356741899721573
ICMT,0.00723079933899662
ICOS,-0.0102214304511533
ICOSLG,-0.00464390386613649
ID1,0.0132273549350645
ID2,0
ID3,0.0100661040168352
ID4,0
IDE,0.00291436749730008
IDH1,0.00649332094713979
IDH2,0.00405162844302054
IDH3A,0.00466156605967184
IDH3B,0.00288881476176258
IDH3G,0.00342464103657888
IDI1,0.00441489464192342
IDI2,-0.0036873257962046
IDNK,-0.00705435182286855
IDO1,-0.0500029826899779
IDO2,-0.048179012255971
IDS,-0.00394253647890007
IDUA,0.00291082355241835
IER2,-0.00221254408404651
IER3,-0.0131273490189201
IER3IP1,0
IER5,-0.00608263714239716
IER5L,0.0279066165061501
IFFO1,0.00348386175736534
IFFO2,0.00413143911777096
IFI16,-0.0072367341821318
IFI27,-0.0259518115650274
IFI27L1,-0.00996473278286892
IFI27L2,0.00341432288828394
IFI30,-0.00340058353438061
IFI35,-0.0186959303752667
IFI44,-0.01330634089735
IFI44L,-0.0247911311836725
IFI6,-0.0131664315434134
IFIH1,-0.0175503358547494
IFIT1,-0.0181385425564416
IFIT1B,-0.0179318860781985
IFIT2,-0.0240492248643841
IFIT3,-0.0244694667027895
IFIT5,-0.0120000939330331
IFITM1,-0.0328043670516994
IFITM10,-0.00027361339335895
IFITM2,-0.0155382669941663
IFITM3,-0.0221774472747195
IFNAR1,-0.00222112938550083
IFNAR2,-0.00336577741908944
IFNGR1,0.00660244174837296
IFNGR2,-0.00310995663485648
IFNK,-0.00338749330372685
IFRD1,-0.0131961461396674
IFRD2,0.0103853160393891
IFT122,0.00290693506573706
IFT140,0.00349577002451982
IFT172,0.00839996571314185
IFT20,0.000744102901445499
IFT22,0.00611345882405082
IFT27,0.00808710666347356
IFT43,-0.00199496901222226
IFT46,0.00157625469265878
IFT52,0.00164831611580521
IFT57,0.00347880120555343
IFT74,-0.00113567685669744
IFT80,-0.000648159158532334
IFT81,0.0016045772387601
IFT88,-7.54520125487508E-05
IGBP1,-0.00198323487134444
IGDCC4,-0.00360623718959321
IGF1,0.0185450470720188
IGF1R,-0.00277467629212893
IGF2,0.00216727321231442
IGF2BP1,-0.00613262862255578
IGF2BP2,0.00169957327773847
IGF2BP3,-0.0109296268164014
IGF2R,0
IGFALS,-0.00681176143066377
IGFBP2,0.00756168412923119
IGFBP3,-0.0182643265632896
IGFBP4,-0.0221731228924752
IGFBP5,-0.00193205679217991
IGFBP6,-0.0112357039023427
IGFBP7,-0.0115758119434028
IGFBPL1,-0.00350094836860679
IGFL3,0.00494531632800898
IGFLR1,-0.0075677764808762
IGFN1,0
IGHMBP2,-0.00171602971529909
IGIP,0.000810996781648776
IGLON5,-0.0059365943870796
IGSF10,0.0205215687504679
IGSF11,-0.00827251785703429
IGSF21,0.0170721454022927
IGSF22,0.00665252446087906
IGSF23,-0.0017119526793187
IGSF3,0.00344551388323955
IGSF5,-0.00313006372352402
IGSF6,0.00412993527707759
IGSF8,-0.00518898631508485
IGSF9,0
IHH,-0.00307847967118457
IK,-0.00245456434037574
IKBIP,0.00797636510066907
IKBKB,0
IKBKE,-0.00724492273817949
IKBKG,-0.00229062276335328
IKZF1,0.0025432278905876
IKZF3,-0.00621431071210195
IKZF4,-0.00571754173084495
IKZF5,-0.00186895102703092
IL10,0.0142011473510513
IL10RA,-0.00803545841217816
IL10RB,-0.00504256504831555
IL11RA,-0.000808405890349679
IL12A,-0.0225333492803144
IL12B,-0.0464569981035596
IL12RB1,-0.00756267603486552
IL12RB2,-0.00284431537521983
IL13RA1,-0.00745227718332449
IL15,-0.0252795636320093
IL15RA,-0.0290023980556103
IL16,0.017151135289266
IL17C,-0.0122737107310045
IL17D,0.0164285418523165
IL17RA,0.00170579544368732
IL17RB,0.0276942434175954
IL17RC,-0.00166907206940317
IL17RD,-0.00799994460931169
IL17RE,0.00503871471781101
IL18,-0.00657644855549138
IL18BP,-0.0128544803767265
IL18R1,0.00890928931266992
IL18RAP,-0.0126092611827223
IL19,0.0109489918642661
IL1A,-0.0263878045012555
IL1B,-0.00957217622164847
IL1R1,0.0165094822887007
IL1R2,0.0311895574279775
IL1RAP,0.0130739127346799
IL1RL2,0.0169020544650693
IL1RN,-0.000699684096304785
IL20RB,-0.00626824124339206
IL21R,0
IL22RA1,-0.00601501695001833
IL22RA2,0.0308296272426655
IL23A,-0.0256822679073158
IL23R,-0.00623654770745558
IL24,0.00573277085141228
IL27,-0.0407930147427129
IL27RA,0.00804553623758386
IL2RA,-0.0247566192681947
IL2RB,-0.00694696859889694
IL2RG,-0.00700909403574172
IL31RA,-0.0564780026624379
IL32,-0.0314375520141439
IL34,-0.00436274102628056
IL36B,0.00195683478941663
IL36G,-0.0210031877804899
IL36RN,-0.0102320527119746
IL3RA,-0.00718479213481369
IL4I1,-0.00979771116671493
IL4R,-0.00495359175574589
IL5RA,-0.00324536275610791
IL6,-0.0367509638794458
IL6R,0.000636732994489854
IL6ST,-0.00125256188707196
IL7,-0.0157028664787384
IL7R,-0.0209167392896874
IL9R,0.00696394731420327
ILDR1,-0.0159786136277927
ILDR2,0.00873857318061483
ILF2,0.00450847805808818
ILF3,0.00396070500268431
ILK,-0.0050199683802797
ILKAP,0.000788927984114284
ILVBL,0.00607175349193529
IMMP1L,0.00128433860747554
IMMP2L,0.00126975074198571
IMMT,0.0024002867352689
IMP3,0.00221996406225599
IMP4,0.00183865007061412
IMPA1,-0.00241639219661833
IMPA2,0.00464699285290181
IMPACT,0.00587558760329203
IMPDH1,0.00575661845989818
IMPDH2,0.00823072407086673
INA,0.00655286931606629
INCA1,-0.00194763701927109
INCENP,0.00508315807413211
INE1,-0.0049032696942779
INE2,0.00473273101942614
INF2,0
ING1,-0.00288820457911746
ING2,0.000590266514855213
ING3,-0.000961217905021686
ING4,-0.00313067227779919
ING5,0.000842147720646198
INHBA,-0.0304658563229594
INHBB,0.00320909963269494
INHBE,-3.74939747436574E-05
INIP,0.0048376247368288
INO80B,-0.00138344413854838
INO80C,0.00121552850813845
INO80D,-0.00298135872666902
INO80E,0.000925356631071818
INPP4A,-0.000252505732598046
INPP4B,0.00545304315795191
INPP5A,0.00842415378575812
INPP5B,-0.00257683212038267
INPP5D,0.00450086806599795
INPP5E,-0.000946598738278706
INPP5F,-0.0049114654679206
INPP5J,-0.0196186279964138
INPP5K,-0.00266182296693208
INPPL1,0.00143412938972634
INSC,0.00215975390309257
INSIG1,0
INSIG2,-0.0101405565346309
INSL3,-0.0191872418280881
INSM1,0.00167029249720088
INSM2,0
INSR,0.00101515017998998
INTS1,0.00276146691983364
INTS10,0.00329204179357302
INTS12,-0.00441260713006748
INTS2,0.00594830523638256
INTS3,0
INTS4,0.000299612541790185
INTS5,0.00207522326823584
INTS6,-0.00166754048696562
INTS7,0.000347384108728956
INTS8,0.00372411523649852
INTS9,0.0028583559245514
INTU,0.00474101980806782
INVS,-0.00258185195523777
IP6K1,0
IP6K2,-0.00173723380436888
IP6K3,-0.00795307288929389
IPCEF1,0.0112183619474907
IPO11,0.0045893872865377
IPO13,0.00389959777110614
IPO4,0.0150901270518997
IPO5,0.00668219845940033
IPO5P1,0.00303645095725532
IPO7,0.00457679194843784
IPO8,0.00408718698164505
IPO9,0.0015482667118487
IPP,-0.00298816109780063
IPPK,0.000622520299790324
IQCA1,-0.00231757438184337
IQCB1,-0.00137154015014528
IQCC,0.00834475715487192
IQCD,0.0105988756764565
IQCE,0.00372914273291113
IQCF3,-0.00706661471939599
IQCG,-0.00294949577783156
IQCH,0.00529348818680435
IQCK,0.00768137205491781
IQGAP1,0
IQGAP2,-0.00543428104770512
IQGAP3,0.0200907954612448
IQSEC1,0.00301716815109098
IQSEC2,-0.00281362485064342
IQSEC3,-0.00446488496406515
IQUB,-0.00678952999145288
IRAK1,0.00284442000689331
IRAK1BP1,0.00643318455391716
IRAK2,-0.0116597929099283
IRAK3,-0.00633439521531785
IRAK4,-0.00305671342309394
IREB2,0.00225297647076799
IRF1,-0.0304295021466868
IRF2,-0.00986587683864859
IRF2BP1,-0.00193787160939373
IRF2BP2,0.00244183952445861
IRF2BPL,-0.00231559296006834
IRF3,-0.00504240549295611
IRF4,-0.00319957900087974
IRF5,-0.00323630912832408
IRF6,-0.0206778281578975
IRF7,-0.0212779706711859
IRF8,-0.0104377746309113
IRF9,-0.00936997698408971
IRGM,-0.00555866905474628
IRGQ,0.00511586507766382
IRS1,0.00853441513654448
IRS2,-0.000437590199139591
IRX1,-0.0015735653054233
IRX2,-0.00396448485143969
IRX3,-0.00194446560210163
IRX6,0.00243657723694683
ISCA1,-0.00442998312143809
ISCA2,0
ISCU,-0.00339117089417742
ISG15,-0.0238592113028996
ISG20,-0.0338801504155936
ISG20L2,0.00335129134999488
ISL2,-0.0153875577535783
ISLR,-0.00586149948932757
ISLR2,-0.00623216428306763
ISM1,0.0200292521248703
ISM2,-0.00414644767521264
ISOC1,-0.00962845333287503
ISOC2,0.00643463983313329
IST1,-0.00566399420216204
ISY1,-0.00163656192479367
ISYNA1,0.0148266720564824
ITCH,0.00167592414003811
ITFG1,-0.00098313048380067
ITFG2,0.00378340798565303
ITGA1,-0.0193026459953226
ITGA10,-0.0219575205521554
ITGA11,0.0178696866126263
ITGA2,0
ITGA2B,-0.00373329094233892
ITGA3,0.0134731263439269
ITGA4,0.0123345101721609
ITGA5,-0.00394361517639307
ITGA6,0.00445330219180894
ITGA7,0
ITGA8,-0.00466520144474919
ITGA9,-0.00274032127491618
ITGAD,0.00653722336997028
ITGAE,0.00345207595303074
ITGAL,-0.0173332543807037
ITGAM,0.0133967036464971
ITGAV,0.0012892283820604
ITGAX,0.00945232746994149
ITGB1,0.00312128788443663
ITGB1BP1,0.00780959510895557
ITGB2,0.00474441278960161
ITGB3,0.00663790436631903
ITGB3BP,0.00298031644164886
ITGB4,0.00694214549827835
ITGB5,0.00705849639512713
ITGB6,-0.00106091471713078
ITGB7,-0.0192454013385629
ITGB8,-0.0128152680433964
ITIH1,-0.0256514270638146
ITIH3,-0.0207631138523917
ITIH4,-0.0234762628596811
ITIH5,-0.00737845027676177
ITK,-0.00980125407624923
ITLN1,-0.00619642644065801
ITM2A,0.00706603228281697
ITM2B,-0.00217770313058855
ITM2C,0.00812526346592774
ITPA,0.00293242644331148
ITPK1,0.00846320228074889
ITPKA,-0.0108617957678043
ITPKB,0.0138253457942714
ITPKC,-0.00623427184759742
ITPR1,0.00252763211344065
ITPR2,0.00536538637499342
ITPR3,-0.0161282509280249
ITPRIP,-0.0115151535708111
ITPRIPL1,0.0111571369336125
ITPRIPL2,-0.00183052091761728
ITSN1,0.0111051475959786
ITSN2,-0.00133187763510616
IVD,-0.00048391764758115
IVNS1ABP,0.0021895460257312
IWS1,0.000685481626604653
IYD,-0.00397623226954928
JADE1,0.00890353029820524
JADE2,-0.0123877232715947
JADE3,-0.0120293413046627
JAG1,0
JAG2,-0.00667759214355084
JAGN1,-0.00191939525022784
JAK1,-0.00374123092553526
JAK2,-0.015760535524966
JAK3,-0.0169487951778638
JAKMIP1,-0.00430047929428199
JAKMIP2,0.00187941820059712
JAKMIP3,0.00316465339919019
JAM2,0
JARID2,0.0041577537751674
JAZF1,-7.69376680502462E-05
JDP2,0
JKAMP,0.000916072644474126
JMJD1C,-0.00384059412376698
JMJD4,0.00316660338452056
JMJD6,0
JMJD7,-0.00841573796623911
JMJD8,0.00935437695938026
JMY,-0.00360730474466787
JOSD1,0
JOSD2,-0.00224728291412694
JPH1,0.00682093658645734
JPH4,0.00700424238001956
JPX,-0.00485161800852335
JRK,0.00946147044000021
JRKL,0
JTB,0.00172771331325543
JUN,0.00205752462613733
JUNB,-0.00463653836255638
JUND,-0.00446750149950748
JUP,-0.00649208060130531
KAAG1,0.00702510857456403
KALRN,0.00862305738387608
KANK1,0.00530355296317236
KANK2,0.0114879475146263
KANK3,0.0050555518519811
KANK4,-0.0107313433063291
KANSL1,-0.00257030960733054
KANSL1L,-0.00322473354568161
KANSL2,-0.00134706259679689
KANSL3,-0.00713490370713524
KANTR,0.00410558322447468
KAT2A,0.0145299957509929
KAT2B,-0.00196813660502066
KAT5,-0.00416152800390151
KAT6A,-0.00298662709744834
KAT6B,0.00155187176530497
KAT7,-0.00184046518133192
KAT8,0.00316337548977576
KATNA1,-0.001334833667757
KATNAL1,0.00104962420611522
KATNAL2,0.00597510172780032
KATNB1,0.0021502203989319
KATNBL1,0
KAZALD1,0
KAZN,0
KBTBD11,0.0139744288436135
KBTBD12,-0.00284636008692749
KBTBD2,-0.00286702356660927
KBTBD3,0.00384003048812673
KBTBD4,0.00145408005612808
KBTBD6,0.00581222144841657
KBTBD7,0.00346791704229448
KBTBD8,0.00698309555244576
KCMF1,0.000500876139320706
KCNA1,-0.00694971483625171
KCNA10,0.017819393112802
KCNA2,0.0201962990104009
KCNA3,-0.00529944795383981
KCNA6,-0.00566921014059833
KCNAB1,0.00652334770690023
KCNAB2,0.0129979932379031
KCNAB3,-0.0023103512141129
KCNC3,0.00734291566893721
KCNC4,0.00471430980355655
KCND1,-0.00707655945788252
KCNE1,-0.000223323835342007
KCNE2,-0.00341488424715454
KCNE3,5.72651885064097E-05
KCNE4,0.00140114122742005
KCNF1,0.00305603103894083
KCNG1,0.0060203260916326
KCNG2,0.00464041598966294
KCNG3,0.00252286712916855
KCNH3,0.00846177331992526
KCNH4,0.00473008143511005
KCNH7,-0.00353142541112393
KCNIP2,0.00264820034561476
KCNIP3,0.0111283225971073
KCNJ1,0.0169717703375444
KCNJ10,-0.0204719363295203
KCNJ11,0.0132980739553569
KCNJ14,0.00339671389443998
KCNJ15,-0.00950501122148455
KCNJ2,-0.00624449136949035
KCNJ3,-0.00525455684060662
KCNJ4,-0.00175722785812532
KCNJ5,0.0047675204983679
KCNJ9,-0.00556469886420015
KCNK1,0
KCNK10,-0.00367790660017897
KCNK12,0
KCNK13,0.00604778581349804
KCNK15,-0.000893528794393704
KCNK2,-0.00197263264853775
KCNK5,-0.0121696996321169
KCNK6,0.0119933093106629
KCNK7,-0.00266116626163406
KCNK9,-0.00457786959609816
KCNMA1,0
KCNMB1,-0.0105535855218986
KCNMB3,-0.0121026837772352
KCNMB4,0.00440718108266877
KCNN1,-0.0235288094174863
KCNN2,-0.0021212621645501
KCNN3,0.00372184286685267
KCNN4,0.00757754690856663
KCNQ1,0.000989669995085849
KCNQ1DN,-0.00504554524647981
KCNQ1OT1,-0.00159610459745322
KCNQ2,-0.00410843480625954
KCNQ3,-0.0269196542766481
KCNQ5,0
KCNS1,-0.00362443545030737
KCNS2,-0.00796532090783535
KCNS3,-0.0238053903773897
KCNT1,-0.00418961259741145
KCTD1,0.000412157572497957
KCTD10,0.00249829461714283
KCTD11,-0.00185221136487469
KCTD12,0.00406653850326652
KCTD13,-0.00293577810197031
KCTD14,-0.0403852798822704
KCTD15,0.0212410163273649
KCTD17,0.00111418432339838
KCTD18,0.00118544597769311
KCTD2,0
KCTD20,0.00592497555042273
KCTD21,0.00229554312675925
KCTD3,0.00350425143470763
KCTD4,-0.000656817650969658
KCTD5,0.00271044704250149
KCTD6,0.00575041072750838
KCTD7,0.0135069681026678
KDELR2,0.00581721936968426
KDELR3,0.00196335928319466
KDM1A,0.00138393105234049
KDM1B,0
KDM2A,-0.00400421008381409
KDM2B,0
KDM3A,0
KDM3B,0
KDM4A,-0.00407195555472616
KDM4B,0.00132121953930788
KDM4C,-0.00182429985694089
KDM4D,-0.0112448838838251
KDM5A,-0.0026984772287679
KDM5B,-0.00191474121296256
KDM5C,0.000360757067579086
KDM6A,-0.00732869058075466
KDM6B,-0.00293885732944432
KDM7A,-0.00107892509720452
KDM8,0
KDR,-0.0096675735069509
KDSR,-0.00388666451926095
KEAP1,-0.00431453838041423
KEL,0.0118734435878784
KHDRBS1,0.00331197085828792
KHDRBS2,0.00780632163320211
KHDRBS3,0.00438375628111248
KHK,0.00684144036137864
KHNYN,-0.00429739958338714
KHSRP,0.00553553752999882
KIAA0040,-0.00975922742943261
KIAA0087,0
KIAA0100,0.00943789802980902
KIAA0232,0.0065411300526606
KIAA0319,0
KIAA0319L,-0.00255375132274614
KIAA0408,-0.0160169016253482
KIAA0513,-0.00349863172550704
KIAA0586,0.0036973111499527
KIAA0753,0.0041556059809437
KIAA0895L,0.00654202515365526
KIAA0930,0.00674703214832752
KIAA1109,-0.00344721349922148
KIAA1143,0.005395447068948
KIAA1191,-0.00232810035049206
KIAA1210,0.0192331517595703
KIAA1217,-0.00583987491926496
KIAA1328,-0.00103267438622734
KIAA1522,-0.00618498012208534
KIAA1549,0.00259684885178878
KIAA1549L,0
KIAA1586,0.00523386869952329
KIAA1614,-0.006930150795866
KIAA1671,0.00194347303834407
KIAA1958,-0.00821037524025081
KIAA2013,0
KIAA2026,-0.00363185250667536
KIDINS220,0.00340637382990343
KIF11,0.0116103554683599
KIF13A,-0.00285976328615335
KIF13B,-0.000439203309810918
KIF14,0.0257244533792992
KIF15,0.0155782821385291
KIF16B,0.00445324458489571
KIF17,-0.00667219595477841
KIF18A,0.00594680000648516
KIF18B,0.0177698540964777
KIF1A,0.00101855811447432
KIF1B,-0.0026464685574868
KIF1C,0.00434238149361644
KIF20A,0.0165360302587526
KIF20B,0.00646634819243202
KIF21A,0.00780002555492246
KIF21B,0.000925264426628715
KIF22,0.00181568880996961
KIF23,0.00291394552031328
KIF24,0.0125106903327238
KIF26A,0.0129470774040695
KIF26B,0
KIF27,-0.00333330686359346
KIF2A,0
KIF2C,0.0119543816508951
KIF3A,-0.00138361883748754
KIF3B,0
KIF3C,0.00190232586845972
KIF4A,0.0178580372003187
KIF5B,0.00073594314352464
KIF5C,-0.00511907737002472
KIF6,0
KIF7,0.00895544474677502
KIF9,0.0099775277601156
KIFAP3,-0.00226757591987859
KIFC1,0.00663977232259055
KIFC2,0.00378336938900208
KIFC3,0.00882369529965746
KIN,-0.00101897685893297
KIR2DL1,-0.00211323753678909
KIR2DL3,-0.00246181646223076
KIR2DL4,-0.00675968113998246
KIR2DS4,-0.00154768788720266
KIR3DL1,-0.00310092639982801
KIR3DL2,-0.00232801840205286
KIR3DX1,0
KIRREL2,0.0083023812122482
KIRREL3,0.000828710788968002
KISS1R,-0.00227553484786694
KITLG,0.0161123993071196
KIZ,-0.00230433557520295
KL,-0.0196468493062823
KLB,-0.00499619544000901
KLC1,-0.00111831808952914
KLC2,-0.00663706072822669
KLC3,-0.00289225523956355
KLC4,-0.00177582552973448
KLF1,0.00409233191783576
KLF10,0.00317549043963149
KLF11,0
KLF12,0.00692063711656658
KLF15,0
KLF16,0.00524592179920863
KLF17,-0.00229349407034119
KLF2,0.0195541109261227
KLF3,-0.00394012506654495
KLF4,-0.00416731020423993
KLF5,-0.0244273734777449
KLF6,-0.0091006841426436
KLF7,0.00187960947291867
KLF8,-0.00653976880581007
KLF9,-0.00554511688869898
KLHDC1,0
KLHDC10,0.00160964992692618
KLHDC2,0.00135872820465763
KLHDC3,0.00486938256376397
KLHDC4,0.00360712061968853
KLHDC7B,-0.0324260805586714
KLHDC8A,-0.00291846894453304
KLHDC8B,-0.0127244811865957
KLHL10,0
KLHL12,0.00284100065426366
KLHL13,0.0217154509323097
KLHL15,-0.00351888656388006
KLHL17,0.00359621774259722
KLHL18,0.00177988201829644
KLHL2,0.00115426872403055
KLHL20,0
KLHL21,-0.00663502061105633
KLHL22,0.00665939552302443
KLHL23,0
KLHL24,-0.00296632952120873
KLHL25,0.00391688601832222
KLHL26,-0.00170687419157113
KLHL28,-0.00280845222905933
KLHL29,-0.00112063706680725
KLHL3,0
KLHL30,0.0146493224905367
KLHL31,0.0114067042055544
KLHL32,0.0162851909155042
KLHL33,0.00969707123421472
KLHL35,0.00301658243830309
KLHL36,0.00333803869175474
KLHL38,0
KLHL40,0
KLHL41,0.0110317942683343
KLHL42,0
KLHL5,-0.00210880842964347
KLHL6,-0.00544848617407668
KLHL7,0.00500237749161798
KLHL8,0.00352595611701166
KLHL9,0.00133797656160383
KLK1,0
KLK10,-0.0162780085529418
KLK13,0.010934912392688
KLK14,-0.00353948866362299
KLK4,0.00648262592156943
KLK7,-0.00488658627093571
KLKP1,-0.00281356472833768
KLRB1,0.00599833440828782
KLRC1,-0.00954884455708307
KLRC2,-0.00411092011720917
KLRC3,-0.00328888010387204
KLRC4,0
KLRD1,-0.0044752437746251
KLRF1,0.00288843971605776
KLRG1,0.010660862763131
KLRK1,0.00540311026293569
KMO,0.00473155417390119
KMT2A,-0.00670067068240112
KMT2B,0.000245061926380623
KMT2D,-0.00221813994230134
KMT2E,-0.0008721639345578
KNDC1,0.00625282379565696
KNOP1,0.00534603605285362
KNSTRN,-0.00187501065183005
KNTC1,0.00429208139442046
KPNA1,0.00144375671483227
KPNA2,0.00507808689108351
KPNA3,0.00290550343701409
KPNA4,0.00270522176287166
KPNA5,-0.00759996478103971
KPNA6,0.00122074008462533
KPNA7,-0.00406006609404031
KPNB1,-0.00364220690315098
KPTN,-0.00545384841997285
KRAS,0
KRBA1,-0.00132682143830759
KRBA2,-0.00180209986250667
KRBOX4,-0.00478475078618206
KRCC1,-0.00111646046804168
KREMEN1,-0.0170622417152419
KREMEN2,0.0128029388745467
KRI1,-1.97946816936871E-05
KRIT1,-0.00231397439322768
KRR1,-0.00164710896718835
KRT1,0.00538999898426209
KRT10,0.00856517320961687
KRT13,-0.00235246265635157
KRT14,-0.00188929030916215
KRT15,0.00909355709679811
KRT17,0.0222468585726428
KRT18,0.00409559304641983
KRT18P55,-0.00556198481867046
KRT19,0.00418759933627841
KRT23,-0.00922682169388526
KRT36,-0.0108506029286042
KRT4,0.0033599697053199
KRT42P,0.0154751861384693
KRT6A,-0.00162801615567572
KRT6B,-0.00557940093940154
KRT7,-0.0296229693569342
KRT73,0.00297254992415107
KRT75,-0.00213364759355132
KRT78,0.000210993381082352
KRT79,0.0200515659597466
KRT8,-0.0118209753814686
KRT85,-0.00214789475967752
KRT86,-0.00377292141327575
KRT8P41,-0.00223082212100262
KRTCAP2,0
KRTCAP3,-0.00553499487941842
KSR1,-0.00818927282287146
KTN1,0.00541630579539716
KXD1,0.00125827199362096
KYNU,-0.0165645385756149
L1CAM,-0.0151681903229713
L1TD1,-0.0136053903679357
L2HGDH,-0.00469845775914677
L3HYPDH,0.00308952464129872
L3MBTL1,0.00143646627324798
L3MBTL2,0.00218623919263404
L3MBTL3,-0.00749079150522858
L3MBTL4,-0.00673811273138899
LACC1,0.0005259166964586
LACTB,-0.00474882831083111
LACTB2,0.00606685657609332
LAD1,-0.0250225378320111
LAG3,-0.0428306782089074
LAGE3,0.00752140303412983
LAIR1,0.00154741265193526
LAIR2,0.00553684087715876
LAMA1,0
LAMA2,0.00793719840701263
LAMA3,-0.032640508428545
LAMA4,0.00688349493933043
LAMA5,-0.00520118746324427
LAMB1,-0.000824558175199725
LAMB2,0
LAMB2P1,0.00354209853618029
LAMB3,-0.00554350893706557
LAMC1,0
LAMC2,-0.00455786174707963
LAMP1,0.00433006299899483
LAMP2,-0.000412959992361075
LAMP3,-0.0223070578736568
LAMP5,-0.0207774024339241
LAMTOR1,0.0044804883097085
LAMTOR2,0.00245165634659053
LAMTOR3,0.00082927585622901
LAMTOR4,0.00571502853543696
LAMTOR5,0.00512817386146958
LANCL1,0
LANCL2,0.00267187420720541
LANCL3,0.00550909322359786
LAP3,-0.0116956372233133
LAPTM4A,0.00055066008077621
LAPTM4B,0.0147219761330601
LAPTM5,-0.000445154178411028
LARP1,-0.00475822035426981
LARP1B,0.00769263250122114
LARP4,0.000877708936760264
LARP4B,-0.000667513397367747
LARP6,-0.00197695186923636
LARP7,-0.00386863666165438
LARS2,0.00224150614773372
LAS1L,0.00362836700509052
LASP1,0.00238037491996198
LAT2,0.0015269100792554
LATS1,-0.00295135738263388
LATS2,-0.00658076938331269
LAX1,-0.00567343069664102
LAYN,0.00851062523401987
LBH,0.00801447224043531
LBP,-0.00353346597366811
LBR,0.00539950710668356
LBX2,-0.00384002405394499
LCA5,0
LCA5L,0.0114288558499668
LCAT,0.00325062843845042
LCLAT1,0.00372377376405442
LCMT1,-0.00234166604479068
LCMT2,0.00156330134319562
LCN12,0.00436042159134342
LCN2,-0.00524265252525081
LCNL1,-0.00473753231782423
LCOR,-0.00179475435869217
LCORL,0
LCP1,0.00538751739346139
LCP2,-0.00685309322044355
LCTL,0.000199314443772749
LDB1,0.00331936190797259
LDB2,0
LDB3,-0.00703245000863081
LDHA,0.00440081299492616
LDHAL6B,0.00550375624414041
LDHB,0.00773242908564416
LDHC,-0.0102705294225249
LDHD,0.0105472490101401
LDLR,0
LDLRAD2,0
LDLRAD3,-0.0040768943910812
LDLRAD4,0.0105917817315231
LDLRAP1,0.00703650198976287
LEAP2,0.00319312608227209
LEFTY1,-0.0051420734726928
LEKR1,0.00671556751161087
LEMD2,-0.00212933945363202
LEMD3,-0.00113297804442389
LENG1,-0.00414596786955213
LENG9,-0.00665853738170562
LEO1,0.00165714642248358
LEP,0
LEPR,-0.00334853617342516
LEPROT,0
LEPROTL1,-0.00359888338035803
LETM1,0.00795949114760284
LETM2,0
LETMD1,0
LFNG,0.00181961039161626
LGALS1,0.00432882245281299
LGALS12,0.0145105311420058
LGALS13,-0.011846662914563
LGALS14,-0.011074800654777
LGALS17A,-0.0555235480355862
LGALS2,-0.0164625114865086
LGALS3,0.00375978039871394
LGALS3BP,-0.0193511166529529
LGALS4,0.00747718937163337
LGALS8,0
LGALS9,-0.00404950274177768
LGALS9B,0
LGALS9C,-0.00405834266965405
LGALSL,0.00865625411740342
LGI2,0.0198817585881219
LGI3,0
LGMN,0
LGR4,0.0264015877403594
LGR5,-0.00271876485459307
LHB,-0.00884646443128458
LHFPL1,-0.0261999664142625
LHFPL2,0
LHFPL4,-0.00921107830135988
LHFPL5,-0.00208987209027153
LHPP,0.00297398788351591
LHX1,-0.00271381593896508
LHX2,-0.00361064584914242
LHX4,0.00317971199899473
LHX6,-0.00574387554681259
LIAS,0.00186286375473337
LIF,0
LIFR,-0.0180408514376925
LIG1,0.0031391514106557
LIG3,0.00235930573467253
LIG4,-0.00222246047669265
LILRA1,0.00371832378006685
LILRA2,0.00719403262076439
LILRA3,-0.0177029473834429
LILRA5,-0.0125492509045874
LILRA6,-0.00519396339067098
LILRB1,0.00400994771655412
LILRB2,-0.00731081500578832
LILRB3,-0.00834897434090867
LILRB4,-0.00359404264259649
LILRB5,0.015154462888465
LILRP2,0
LIMA1,0.0140074102040039
LIMCH1,0.0111333987723545
LIMD1,-0.00266584265234023
LIMD2,0.00937748645281326
LIMK1,0.00127510408898497
LIMK2,-0.0198070895481535
LIMS1,0.00381949239853789
LIMS2,0.00915098513922093
LIN37,-0.00276668606908057
LIN52,-0.00453641657619155
LIN54,-0.00162152297561059
LIN7A,0.00418903571527145
LIN7B,0.00837942398109723
LIN7C,0.00132246255203869
LIN9,0.00254066529394939
LINC00032,0.0056176189107961
LINC00092,0.0141690220653352
LINC00158,-0.0228748430654492
LINC00173,-0.0141610962258449
LINC00174,-0.00163052444417373
LINC00189,-0.018878546744979
LINC00211,0.00537100261399654
LINC00222,-0.010428527240157
LINC00239,0.00898495068058701
LINC00265,0
LINC00273,0
LINC00276,0.00676809871978914
LINC00293,0
LINC00294,0.00206723033225837
LINC00299,-0.00480844131039838
LINC00304,0
LINC00310,-0.00649622879442139
LINC00311,-0.00411711452174306
LINC00314,-0.00412430080240404
LINC00319,0.00306939066161539
LINC00324,-0.00108276197011433
LINC00327,0.00151462428542319
LINC00336,-0.00283880348532901
LINC00339,0.0019658475537431
LINC00342,0.00444068981019204
LINC00366,-0.00313451415150846
LINC00368,-0.00240278071382443
LINC00408,-0.00303734694095155
LINC00410,-0.0042314581124818
LINC00412,-0.00745013615413842
LINC00462,0.0056085548087763
LINC00466,-0.00537716661087713
LINC00467,-0.000462898767502484
LINC00470,-0.00509244764896916
LINC00472,-0.0029516176282056
LINC00482,-0.00358570393228718
LINC00485,-0.00345696446470671
LINC00487,-0.0285958070586399
LINC00488,-0.00221070366210927
LINC00499,-0.00505535135768232
LINC00501,0
LINC00506,-0.00206759713886155
LINC00507,-0.00349323019554247
LINC00511,0.00268392090707668
LINC00518,-0.00160733194003774
LINC00520,0.00745248829449356
LINC00525,0
LINC00526,-0.0018401383787922
LINC00528,-0.0135530821554788
LINC00536,0.000836066417058526
LINC00539,0.013165385503872
LINC00540,-0.0168322341929706
LINC00545,0.00537302181559775
LINC00547,-0.0044300250054798
LINC00550,0.00257510102450383
LINC00554,-0.00179194698279463
LINC00559,-0.00734749833174388
LINC00563,-0.00421096872908443
LINC00565,0.00585653491069452
LINC00571,0.00622104343782843
LINC00574,0
LINC00575,0
LINC00605,-0.00695825134628338
LINC00607,0.00384590079672163
LINC00612,0.0035758649856588
LINC00615,-0.00422783869425687
LINC00620,-0.00360325106378117
LINC00622,0.0192233792469045
LINC00623,-0.0138747067888891
LINC00624,0.00354027871535654
LINC00629,-0.00267844242769598
LINC00630,0
LINC00632,-0.00486330162392802
LINC00638,-0.00205962406813528
LINC00639,0.0223221978317247
LINC00641,0.000120484742967077
LINC00643,-0.00403028249166062
LINC00649,0
LINC00654,0
LINC00656,0.00829558453396501
LINC00662,-0.00224573940178582
LINC00663,0
LINC00664,0.00659876583060475
LINC00665,0.00553998155144743
LINC00667,0.00291207052365958
LINC00668,-0.00315728680962777
LINC00670,0.00603409721936836
LINC00671,0.00669468265552544
LINC00672,0
LINC00674,-0.00366730285192009
LINC00683,0.00256712421464255
LINC00689,0
LINC00691,-0.00452020316040574
LINC00692,0
LINC00698,0
LINC00700,-0.00354824935611979
LINC00707,-0.00217772596396208
LINC00836,-0.00184264704220823
LINC00840,-0.00343929925785917
LINC00842,0
LINC00847,-0.00122685490979987
LINC00852,0.00688705583217086
LINC00853,0.00372299580127504
LINC00858,-0.00342449778763494
LINC00861,0.00687069966834789
LINC00862,0
LINC00865,0
LINC00869,-0.0151573654756775
LINC00877,0.00812644709708441
LINC00880,-0.00858882289734489
LINC00885,0.0026767793516322
LINC00886,0
LINC00887,-0.00408267406750277
LINC00888,0
LINC00891,0.00496566628720969
LINC00896,0.00290160245407258
LINC00899,0.00131467476113407
LINC00900,-0.00191880422130589
LINC00904,-0.00290852958012123
LINC00907,-0.00268786275594257
LINC00910,-0.00353270216937967
LINC00920,0.00413407282154927
LINC00921,0.003983506962924
LINC00926,0
LINC00927,-0.00353752261166563
LINC00937,-0.0259504822075188
LINC00938,-0.00319382584756418
LINC00939,-0.00546841187535142
LINC00941,0
LINC00942,0.00912545792626537
LINC00944,-0.00594749550533317
LINC00954,-0.0026032658632351
LINC00957,0.00261529191576639
LINC00958,-0.0052400660222266
LINC00960,-0.00652098484856773
LINC00963,0.00483099394324457
LINC00964,-0.00540076985077362
LINC00967,0.00914678322211518
LINC00968,-0.0104258715822278
LINC00971,-0.00384598984299446
LINC00987,-0.0128105760117016
LINC00989,-0.0048722019252504
LINC00996,-0.0242913620887604
LINC00997,0.0116793696708993
LINC01001,-0.00763857351824705
LINC01002,-0.00715402069302867
LINC01004,-0.00228501784302166
LINC01005,-0.0023181928168114
LINC01010,0.0200259967252583
LINC01011,0
LINC01012,0.000474330120139378
LINC01016,-0.00636530674557372
LINC01018,-0.00458184958096285
LINC01023,0.0024606382964074
LINC01030,-0.00311817215944042
LINC01089,0.00130044897791273
LINC01091,0.00516047769627813
LINC01093,-0.0158639491931801
LINC01094,0.00288994813069789
LINC01095,-0.0149835224606593
LINC01098,0.000347515550332467
LINC01099,-0.00299021098032832
LINC01104,0.00649651462997575
LINC01106,0.010087762202575
LINC01108,-0.00659613665205361
LINC01114,0.0152446665103579
LINC01116,-0.00697713569034858
LINC01118,-0.00706327108714551
LINC01119,-0.00573843784030325
LINC01122,-0.00183672999983739
LINC01124,0
LINC01127,0.00999994575006991
LINC01128,0.00150582836787847
LINC01132,0.0147434319863057
LINC01134,0.00332316200175528
LINC01135,0.0158971599335136
LINC01138,-0.0126332216235766
LINC01139,-0.00411852987969571
LINC01141,0.0139871665903726
LINC01144,-0.00261975692092689
LINC01146,0
LINC01150,0.00171737914191997
LINC01160,0.0159866679433268
LINC01169,0.00139537377241721
LINC01176,-0.0109721096214265
LINC01180,0
LINC01189,-0.00275831588728793
LINC01191,-0.00923928797002606
LINC01192,0.00400409856036122
LINC01194,-0.00372796371952046
LINC01204,-0.00309695048061965
LINC01206,-0.0057480710980141
LINC01215,0.00532337129378071
LINC01220,0.00657776941380238
LINC01226,0.00432020976753264
LINC01232,-0.00724107415978709
LINC01234,-1.67289056653466E-05
LINC01239,-0.00469841373071898
LINC01252,0.00421887815843551
LINC01258,-0.00550148559033844
LINC01260,-0.017542606301482
LINC01266,-0.00669466459604522
LINC01267,0
LINC01270,-0.00489663667099772
LINC01271,-0.0105712287537022
LINC01273,-0.0135567219454932
LINC01278,0.00326018657095873
LINC01281,0.00798655133415651
LINC01282,0.0047027410121474
LINC01284,0
LINC01305,0.00813497809969412
LINC01311,0.00581557496945539
LINC01312,-0.00339802712968016
LINC01341,-0.00638901743838822
LINC01347,-0.00603972367011974
LINC01352,-0.00477405369307301
LINC01353,0.00174085684285177
LINC01354,0.00193585572418475
LINC01355,-0.00439965824171687
LINC01356,0.00642853081340552
LINC01359,-0.00385674178757354
LINC01361,0
LINC01363,-0.00297111834754717
LINC01366,-0.00803361531557032
LINGO1,0.0112786757897814
LINGO3,0.000472543952825706
LIPA,0.0141355894300804
LIPC,0.00506065568567639
LIPE,0
LIPG,0.00744085585144675
LIPH,-0.00936512193055279
LIPN,-0.0093309483739166
LIPT1,-0.00395545355600926
LIPT2,8.50245989609233E-05
LITAF,-0.00440229850454846
LIX1,-0.00686555974620143
LIX1L,-0.00141972255125319
LKAAEAR1,0.0069226662782101
LLGL1,0.00110773815951786
LLGL2,0.00149547518312642
LMAN1,0.00464671950090556
LMAN1L,-0.0054950995200468
LMAN2,0
LMAN2L,-0.00107808812220019
LMBR1,-0.00148251337857051
LMBR1L,-0.0034461288701945
LMBRD1,-0.00253480237678825
LMBRD2,0.00266051294407457
LMCD1,0
LMF1,0.00398607743328353
LMF2,-0.0051011137558156
LMLN,0.0097006107245938
LMNA,0.00707232762056906
LMNB1,-0.0161708552158866
LMNB2,0.00142022280995918
LMO2,0.00746021558700708
LMO3,-0.00939424054687434
LMO4,-0.00756164640418668
LMO7,0.00724204280121634
LMOD1,-0.0015335441520137
LMOD2,-0.00396963441150696
LMOD3,-0.00107316648181098
LMTK2,-0.00849167867412034
LMTK3,-0.00485010194500034
LNP1,0.0152517733862875
LNPEP,-0.00513752458933434
LNX1,0
LNX2,0
LOH12CR2,0
LONP1,0.00581289266479134
LONP2,0.00234571011047976
LONRF1,-0.00657996749863293
LONRF2,0
LONRF3,0.00481610792541337
LOX,0.00462182000604852
LOXHD1,0.00117990130428015
LOXL2,-0.00185019849274261
LOXL3,0.00151081871808141
LPAR1,-0.00516097280771567
LPAR2,-0.00156038109425579
LPAR3,-0.0121177961923443
LPAR5,0.019044654715383
LPAR6,-0.00296381938519144
LPCAT1,0.00740361648736338
LPCAT2,0.000114391861232519
LPCAT3,0
LPCAT4,0.00557896361524306
LPGAT1,-0.00334871639689656
LPIN1,0.00518016501469955
LPIN2,-0.00249698678380837
LPIN3,-0.00673152485469115
LPL,0.0234903158705619
LPO,0
LPP,0.00269518578968475
LPXN,0.00305729965538108
LRBA,0.00347388958854693
LRCH1,-0.0041773135952928
LRCH3,-0.0033352140353944
LRCH4,-0.00412788094897696
LRFN1,-0.0011075466293952
LRFN3,0
LRFN4,0.00568847997458772
LRG1,-0.00791415121700704
LRGUK,0.00846306665235031
LRIF1,-0.00510578011732395
LRIG1,0.00752237515982919
LRIG2,0
LRIT3,0.00301667221610158
LRP1,0.0113380994205552
LRP10,-0.00468709757081282
LRP11,-0.000747302384681914
LRP12,0.00299404055632743
LRP2,0.00312251960460716
LRP2BP,-0.00200387944739951
LRP3,0.013127950077268
LRP4,0
LRP5,0.00710000434977966
LRP5L,0
LRP6,-0.00412254392197614
LRP8,0.00882202511189932
LRPAP1,0.000937836917169304
LRPPRC,0.00919419971287019
LRR1,0.0035230120208174
LRRC1,-0.00580438115385642
LRRC10,0
LRRC10B,0.00356434920692872
LRRC14,0.00447347519062497
LRRC15,-0.0020457333436971
LRRC17,0.00321858670205114
LRRC2,-0.00345056240343855
LRRC20,0.00258164331387859
LRRC23,0.00220998323298377
LRRC24,-0.00737169607280867
LRRC25,0.00681540756074927
LRRC27,-0.00290621808669432
LRRC28,0.00546858913527807
LRRC29,0
LRRC3,-0.00420446057784863
LRRC31,-0.0054603941959629
LRRC32,-0.0260631857103064
LRRC34,0.00620937969240263
LRRC37A11P,-0.00234133959659692
LRRC37A2,0
LRRC37A3,-0.00113167950451224
LRRC37A4P,0
LRRC37B,-0.00044229891882007
LRRC37BP1,0.0020236444771326
LRRC38,-0.0117134359799261
LRRC39,0
LRRC4,0.021559172919422
LRRC40,0
LRRC41,-0.00141917131029282
LRRC42,-0.00293580797110967
LRRC43,-0.00550060891103033
LRRC45,0.00582845077657317
LRRC46,0.00687615954308729
LRRC47,0.00152952164510828
LRRC49,0
LRRC4C,-0.00598214471299136
LRRC57,-0.00182249697702614
LRRC58,0.00467593031117035
LRRC59,0.00599625780540833
LRRC61,-0.0198013773189067
LRRC63,0.00189107323437863
LRRC66,-0.0105421346777235
LRRC69,0.00625130530636055
LRRC71,-0.00988058578057272
LRRC73,0.00298102773371219
LRRC75A,0.013665320845475
LRRC75B,-0.00455021267965029
LRRC8A,0.00817321810533975
LRRC8B,0.00263876647547705
LRRC8C,0.00104746472202299
LRRC8D,-0.000278729731041232
LRRC8E,-0.00139064131642531
LRRC9,-0.0107310515654472
LRRCC1,-0.0124337049600177
LRRFIP1,0.00521144598830579
LRRFIP2,-0.00713482067707998
LRRIQ4,-0.00743658801023536
LRRK1,0.00204432634538216
LRRK2,-0.0201721048679179
LRRN1,0.0041727973536689
LRRN2,-0.0202207669429882
LRRN3,0.00409135674944204
LRRN4CL,-0.00343506484810155
LRRTM2,-0.0095022325527574
LRSAM1,-0.00543117642169078
LRTM2,0
LRWD1,0.00258155660608443
LSAMP,0
LSG1,0.00185293714074229
LSM1,0
LSM10,-0.00229392502656121
LSM11,0.00639525549747952
LSM12,0.00123110221865606
LSM14A,0.000424458972867056
LSM14B,0.00213069677666386
LSM2,-0.00122174166172533
LSM3,0.00282174844387283
LSM4,0.00269095969794071
LSM5,0.00436350282132327
LSM6,-0.00602759280378048
LSM7,0.00855964620846224
LSM8,-0.000640563436159056
LSMEM1,-0.0106991665447637
LSP1,0.00225646371211547
LSR,-0.0104396974364368
LSS,-0.00861212034823155
LST1,0
LTA,0.000218705475757333
LTA4H,0.000984355243693357
LTB,-0.00924987039503854
LTB4R,0.00474916772309211
LTB4R2,0.00673516221112976
LTBP1,-0.00562038961810938
LTBP2,0.00834572021518516
LTBP3,0.00810475905347201
LTBP4,-0.00220299725731591
LTBR,-0.00105175002572219
LTC4S,0.0153380634398479
LTF,-0.00708913683091207
LTK,-0.0099718752844374
LTN1,0.00180445626144005
LTV1,0.00891355444623793
LUC7L,-0.00196708178315906
LUC7L2,0.00299276875266572
LUC7L3,0
LUCAT1,0.00578235188823186
LUM,-0.0145692129610122
LURAP1,0.00417910613234786
LURAP1L,-0.00204341915739478
LUZP1,0.00111565839176449
LUZP2,-0.00372740241519088
LUZP4,0
LXN,0.000338962091843218
LY6E,-0.0134032324410811
LY6G5B,0.00698226803181852
LY6G5C,-0.00328142831406727
LY6K,0.00476313213085492
LY75,-0.0103340702529162
LY86,0.00808199944782384
LY9,0.00689763122491249
LY96,0.00585406675853173
LYAR,0.00148455018437997
LYG1,-0.00814987445154911
LYL1,0.00416291286172249
LYN,-0.0103884408512445
LYNX1,0.00780165923055709
LYPD1,0.00748200203640127
LYPD3,0.0141521854251376
LYPD5,-0.00859050245580266
LYPD6B,-0.00194460174968537
LYPLA1,0.00456064495923752
LYPLA2,0.00190979295396975
LYPLAL1,-0.000603448977797708
LYRM1,0.00174990149097659
LYRM2,0.00451314910741935
LYRM4,0
LYRM7,0.00450938787360556
LYRM9,-0.00460624288054244
LYSMD1,-0.00145302914007462
LYSMD2,-0.0107186098076835
LYST,-0.00352840919790849
LYVE1,0.0189358150286901
LYZ,-0.00851265840959353
LZIC,0.00267787342877846
LZTFL1,0.0051140656260691
LZTR1,0.000769913619000545
LZTS1,0
LZTS2,0
LZTS3,-0.0158614216319301
M1AP,0.0142932908483517
M6PR,0.0033627011071092
MAB21L1,0
MAB21L2,-0.00283030166895215
MAB21L3,-0.00267513698401881
MACC1,0
MACF1,-0.00412706225665538
MACROD1,0.00721309815421563
MACROD2,0.00781232256101822
MAD1L1,0.00533032268009152
MAD2L1,0.0102061524831997
MAD2L1BP,-0.00296970834709399
MAD2L2,-0.00157283107520438
MADCAM1,0
MADD,-0.00499445809857166
MAEA,0.00397425014340989
MAF,0.0254780496311062
MAF1,0.000994179715350361
MAFA,0.00403280435818942
MAFB,0.00573616260505797
MAFF,0.00422199203844686
MAFG,-0.00271990165352216
MAFK,-0.00168235753441309
MAG,0.000914544178871162
MAGEA10,0.000157700225269808
MAGEB10,-0.00325107924257607
MAGED1,0.00866644755565919
MAGED2,-0.00256150963439518
MAGED4,-0.00252390631192211
MAGEE1,0
MAGEF1,-0.00649856538086215
MAGEH1,0.00330208369421308
MAGI1,0.00283991198043583
MAGI2,-0.00616360473735718
MAGI3,0
MAGIX,0
MAGOH,0
MAGOHB,0.00127291141993427
MAGT1,0.00139925178207772
MAK,-0.00650133194871828
MAK16,0.00497083927103287
MAL2,0.00260035023301061
MALAT1,-0.00585509557280306
MALL,0.0134632414970009
MALSU1,-0.00149898516160479
MALT1,0
MAMDC2,0.00196294057000381
MAMDC4,-0.00471253584344457
MAML1,-0.00403427577685359
MAML2,-0.00709949403206926
MAML3,0.0128783819702049
MAMLD1,0
MAMSTR,-0.00526034750360159
MAN1A1,0
MAN1A2,0.00699296427360285
MAN1B1,0.002449044372823
MAN1C1,0.0108708533603228
MAN2A1,0.00739981286288677
MAN2A2,0.00194834985335151
MAN2B1,0.00404086763284252
MAN2B2,0.000245794117818566
MAN2C1,0.00184151740254848
MANBA,-0.00563105034970762
MANBAL,-0.00654307586326568
MANEA,0
MANEAL,0.00913736655743811
MANF,0.0120645458856243
MANSC1,0.0049020742950575
MANSC4,0.00911960793887033
MAOA,0.0272267837326794
MAOB,0.0134055750558082
MAP10,0
MAP1A,0.0202598989466846
MAP1B,0.00751248313917064
MAP1LC3A,-0.0124527216927872
MAP1LC3B,-0.00246832050535935
MAP1LC3B2,0.00125347385615429
MAP1LC3C,0.00937942938797571
MAP1S,0.00219921569571633
MAP2K1,0
MAP2K2,-0.00331818358279092
MAP2K3,-0.00228441400816857
MAP2K4P1,0
MAP2K5,-0.0052425374984447
MAP2K6,0.0213324677643154
MAP2K7,0
MAP3K1,0
MAP3K10,-0.00625403018989942
MAP3K11,-0.000907076882151677
MAP3K12,0.00198610815301859
MAP3K13,-0.00650620673858887
MAP3K14,0.00166923100150502
MAP3K19,-0.00737255156307957
MAP3K2,-0.0015383356777981
MAP3K3,0.0045885643553874
MAP3K4,0.00131878852359309
MAP3K5,-0.00338991896933391
MAP3K6,0.00360151160676413
MAP3K7,0.00220843091833765
MAP3K7CL,-0.0225185478479046
MAP3K8,-0.00508014533513323
MAP3K9,-0.00615972879594358
MAP4,-0.0044766274737415
MAP4K1,-0.00100933600078411
MAP4K2,-0.00161214229823061
MAP4K3,0.00399427219106295
MAP4K4,0.00196626319412775
MAP4K5,-0.00229897607359465
MAP6,-0.0118138532898585
MAP6D1,0.0137370867266529
MAP7,0.00481424933877373
MAP7D2,-0.00431990061731406
MAP7D3,0
MAP9,-0.00690647887258875
MAPK1,0.0039431900742649
MAPK10,-0.00440171930243963
MAPK11,-0.00803863219810078
MAPK12,0.00597501236752212
MAPK13,0.00728125525657385
MAPK14,0.00377590393100018
MAPK1IP1L,0.000634541196049477
MAPK3,0.00152917662365498
MAPK6,0.00462868323883217
MAPK7,0
MAPK8,-0.00271107397566619
MAPK8IP2,-0.0133329102656736
MAPK8IP3,0
MAPK9,0.00406113405118216
MAPKAP1,0.00312251841183904
MAPKAPK2,0
MAPKAPK3,0.00703462278789747
MAPKAPK5,0.00343725302182961
MAPKBP1,0.00657688616572972
MAPRE1,0.00283471650909435
MAPRE2,0.000601364253173085
MAPRE3,0.00438547858916601
MAPT,0
MARCKS,-0.00703476549649105
MARCKSL1,-0.023787097438757
MARCO,0.0094919075786216
MARK2,0.00122863528834496
MARK2P9,0
MARK3,-0.00303737345142551
MARK4,-0.0051251642990051
MARS2,0.0129540434207583
MARVELD1,0.00358193450388397
MARVELD2,-0.0073534365257306
MARVELD3,0.00327898252132161
MAS1,0
MASP1,0.00908439637673706
MASP2,0.0020282204598406
MAST1,-0.00534773923001874
MAST2,0.000240515384579956
MAST3,0.00448396570107499
MAST4,0
MASTL,-0.00451741506895398
MAT1A,0
MAT2A,0.00807706367996396
MAT2B,-0.0017046895553656
MATK,0.0181873127652557
MATN1,-0.00523875676919693
MATN2,-0.00682640821896086
MATN3,0.00438903172917407
MATN4,-0.0149368426053256
MATR3,0.00617699898351732
MAU2,-0.00175431356287077
MAVS,0.00217982328586968
MAX,-0.00432510817721599
MAZ,0.0100361745957159
MB,0.00892588555037224
MB21D2,-0.00740171844447538
MBD1,-0.00112488165545387
MBD2,-0.00639327831374676
MBD3,0.0028661969967484
MBD4,-0.00153005871008635
MBD5,-0.00303977012777621
MBIP,-0.00168689731574714
MBL1P,0.00319262067137029
MBL2,0.00482247319137177
MBLAC1,-0.00320903102929286
MBLAC2,0.00846260495366415
MBNL1,-0.00388834691575613
MBNL2,0
MBNL3,0.00817330916268584
MBOAT1,0.00379170558788292
MBOAT2,-0.00337182281107679
MBOAT4,-0.00912955790556406
MBP,0.00877676464987302
MBTD1,0.00361949126090939
MBTPS2,0.00651065457527781
MCAT,0.00900264545193056
MCC,-0.00642636841481737
MCCC1,0.00539883566415625
MCCC2,0.00207357155858137
MCEE,0.00561976832031666
MCEMP1,0.0212042269390168
MCF2,0.00506259678622782
MCF2L,0.00627769418145145
MCF2L2,-0.00283296684342568
MCFD2,0.00130563971356453
MCHR1,-0.0157269774030565
MCHR2,0
MCL1,-0.0079648443303805
MCM10,0.014064009611659
MCM2,0.00760364033623821
MCM3,0.00436550697458865
MCM4,0.00759299852383754
MCM5,0.00328926665369164
MCM6,0.00881519444655298
MCM7,0.00484069496697329
MCM8,0.00438599358916233
MCM9,0.00185505435153133
MCMBP,-0.00299700919698376
MCMDC2,0.0144582659975573
MCOLN1,0.0139428770615512
MCOLN2,-0.014740829495741
MCOLN3,0.0116164171771974
MCPH1,-0.00295093029602942
MCRS1,0.00220265593129658
MCTP1,-0.0067228791196249
MCTP2,-0.0138465737912633
MCTS1,0.00230548203168462
MCU,-0.00312128771014889
MCUR1,0.00779881938550375
MDC1,0.00139407440847187
MDFIC,-0.000118778338351546
MDGA1,-0.0214900057023813
MDH1,0.0126865333390008
MDH1B,0.00233840068606704
MDH2,0.00638544660202866
MDK,-0.0182475864172476
MDM1,-0.00359717781270468
MDM2,-0.00564798286458236
MDM4,-0.00204668263953497
MDN1,0.00579768079368383
MDP1,0
ME1,0.0039276626902582
ME2,0.00787611017338168
ME3,0.0207794939427541
MEA1,0.00312781464219312
MEAF6,0
MECOM,-0.00627819696672059
MECP2,-0.00546522605448721
MECR,0.0110090861731274
MED10,-0.00419520190156297
MED12,-0.00186318385905852
MED12L,0
MED13,-0.00357291733470645
MED13L,-0.00475220170979657
MED14,-0.00110412376928972
MED15,-0.00231100544848994
MED15P9,-0.00360030239272656
MED16,-0.00136284024694575
MED17,-0.000962543621894198
MED18,0.00142588109144384
MED19,-0.00112656118052863
MED20,0.0011667226829946
MED21,-0.00202061964219753
MED22,0.0027784400824672
MED24,0.00101981460916524
MED25,-0.000694300767929152
MED26,-0.000833949907103393
MED27,0
MED28,0.001659336793422
MED29,-0.00248781003965308
MED30,-0.00238513611245014
MED31,0.00604136425494451
MED6,-0.00218400600506903
MED7,-0.00285167800258371
MED8,-0.00173672544995327
MED9,9.49493953971161E-05
MEF2A,0
MEF2B,-0.00390804702329559
MEF2C,0.00333261357600039
MEF2D,0.00269075300565429
MEFV,-0.0288416956253067
MEG3,-0.00528091940687351
MEGF10,0
MEGF11,-0.00546554670214328
MEGF6,0.00106570493367959
MEGF8,0.00568283709503316
MEGF9,-0.00371124838164856
MEI1,-0.0114299811379978
MEIG1,0
MEIOB,0
MEIS1,-0.00650836586923156
MEIS2,-0.00490113250726985
MEIS3,-0.0103953184165156
MEIS3P1,-0.0066164681587199
MELK,-0.00656334054549379
MEMO1,0.00475037640635073
MEN1,0.00143201732578282
MEP1A,-0.00661680248674688
MEP1B,-0.0223183724329579
MEPCE,-0.000769335382389313
MEPE,0.00322390129030782
MERTK,0.00963942098011185
MESP1,0
MEST,0.00524600466899026
MET,-0.0210897609848633
METAP1,0.00456825297563861
METAP1D,0.0236030825140264
METAP2,0.00418636229929294
METRN,0.0117395284368859
METRNL,0.0081444416318239
METTL1,0
METTL13,0.00337388764033211
METTL14,-0.000917456509148379
METTL15,0.00136315811530823
METTL16,0.00504602221856881
METTL17,0.0023286648452396
METTL18,-0.00133370956125855
METTL21A,0.0025336019883374
METTL21EP,-0.00406295658984903
METTL22,0.00600365943044458
METTL23,0.000584034229904332
METTL25,0.00154211777042353
METTL2A,0.00155276060901031
METTL2B,0.00582182618672302
METTL3,0.00268996843952589
METTL4,-0.00516900592911447
METTL5,-7.95564525581079E-05
METTL6,-0.00396152388058488
METTL7A,0.0122067924991377
METTL7B,0.0166754855487491
METTL8,0.00188055928362964
METTL9,-0.00984058786331121
MEX3A,0.0110961549837552
MEX3B,0.0182684868007016
MEX3C,0.00184534834345134
MEX3D,0.0106876661099393
MFAP1,-0.00105811954701734
MFAP2,-0.00628753890704697
MFAP3,0.00118046473795819
MFAP4,0.00181980265315446
MFAP5,0.00456270498452312
MFF,0.00126913047148466
MFGE8,0.00634824418143052
MFHAS1,0.00172414120982479
MFN1,-0.0010096444129011
MFN2,0.00468205817965468
MFNG,0.00829795945603997
MFSD1,0.00402110372302012
MFSD10,0.00219319051517013
MFSD11,0.00175279030359933
MFSD12,0.00710211656381663
MFSD2A,0
MFSD3,0.0141293591132989
MFSD5,-0.00100288700285365
MFSD6,0
MFSD6L,0.00998631424487912
MFSD8,0
MFSD9,-0.00138878214865824
MGA,-0.00330146100051967
MGAM,0.0154215692180305
MGARP,-0.00325512140876648
MGAT1,0.00493017451038657
MGAT2,0
MGAT3,0
MGAT4A,0.00684961174863783
MGAT4B,0.0059779754149051
MGAT5,0.0168730183811633
MGAT5B,0.00366281168435426
MGC16275,-0.00130081866848155
MGC32805,-0.00402836104764249
MGLL,0
MGME1,0.000190204226130629
MGMT,0.00747258104549817
MGP,0.00714797504695139
MGRN1,0.00073689730576469
MGST1,-0.0111208955776476
MGST2,0.00787708002553128
MGST3,0.00152436147346802
MIA,-0.0263903183030114
MIA2,-0.00236373856577995
MIA3,-0.00595971083418843
MIAT,0
MIB1,0.00284872990450391
MIB2,0
MICA,-0.006963342385032
MICAL1,-0.00196215788716612
MICAL2,0.00593063250106733
MICAL3,0
MICALL1,-0.00672289321861473
MICALL2,-0.00441211904954089
MICB,-0.0100604147483034
MICU1,-0.00458644243590562
MICU2,0.000859858712885016
MICU3,0.000656962567092041
MID1,-0.00408651474438452
MID1IP1,0.00570147407920353
MID2,0.00989606480471341
MIDN,0
MIEF1,0.00558125389284137
MIEF2,0.00161299918588648
MIER1,-0.00876703512942635
MIER2,0
MIER3,-0.00222641255161677
MIF,0.0040883377582828
MIF4GD,-0.00168763796434928
MIIP,-0.00471302283325396
MILR1,0
MINK1,-0.00330597095470881
MINPP1,0
MIOS,0.00596202093247638
MIPEP,0.00911649654119863
MIPEPP3,0.00148635610082808
MIPOL1,0.000255052021371988
MIR100HG,-0.00657605226331103
MIR137HG,0
MIR155HG,-0.0164447723383844
MIR181A1HG,-0.00340966462274555
MIR181A2HG,0
MIR210HG,0
MIR22HG,-0.00797271783504736
MIR31HG,0
MIR3605,0.00281847351381535
MIR378J,-0.0052183688434951
MIR425,0.00212945794255419
MIR4257,-0.00404426044800007
MIR4263,-0.000585224429636671
MIR4458HG,0
MIR4482,0.00567822537876829
MIR4516,0.00432432520470586
MIR4647,-0.00284355731279788
MIR4664,0.00359537920034619
MIR497HG,-0.0116387952774959
MIR5010,0
MIR503HG,0.00273403407950005
MIR548I1,0.00233586100924376
MIR570,0.00196617687403896
MIR600HG,0.0116236082905471
MIR635,-0.00423244850240983
MIR647,0.00131219298257303
MIR663A,-0.00210969713177892
MIR663B,-0.00220163117722378
MIR671,-0.00257356611542161
MIR6772,0.0041432162434425
MIR6774,-0.0046289233281074
MIR6821,-0.00645155081330353
MIR6891,-0.00625189132513314
MIR7848,0.0108041103742838
MIR7851,0
MIR8061,0.00202410573194879
MIR8075,-0.00372403434607773
MIR8086,-0.00162557419820679
MIRLET7BHG,-0.00605395402351374
MIS12,0.00216967758116472
MIS18A,0.00261510128209872
MIS18BP1,-0.00356461111875444
MISP,0
MITD1,-0.00540104176136238
MITF,0.00128876121048771
MIXL1,0.0044131748433381
MKI67,0.0337889332115608
MKKS,0.00719667800300273
MKLN1,-0.00261893029139348
MKNK1,0.0101304405682214
MKNK2,-0.00358396031973895
MKRN1,-0.00832784150533453
MKRN2,0
MKRN2OS,0.00327586473406032
MKS1,-0.00177555836834858
MKX,-0.0145536805023412
MLANA,0
MLC1,0.0100120923170565
MLEC,0.0139693791701509
MLF1,0.00942488830470574
MLH1,0.000827149830360815
MLH3,0
MLKL,-0.00767226740246958
MLLT1,0.0022543171476763
MLLT10,0
MLLT11,-0.00915641806805722
MLLT3,-0.0128263110479442
MLLT6,-0.00355790859589833
MLNR,0.00293894380185975
MLPH,0.0116411216842994
MLST8,0.00447441825092319
MLX,0.00254026245306629
MLXIP,-0.00883770276207445
MLXIPL,0.00623549393524393
MLYCD,0.00336385266077116
MMAA,-0.00556142031111463
MMAB,0.0148906794568766
MMACHC,0.0042658407518195
MMADHC,0.00125108242327613
MMD,0.0157003321009084
MMD2,-0.00212191725445822
MME,0.0122267716007452
MMEL1,0
MMGT1,0.00378431907839323
MMP1,0.00804685302480103
MMP10,0.00236444097656862
MMP11,0.00462446722842866
MMP12,0.0331746941185467
MMP14,-0.00391432047875447
MMP15,0.0127257348841235
MMP17,0
MMP19,0.00178779886637114
MMP2,0.00726908213474429
MMP21,0
MMP23A,-0.00699901676440098
MMP23B,-0.00546664688045189
MMP24,0
MMP25,-0.0210786736124173
MMP28,0.00219366386294889
MMP3,0.000520745021139166
MMP7,0
MMP8,0.0173865955297278
MMP9,0.00703562919018853
MMS19,0.00475254798022133
MMS22L,0.00314647167544377
MN1,-0.0225761452711062
MNAT1,0.00181270072091659
MND1,0.00595340444143831
MNDA,-0.00219715708719699
MNS1,0.0166399125311852
MNT,-0.00160893716493098
MOAP1,0.00488155872192483
MOB1A,-0.00479741428231244
MOB1B,-0.00584645037217066
MOB2,-0.00394639032062826
MOB3A,0.00314711822884397
MOB3B,0.00563562103862231
MOB3C,-0.00338156288954881
MOB4,-0.00231518037174061
MOBP,0.00164837905109441
MOCOS,-0.00578349983347897
MOCS2,0.0064769505986967
MOCS3,0.00305276863707832
MOG,-0.00351610615725909
MOGAT3,-0.00301652852317234
MOGS,-0.000867695143185693
MON1A,0.00253917807835529
MON1B,0.00101834124315072
MON2,0.000258948030588721
MORC1,0.00402118499146566
MORC2,0.00150495278744605
MORC3,-0.00700493849671236
MORC4,0.00547317837866461
MORF4L1,0.00118680963104644
MORF4L2,0.0034874361394701
MORN1,0.00396596809255385
MORN2,0.013793016149494
MORN3,-0.00450549109581254
MORN4,0.00429662248896679
MOSPD1,0.00592744584016093
MOSPD2,0.00500879088718576
MOSPD3,0.00948806893258893
MOV10,-0.00937795062432857
MOV10L1,-0.00513280026586251
MOXD1,-0.00742516775202776
MPC1,0.00602414146735098
MPC2,0.00498436248352692
MPDU1,0
MPDZ,0.0043035631780683
MPEG1,0.00379237929239942
MPG,0.00385184337920665
MPHOSPH10,0.00323526810800659
MPHOSPH6,0.00827412755014898
MPHOSPH8,-0.00256820989628243
MPHOSPH9,0.00304666824037396
MPI,0.00722542773627119
MPLKIP,0
MPND,0.00241412990113636
MPO,0.00504974399896302
MPP1,0.00258510759214709
MPP2,0.00463447411586266
MPP3,0.000263779789536933
MPP4,-0.00844117041898231
MPP7,-0.0161918241521926
MPPE1,-0.00237517244880044
MPPED2,0.00509052701752712
MPRIP,0.00966104367897373
MPST,0
MPV17,0.00500704347298614
MPV17L,-0.00939649265977596
MPV17L2,0.00351780471181512
MPZ,0.00390807435682808
MPZL1,-0.00656125411119107
MPZL2,-0.0105528987344608
MPZL3,0.00500618327528347
MR1,-0.00740547376245701
MRAP2,0
MRAS,0.0016860121274504
MRC1,0.0350873992848015
MRC2,0.0124432334618308
MREG,0.00564203049236623
MRFAP1,-0.00136638766476465
MRFAP1L1,0.00123182513883364
MRGBP,-0.000748902679032601
MRGPRF,0.0260587056989977
MRGPRX3,-0.0123487889637824
MRI1,0.0056948624477471
MRM1,0.00702129139408715
MRO,0.0356279269697528
MROH1,0
MROH6,-0.0019999430383445
MROH7,0.00776192688988595
MROH8,-0.000688525508880816
MRPL1,0.00405008689448834
MRPL10,-0.00104903376897484
MRPL11,0.0038076472047279
MRPL12,0.0122636581660821
MRPL13,0.00361503754942622
MRPL14,-0.00276887476805162
MRPL15,0.00539941286611345
MRPL16,0
MRPL17,0.00266102455393886
MRPL18,0.00394039840824355
MRPL19,0.00463842490655397
MRPL2,0.0022993324134184
MRPL20,0.00332434017128584
MRPL21,0.0065816666884054
MRPL22,0.00190663344033931
MRPL23,0.00673408949170173
MRPL24,0.010680451478527
MRPL28,-0.00238276944046848
MRPL3,0.0118330867241092
MRPL30,0.00371633228932191
MRPL32,-0.00617955190303946
MRPL33,0.00309215453047888
MRPL34,0.00325866405113988
MRPL35,0.00683427240982338
MRPL36,0.00640876744223502
MRPL37,0.00799941575429114
MRPL38,0.00355967606242055
MRPL39,0.000220566582955518
MRPL4,0.00769946024801993
MRPL40,-0.00416641396833064
MRPL41,0.00204819176604176
MRPL42,0.00190236960170904
MRPL43,0.00165782537771368
MRPL44,-0.00448914413467295
MRPL45,0.00441710469922705
MRPL46,0
MRPL47,0.00446699756207931
MRPL48,0.00602362092431975
MRPL49,-0.00472280483865196
MRPL50,0.00142081977689303
MRPL51,0.0048809432079653
MRPL52,0.00239678082206232
MRPL53,0.00174179849539804
MRPL55,0.00523157331998028
MRPL57,0.00317140189362033
MRPL9,0.00245761830132817
MRPS10,0.0013378326094998
MRPS11,0.00424060578932602
MRPS12,0.00519284960222224
MRPS14,0.00262973112427948
MRPS15,0.00398337011297964
MRPS16,0.00453503218118505
MRPS17,0.00593771101950732
MRPS18A,-0.00464133805034966
MRPS18B,0.00326652622059882
MRPS18C,-0.00165931807009651
MRPS2,0.00478668344239796
MRPS21,0.0028548073137947
MRPS22,0.00166139681867905
MRPS23,0.00325200487618908
MRPS24,0.00382006260451294
MRPS25,0.00530262963600439
MRPS26,0.00411558319119071
MRPS27,0.00845184168606347
MRPS28,0.00446614726662745
MRPS30,0.00221404436723079
MRPS31,-0.00265046369551812
MRPS31P5,-0.0024761466982273
MRPS33,0
MRPS34,0.00778281234244159
MRPS35,0.00844899575697442
MRPS36,0
MRPS5,0.00356354260536576
MRPS6,0.00137114152380092
MRPS7,0.00636725549565977
MRPS9,0.00266300294332504
MRRF,0.00463804074264342
MRS2,0.00505693514925809
MRS2P2,-0.00319320377749819
MRTO4,0.0122615472096692
MS4A14,-0.00895927119748384
MS4A4A,0.0187437656310029
MS4A6A,0.0269225399499438
MS4A6E,0.0364245815971647
MS4A7,0.000676451597018439
MS4A8,-0.0036579342019028
MSANTD3,-5.74550888828794E-05
MSANTD4,-0.00453537293778701
MSC,-0.0149586807877334
MSH2,0.00590868736352122
MSH3,0.00376430425656965
MSH5,0.00206485590969644
MSH6,0.00226633126782495
MSI1,-0.00319146672319459
MSI2,0.0082775436805913
MSL1,0
MSL2,0
MSL3,-0.00319467555407776
MSL3P1,0.00431960745976808
MSMO1,0.0123100505038538
MSMP,-0.00302081033793519
MSN,0.00382544320700947
MSR1,0.0104474537333863
MSRA,0.00540107793893814
MSRB1,-0.0105646943814372
MSRB2,-0.00361288918375576
MSRB3,-0.010947215058813
MST1,-0.00376223306017959
MST1L,0
MST1R,-0.022272202446448
MSTN,-0.00213170194453611
MSTO1,0.00839428367719393
MSTO2P,0.00760998719549655
MSX1,-0.000505496901680988
MT1A,-0.0256451051572926
MT1B,-0.0157749313849834
MT1DP,-0.0158555453364254
MT1E,-0.0239902660434394
MT1F,-0.0194958154629056
MT1G,-0.0204849417050581
MT1H,-0.0203568479252658
MT1HL1,-0.00433685903367308
MT1IP,-0.00342936608896121
MT1JP,-0.0297505118952809
MT1L,-0.0187775009145294
MT1M,-0.0391035866149635
MT1X,-0.0126100960119365
MT2A,-0.0234200414588241
MT3,-0.00357845776906851
MTA1,0.00215616440400937
MTA2,0.000656639565417304
MTA3,0.00205798553383236
MTAP,0.00525687681315378
MTBP,0.00177510139125162
MTCH1,0.00229664948075543
MTCH2,0.00604766480407979
MTCL1,0.0269286362202906
MTCP1,-0.00538867723405987
MTDH,0.00387845809036631
MTF1,-0.0106038349512229
MTF2,-0.00188138802630772
MTFMT,0.00803500556033876
MTFP1,0.00508232393624493
MTFR1,0.00514853770687601
MTFR1L,0
MTFR2,0.00357188508348506
MTG1,-0.0070532155250419
MTG2,0.0018375219605496
MTHFD1,0.00518416202770196
MTHFD1L,0.0108472614121382
MTHFD2,-0.0115130549992856
MTHFD2L,0.00271704099627171
MTHFR,0
MTHFS,-0.00437248268216661
MTHFSD,-0.0007498031720699
MTIF2,0.00221568178762174
MTIF3,0.000965267514845427
MTM1,0.0025562723462202
MTMR1,0.00150221979819487
MTMR10,0.00893953838393432
MTMR11,-0.0216350952900487
MTMR12,0.00549128884363907
MTMR14,0
MTMR2,0.00688272570974477
MTMR3,-0.00382247845382389
MTMR4,-0.00359625681828179
MTMR6,0.00434002357935663
MTMR7,0.00345900159512887
MTMR8,-0.00708689568894666
MTMR9,-0.00618853580954674
MTMR9LP,-0.00823140293394693
MTO1,0
MTOR,0.00408904766388033
MTPAP,0.00381042817051066
MTPN,-0.00296666851925066
MTR,0
MTRF1,0
MTRF1L,0
MTRR,-0.002023985014596
MTSS1,-0.00129038555509125
MTTP,-0.0215072398671876
MTURN,-0.00189846866891465
MTUS1,0.0086874252307812
MTX1,0.00285511922497513
MTX2,0.00125557116873946
MTX3,0.00178716466730833
MUC1,-0.0300324557699335
MUC12,-0.00644915607534688
MUC15,-0.0021776890187589
MUC16,-0.00761670083317557
MUC17,0.00360437799895126
MUC19,-0.00411320872002589
MUC2,0.00412953596861456
MUC21,0.0001804531746929
MUC22,-0.00323704780021784
MUC3A,-0.0041612757683728
MUC4,-0.00246346601523743
MUC5B,-0.00307764629221087
MUC6,0.0121461923901893
MUCL1,-0.0181492053284546
MUL1,0.00134017499743415
MUS81,0
MUSK,-0.0063195337859919
MUSTN1,-0.00264612406012445
MUTYH,-0.00508642973787774
MVB12A,-0.00182339171738295
MVB12B,-0.00684328871786604
MVD,0.00781911733378918
MVK,0.0123448166172278
MVP,-0.00456288536525332
MX1,-0.0222476614536681
MX2,-0.015650727485535
MXD1,-0.00760464824740965
MXD3,0.00158869993718958
MXD4,0.0110034667368566
MXI1,-0.000766300197402919
MXRA5,-0.0152525764568747
MXRA8,0.00989364182817358
MYADM,0
MYADML,-0.00250596501973391
MYB,0.00431467480640206
MYBBP1A,0.00679693285431093
MYBL1,0.0145739838707957
MYBL2,0.0340093207055678
MYBPC1,0.00364940877155309
MYBPC2,-0.00268695926149024
MYBPC3,0.000689677606483686
MYBPH,-0.0034199474710535
MYBPHL,-0.00192861798245526
MYC,0.0274064495932093
MYCBP,0.0102736498281484
MYCBP2,-0.00376092202700654
MYCBPAP,-0.00974196984658569
MYCL,-0.00166933659913076
MYCNOS,0
MYD88,-0.00735063824574148
MYEF2,-0.00250103689063896
MYEOV,-0.0170376492674796
MYH10,0.000451904928364402
MYH11,-0.00850756586196608
MYH13,-0.00345799938998327
MYH16,0
MYH2,-0.00243057449316604
MYH3,-0.00929603480657448
MYH6,-0.00281542022700376
MYH7,-0.025757562716962
MYH7B,-0.00698864622452108
MYH9,0
MYL10,0
MYL12A,-0.00152152806925259
MYL12B,-0.00353324330033788
MYL4,0.0062436174559853
MYL5,0.00342012490728853
MYL6,0.00269829451051174
MYL6B,0
MYL9,0
MYLIP,-0.00440672707946946
MYLK,-0.00557891183358713
MYLK2,0.00423680003040171
MYLK3,-0.00229132793654031
MYLK4,0
MYLPF,0.00699112822048227
MYNN,0
MYO10,-0.00286269880986269
MYO15B,0.00237997410937065
MYO18A,-0.000995865631264589
MYO18B,-0.00349025797224933
MYO19,0.00628850462559267
MYO1A,-0.0269020507181856
MYO1B,0.00825919852916516
MYO1D,0.0175654422833074
MYO1E,0.00738128799831572
MYO1F,0.000923934734704399
MYO1G,-0.0280546327820855
MYO1H,0
MYO3B,-0.00662169111787547
MYO5A,0.00554213158915527
MYO5B,-0.0098238229024448
MYO5C,-0.0022090689588519
MYO6,0
MYO7A,0.0135633182878201
MYO7B,-0.0215359956909282
MYO9A,0.00262073081770495
MYO9B,0.00349801078441572
MYOF,0
MYOM1,0.00343734981387243
MYOM3,-0.00409989239807405
MYOT,-0.00440746070072902
MYOZ1,0.00987317213279787
MYOZ3,-0.0048343070831325
MYPN,0.000744279793047967
MYPOP,-0.00545321075903681
MYRF,0.00304487555325272
MYRIP,-0.0019666687450246
MYSM1,0
MYT1,-0.00101511395607359
MYZAP,0.0289179375446873
MZF1,0.00472269206027797
MZT1,0.00361069081415756
MZT2A,0.0069827331148972
MZT2B,0.00682970287449643
N4BP1,-0.00233675198670621
N4BP2L1,-0.0107130873062798
N4BP2L2,-0.00291754948473279
N4BP3,-0.0167314496586276
N6AMT1,0.00562714409926849
NAA10,0.00956022240452754
NAA15,0.00678317371742665
NAA16,0.00454872383227951
NAA20,0.00168362765905458
NAA25,0
NAA30,-0.00158933149917742
NAA38,0.00556279545074474
NAA40,0.00260547939297944
NAA50,0.00310772100791833
NAA60,-0.00283116349610864
NAAA,0.00205798147237226
NAALAD2,0.00635835309244015
NAALADL1,-0.0212651875068699
NAALADL2,0
NAB1,-0.00413116118457705
NAB2,0.00299308174718288
NABP1,-0.000837373571946531
NABP2,0.00188975244298522
NACA,0.00378314877741084
NACAD,-0.015865872632774
NACC1,0.000927728067190368
NACC2,0.000248533108846912
NADK,-0.00759222002789156
NADK2,0.00303354177559621
NADSYN1,0
NAE1,0.00256124666560175
NAF1,0
NAGA,0.00585737302530618
NAGK,-0.00296307967014015
NAGLU,0.00213673192228708
NAGPA,0.00633060462282935
NAGS,-0.00201676737945433
NAIF1,-0.00123644924751861
NAIP,0.0176019931700853
NAMPT,-0.0164793389902935
NANOGNB,-0.0041254388698043
NANOS1,0
NANOS3,-0.00976985866921579
NANP,0.0062553125086112
NANS,0.00172873706635705
NAP1L1,-0.00073876168551059
NAP1L4,0
NAP1L5,0
NAPA,-0.0039567041237677
NAPB,-0.000946964419583544
NAPEPLD,0.00667758207645897
NAPG,0.00194897997690089
NAPSA,0
NAPSB,-0.0211242705418196
NARF,-0.00363096884396081
NARS2,0.00841317248216524
NASP,-0.00210652463111364
NAT1,-0.00247137823070176
NAT10,0.00562792988500417
NAT14,-0.00582499896088857
NAT8,-0.0348704866856463
NAT8B,-0.0230042466331356
NAT8L,0.0240756940356649
NAT9,0.00471488057970456
NAV1,-0.00347844426381665
NAV2,0
NBAS,0.00206417060397171
NBEA,-0.0062869326899473
NBEAL2,0.000879997575139177
NBEAP1,-0.00955885259171737
NBL1,0.00638058992042133
NBN,-0.0117651006036597
NBPF1,0.00447603174571949
NBPF10,-0.00458996990758843
NBPF11,-0.00291715423442133
NBPF12,-0.0021878159789524
NBPF14,-0.00538442187017796
NBPF15,-0.00277887410907296
NBPF20,-0.00123003164076329
NBPF25P,-0.00283753744496796
NBPF3,-0.00480389377287732
NBPF4,-0.0187037940005866
NBPF6,-0.0124220679715779
NBPF8,-0.00608949572304609
NBPF9,-0.00659730259527907
NBR1,-0.0015053182060039
NBR2,0
NCALD,-0.00414246963206508
NCAM1,-0.0154457832943409
NCAM2,-0.0146502090283899
NCAPD2,0.00351650398389205
NCAPD3,0.0054935898994933
NCAPG,0.0264153236476871
NCAPG2,0.00879914547303379
NCAPH,0.0348377715552285
NCAPH2,0.00222340793819505
NCBP1,0.00523813407744541
NCBP2,0.00151050388325252
NCCRP1,0.000548840832189894
NCDN,-0.00211320031886209
NCEH1,0.00609917669824756
NCF1,-0.0295941483237828
NCF1B,-0.0343866404519243
NCF1C,-0.0319945002199165
NCF2,0.00473618237910392
NCF4,-0.00419730991417037
NCK1,-0.00463569442023662
NCK2,-0.000364930661978117
NCKAP1L,0.0031523901436535
NCKAP5,0.0119424223920506
NCKAP5L,0.0060202560743116
NCKIPSD,0.0054050590331984
NCL,0.00455039217731407
NCLN,0.00920031390714247
NCMAP,-0.00560424696648854
NCOA1,-0.00608406003008084
NCOA2,-0.00772792280501105
NCOA3,-0.000271668062946611
NCOA4,-0.00653465379182923
NCOA5,0.00194285859428775
NCOA6,-0.00279175056296043
NCOA7,-0.00756647402673972
NCOR1,-0.00115353772254364
NCOR2,0.0108190780950457
NCR1,-0.00426319575802904
NCR3LG1,0.00844391694124014
NCS1,0.0111345169948265
NCSTN,-2.48115551421051E-06
NDC1,0.00878383113734989
NDC80,0.00339947870985356
NDE1,-0.0031766230541582
NDEL1,-0.00338043852280869
NDFIP1,0
NDFIP2,0.00930790401218229
NDN,-0.00266740261765963
NDNF,0
NDOR1,0
NDP,-0.00139922358915271
NDRG1,-0.0109280172107503
NDRG2,0.0112041518734704
NDRG3,0.00345235586086067
NDRG4,-0.0116245940375908
NDST2,-0.00182565330466603
NDST3,0
NDUFA1,0.003527877478555
NDUFA10,0.0066468725827602
NDUFA11,0.00429780340427498
NDUFA12,0.00218168879552721
NDUFA13,0.00242840806141679
NDUFA2,0.00351694673394764
NDUFA3,0.00427798426056944
NDUFA4,0.00639212707908694
NDUFA4L2,-0.00919555892309971
NDUFA5,0.00493724752288649
NDUFA7,0.00177516189473353
NDUFA8,0.00497171241245605
NDUFA9,-0.000751694327860782
NDUFAB1,0.00725470316807472
NDUFAF1,0.00078978572963855
NDUFAF2,0.00556242970896315
NDUFAF3,0.00119490499981968
NDUFAF4,0.00700802367545681
NDUFAF4P1,-0.00346073769593039
NDUFAF5,0.00181997421816833
NDUFAF6,0.00749700920255154
NDUFAF7,0.0023439169298011
NDUFB1,0.00317682038925187
NDUFB10,0.00550212187640562
NDUFB11,0.00273024509774602
NDUFB2,0.00578865026580543
NDUFB3,-0.00263259771618743
NDUFB4,0
NDUFB5,0.00485765851802137
NDUFB6,0.00752272660776868
NDUFB7,0.00516665985215102
NDUFB8,0.00627009192350955
NDUFB9,0.00616688208556082
NDUFC1,0
NDUFC2,0.00435051358834671
NDUFS1,0.00637800276372026
NDUFS2,0
NDUFS3,0.00183667947681335
NDUFS4,0
NDUFS5,0.00852660037666632
NDUFS6,0.00607239207020397
NDUFS7,0.00555639797580281
NDUFS8,0.00727447487172491
NDUFV1,0.0057348397261996
NDUFV2,0.000947830356292828
NDUFV3,0.00723554249031485
NEAT1,-0.00649512162272834
NEB,0.00616208917826344
NECAB2,0.00311208867795062
NECAB3,0.00932537744240661
NECAP1,-0.00427927193051487
NECAP2,-0.00417649828152614
NEDD1,-0.00374139395613046
NEDD4,0
NEDD4L,0.00387287661811543
NEDD8,0.00402085240830672
NEDD9,0.00138696019263959
NEFH,0.00240127629515784
NEFL,0.0144764592964934
NEFM,0.00734657275188193
NEGR1,0.00210946443756432
NEIL1,0.00324069854893544
NEIL2,0.00488565713085158
NEIL3,0.0110488028428345
NEK1,0
NEK10,0.0162614812272653
NEK11,0
NEK2,0.00937366951517537
NEK3,-0.00718765245499893
NEK4,-0.0014587300830112
NEK6,0.00741241698101041
NEK7,-0.00442368548757526
NEK8,-0.00784701612921145
NEK9,0.00257049853396439
NELFA,-0.00219873385943145
NELFB,0
NELFCD,0.00306286649494548
NELFE,-0.00139603312207788
NEMF,0.00168236604913402
NENF,0
NEO1,-0.000891811069669717
NES,0.00980239204425286
NET1,-0.00806546258540938
NETO2,0.00579872151493849
NEU1,0.00306081801423062
NEU3,0.00110199892835182
NEU4,0
NEURL1,0.00630545805134448
NEURL1B,0.0166232963583078
NEURL2,0.0120563706949783
NEURL3,-0.0314114100550262
NEURL4,0.00113575186793269
NEUROG3,0.00619583660100443
NEXN,-0.017270021165147
NF1,-0.000312840642587666
NF2,0.00631402783146015
NFAM1,-0.00724232224964745
NFAT5,-0.00691934750332353
NFATC1,0.00343431739662132
NFATC2,0.0189441301524708
NFATC2IP,-0.00387183259654929
NFATC3,0.00762745538916744
NFATC4,-0.00364793305569173
NFE2,0
NFE2L1,-0.00871691042764553
NFE2L2,-0.0071972980414322
NFE2L3,-0.0144439750549952
NFIA,0.00776849126836709
NFIC,0.00459758835359982
NFIL3,0.00204238432140045
NFIX,-0.0173085937535336
NFKB1,-0.0144968540754085
NFKB2,-0.0119525251201179
NFKBIA,-0.00971314899024601
NFKBIB,-0.0044511400266828
NFKBID,-0.00241563587554522
NFKBIE,-0.00587045276433148
NFKBIZ,-0.013307718541161
NFRKB,0.00115316037935008
NFS1,0.00503809362582299
NFU1,-0.00165184295862187
NFX1,-0.00235256921552805
NFXL1,0.0106462227848098
NFYA,0.00106694992946848
NFYB,0.00296141504646329
NFYC,0.00144289586997169
NGDN,-0.00115214013424672
NGEF,0
NGFR,-0.0212230142202569
NGLY1,0.00130241708359886
NGRN,-0.00271292951815194
NHEJ1,-0.00475582458728154
NHLH1,-0.00264660017839106
NHLH2,0
NHLRC1,0.00337143474279182
NHLRC3,-0.00403277649318921
NHLRC4,-0.00369973955724135
NHP2,0.0113641609579785
NHS,-0.00512677399140276
NHSL1,0.0141865932943892
NHSL2,-0.00120473980714889
NICN1,-0.00208512049448935
NID1,-0.00399706799998755
NID2,0
NIF3L1,0.0008965462821922
NIFK,0.00552270583108405
NIM1K,-0.00907348002950957
NIN,0.00365806214188288
NINJ1,-0.0174753518581977
NINJ2,0.00422894273176237
NINL,0.00665607632974315
NIP7,0.00653951140548677
NIPA1,0.00459284554828156
NIPA2,0.00332285169314941
NIPAL1,0.0146965952136986
NIPAL2,0.00383648254448187
NIPAL3,-0.00425625329980177
NIPAL4,-0.0239934017592621
NIPBL,-0.00248930665693358
NIPSNAP1,0.00199421422713508
NIPSNAP3A,0.00158027424176479
NIPSNAP3B,-0.00218272639764822
NISCH,0.0099787174130568
NIT1,-0.00342810498544713
NIT2,0
NKAIN1,-0.00833065493492282
NKAIN2,-0.00168347133690481
NKAP,-0.00134343336424174
NKAPL,-0.0169711987160935
NKAPP1,-0.00743933548816333
NKD1,-0.00158387946230138
NKD2,0.00216001861560842
NKG7,-0.0143123279863977
NKIRAS1,0
NKIRAS2,-0.00513793171910165
NKPD1,-0.00341494289971234
NKRF,0.00292627716781552
NKTR,-0.00135312324790747
NLE1,0.0113651849412738
NLGN2,-0.00520915100061664
NLGN3,-0.000128805138695301
NLGN4Y,-0.00872532505928564
NLK,0.00159525358344805
NLN,0.0101422633971115
NLRC3,0
NLRC4,0.00118564505126158
NLRC5,-0.0161842950994436
NLRP1,-0.00495766490195218
NLRP12,0.00062802400206486
NLRP2,-0.0045675899760512
NLRP3,0.00458529004297741
NLRP7,-0.00243370601281938
NLRP8,-0.00298652394597094
NLRX1,0.00402487835575728
NMB,0.00680544307227158
NMD3,0.00806537888565309
NME1,0.0177911910347412
NME2,0.00568452179164422
NME3,0
NME4,0.0104546484602862
NME6,-0.00209716158612337
NME8,-0.0042353289163502
NME9,-0.00363836673334068
NMI,-0.0130881676675351
NMNAT1,0.00379388034869158
NMNAT2,0.00157785232807831
NMRAL1,0.00113453359197476
NMRK1,-0.00801647319597922
NMRK2,0.0251913424556085
NMT1,0.00237398675496798
NMT2,3.51374669639151E-05
NMUR1,0.00404284280649456
NNMT,-0.0118745040468586
NNT,0.00799830232822109
NOA1,0.00281686406119775
NOB1,0.00314385094401844
NOC2L,0.00760811956257776
NOC3L,-0.00566412171219906
NOC4L,0.00159532004969755
NOD1,-0.00734301129441423
NOD2,-0.0185097506027508
NOL10,0.00605594510901504
NOL11,0.00527623762154426
NOL12,0.00595671334959606
NOL3,-0.00524561037265748
NOL4L,-0.0039396413224645
NOL6,0.0108546937170142
NOL7,0.00208898884589707
NOL8,0.00102842361347441
NOL9,0.00282033313162322
NOLC1,0.00732325732264997
NOM1,0.00410519794428676
NOMO2,-0.00480895068483216
NOMO3,-0.00257539168351561
NONO,0.00285605398232621
NOP10,0.00392149028539882
NOP14,0.00703733716692642
NOP16,0.00893678454768858
NOP2,0.0076474042644846
NOP56,0.00410399571460414
NOP58,0.00467775448384838
NOP9,0.00579054620307784
NOS1,0.00289372390709236
NOS1AP,-0.000203670661941404
NOS2,-0.00633954670947526
NOS3,0.00404449375840551
NOSIP,-0.00367773255818283
NOSTRIN,-0.00456513379225232
NOTCH1,-0.00212857902648172
NOTCH2,-0.00807971779302386
NOTCH3,0.00330765628990287
NOTCH4,-0.004759046323709
NOTUM,-0.0011833603376214
NOVA1,-0.000881162742142171
NOVA2,0.00730784701725969
NOX1,0.0070800733527026
NOX4,-0.0037748637182738
NOXA1,0.00594923907360519
NOXRED1,-0.00739917380961018
NPAS1,0.00528194034993012
NPAS2,0.00561935774127229
NPAT,-0.00266839966083412
NPC1,0.00413927457957768
NPC1L1,-0.00889981512567311
NPC2,0.00524649369324561
NPDC1,0.00867783796725187
NPEPL1,0
NPEPPS,0.00214454191528885
NPFF,-0.00369863638852895
NPFFR2,-0.0036754977794403
NPHP1,-0.00109017064296983
NPHP3,0.00300649347108581
NPHP4,0.00187546176885904
NPHS1,-0.0040414685231421
NPIPA1,0
NPIPA3,0
NPIPA7,0
NPIPB3,-0.0015011330735674
NPIPB5,0.000923165170650627
NPIPB6,-0.0046015598959278
NPL,0.00447957429763711
NPLOC4,-0.00107391045369076
NPM1,0.00615665564793872
NPM2,0.00631987234531959
NPM3,0.0172462164014518
NPNT,-0.00268891320681629
NPPA,0
NPPC,0.00519697354555586
NPR1,0.0017915630817457
NPR2,0
NPR3,-0.00546518551747421
NPRL2,0.000688498214313036
NPRL3,0.00554557846141024
NPTN,0.00202827315166258
NPTX1,0.00360993028397073
NPTX2,-0.00359099518514818
NPTXR,-0.000481459854192952
NPW,0.00510771466974486
NPY4R,0.00513757167971142
NPY6R,-0.00503633210613557
NQO1,0.00320420742430751
NQO2,-0.00362936332750438
NR1D1,-0.00535897813419045
NR1D2,-0.00373547253559655
NR1H2,-0.00373410609450655
NR1H3,-0.010110896158041
NR1H4,-0.00312041798696187
NR1I2,-0.00876751298373691
NR1I3,0.00256287444249384
NR2C1,0
NR2C2,-0.00613644725737237
NR2C2AP,0.000708068076011161
NR2E1,0
NR2E3,0.00356584373810879
NR2F1,-0.00607885940366316
NR2F2,0.00505996908602648
NR2F6,0.00562507473865119
NR3C1,-0.0034398401636753
NR3C2,0.00447178539922436
NR4A1,0
NR4A2,-0.0109080157511137
NR4A3,0.00323158075201544
NR5A2,0.00107184009775732
NR6A1,-0.00178121253473099
NRADDP,0.00685397591900523
NRAP,0.00739994741018813
NRARP,0.0103478289292189
NRAS,0.00100346154953473
NRBF2,-0.00288751993490173
NRBP1,-0.00173187488313895
NRBP2,0
NRCAM,0.00940674419015792
NRDE2,-0.00189284463315268
NREP,-0.00471897248764165
NRF1,-0.00155135340088399
NRG1,0.00294622076575018
NRG2,-0.0246935076815977
NRGN,0.0278919814005118
NRIP1,-0.00299167934456286
NRIP2,0.00844343077823683
NRL,-0.00360874833432187
NRM,-0.00177310256682609
NRN1,-0.0072439346667206
NRP1,0.0204834628788627
NRP2,-0.00190963751620739
NRROS,0.0088126233893872
NRSN1,-0.00262354230466535
NRSN2,-0.016156793281985
NRTN,0.00173222218416781
NRXN1,0
NRXN2,-0.00281050184447438
NSA2,0.00329483360309119
NSD1,0.00105159549398129
NSDHL,0.00687727883352438
NSFL1C,0.00126484805728959
NSFP1,-0.00435131194387794
NSL1,0
NSMAF,-0.000710341590660453
NSMCE1,0.00341478868111154
NSMCE2,-0.000870750746124558
NSMCE4A,-0.00357611585981324
NSMF,0.0058358926657574
NSRP1,-0.0011039084431479
NSUN2,0.00135914628799969
NSUN3,-0.00408116149761258
NSUN4,-0.00129922987501321
NSUN5,-0.00243622099464698
NSUN5P1,0.00694366513173805
NSUN5P2,0.00498336822349806
NSUN6,-0.000971340956071255
NSUN7,-0.0202152193512115
NT5C,-0.00229938971341114
NT5C1B,-0.00651302829485342
NT5C2,-0.00157149141422874
NT5C3A,-0.0169902273439918
NT5C3B,0.00188624889122431
NT5DC1,0.00148941641892327
NT5DC2,0.0252699738030444
NT5DC3,0.00525800948054595
NT5E,0
NT5M,-0.00201476415521654
NTAN1,0.00245001697160507
NTHL1,0.00410431548775274
NTMT1,0.000243101460657545
NTN1,-0.0265538623918162
NTN3,0.00248433578329009
NTN4,-0.00423152692411967
NTN5,-0.00332886248783374
NTNG2,-0.018648840356758
NTPCR,0.00283708964159679
NTRK1,0.00665563818541376
NTRK2,-0.00679301467228392
NTRK3,0.00286969146967671
NTSR1,0.00969928874503685
NUAK1,-0.00192561260890051
NUAK2,-0.0109568681173835
NUB1,-0.0160736614128808
NUBP1,0
NUBP2,0.00336238108937832
NUBPL,0.00324875475082197
NUCB1,-0.00475656677700471
NUCB2,-0.0047113095452783
NUCKS1,0.00257357768758101
NUDC,0.00504545666973747
NUDCD1,-0.00814995209851003
NUDCD2,0.00128183998262285
NUDCD3,0.00228768719577294
NUDT1,0.0106197787019353
NUDT10,-0.0103589889288146
NUDT11,-0.00259493404086945
NUDT12,0.00369181073432283
NUDT13,0.00590189178970001
NUDT14,0.00325200694817818
NUDT15,0.00280627155554784
NUDT16,0.00922607451873064
NUDT16L1,0.00602255597184079
NUDT17,0.00150801788601865
NUDT18,-0.00371201244746506
NUDT19,0.00698142300982839
NUDT2,0
NUDT21,0.000706863985908039
NUDT22,0
NUDT3,0.00365097966660211
NUDT4,0.00234323585602308
NUDT4P2,0.00245458606298998
NUDT5,0.0053507376545131
NUDT6,0.00365878594414709
NUDT7,0.0021537937156067
NUDT8,0.0181901708021789
NUDT9,0.0044573634314816
NUDT9P1,-0.0108733517318809
NUF2,0.0110145788556659
NUFIP1,0.00461829785335039
NUFIP2,0.00168196758130673
NUGGC,-0.00249011492040037
NUMA1,-0.000998125817693466
NUMB,-0.0022936456673463
NUMBL,0.00194228759221114
NUP107,0.00231115810460574
NUP133,0.00165465905786799
NUP153,-0.0022384344313387
NUP155,0.00345320287213467
NUP160,0.00179013676422119
NUP188,0.00597970345963309
NUP210,0.00730208096975474
NUP210L,-0.00259070102207883
NUP214,0.00173505531420887
NUP35,0.00365233865095861
NUP37,0.00246503299787651
NUP43,0.000617534855603805
NUP50,-0.00224575088432603
NUP54,-0.000937396032657038
NUP62,-0.00315961029710175
NUP62CL,-0.00547673867592769
NUP85,0.00402180692681861
NUP88,0.0012032043515778
NUP93,-0.00183038171995946
NUP98,-0.00229591916797235
NUPR1,-0.0229544848499365
NUS1,0.00179363855113229
NUSAP1,0.00453168996087193
NUTF2,0.00604844463904764
NUTM2A,-0.00871380072143666
NUTM2B,-0.00741993586592507
NUTM2D,-0.00684975873595445
NUTM2F,-0.00305764714268281
NVL,0.00272477990599589
NWD1,0.00839484057103348
NWD2,-0.00290382506678603
NXF1,-0.00528796414070095
NXF3,0.0114462969821305
NXN,-0.00497995876118367
NXNL1,-0.002039169374767
NXPE3,-0.00171952195626671
NXPH2,-0.00222124101907227
NXPH3,0.00362197069080375
NXPH4,-0.0038524210009834
NXT1,0.00359321204599052
NXT2,-0.00547648523337149
NYAP1,-0.000443437283679903
NYNRIN,-0.0145073332074922
OAF,-0.00960324287500368
OARD1,-0.00229241275531905
OAS1,-0.0139276071353792
OAS2,-0.0169380005566756
OAS3,-0.0141097315064535
OASL,-0.0241943707678927
OAT,0.00838759874670481
OAZ1,0.00217608748087212
OAZ2,-0.00311506410510037
OAZ3,0.00947977229562612
OBSCN,0.00829158888165243
OBSL1,0.00925857566777101
OCEL1,0
OCIAD1,0.00182749531980089
OCIAD2,-0.00810593875518709
OCLN,-0.00894628967859393
OCRL,0.00234669884351155
OCSTAMP,0.0156057158668343
ODC1,0.00454286952993863
ODF2,0.0103260468223379
ODF2L,-0.00932811373236362
ODF3,-0.0025743353541893
ODF3B,-0.0137589547586678
ODF3L1,-0.00215559597577409
OFD1,-0.00648154906526833
OGDHL,0.003170093605495
OGFOD2,0.00481740605438172
OGFOD3,0.00192138148056726
OGFR,-0.00744683703495402
OGFRL1,0.000727651067283599
OGFRP1,-0.0032911366627095
OGG1,0.00642102777226646
OGN,0.00803569185250043
OGT,0
OIP5,0.00883112645644561
OIT3,0
OLA1,0.00498137940309888
OLFM1,0.00538711197184124
OLFM2,0.00898523108914347
OLFM4,-0.00195630373113326
OLFML1,0
OLFML2A,0.00723973987782296
OLFML2B,0.0172366921171876
OLFML3,0.0200794259474973
OLIG1,0
OLIG2,-0.013442235026854
OLR1,0
OMA1,0.000792276737240377
OMD,-0.00572659507555886
OMG,0.00782892682955324
ONECUT1,-5.14144421616633E-05
ONECUT2,-0.00448429807107618
OPA1,0.00498263931350187
OPA3,0.00159072679632885
OPHN1,0.000610186168704482
OPLAH,0.00252260255782489
OPN3,0.0122157986213937
OPRL1,0.0119266267177053
OPRM1,0.00459310559426121
OPTC,0.00412155780608261
OPTN,-0.0235738509590543
OR11A1,-0.00330247347377084
OR13A1,-0.0039676097448364
OR1F1,-0.0151598362072292
OR1K1,-0.00307630410756976
OR1L8,-0.0064335787714239
OR2A20P,0
OR2A4,-0.00380465034136858
OR2A7,-0.00789900893216628
OR2A9P,-0.00382412620540599
OR2B11,0.0058376050965625
OR2B6,-0.0118777528086703
OR2C3,-0.00795142152754276
OR2L13,-0.00475529117716568
OR2W3,0
OR4F13P,0
OR51E2,-0.00691391141992156
OR52K1,0
OR52K2,-0.00780482022781471
OR52N2,-0.0103845381044647
OR52N4,-0.0153666864033512
OR5B12,-0.00318228663731498
OR5B21,-0.0028187261022813
OR6K3,0.0088623515674166
OR7E47P,0.00456934689161133
OR9A4,0.0038074665981308
ORAI1,-0.0012633369124399
ORAI2,-0.00473254555285843
ORAI3,0.00190768111879367
ORC1,0.00936691119897741
ORC2,0
ORC3,-0.00128638678064469
ORC4,-0.0015867197089986
ORC5,0.00133935599890207
ORC6,0.00590163110984759
ORM1,-0.0253411917635424
ORM2,-0.00680691041342554
ORMDL1,0.00109731990419118
ORMDL2,0.000474042111355419
ORMDL3,-0.00714885398429819
OS9,0.000457603324109194
OSBP,0.00133432903655054
OSBP2,-0.0135668329430713
OSBPL10,0.0061879610852701
OSBPL11,0.00346281134056423
OSBPL1A,0.00689298554364498
OSBPL2,0.000623773030647414
OSBPL3,0.00670166409452649
OSBPL5,-0.00150642859990667
OSBPL6,0
OSBPL7,0.00704462959953428
OSBPL8,0.00573022895078632
OSBPL9,-0.00682295903110208
OSCAR,-0.00862296144820684
OSCP1,0.00473715591198074
OSER1,-0.00532974033235777
OSGEP,0.0043782004701794
OSGEPL1,0.00646667869500551
OSGIN1,0.0088957745846575
OSGIN2,-0.0033006046986586
OSM,-0.00335670486399624
OSMR,-0.00407730215069922
OSR2,-0.0263428272307671
OST4,0.00454946851491647
OSTC,0.011960197260901
OSTCP1,0
OSTF1,0
OSTM1,0.0018781972903493
OTOA,0.0232369945058308
OTOF,-0.0142072889158467
OTOP1,-0.00214551482280762
OTOP2,0.00207839479310204
OTUB1,-0.00205353427246149
OTUB2,0.00757911126364217
OTUD1,-0.00848830378824744
OTUD3,0.00144822373682369
OTUD4,-0.00703258871967321
OTUD5,-0.00368245100616922
OTUD6A,-0.00469623090865943
OTUD6B,0.00794581867762715
OTUD7A,-0.00730155639701021
OTUD7B,-0.0086276741311966
OTULIN,0.00151785720574646
OTX1,-0.00462717656376754
OVGP1,0.0044742506582809
OVOL1,-0.00726313229032513
OVOL2,-0.00151885716721931
OXA1L,0.00719559438412016
OXCT1,-0.00454064490180436
OXCT2,0.00475418289364562
OXER1,0.00269018324862655
OXLD1,0
OXNAD1,0.00524436748866942
OXR1,0.00455348468205261
OXSM,0.00273444748457883
OXSR1,-0.00310599210399858
OXT,-0.00358817958251398
OXTR,-0.0100587180087555
P2RX1,0.00841671988879879
P2RX4,-0.00917285587373627
P2RX5,-0.00966690792812288
P2RX6,0.0149070914560839
P2RX7,-0.0198937677021107
P2RY1,0.0148042920495734
P2RY10,-0.00573993312814026
P2RY11,0.00732542668250903
P2RY12,0.0293537502371186
P2RY13,0.0136710057251545
P2RY14,-0.00516793200403787
P2RY2,-0.00587820872651023
P2RY6,0.00312031347672857
P2RY8,-0.00671696378799091
P4HA1,0.00236144511307705
P4HA2,0.00703796410375405
P4HA3,0.00336325840619521
P4HB,0.00384753355442198
P4HTM,0.00347854200468097
PA2G4,0.00624367741858125
PAAF1,0.00278870438343844
PABPC1,0.0059770656265692
PABPC1L,0
PABPC4,0.00869685623555943
PABPN1,0.00070145793043922
PACRGL,0.00114154075993587
PACS1,-0.000940375503476644
PACS2,0.00544803407905659
PACSIN1,0.00340047288803149
PACSIN2,0.00247139784501639
PADI1,-0.00226137818024868
PADI2,-0.0158351676732695
PAEP,-0.00569704069724669
PAF1,-0.00565019608032509
PAFAH1B2,-0.000676923674152047
PAFAH1B3,0.00146788536637601
PAFAH2,0.00157132075957072
PAG1,-0.0127751562653197
PAGE2,-0.00513285924832009
PAGR1,0.00595481269528735
PAICS,0.0149050826892649
PAIP1,-0.0010538479030761
PAIP2,-0.00267807522732954
PAIP2B,0.00200992573739497
PAK1,-0.00404135604015639
PAK1IP1,0.00718369329430351
PAK2,0.00328839088227402
PAK3,-0.00446421945141537
PAK4,-0.0036252383354404
PAK6,0.0102153660918795
PALB2,0.00218088250175644
PALD1,0.025497338088009
PALLD,0.0258289631134499
PALM,-0.00837934128237533
PALMD,-0.00271000045791651
PAM,0.00553123743455214
PAM16,0.00473095073407285
PAN2,0.00165474619400618
PAN3,-0.0051347187514971
PANDAR,-0.00351782859140099
PANK1,0.00892841882049638
PANK2,-0.00315561008972843
PANK3,0.00579647705811019
PANX1,-0.0112535681132863
PANX2,-0.00851357266898874
PAOX,0.000834860937420322
PAPLN,-0.0034152907145228
PAPOLA,0.00326567147053459
PAPOLB,-0.00356442685437443
PAPOLG,-0.00451608281170102
PAPSS1,0.0032897898532469
PAPSS2,0.0132253424998857
PAQR3,0.00317918510135457
PAQR4,0.0104391633775396
PAQR5,0.0109178156149777
PAQR6,-0.00911842016874167
PAQR7,0.00475066501667849
PAQR8,-0.00330736075077917
PARD3,-0.0157624571089847
PARD3B,0.00735339212220321
PARD6A,-0.00107096837147329
PARD6B,-0.00284122069054426
PARD6G,0.00336255707757912
PARG,0.00373310168854078
PARGP1,0
PARK7,0.00603097745207153
PARL,0.00329687589953136
PARM1,0.0367226065692263
PARN,0.00356016225386538
PARP1,0.00603519015887832
PARP10,-0.0127178809720744
PARP11,-0.00719653947702043
PARP12,-0.0048843938435749
PARP14,-0.0162101095043649
PARP15,-0.0109227333792841
PARP16,0.00147234578362407
PARP2,0.00291543140623602
PARP3,-0.00906717506194616
PARP4,-0.00138869328228804
PARP6,-0.0013267402063511
PARP8,-0.000652548104943783
PARP9,-0.0128858009270409
PARPBP,0.00380098673064439
PARS2,0.00302721136952077
PART1,-0.00295496045808669
PARVA,0.00474215719676848
PARVB,0.0134005996669322
PARVG,0.005190792712765
PASK,0.00490976657143574
PATE2,-0.00210253820976934
PATL1,-0.00653030829217345
PATL2,-0.0022271770861483
PATZ1,-0.00294207715008722
PAUPAR,-0.00499841918812084
PAWR,-0.00801310562675206
PAX3,-0.0130743151799628
PAX5,-0.0197920609073613
PAX6,0.00465719187359853
PAX7,-0.00154722162984934
PAX8,-0.00372270040792155
PAXBP1,0.00397717016048377
PAXIP1,0.00693856559670407
PBDC1,-0.0010967127597137
PBK,0.00916423683418294
PBLD,-0.00291861977998535
PBRM1,0.00145636942322389
PBX1,-0.00956403364288318
PBX2,-0.00472474081511908
PBX3,0.00275727979210071
PBX4,-0.00823987517255029
PBXIP1,-0.000508806360680444
PC,0.0100182834309187
PCA3,0.00296893686079444
PCAT1,-0.00491771564819619
PCAT18,-0.000610681797549738
PCAT5,-0.00541065077573727
PCAT6,0.00904362030341207
PCBD1,0.00547559138503314
PCBD2,0.0038992382470834
PCBP2,0.000774822801082805
PCBP3,0.00772651605763379
PCBP4,-0.00299366500959432
PCCA,0.00857876003823054
PCCB,0.00572180401306554
PCDH1,0.0140719861399003
PCDH10,-0.00406808707050882
PCDH11X,-0.00385348519300238
PCDH12,-0.00903129085927039
PCDH17,-0.00913809693944719
PCDH18,0
PCDH7,0.00471824877969128
PCDH9,-0.00432797141989695
PCDHB13,0.00176746533684495
PCDHB14,0
PCDHB19P,0.000576595203383689
PCDHB9,-0.00308178723751114
PCDHGA10,0.00268752917745748
PCDHGA11,0.012873838717636
PCDHGA12,0.0169015545683306
PCDHGA2,0.00731366079773365
PCDHGA7,0
PCDHGA8,-0.00658368392189852
PCDHGB2,0
PCDHGB4,0.00876605570940249
PCDHGB5,0.00531606569279665
PCDHGB7,-0.00360687608241015
PCDHGC3,0.007004923201761
PCDHGC4,0
PCDHGC5,0.00550785994783476
PCED1A,-0.00186411655315871
PCED1B,0.0131771404317484
PCF11,-0.00286736837096639
PCGF1,-0.000984875906829814
PCGF2,-0.00902434789930998
PCGF3,-0.00110420105862144
PCGF5,-0.00537275429196195
PCGF6,0.00474593896928083
PCID2,-0.000263358319292393
PCIF1,-0.00411292368548378
PCK2,-0.00338993774333872
PCLO,0.00222654888593427
PCM1,0.00599506359104731
PCMT1,-0.00273403543055207
PCMTD1,-0.00714290597983293
PCMTD2,0.00393308703387643
PCNA,-0.00102928036968974
PCNP,-0.00146335449802872
PCNT,0.0032116098186417
PCOLCE,0.00460433467223798
PCOLCE2,0.017899605837184
PCP2,-0.0037737453578041
PCP4L1,-0.00679777128441269
PCSK1,0.0081205762095078
PCSK1N,0.00690658551811123
PCSK4,0.00450860528327263
PCSK5,0.0127463754472405
PCSK6,0.0155845698708303
PCSK7,0.00146715277782456
PCSK9,0.00414429222435817
PCTP,0.00245154072696828
PCYOX1,0.00923829564192458
PCYOX1L,0.0101557993618635
PCYT1A,0.000880915426737578
PCYT2,0.0105798762834837
PDAP1,0.00274457753907741
PDC,0.00526357729153376
PDCD1,-0.0177971245955546
PDCD10,-0.00269571328821243
PDCD11,0.00922793321709825
PDCD1LG2,-0.00283132641692173
PDCD2,0.000567431624386827
PDCD2L,0.00259194173908886
PDCD4,-0.00309296934724686
PDCD5,0
PDCD6,0.00303519440833973
PDCD6IP,-0.00133994094591553
PDCD6IPP2,-0.00563115767735635
PDCD7,0.0010348859138636
PDCL,0
PDCL3,0.00582023525632265
PDCL3P4,-0.00281299372101117
PDE11A,-0.00354565920115011
PDE12,0.00406371040996547
PDE1A,0.00479379512339519
PDE1B,0
PDE2A,0.0033107362367502
PDE3A,0.00710010944656743
PDE3B,0.0140258138499545
PDE4A,0
PDE4B,-0.0268392361953775
PDE4C,0
PDE4D,-0.010656382233839
PDE4DIP,-0.00819837033724288
PDE6B,-0.00323750320206389
PDE6C,0
PDE6D,-0.00438109090186785
PDE6G,0
PDE6H,-0.0167658831184128
PDE7A,0
PDE7B,0.0119779993456513
PDE8A,0.00423162724373576
PDE8B,0.00720451038743975
PDE9A,-0.0203866768489231
PDF,0.00783630626397361
PDGFA,0
PDGFB,0.0100308980820367
PDGFC,0.0239388440446909
PDGFD,0.00469507131015385
PDGFRA,-0.0109273396036232
PDGFRB,-0.00382876949473248
PDGFRL,-0.0112735060388072
PDHA1,0.00633958825606525
PDHB,0.00500056763726169
PDHX,0.000620006872595917
PDIA3,-0.00338608626475247
PDIA3P1,-0.0052158882478128
PDIA4,0.0108080293543144
PDIA5,0.00846831613337065
PDIA6,0.00999454810499049
PDIK1L,8.56124001991825E-05
PDK1,0.00759098759411898
PDK2,0.0072213407558237
PDK3,0.00592684730430997
PDK4,0.0113288287975565
PDLIM1,-0.00286318006511752
PDLIM2,0.0119470038739433
PDLIM4,0.00844808886263524
PDLIM5,0
PDLIM7,0.00388147310617596
PDP1,-0.00723058164128909
PDP2,0.00749873443428643
PDPK1,0
PDPN,-0.00557712968015387
PDPR,0.0036311916936585
PDRG1,-0.00510214304516839
PDS5A,0.00402876249400069
PDS5B,0
PDSS1,0.0103929532230066
PDSS2,0.0075729448686452
PDXDC1,0.00465997859300221
PDXDC2P,0.00248392245733111
PDXK,0.00695464450222881
PDXP,0.012510774812529
PDYN,0.00252695373968501
PDZD11,0.00304165949088153
PDZD2,-0.00631270884561822
PDZD3,-0.00297526619395928
PDZD4,-0.0106638456152014
PDZD7,-0.00711515829912406
PDZD8,0.0043687733446419
PDZK1,-0.00442406685251941
PDZK1IP1,-0.011963276375907
PDZRN3,-0.00411735178624352
PDZRN4,0.00659119699162426
PEA15,0.00147871956359453
PEAK1,0.00184337639102023
PEAR1,0.00917330747002049
PEBP1,0.00166904816106574
PEBP4,0.00652138494374331
PECAM1,0.00222187702836838
PECR,0.00451267658922434
PEF1,-0.000502247742030274
PEG10,0.00498640236036551
PEG3,0.0191679136266452
PELI1,-0.010181785167286
PELI2,-0.00257365993873534
PELI3,0.00193663360157594
PELO,-0.00171362188195309
PELP1,0.00550247692228399
PEMT,0.0138869789357961
PENK,-0.00557806196926938
PEPD,0.0076229733317162
PER1,-0.00213648769316483
PER2,0.00264904382152934
PER3,0.00861207338845598
PERM1,-0.0152350229446586
PERP,-0.00978858159256978
PES1,0.00607253137701312
PET100,0.00375911880397577
PET117,0.00461632800954104
PEX1,0.00137350283613313
PEX10,0.00624984432445609
PEX11A,0.00128449354538125
PEX11B,-0.00693871595850444
PEX11G,0.0069282230734666
PEX12,-0.00184378944041122
PEX13,-0.00113616983662875
PEX14,-0.00240221728737897
PEX16,-0.0023625617930598
PEX19,0.00171570843422879
PEX2,0.00034556953084233
PEX26,0.00185069548896868
PEX3,0
PEX5,-0.000944946314253129
PEX5L,-0.00853339035401114
PEX6,0.00564411887351095
PEX7,0.000958304285340262
PF4,0
PF4V1,0
PFAS,0.0125892605115626
PFDN1,-0.00282416974950217
PFDN2,0.00159412367910219
PFDN5,0.00311825319759641
PFDN6,0.00278868196155097
PFKFB2,0.00858905626206453
PFKFB3,-0.0107152030957477
PFKFB4,0.00586371026003997
PFKM,0.00460082348723439
PFKP,0.00343637261712603
PFN1,-0.00111520293166172
PFN1P2,-0.00698322338145726
PFN2,-0.0130414090424901
PFN4,0.00321840099293188
PGA3,0.0193371069794329
PGA4,0.0230926884820494
PGA5,0.0240246010204935
PGAM1,-0.00128335878518773
PGAM5,0.00886633441242657
PGAP1,-0.0087810068421496
PGAP2,0.00144500753648188
PGAP3,0.00509442089154933
PGBD1,0.0026111585385125
PGBD2,0
PGBD4,0.00327636332667661
PGBD5,0.00861112764249219
PGD,-0.00280784457264316
PGF,0.00675805248006546
PGGT1B,0.00127104728077999
PGK1,0.00493025207995796
PGLS,0
PGLYRP2,0
PGM1,0.00324572099718568
PGM2,0.00810578658828838
PGM2L1,0.00109019883136669
PGM3,0.00362281981438393
PGM5P2,0
PGP,0.00947539478739954
PGPEP1,0.00760479128873486
PGRMC1,0.00119028543444461
PGRMC2,0.00360722130483538
PGS1,0.0012766878363282
PHACTR1,0.00825892795950688
PHACTR2,-0.00313468716841499
PHACTR4,-0.00485217348792675
PHAX,0.002451369255252
PHB2,0.00294550527315878
PHC1,-0.0010921035361468
PHC2,0.00107388914112355
PHC3,-0.00655068402935127
PHEX,0.00448236293598178
PHF1,-0.00990297300806481
PHF10,0.00318922612217673
PHF11,-0.00692079150789859
PHF12,0
PHF13,-0.000995683405481804
PHF14,0.00206055599500723
PHF19,0.0104101600948238
PHF2,-0.00109486782523491
PHF20,0.00184751869261498
PHF20L1,0.00138463096046088
PHF21A,-0.0077060645502756
PHF23,-0.00179385989012267
PHF3,-0.00472884364710725
PHF5A,0
PHF6,0.00266194931229175
PHF7,0.00514836169535804
PHF8,-0.00256688733662816
PHGDH,-0.00966548629396728
PHIP,-0.00249092929951106
PHKA1,0.00554728877149173
PHKA2,0.00311072323947823
PHKB,0.00224525001540847
PHKG1,-0.00280380648478171
PHKG2,0.00127837683734301
PHLDA1,0.00914030536326548
PHLDA2,-0.00814080532793693
PHLDA3,0
PHLDB1,0
PHLDB2,0
PHLDB3,0.00507950612102094
PHLPP1,0.00252525400557992
PHLPP2,-0.00143655754163773
PHOSPHO1,0.0203071812075742
PHOSPHO2,0.0043636101077642
PHOX2A,-0.00181068603883809
PHPT1,0.00160604215191192
PHTF1,0.00162737981757374
PHTF2,0.00922539230736301
PHYH,0.00406164992195124
PHYHD1,0.00663420434792987
PHYHIP,0.00702161137905245
PHYKPL,-0.00589917539646873
PI3,-0.0128657030625087
PI4K2A,0.00312225356522952
PI4K2B,-0.0096774814852278
PI4KA,0.00786513411117306
PI4KAP1,-0.00168725132826333
PI4KAP2,0
PI4KB,-0.00299580551203992
PIANP,0
PIAS1,-0.000743424342021236
PIAS2,0.000812796251772479
PIAS3,-0.00499441932636281
PIAS4,-0.00169571136008777
PIBF1,0.00431282897975293
PICALM,0.00717261502141571
PICK1,-0.00105391421065579
PID1,0.00318017854504253
PIDD1,0.00490426246669164
PIEZO1,0.00622778476484811
PIEZO2,-0.0030487681838549
PIF1,-0.00489891683071223
PIFO,-0.00443877781756977
PIGA,-0.00101386724004745
PIGB,-0.00302224447592006
PIGC,0
PIGF,0.00220197268731422
PIGG,-0.00057920318662981
PIGH,0.00241306645922003
PIGK,0.00510854452350353
PIGL,0.00130538636330973
PIGM,0.000476085840224425
PIGN,0.00803934973325079
PIGP,0
PIGQ,0.00686832207112335
PIGR,0.00369236419559526
PIGS,0.000739902663043586
PIGT,0.00122895742710301
PIGU,0.00329776514659108
PIGV,-0.0040798387204835
PIGW,0.0106745513696818
PIGX,0.00274215902310349
PIGY,0.00336675925176671
PIGZ,0.00654408569928493
PIH1D1,-0.00280933779507328
PIH1D2,-0.00946176192835905
PIK3AP1,-0.00249792932087557
PIK3C2A,0.00343493055399736
PIK3C2B,0.0135101416968321
PIK3CA,-0.00208429976171847
PIK3CB,-0.00218354249496756
PIK3CD,0.00841168358281678
PIK3CG,0.00178896109960769
PIK3IP1,-0.00145969316072378
PIK3R1,0.00872769490823949
PIK3R2,0.0112486849919091
PIK3R3,-0.00382904680074107
PIK3R4,0.00202363058190895
PIK3R5,0.00156836514105588
PIK3R6,0.0130597351576183
PIKFYVE,0.00262289696868901
PILRA,-0.00766231514999018
PILRB,-0.00695872168730558
PIM1,-0.017387863983563
PIM2,-0.00423643780184896
PIM3,-0.00413585776438015
PIN1,0.00385426015393653
PIN4,0.00436711478333185
PIN4P1,0
PINK1,0.000833425909474854
PINLYP,-0.00353216103067236
PINX1,0.00305233628103132
PIP4K2A,0.00241649472675756
PIP4K2B,0.00363222100203058
PIP4K2C,-0.0068788302537145
PIP5K1A,-0.00341545339124836
PIP5K1B,0.00595986990201851
PIP5K1C,0.00464685522183147
PIP5KL1,0.00441662280069846
PIPOX,-0.00486379062929849
PIPSL,0
PIR,0.00509028236420305
PISD,-0.000219872068251415
PITHD1,0.00445612984851647
PITPNA,0.00221821573549017
PITPNB,-0.00288456900503684
PITPNC1,0.00589434898853761
PITPNM1,0.00113421880913751
PITPNM2,0.00634114760536438
PITPNM3,0.00458579736720673
PITRM1,0.00854149456610794
PITX1,-0.00744457309337651
PITX2,-0.00283926711252662
PITX3,-0.000681575837770093
PIWIL2,-0.00419034308471725
PIWIL3,-0.00281024566707209
PIWIL4,-0.0116691971921808
PJA1,-0.0018864143801008
PJA2,0.00197650869955595
PKD1,0.00345230338254381
PKD1L1,0.00425684139837127
PKD1L3,0.0123721396317455
PKD2,0.00984830861247673
PKD2L1,-0.00409280809531378
PKD2L2,-0.00366708091388643
PKDREJ,0.0106951613736431
PKHD1,-0.00605630622048562
PKIA,0.0170674399246655
PKIB,0.0192808276380721
PKIG,-0.0213758301763558
PKLR,0.00167007426434404
PKM,0.00169565834122723
PKMYT1,0.0154953025498861
PKN1,-0.00188674218627886
PKN2,-0.00421478236095106
PKN3,-0.0102357428953926
PKNOX1,-0.00116048333141014
PKNOX2,0.00453791011605174
PKP2,0.00556462053268662
PKP3,0.00176567793877133
PKP4,0.00740564537203866
PLA1A,-0.0265113647814536
PLA2G10,-0.00264019467878936
PLA2G12A,0.0052789800079569
PLA2G15,0.0106251533760524
PLA2G2D,-0.0119700171637495
PLA2G4A,0.00461548541663292
PLA2G4B,-0.0114576958299695
PLA2G4C,-0.0126349469224835
PLA2G4E,0
PLA2G6,-0.00360465033835192
PLA2G7,-0.00313254561300725
PLA2R1,-0.00316345362213958
PLAA,-0.000889655165525978
PLAC4,-0.00332943835547292
PLAC8,-0.020220012244067
PLAC8L1,0
PLAC9,0.0160791737736692
PLAG1,0
PLAGL1,-0.00535559182468294
PLAGL2,-0.00869292829911043
PLAT,-0.0128179013404725
PLAU,0.0200871207698756
PLAUR,-0.00809941639479945
PLB1,0.0236266561598559
PLBD1,0.00489830932670493
PLBD2,0.00462120689286333
PLCB1,0.0220086724949748
PLCB2,0.0190460385260182
PLCB3,0.000962777256016125
PLCB4,-0.018178120062062
PLCD1,-0.00148897734674039
PLCD3,0.00194065904145459
PLCE1,0
PLCG1,0.0065310113078613
PLCG2,0.00346519195254066
PLCH1,0
PLCH2,0.00668754675724029
PLCL1,-0.00666650362459033
PLCL2,-0.00310143453640442
PLCXD1,0.00950561746988288
PLCXD2,-0.0101700490825447
PLD1,-0.0103204359393224
PLD2,-0.00280945862434804
PLD4,0.00973384568119273
PLD6,0.00373541981773089
PLEC,0.00748935049406383
PLEK,0
PLEK2,0.00603682609384484
PLEKHA1,0.00157459464695986
PLEKHA2,-0.00145624968286407
PLEKHA3,-0.00241221515348668
PLEKHA4,-0.0102555129611145
PLEKHA5,0.0118015966368259
PLEKHA6,-0.00665423099133805
PLEKHA7,-0.0102895542655006
PLEKHA8,0.00128241400745508
PLEKHA8P1,0
PLEKHB1,0
PLEKHB2,0.00512361997287809
PLEKHD1,-0.0075149908042616
PLEKHF2,0.00333663085426648
PLEKHG1,-0.0181012164656283
PLEKHG2,-0.00565616615873466
PLEKHG3,-0.0202927679509625
PLEKHG4,0.0134035648797329
PLEKHG5,0.0186841647441977
PLEKHG6,-0.00620787711643928
PLEKHG7,-0.00247067275485355
PLEKHH1,-0.0014794605648711
PLEKHH2,-0.00399777431604966
PLEKHH3,0.00566385742081293
PLEKHJ1,0.00157114141314822
PLEKHM1,0
PLEKHM2,-0.00149559648201573
PLEKHM3,-0.0112527602338663
PLEKHN1,-0.0149863783964314
PLEKHO1,-0.00812107265183985
PLEKHO2,0.00272095679289452
PLEKHS1,-0.014487246022468
PLGLB1,0
PLGLB2,-0.00456895037103706
PLGRKT,-0.00533631868553311
PLIN2,0.00197047142379471
PLIN3,0.00205117962442904
PLIN4,0.00768755863653386
PLIN5,-0.0039131932004802
PLK1,0.0136034963412692
PLK2,-0.00628272645779856
PLK3,-0.0105603244332866
PLK4,0.005823835940563
PLLP,0
PLN,0.00539281776866741
PLOD1,0.00656910008116106
PLOD2,0
PLOD3,0.00660112386691258
PLP2,0.00164733992490483
PLRG1,0.000960283958357067
PLS1,0.0142552176869018
PLS3,0.0164168891063906
PLSCR1,-0.0175336935738863
PLSCR2,-0.0121311448438735
PLSCR3,0.00208432102017517
PLSCR4,-0.0206457177376457
PLTP,0.00438658634765658
PLVAP,-0.0110354197049763
PLXDC1,0.0246937743021839
PLXDC2,0.00751843172933606
PLXNA1,0.0049341065579021
PLXNA2,0.0255131155161383
PLXNA3,-0.00143181463523322
PLXNA4,-0.0114474104145086
PLXNB1,-0.00782145279803425
PLXNB2,0.00519778932554018
PLXNB3,0.00614326629209013
PLXNC1,-0.00219879693482899
PLXND1,0.00723791030497208
PM20D2,-0.00885487005804511
PMAIP1,-0.024457733783941
PMCH,0.00570021312735384
PMCHL2,-0.00301373795026501
PMEL,-0.00309739096268404
PMEPA1,0
PMF1,-0.00014518765017122
PMFBP1,0.0127910864266143
PML,-0.0154376902203133
PMM1,-0.00524658936165405
PMM2,0.00950331959828529
PMP22,0.00744557230778405
PMPCA,0.00709018298338055
PMPCB,0
PMS1,0.00602518286295082
PMS2,-5.55805959437991E-05
PMS2CL,-0.00245320989902712
PMS2P1,-0.00230699611919109
PMS2P3,0.00150599252332518
PMS2P4,-0.00133856284262928
PMS2P9,-0.00340589735785678
PMVK,0.00944202676286795
PNCK,0.00277362502863884
PNISR,-0.00197029556117728
PNKD,-0.00489630873593287
PNKP,0.00572317882038366
PNLIPRP3,-0.00679441660263242
PNMA1,-0.00185738945861808
PNMA2,-0.00273424729664165
PNMA3,0.00444925649443917
PNMA5,-0.00504845257498081
PNMA6A,0.00682488450202674
PNN,0.00460981048952766
PNO1,0.00266798337095242
PNP,0.0107337431397049
PNPLA1,-0.0167082263268449
PNPLA3,0.0244305003523556
PNPLA4,0.00239639622291281
PNPLA5,-0.00284476683713334
PNPLA6,0.00743249359048407
PNPLA7,0.00974006102418543
PNPLA8,-0.00145505240986215
PNPO,0.00745787715610045
PNPT1,-0.00261259128369947
PNRC1,-0.0154636981872458
PNRC2,-0.00171228995264029
POC1A,-0.00253946803433917
POC1B,0
POC5,-0.00155081446880334
PODN,0.00588882350063896
PODNL1,0.00244600912798801
PODXL,0.0148764121090555
PODXL2,0.0070073320862305
POF1B,0.00375947342812009
POFUT1,0.00309242383277571
POFUT2,0
POGK,0.00116941115172025
POGLUT1,-0.00408909885877574
POGZ,-0.00173368067760283
POLA1,0.005965704963717
POLA2,-0.000291972168102501
POLB,-0.0080018008158224
POLD1,0.0122354359139191
POLD2,0.0125389848443695
POLD3,-0.00124679526846824
POLD4,-0.00329536180784614
POLDIP2,0.00593352557017492
POLDIP3,-0.00244582620225521
POLE,0.00418058888005073
POLE2,0.013375538210068
POLE3,0.00470371618869771
POLE4,0.00436279466408384
POLG,0.0019284652139414
POLG2,0.00315921419709274
POLH,0.00128671027831506
POLI,-0.00656876272155543
POLK,-0.00436016021775023
POLL,-0.00148001359940998
POLM,0.00339825724839986
POLN,-0.0031796393714468
POLQ,0.0137726671380444
POLR1A,0.00994683502905682
POLR1B,0.0061911730533054
POLR1C,0.00917462834462109
POLR1D,0.00120646501289809
POLR1E,0.00420927861367986
POLR2A,9.60154974603494E-05
POLR2B,0.0035608473973956
POLR2C,0.00125072330355505
POLR2D,0.00264959172345537
POLR2E,0.00217089435311022
POLR2F,0.00249034883357132
POLR2G,0.000927770999591167
POLR2H,-0.00105557010382251
POLR2I,0.00577646081578887
POLR2J,0.00348585372718658
POLR2J3,0.00158155236290899
POLR2K,0.00127735585678977
POLR2L,0.0117311341559868
POLR2M,-0.00251711803821998
POLR3A,0.00121167274492799
POLR3B,0.00734394006062008
POLR3C,-0.0062618923814792
POLR3D,-0.00224794059614723
POLR3E,0.00925479227167873
POLR3F,0.00203061100762423
POLR3G,0.0124135078210464
POLR3GL,-0.00198242627440114
POLR3H,0.00851267361458853
POLR3K,0.00730164429008454
POLRMT,0.00273033066890607
POM121,0.00194646023366279
POM121C,0.00101654952900209
POM121L9P,-0.00302499393767431
POMC,-0.00891675733692733
POMGNT1,-0.00252013867714312
POMGNT2,0.00725950962384564
POMK,0.00290698851105391
POMP,-0.00394400606909592
POMT1,-0.00136497439124218
POMT2,0.0066687459647556
POMZP3,-0.00565357790046588
PON2,0.0112062253555886
POP1,0.00654158265388332
POP4,0.00106479715160749
POP5,0.00936343239121427
POP7,0.000265632924427649
POPDC2,-0.015198134234021
POPDC3,0.00544769826671085
POR,0.0012098084393924
PORCN,0.00302520625230505
POSTN,-0.00219927270458022
POT1,0
POTEJ,0
POU2AF1,-0.0061108276282318
POU2F1,-0.00117850811262576
POU2F2,0.00336920271361679
POU2F3,-0.00298104558483932
POU3F1,0.0108548156516276
POU3F3,0.00382739956000203
POU4F1,-0.00675203037108925
POU4F3,-0.00674366360132612
POU5F1,0.00505621393630618
POU5F1B,0.00158992304715021
POU5F1P3,0.0218122069654001
POU5F1P4,-0.00339491564015399
POU5F2,-0.0018766143963756
POU6F1,-0.0036260726398002
PP2D1,0
PP7080,0.00494070350030417
PPA1,-0.0152258319074055
PPA2,0.00798228303368381
PPAN,0.0100139526189056
PPARA,0
PPARD,0.00283212114089553
PPARG,0.0185500035179149
PPARGC1A,0.00171866255892405
PPARGC1B,0.00550666634416897
PPAT,0.00683241275743798
PPBP,0.0121959284092871
PPBPP2,0
PPCDC,-0.00145713046979826
PPCS,-0.00111861617138975
PPDPF,-0.000836752582161475
PPEF2,-0.00311266615781038
PPFIA1,-0.000650323681816972
PPFIA2,0.0077860358551847
PPFIA3,0.0115857864604946
PPFIA4,0.00720189147671729
PPFIBP1,0.0156476432174095
PPFIBP2,0.00589233367325989
PPHLN1,0.000879304180951108
PPIA,0.00625840537481186
PPIAP30,-0.00231837810716541
PPIB,0.00481091879238249
PPIC,-0.0038153547734554
PPID,-0.00118412264482664
PPIE,0.000908473681673926
PPIEL,-0.00239033198259854
PPIF,-0.00220731295761352
PPIG,0.00160398915010084
PPIH,0.000542202747189932
PPIL1,0.00763745170131402
PPIL2,0.00293221222417044
PPIL3,0.00150761893400507
PPIL4,0
PPIL6,-0.002512723337492
PPIP5K1,0.00337900636695127
PPIP5K2,0.0119704238749575
PPL,0
PPM1B,-0.00471951722944399
PPM1D,0
PPM1E,0.016477918118237
PPM1F,0.0100685578480202
PPM1G,0.00319005962927374
PPM1H,0.00178407167731988
PPM1J,0.0106705060445055
PPM1K,-0.00954414768879055
PPM1L,0.0189115406289764
PPM1M,0.00741033361309774
PPM1N,-0.0027032765441491
PPME1,0.00324597426275576
PPOX,0.000807410733289496
PPP1CA,0.00347341173073908
PPP1CB,0.000569304336852087
PPP1CC,0.00109509660466007
PPP1R10,-0.0017897424067275
PPP1R11,-0.00462583422731023
PPP1R12A,-0.00198315709146319
PPP1R12B,0.00185206397395489
PPP1R12C,0.000928743023370257
PPP1R13B,0.00377081728681838
PPP1R13L,-0.00448197582980381
PPP1R14A,0.0321441703963422
PPP1R14B,0.0153934178678797
PPP1R14C,0.0109779874554623
PPP1R15A,-0.00986262358481045
PPP1R15B,-0.00242466546605249
PPP1R16A,0.0049542246389081
PPP1R16B,4.2119314457671E-06
PPP1R17,-0.0199463777471058
PPP1R18,-0.00344662844371142
PPP1R1A,-0.0111420324185066
PPP1R1B,-0.00307567394647087
PPP1R1C,-0.00550340719381761
PPP1R2,0.000160625895248954
PPP1R21,-0.00219437825165086
PPP1R26,-0.00362424978983145
PPP1R27,-0.00230520368491698
PPP1R32,-0.00368023831177876
PPP1R36,-0.0036478378165921
PPP1R37,0.00312067948788359
PPP1R3B,0.0128588169185652
PPP1R3D,-0.0075370042889427
PPP1R3E,0.00386466340028894
PPP1R3G,-0.00314385965657681
PPP1R7,0.00769458595183932
PPP1R8,0
PPP1R9A,0.00709994132677391
PPP1R9B,0
PPP2CA,-0.00188030754785903
PPP2CB,0
PPP2R1A,0.00428026155176579
PPP2R1B,0
PPP2R2A,-0.00449956725624128
PPP2R2B,0.00828170368672351
PPP2R3A,0.00186266972257477
PPP2R3B,-0.00343809560630031
PPP2R3C,0
PPP2R5A,-4.18159293235731E-05
PPP2R5B,-0.00565519593413889
PPP2R5C,0.00153954073810925
PPP2R5E,-0.00182896503049822
PPP3CA,0.00589803145443253
PPP3CB,0.00288261995525092
PPP3CC,-0.0102438126750815
PPP3R1,0.00317342767774258
PPP3R2,-0.0038014237158124
PPP4C,0
PPP4R1,0.00134498755220391
PPP4R1L,-0.00652687942943964
PPP4R2,-0.00545932715736193
PPP4R4,-0.00272505344338322
PPP5C,0.00537409962829648
PPP6C,0.00206933754510748
PPP6R1,0.00163051890688495
PPP6R2,-0.000848528294043346
PPP6R3,0.00160468822214213
PPRC1,0.00598783626354331
PPT1,0.0118036968010617
PPT2,-0.00471713783358446
PPTC7,-0.00685520919526016
PPWD1,-0.000940403951369518
PRADC1,0.0165554210664172
PRAF2,-0.00765444509685058
PRAM1,0.0108778845202081
PRAME,-0.0266972679705292
PRAP1,0.0128430114486061
PRC1,0.0100696953707292
PRCC,-0.00198291119125711
PRCP,-0.00399092997679574
PRDM1,-0.0104333051763722
PRDM10,0.00363001054579934
PRDM11,-0.0017456457722744
PRDM15,0.00124560187489223
PRDM16,-0.00966256356878964
PRDM2,0.000456091338059555
PRDM4,-0.00294388944108997
PRDM5,0
PRDM6,0.00450681029616134
PRDM8,-0.0170161016510143
PRDX1,0.00104207679071675
PRDX2,0.0113037149738101
PRDX3,0.00531794355764512
PRDX4,0
PRDX5,-0.00320540475372881
PRDX6,0.00421673939099259
PREB,0.0050205800803839
PRELID1,0
PRELID2,0.0079671768078346
PRELP,0.0026718407855126
PREP,0.00436410038688258
PREPL,0.00978233596486182
PREX1,0
PREX2,-0.00597429375411185
PRF1,-0.0170940966285121
PRG2,0
PRH2,0
PRICKLE1,-0.0116064232511681
PRICKLE2,0.00399828269898203
PRICKLE3,-0.00327957131925115
PRIM1,0.000888616478744802
PRIM2,0.000206618616858992
PRIMPOL,-0.0013830341421884
PRKAA1,0
PRKAA2,-0.00411431747120624
PRKAB1,-0.00389486075337356
PRKAB2,-0.00423219616773076
PRKACA,0.00581038370294363
PRKACB,0.0213941425750389
PRKAG1,0.002681200771766
PRKAG2,-0.00159170521732924
PRKAG3,0.00801954656183893
PRKAR1A,0
PRKAR2A,0.00451705285093414
PRKAR2B,-0.00982883978405613
PRKCA,0.0188431254638738
PRKCB,0.00416770457265594
PRKCD,-0.00211016892648576
PRKCE,-0.0088024541752488
PRKCG,-0.0123459724161833
PRKCH,-0.00300171888985639
PRKCI,0.000921760210003452
PRKCQ,-0.00803610283588366
PRKCSH,0.00330571909780786
PRKCZ,0
PRKD1,-0.00913773873140408
PRKD2,-0.00708193665267745
PRKD3,0.00201654402374448
PRKDC,0.00903480353111852
PRKG1,0.00121657899850914
PRKG2,-0.00526164401645059
PRKRA,-0.000770512348174026
PRKRIP1,-0.00289556899779404
PRKX,0.00126451058980892
PRKXP1,0
PRL,-0.00616132226695852
PRLR,-0.0167374097799919
PRMT1,0.00191818514000649
PRMT2,-0.00119793574298232
PRMT3,0.00693141727966026
PRMT5,0.00306402825875719
PRMT6,0.00322822266270157
PRMT7,0.00523588420633231
PRMT9,0.00119598731985995
PRNCR1,-0.00955377176186975
PRND,-0.00374129727218416
PRNP,0.00945119903141076
PROB1,-0.0116682675440796
PROC,0.00153662705671658
PROCA1,-0.00555485981262493
PROCR,-0.00865017883022206
PRODH,0.00196110848268578
PROK2,0.0120547266533004
PROKR1,-0.00726089432009942
PROM1,0.00800578321506662
PRORSD1P,0.00403402827279169
PRORY,-0.0035126833528969
PROS1,0.00601377439398627
PROSER1,-0.00236569963150474
PROSER2,-0.00516591953346275
PROX1,-0.00900502064134678
PROX2,0.00358652859456966
PRPF18,0.00397125756246029
PRPF19,0.000665513000606739
PRPF3,-0.0102635715923214
PRPF31,0.00396418983712889
PRPF38A,0.00175874712953952
PRPF38B,0.0020769540593636
PRPF39,-0.000264286628941166
PRPF4,0.00519779353177351
PRPF40A,0
PRPF40B,0
PRPF4B,-0.00175388856914544
PRPF8,0.00745155234818441
PRPH,-0.00563397953457379
PRPH2,-0.0101129420597416
PRPS1,0.012026413856032
PRPS2,-0.00285830945870129
PRPSAP1,0
PRPSAP2,-4.75936945354557E-05
PRR11,0.0124533176729082
PRR12,0
PRR13,-0.00381589862516518
PRR14,-0.00282997962844906
PRR15,0
PRR15L,0.0027882705368068
PRR16,0
PRR22,0.00642792987534897
PRR23A,-0.00756818479789306
PRR27,-0.00453889710873658
PRR29,-0.003398025125155
PRR34,0
PRR4,-0.00300853731486317
PRR5,0.00338101029632527
PRR5L,0.00119198158567438
PRR7,0.00860227703093564
PRRC1,0.00808826583890467
PRRC2B,0.00146093563697275
PRRC2C,-0.00162408516101713
PRRG1,0
PRRG2,-0.00769415451012025
PRRG4,-0.0127017397759585
PRRT1,-0.00142162282097833
PRRT2,-0.0334369541507011
PRRT3,0.00403291023443743
PRRT4,0.00425468002764521
PRRX1,-0.0201468672476076
PRRX2,-0.00994618643613762
PRSS12,-0.00473488905732691
PRSS21,0.0047361971742405
PRSS22,0.00438941100059042
PRSS23,0.00967338073346957
PRSS27,-0.00918354632740007
PRSS3,0.00323200604261152
PRSS30P,0
PRSS35,0.0036422717054922
PRSS36,0.00788612622913716
PRSS53,-0.00204866541902333
PRSS8,-0.00702653383593603
PRTFDC1,0.000215585480019941
PRTN3,0.00565274869468596
PRUNE2,0.00867544244417732
PRX,-0.00340086467615796
PSAP,0.00152986823227845
PSAT1,-0.0125741482460213
PSCA,0.0124526757364033
PSD,0.0014204822840906
PSD2,0
PSD3,-0.00350797269156425
PSD4,0.000947810531098891
PSEN1,-0.00394816391804873
PSEN2,-0.00453711601453678
PSENEN,-0.000583540622526118
PSIP1,-0.00191329094271641
PSKH1,0.00615551298937162
PSMA1,-0.00139383004860534
PSMA2,-0.0118055272521511
PSMA3,-0.00281564251367675
PSMA4,-0.00911874435879274
PSMA5,-0.00441150339599296
PSMA6,-0.00824701029038685
PSMA7,0.003163400013015
PSMB1,-0.00148711767639866
PSMB10,-0.0114275509349092
PSMB2,0
PSMB3,0
PSMB4,-0.0014221897783948
PSMB5,0.00262439202059099
PSMB7,-0.00159913907511592
PSMB8,-0.00979554673706855
PSMB9,-0.0175952503330828
PSMC1,-0.00153706117484875
PSMC2,0.000860599859606868
PSMC3,0.0023798407759345
PSMC3IP,0.00155572958744492
PSMC4,0.00418014664662487
PSMC5,0.00291869587663305
PSMC6,0.00147652947793767
PSMD1,0.00352000815835454
PSMD10,0.0014437695922125
PSMD11,0
PSMD12,-0.00188832647415407
PSMD13,0.0023685479083199
PSMD14,0.00354905746906454
PSMD2,0.00382880660674404
PSMD3,0.00310060979054439
PSMD4,-0.00163938094844465
PSMD5,0.00150748893795463
PSMD6,0.00171816026064405
PSMD7,0
PSMD8,0.00218462832031447
PSMD9,0
PSME1,-0.0135590181212369
PSME2,-0.0174896056271524
PSME3,0.00333436509717591
PSME4,0.00472129820485926
PSMF1,-0.00334587824900389
PSMG1,0.00294823735029402
PSMG2,-0.0010019542454128
PSMG3,0.00395606531386342
PSMG4,0.00141368109571814
PSPC1,0.00241607091148012
PSPH,0.0082788914979764
PSPN,0.00356918132319187
PSRC1,0.00750842512454488
PSTK,0.00155735353547681
PSTPIP1,0.0102996240797784
PSTPIP2,-0.0175999498911899
PTAFR,-0.00753868713980563
PTAR1,-0.000937831407627955
PTBP1,0.00290465387217367
PTBP2,-0.00182875954509033
PTBP3,-0.00200692320805086
PTCD1,0
PTCD2,0.00205707292215312
PTCD3,0.00289534407345779
PTCH1,0.00422788678027755
PTCH2,0.00548158457937944
PTCHD1,0.00130418515990949
PTCHD3,-0.00438703264814407
PTCHD4,-0.00329363933164056
PTCRA,0.0184095616742949
PTCSC3,0.00385363412290592
PTDSS1,0.00212406008654364
PTDSS2,0.00436862409770512
PTEN,-0.00098288604783253
PTER,0.00300003245238957
PTGDR,0
PTGER2,-0.00369271612910354
PTGER3,0
PTGER4,-0.0184337966638587
PTGES,-0.0434373222143267
PTGES2,0.00122784456205982
PTGES3,-0.000878604713884357
PTGES3L,0.00389170132687195
PTGFR,0.000437317754910002
PTGFRN,0.0166635645244022
PTGIR,-0.0201177576417819
PTGIS,-0.00863527160651625
PTGR1,0.00245547643166914
PTGR2,0.0032775703359363
PTGS1,0.0161596421484122
PTGS2,-0.0285940020743363
PTH2R,0
PTHLH,0.00168570825183957
PTK2,0.0053221921729951
PTK2B,-0.010191980526089
PTK6,-0.00750572285881231
PTK7,-0.00837692189543386
PTMA,0.00560669833549261
PTMS,-0.0049841464424866
PTN,0.000804330626969748
PTOV1,0.00629908035061908
PTP4A1,-0.00172231506016197
PTP4A2,-0.00279918591598631
PTP4A3,0
PTPDC1,0.00403004631693729
PTPMT1,-0.00439891587006523
PTPN1,-0.0104803775530069
PTPN11,0.00616363083064261
PTPN12,-0.00158576831368691
PTPN13,0.0220557562008595
PTPN18,0
PTPN2,-0.00790902948597394
PTPN21,0
PTPN22,0.00811918406542492
PTPN4,0.00532343635236493
PTPN6,0.00208847898511077
PTPN7,0.00773721431164384
PTPRA,-0.00484432721834883
PTPRB,0
PTPRC,-0.00297502988076203
PTPRD,0
PTPRE,0.00407771462271098
PTPRF,-0.0158946128651193
PTPRH,-0.00928500589159566
PTPRJ,-0.00318683735805214
PTPRK,0.00113817933025607
PTPRM,0.00950740294458826
PTPRN,0
PTPRN2,-0.00665600267919843
PTPRO,0.00435747915487599
PTPRR,0.00653463723227161
PTPRS,-0.00262382572747127
PTPRU,-0.00885576621877717
PTPRVP,-0.00610698683418434
PTPRZ1,-0.00237888078561523
PTRH1,0.00220012197033087
PTRH2,0.0058175563116258
PTRHD1,0.00330014636027782
PTS,0.00275676245187805
PTTG1,-0.00477046773628435
PTTG1IP,0.00169282308446981
PTX3,0.00857732335222671
PUF60,0.00333126739678383
PUM1,-0.000817821887048261
PUM2,0.00115351329197057
PURA,-0.00294671187970455
PURB,0.00308684762194161
PUS1,0.00557309893556878
PUS10,-0.00162977538855967
PUS3,0
PUS7,0.00725275712549691
PUS7L,0.00130302781110908
PUSL1,0.00903742453462513
PVALB,0.00313437556718279
PVR,-0.00590405791202868
PVRIG,-0.00541096503525721
PVT1,0.0125131778097692
PWP1,0.003119977755124
PWP2,0.00498725535874012
PWWP2A,0
PWWP2B,0.00516831763181874
PXDC1,-0.0013380266016513
PXDNL,-0.010072736273008
PXK,0.00466513703392318
PXMP2,0.0140330738749535
PXMP4,0.0105845338786895
PXN,0.00154871504724063
PXT1,-0.0269853321459023
PXYLP1,0.00715661419996591
PYCARD,0.00660341944711364
PYCR1,0.0110358160986771
PYCR2,0
PYDC1,0.00492905610717277
PYGB,0.000616473920126038
PYGL,0.0100215342655259
PYGM,-0.0070001862922255
PYGO1,0.0133790523728498
PYGO2,0.00107979545594855
PYHIN1,-0.00935517537933735
PYROXD1,0
PYROXD2,0.00430440654877754
PYURF,0.00336675925176671
PYY,-0.0020129692553513
PYY2,-0.0050264676296831
PZP,-0.0117816103130161
QDPR,0.00788435110993242
QKI,0.00103564867069924
QPCT,0.00755160593974856
QPCTL,0.00401267873020728
QPRT,0.0207099312730725
QRFP,0
QRICH1,-0.00109167709014627
QRICH2,-0.00507167578653434
QRSL1,0
QSER1,0
QSOX1,0.00926391043872051
QSOX2,0.0049730650607387
QTRT1,0.00786189487545802
R3HCC1,0
R3HCC1L,-0.00452296647352156
R3HDM1,0.00507378217207775
R3HDM2,0
R3HDM4,-0.00323501626882188
RAB10,-0.00183944138867596
RAB11A,-0.00166543515520098
RAB11B,-0.00276145313368921
RAB11FIP1,-0.000241874209415541
RAB11FIP2,-0.00232228211591319
RAB11FIP3,0
RAB11FIP4,0.00870283977729616
RAB11FIP5,0.00607668222716141
RAB12,-0.00858349354427938
RAB13,-0.00519881661984283
RAB14,0.00243741027011082
RAB15,0.00210852876655339
RAB17,0.0101951922549697
RAB18,-0.00393887421096114
RAB1A,0
RAB1B,0.0046574180560376
RAB20,-0.00323623079784455
RAB21,-0.00349757993523073
RAB22A,0.00235432097694078
RAB23,0.00484294075739525
RAB24,-0.00532984279388969
RAB26,0.0142300643366446
RAB27A,-0.00940935401578523
RAB27B,-0.00347969778892888
RAB28,-0.00348565719127063
RAB29,-0.0152081022161629
RAB2A,0.000685929295280383
RAB2B,-0.00592851964405714
RAB30,-0.00719388311673406
RAB31,0
RAB32,0.00775836512466666
RAB33A,0.0224304975156985
RAB33B,-0.00188996287730311
RAB34,-0.00180570169129718
RAB35,0.000884242419077675
RAB36,-0.00169016038520384
RAB37,0.00702928321717858
RAB38,0.0121617500284043
RAB39A,-0.00339943428857284
RAB39B,-0.0166282400090287
RAB3A,0.0140030631536437
RAB3B,0.00214528831524525
RAB3D,-0.00289213758575146
RAB3GAP1,-0.00174753545768198
RAB3GAP2,-0.00134165963117243
RAB3IL1,0.0146811410805702
RAB3IP,-0.0102439547773686
RAB40A,0.00529160403054424
RAB40B,0.0101477705012669
RAB40C,0.00303819550997341
RAB42,0.0141032909865296
RAB43,-0.004574383032451
RAB44,-0.00504503572953275
RAB4A,0.00759265868707375
RAB4B,-0.00455001047881545
RAB5A,-0.000111353620853052
RAB5B,-0.0034090880535225
RAB5C,0.00415811200341666
RAB6A,-0.00190042197051092
RAB6B,0.0037862221620363
RAB7A,0.00361127118803645
RAB8A,-0.000818542352689479
RAB8B,-0.00959333402795655
RAB9A,-0.00706896559523522
RAB9B,-0.00857955370353198
RABAC1,-0.00566985863181196
RABEP1,0.00412394529062292
RABEP2,-0.00170609979445766
RABEPK,0.00608744048779023
RABGAP1,-0.000909817952853793
RABGAP1L,-0.00692391609915778
RABGEF1,-0.00161361512366123
RABGGTA,-0.00187157848328939
RABGGTB,0.00374022153496129
RABIF,-0.000931937670617688
RABL2A,0.00300044516834617
RABL2B,0.0023763970388332
RABL3,0.00473215359579771
RABL6,0.00464330804418522
RAC1,-0.00310265387223694
RAC2,0.00872898003257996
RAC3,0.0139467685957203
RACGAP1,0.00426526223619536
RAD1,0.000844703768026682
RAD18,0.00277102360080753
RAD21,-0.00148244086827956
RAD23A,0.000944761582034127
RAD23B,0.00371726768366849
RAD50,0.00121009337573604
RAD51,0.000983784575123165
RAD51AP1,0.00109147108681408
RAD51B,-0.00196745609800207
RAD51C,0.0043346515522448
RAD51D,-0.00179387259025043
RAD52,0
RAD54B,0.00281683919280308
RAD54L,0.00906999670490091
RAD54L2,0
RAD9A,-0.00887630067846432
RAD9B,-0.00268338483274231
RAE1,0.00124132021693949
RAET1K,-0.00735750990818528
RAET1L,-0.0081798268020125
RAF1,-0.00278623528728164
RAG1,0
RAI1,0.002903253453506
RAI14,0.00412058055426123
RAI2,0
RALA,-0.00872991238361146
RALB,-0.0014827288176844
RALBP1,-0.000435015594109137
RALGAPA1,-0.00206714400942064
RALGAPA2,0.00496031111217301
RALGAPB,-0.00119262915650901
RALGDS,0.00674034379979841
RALGPS1,0.00394201795265695
RALGPS2,-0.00369198833718513
RALY,0
RAMP1,0.0298767882118469
RAMP2,0.00372971377184103
RAMP3,-0.00645305899316531
RAN,0.00507875506265581
RANBP1,0.0076076953306137
RANBP10,0.000770266832660945
RANBP17,0.0025276033978797
RANBP2,0.00392157501642223
RANBP3,-0.000762166371071569
RANBP6,0.00338980584255445
RANGAP1,-0.00270191789354578
RANGRF,0.00132749902079328
RAP1A,0.00798715761062437
RAP1B,-0.006385163563241
RAP1GAP,0.0119750938913988
RAP1GAP2,0
RAP1GDS1,0.00613759632366783
RAP2A,0
RAP2B,0.00266220668948158
RAP2C,-0.00689537206221066
RAPGEF1,0
RAPGEF2,-0.0143773492086766
RAPGEF3,0
RAPGEF4,0
RAPGEF5,-0.00381816940352559
RAPGEF6,0.00414972618706736
RAPGEFL1,0
RAPH1,0.0154761991773302
RAPSN,-0.0105628353218246
RARA,0.00509870298707428
RARB,0
RARG,-0.00671465420331468
RARRES1,-0.0101258679739118
RARS2,0.000732604824383356
RASA1,0.00708992103267437
RASA2,0
RASA3,0.00386341936130698
RASA4,0.00755202155003144
RASA4B,0.0079113371687846
RASA4CP,0.00262264082624643
RASAL1,0.024092511854219
RASAL2,0.00453814538181571
RASAL3,-0.00653342997122922
RASD1,0
RASEF,0
RASGEF1A,-0.00907196174883009
RASGEF1B,0
RASGEF1C,0.011516863984939
RASGRF1,0.0128068424537772
RASGRP1,-0.0112442089685215
RASGRP2,-0.0085799671955893
RASGRP3,0.00542531839023864
RASGRP4,0.00789276448721376
RASIP1,0.00445761117058861
RASL10A,0.00973000348955301
RASL10B,0
RASL11A,0
RASL11B,0.0155256623613487
RASL12,-0.00456777116712744
RASSF1,0.00557178612065361
RASSF2,0.00697758633812948
RASSF3,-0.00512969393963915
RASSF4,-0.000329436638597976
RASSF5,-0.00393482855216154
RASSF6,0
RASSF7,0.00238635978252125
RASSF8,-0.00401683418451135
RAVER1,0.00331888684509801
RAVER2,0.0022323560702876
RAX,-0.0023587640981713
RAX2,-0.00278400565679478
RB1,-0.00377358830941149
RB1CC1,-0.0015271883408968
RBAK,0
RBAKDN,-0.00331830947093751
RBBP4,0.00493660467138188
RBBP5,0
RBBP6,-0.00259810691706979
RBBP7,0.00516595015657537
RBBP8,-0.00189177900851231
RBBP9,-0.00107296567112366
RBCK1,-0.00891074430438611
RBFA,0.00880957599582728
RBFOX2,0.0011840983593804
RBFOX3,0.0051212614644536
RBKS,0
RBL1,0.00363053798117014
RBL2,0.00353913465958009
RBM10,-0.00190587143620889
RBM11,0.00691877853369667
RBM12,0.00289535955255621
RBM12B,0.00158624961314085
RBM14,0.00337617160473109
RBM15,0.00204766698218567
RBM15B,0.00405207765914171
RBM17,-0.00385077215614182
RBM22,-0.00338607300566155
RBM23,-0.00365099488867804
RBM24,0
RBM25,-1.08495867742357E-05
RBM26,0.00277652155396909
RBM28,0.00406574591942441
RBM3,0.00448356380653773
RBM33,-0.000862543040797922
RBM34,-0.00743107653162513
RBM38,0.000697002336524146
RBM39,0.000623058845062917
RBM4,-0.00386353126250341
RBM41,0
RBM43,-0.00607183086502841
RBM45,-0.00171056646229562
RBM46,-0.00322482721864906
RBM47,-0.00223262056696686
RBM48,-0.000722014968173363
RBM4B,0.00446538247715587
RBM5,-0.00083990983340275
RBM6,-0.00151640726083769
RBM7,-0.0039698675498348
RBM8A,0
RBMS1,0.000462410930548206
RBMS2,-0.00339657488478165
RBMS3,-0.0025221670680435
RBMX,0.000811111277888648
RBMX2,-0.000916074883376528
RBMXL1,-0.00561280905317715
RBMY2FP,0
RBP1,0.00711790800125583
RBP4,0.00854272589653484
RBP5,-0.0175072090692505
RBP7,0.0076872337925962
RBPJ,0.00796799755855347
RBPJL,-0.0181756887154262
RBPMS,-0.00956718340701386
RBPMS2,0.00903146319696221
RBX1,-0.00166045678475709
RC3H1,0
RC3H2,-0.00501551819693783
RCAN1,0.00295975088523127
RCAN2,-0.0248341978280206
RCAN3,-0.00196507729310826
RCBTB1,0.00226217187661631
RCBTB2,0.00352357664728465
RCC1,0.00870440685873806
RCC2,0.00164801533855931
RCCD1,0.00948017901476137
RCE1,-0.00268671717651986
RCHY1,0
RCL1,0.00477908492591135
RCN1,-0.0127485066931438
RCN2,0.00599514239158015
RCN3,0.0152231392032668
RCOR1,0.00433052564828359
RCOR2,0
RCOR3,0
RCSD1,-0.00946357114832985
RCVRN,0.00791507778852946
RDH10,0.0101409771426861
RDH12,-0.00283574440521746
RDH13,0.00666077771536372
RDH14,-0.00790170724672704
RDH16,-0.00819518959668776
RDH5,-0.00400876091705739
RDH8,0.0057217831518702
RDM1,0.0072384973477345
RDX,-0.00701476593148313
REC114,-0.002163496781532
REC8,-0.0122159932077725
RECK,-0.00145890312937078
RECQL4,0.0102704236402986
RECQL5,-0.00176413619231171
REEP1,0.0259211241941488
REEP2,0
REEP3,0.00129055218670429
REEP4,-0.00103465845573215
REEP5,0.00597207302707305
REEP6,0.0145104012278255
REL,-0.00394960293619512
RELA,-0.0109629595822435
RELB,-0.0111377851526512
RELL1,0.00216721647465733
RELL2,0.00333812178792683
RELN,-0.00261509087983603
RELT,-0.00327922737138386
REM1,0.00302088879311216
REM2,-0.00987155283905781
RENBP,0.00413430535118856
REP15,0.0110106001460833
REPIN1,-0.00438456449761119
REPS1,0.000114357872107677
REPS2,0.00768058835360488
RER1,0.00195325819097319
RERE,-0.00305163241600228
RET,-0.00371591807472562
RETN,0.0107674712187742
RETSAT,0
REV1,0.00154537712572388
REV3L,0.00463133518966168
REXO1,-0.00136692832647539
REXO2,0.00363675730696858
REXO4,0
RFC1,-0.00334698660514302
RFC2,0.00499123694710854
RFC3,0.00619630692511092
RFC4,0.00492461619639566
RFC5,0.00600260723535767
RFFL,-0.00721202541469007
RFK,0.00170352549717689
RFNG,0.00138983086436295
RFPL1,-0.00459453623521722
RFPL1S,0
RFPL3S,-0.0069413134725012
RFT1,0.00213606249812825
RFTN1,-0.00738548681686947
RFWD3,0.00378236104545545
RFX1,0.00493817020399056
RFX2,-0.00539988166278686
RFX3,-0.00904362216814334
RFX5,-0.00935163318979939
RFX7,0.00317512621533843
RFX8,0.0102951886177655
RFXANK,-0.003118260932998
RFXAP,0.00513796516480444
RGCC,0.00825147470214447
RGL1,-0.000840987247943117
RGL2,0.0054994250122001
RGL3,0.0130992232143069
RGMA,0
RGMB,0.00855888495805017
RGP1,0.000790418483817917
RGPD1,-0.00724849165015961
RGPD4,-0.0108500411761963
RGPD5,-0.00425281322821659
RGPD6,-0.00330636613215322
RGR,-0.00312753136544508
RGS1,0
RGS10,0.00200066606086118
RGS11,-0.0137613367739799
RGS12,0.000572091049301558
RGS13,0.00487703412035579
RGS14,0.0130775855036946
RGS16,0.0053959376856648
RGS18,0.0300567850987774
RGS19,0.00683880175218739
RGS2,0.00567643006464898
RGS20,-0.00665859957011963
RGS3,-0.00929570575984458
RGS4,0.00317185757035038
RGS5,0.00497066124095461
RGS6,0
RGS9,-0.0118812309738939
RGS9BP,0.00630345389922565
RHBDD1,-0.00513383106068579
RHBDD2,-0.00193390108036248
RHBDD3,-0.00161348231923282
RHBDF1,0.00567251360030663
RHBDF2,-0.0110695608441036
RHBDL2,-0.00270376462595525
RHBDL3,0.00581875680069315
RHCE,-0.00347458516796555
RHCG,-0.0183143754870564
RHD,-0.0111999582577095
RHEB,0.00257430057976427
RHEBL1,-0.0223022924778482
RHNO1,0.00111177654795896
RHO,0.0231532791188535
RHOA,0.000941588086971539
RHOB,0.00781326462061302
RHOBTB1,0.0111151504850551
RHOBTB2,0.00770893889688002
RHOBTB3,0
RHOC,0
RHOD,-0.00585684122392322
RHOF,0.00616424028564442
RHOG,-0.00458793824294981
RHOH,-0.0219272400628804
RHOJ,0
RHOQ,-0.001463761980835
RHOT1,0.00143339553581463
RHOU,-0.0137134733088858
RHOV,-0.018727068324444
RHOXF2,-0.00627282337011323
RHPN1,0.00832071410004492
RHPN2,0.00264366282604725
RIBC2,0.00448579212252521
RIC3,-0.0115348276957487
RIC8A,0.00158817101703712
RIC8B,0
RICTOR,-0.00490217101982201
RIF1,0
RILP,0.00340126874289392
RILPL1,0.00544560285131669
RILPL2,-0.0119446253849411
RIMBP3,0.00156544932256518
RIMBP3B,0.00907645276970776
RIMKLA,0.00564021330375296
RIMKLB,-0.00203096211364691
RIMS2,-0.0126377878189527
RIMS3,0.00743012141307702
RIN1,0
RIN2,0.00387071429598218
RIN3,0.00856188204205138
RINL,-0.00830823825856296
RINT1,0.000962387858575291
RIOK1,0.000313766511957578
RIOK2,0.00318125807602501
RIOK3,-0.00500447849828379
RIPK1,-0.00565050400858548
RIPK2,-0.0134882251709033
RIPK3,-0.00842186676302694
RIPK4,-0.00463379322568256
RIPPLY3,-0.00266200594288911
RIT1,-0.000358725818158892
RITA1,0.00503450240373198
RLBP1,-0.00882022686859819
RLF,-0.00261571212851127
RLIM,0
RLN1,-0.00538741373219268
RMDN1,0.00222888618475619
RMDN2,0.00549004081533936
RMDN3,-0.00631693127363611
RMI1,0
RMI2,-0.011195451191518
RMND1,0.00322191394938755
RMND5A,0.00159110407991478
RMND5B,0
RMRP,0.0078498380534564
RNASE1,0.0317155265980679
RNASE13,-0.00441171180527786
RNASE2,0.00913326032607197
RNASE3,0.00624085355043055
RNASE4,0
RNASE6,0.0166640405587054
RNASE7,-0.00425703679454094
RNASEH1,0.00294934903738514
RNASEH2A,0.00157975889773971
RNASEH2B,-0.00371092006389867
RNASEH2C,0
RNASEK,0.00401981568095089
RNASEL,0.00540096188484297
RNASET2,0.00467805808359713
RND1,-0.0104977640110864
RND2,0.00246835176187409
RND3,-0.00797307314521838
RNF10,-0.00214495153368488
RNF103,0
RNF11,-0.00254776101776237
RNF111,-0.00184926307592017
RNF112,-0.00617656698699271
RNF113A,0
RNF114,-0.00936662031668297
RNF115,-0.00826937813978204
RNF121,0
RNF122,-0.00328976498937289
RNF123,0.00111677716335134
RNF125,0.0141374237442655
RNF126,0.00160285273349791
RNF126P1,0.00271688824556119
RNF128,0.0125152089193285
RNF13,-0.00328190378437096
RNF130,0.00439811101193021
RNF135,-0.00133262095137131
RNF138,-0.00503251892544791
RNF14,0.00351526910862033
RNF141,0.00480200314060918
RNF144A,-0.0114209477990275
RNF144B,-0.0112910325560236
RNF145,0.00118484920207126
RNF146,-0.00346176313740155
RNF149,-0.00680570712222346
RNF150,0
RNF152,0.00868026196821653
RNF157,0.00314280966496224
RNF166,0.0117969412182579
RNF167,0.00248673854346034
RNF168,-0.00111970226619779
RNF169,-0.00434769818310662
RNF17,-0.00483788611160905
RNF170,0.00218158558578218
RNF175,0
RNF181,-0.00138354837617087
RNF182,-0.00597828406079497
RNF185,-0.00147412323136126
RNF187,0.00418895387318862
RNF19A,-0.00139593153718179
RNF19B,-0.0146356349637131
RNF2,0
RNF20,0
RNF207,-0.0137845480916622
RNF213,-0.0146310608443856
RNF214,-0.000910787184356905
RNF215,-0.00118619284595637
RNF216,0
RNF216P1,-0.00336419459103032
RNF217,-0.00487634543879041
RNF220,0.0014527767505321
RNF224,0.0101938854622813
RNF24,-0.010528157461481
RNF25,-0.00198474103700679
RNF26,0.00313604334768311
RNF31,-0.00434866010489294
RNF32,-0.00265222181120392
RNF34,-0.00431078555490472
RNF38,-0.00468464026447176
RNF39,0.00485906852507049
RNF40,0.000962081361008794
RNF41,-0.0035972026304273
RNF43,-0.0178330393753492
RNF44,0.00144168152704299
RNF5P1,-0.00207050989343164
RNF6,0.00132106742058133
RNF7,-0.00218103681541105
RNF8,-0.00329436819297048
RNFT2,0.00112037152286991
RNGTT,0.00468610201786597
RNH1,0.00411438070942665
RNLS,0.00226421478077099
RNMT,0.00316110426345347
RNPC3,0.000399649878439122
RNPEP,0.00373408073159661
RNPEPL1,0.00383243742196929
RNPS1,-0.000739017035877396
RNU11,0.0043323606838358
RNU6ATAC,-0.00185659981414173
ROBO1,-0.0185711764856333
ROBO3,-0.00565787628390738
ROBO4,0.0113047018127182
ROCK1,0.00374962736661397
ROCK1P1,-0.00706723201097329
ROCK2,-0.000995333606222328
ROGDI,0.0056882944447906
ROM1,-0.00517260733613266
ROMO1,0.00223591365492711
ROPN1L,0
ROR1,0.0170900303213492
ROR2,0.00196063917725088
RORA,-0.00437564245515583
RORB,-0.0297889516127982
RORC,0.00578687581014234
ROS1,-0.00453757510564856
RP2,0
RP9,0.00235913354939685
RP9P,0.00285698865543226
RPA1,0.00469049402028784
RPA2,-0.00287402224433808
RPA3,0.00216882059771228
RPA4,0.000333642433063218
RPAIN,0
RPAP1,0.00338136403287317
RPAP2,0
RPAP3,-0.00275635557533573
RPE,0
RPEL1,-0.00314295143944018
RPF1,0.00189592027387362
RPF2,0.00880559705509534
RPGR,0.00364440193854989
RPGRIP1,-0.00816160399582738
RPGRIP1L,0.00669436347621693
RPH3A,-0.00594127127389729
RPH3AL,-0.00357130656900021
RPIA,0.00514997006897851
RPL10,0.00431793961231781
RPL10A,0.00921153455627464
RPL11,0.0038091969761726
RPL12,0.0020207838052604
RPL13,0.00560019198220798
RPL13A,0.00432877061076761
RPL13AP20,0
RPL13AP3,0.00709311275176738
RPL13AP5,-0.0017816074485684
RPL13AP6,-0.00282917474944105
RPL13P5,-0.00479776942980423
RPL14,0.00552808513524489
RPL15,0.00511622820281892
RPL17,0.00449217915421101
RPL18,0.00221847228110916
RPL18A,0.00349625192560565
RPL19,0.00490682148424745
RPL21,0.00512024973576822
RPL21P28,0.00353495438433251
RPL21P44,-0.0023614382377687
RPL22,0.0090637508292236
RPL22L1,0.0075043545351943
RPL23,0.00639937527395023
RPL23A,0.00518888675124647
RPL23AP32,-0.00315176849256206
RPL23AP53,-0.00219592276791804
RPL23AP64,-0.00308087960319239
RPL23AP7,0.00425677401725203
RPL23AP82,0.00310758509993381
RPL24,0.00447841536600771
RPL26,0.00521742424610872
RPL26L1,0.00306788078142204
RPL27,0.00551906594572605
RPL27A,0.00476416108096637
RPL28,-0.00672434124446561
RPL29,0.00576977827789275
RPL3,0.00937437062374807
RPL30,0.00502260974883317
RPL31,0.00363441037274226
RPL31P11,0.00917105669612572
RPL32,0.00577809699257138
RPL32P3,-0.00203247972775581
RPL34,0.00328196962343598
RPL35,0.00542354069705479
RPL35A,0.00448240593571887
RPL36,0
RPL36A,0.00652891296714076
RPL36AL,-0.0019585396544079
RPL37,0.00157880209140892
RPL37A,0.00533869401516792
RPL38,0.00366676265608634
RPL39,0.00428956135685843
RPL39L,-0.00572912575649786
RPL3L,-0.00267154713916596
RPL4,0.00632190329755506
RPL41,0.00341886679348547
RPL5,0.00799394590280097
RPL6,0.0065832873309977
RPL7,0.0076078203932441
RPL7A,0.00844537908083107
RPL7L1,0.00391580716194171
RPL8,0.00689396202416134
RPLP0,0.0105144459653036
RPLP0P2,0
RPLP1,0.00351621502744032
RPLP2,0.0051303894950808
RPN1,0.00302135585993805
RPN2,0.00356234007296615
RPP14,0.00441788709230306
RPP21,0
RPP25,0.00182337443122806
RPP25L,0
RPP30,0.00134519120518362
RPP38,0.000992871453047985
RPP40,0.0118472629903196
RPPH1,0
RPRD1A,0.00184064021472
RPRD1B,0.00316207227618692
RPRD2,0
RPS10,0.00423173404405534
RPS11,0.00390705671294147
RPS12,0.00512316442663374
RPS13,0.00618486498628573
RPS14,0.00324596233783807
RPS15,0.00306298075052695
RPS15A,0.00382351658004017
RPS15AP10,-0.00358961855654731
RPS16P5,-0.0028030342539403
RPS17,0.00752543279311288
RPS18,0.00618321349661106
RPS18P9,0.00366841459466517
RPS19BP1,0.00147991267767865
RPS2,0.00399077274383879
RPS21,0.00541948874818145
RPS23,0.00754097106442682
RPS24,0.00618483055273513
RPS25,0.00264526693784989
RPS26,0.00395205087766405
RPS27,0
RPS27A,0.00335893208708882
RPS27L,-0.00465737957704772
RPS28,0.00379330134716998
RPS29,0.00251287548132498
RPS2P32,-0.00294398626121987
RPS3,0.00589304276101679
RPS3A,0.00710841684885017
RPS4X,0.00448732251898441
RPS5,0.00801961772770564
RPS6,0.00433088329657462
RPS6KA1,0.00780799374929775
RPS6KA2,0.000840904322648769
RPS6KA3,0.00134161200563284
RPS6KA4,0.00301106041487551
RPS6KA5,-0.0100816163356997
RPS6KA6,-0.00683747166954607
RPS6KB1,-0.00252743039529698
RPS6KB2,0.00380493526861266
RPS6KC1,-0.00479749086832246
RPS6KL1,0.00902800850488435
RPS7,0.00471411671622547
RPS8,0.0069878812152053
RPSA,0.00702279491745241
RPSAP52,-0.00177961661919384
RPSAP58,0.00676527605972201
RPSAP9,-0.00806680395221127
RPTOR,0.00488338673955651
RPUSD1,0.00469633852992227
RPUSD2,0.00251349422646649
RPUSD3,-0.00086444896172174
RPUSD4,0.00255509385161033
RRAD,-0.0141699661358001
RRAGA,0
RRAGB,0.00157381633325557
RRAGC,-0.00576548344315831
RRAGD,0.00560130952250187
RRAS,-0.00545458393001333
RRAS2,-0.00747731996605092
RRBP1,-0.000245743545418572
RREB1,0.00290926358127212
RRH,0.00828139098416001
RRM1,0.00521374476243115
RRM2,0.0337467078391621
RRM2B,-0.00656996204257331
RRN3,0
RRN3P1,0.00568918253370502
RRN3P2,-0.00413599261463183
RRN3P3,0.000394824580550674
RRP1,0.00459386939544887
RRP12,0.00477808103817055
RRP15,0.0099436167772535
RRP1B,0.00894439036381152
RRP36,0.00172568142965528
RRP7A,0.00283869210089982
RRP8,0.00271110805448596
RRP9,0.00717572864960425
RRS1,0.0147817306712449
RSAD1,0.00498329104306921
RSAD2,-0.0324749911738371
RSBN1,-0.00264354247054053
RSBN1L,-0.00443166447042513
RSC1A1,-0.00971288181090337
RSF1,-0.00254034102807644
RSL1D1,0
RSL24D1,-0.00104752421781888
RSPH10B,-0.00628810616494639
RSPH10B2,-0.0052647075586635
RSPH3,-0.00122176334546085
RSPH4A,-0.00408779966422336
RSPH9,-0.00985152103424687
RSPO3,-0.0165603634432547
RSPO4,0.00749477392255458
RSPRY1,-0.00271810084190591
RSRC1,0.00262077417707401
RSRC2,-0.00297532916213828
RSRP1,-0.00199079491500367
RSU1,-0.0064133286164759
RSU1P2,-0.0020784855410752
RTBDN,-0.0029519481442555
RTCA,-0.000702137560227443
RTCB,-0.00417292743777327
RTEL1,0.00707765349630081
RTF1,-0.00370113907809591
RTKN,0
RTKN2,0.00958260148047048
RTN1,0.00759702164527129
RTN2,-0.00323313724976682
RTN3,0.00258376357906818
RTN4,-0.00206135165842209
RTN4IP1,0.0064064080210414
RTN4R,0.0147740035578536
RTN4RL1,0.0080491304835717
RTN4RL2,0.00556067074119768
RTP4,-0.01722123645388
RTTN,0.00229708051622282
RUFY1,0.00134016414303254
RUFY3,-0.00633379299192834
RUFY4,-0.00258060512032245
RUNDC1,-0.00377618066661195
RUNDC3A,-0.00377447530774736
RUNDC3B,0.00669737682559223
RUNX1,0
RUNX2,-0.00714206122677459
RUNX3,-0.0145899825642509
RUSC1,-0.00229252910311035
RUSC2,-0.000737018539327071
RUVBL1,0.00636731014229171
RUVBL2,0.00874837808856357
RWDD1,0.00111005536553195
RWDD2A,0
RWDD2B,-0.00255899301231077
RWDD3,-0.000921571970588978
RWDD4,0.000200930350101071
RXFP1,-0.0269821960648658
RXRA,0.00724016523415881
RXRB,0.00340961188868339
RYBP,-0.000288429771706539
RYK,0.00192293066417587
RYR1,-0.00125003920000825
RYR3,0.00019414253024423
S100A1,0.00192543245348507
S100A10,0.00148373609781991
S100A11,-0.00336602037587705
S100A12,-0.00464236536197923
S100A13,-0.00454304846195008
S100A14,-0.00841508468787307
S100A16,0.00913581943364044
S100A2,0.00292364488255556
S100A3,-0.00958089224737954
S100A4,0.0137118037697438
S100A5,0.0122097821627067
S100A6,0.00283512760604786
S100A8,-0.0212565247830029
S100A9,-0.000533057784478856
S100B,0.0312262917763086
S100P,-0.0118698506207039
S100PBP,-0.00164493526918658
S100Z,0.00153133308247587
S1PR1,0.012836760905744
S1PR2,0.00618182475116647
S1PR3,-0.0202483973300679
S1PR4,0
S1PR5,0.00989112808295987
SAA1,-0.0214013455466733
SAA2,-0.0204479446248659
SAA4,-0.0109440622062054
SAAL1,0.00256586106576689
SAC3D1,0.00464992803733374
SACM1L,0.00117500538229514
SACS,0.00629012307948299
SAE1,0.00333635924829464
SAFB,0
SAFB2,0
SALL3,-0.0028567641803863
SAMD1,0.00441762591548211
SAMD10,-0.00231774910727568
SAMD11,0.0076802101517844
SAMD12,-0.00321386999902895
SAMD13,0.0213821130063021
SAMD14,-0.00778134498624982
SAMD15,-0.00495058400512828
SAMD4A,-0.0032230561302716
SAMD4B,-0.00124983058552272
SAMD5,-0.00273396250499612
SAMD7,-0.00184562485401571
SAMD8,-0.00425823807535506
SAMD9,-0.0127734698581435
SAMD9L,-0.0156730622431135
SAMHD1,0.00215913150190218
SAMM50,0.00658139459025576
SAMSN1,-0.00629725253049504
SAP130,-0.000984344093088187
SAP18,-0.00287160824146877
SAP25,-0.00761675297665252
SAP30,0.000556242798429408
SAP30BP,-0.00417583335845492
SAP30L,-0.000815534283893639
SAPCD1,0.00570807543383386
SAPCD2,0.0274966136275748
SAR1A,-0.00132738255712344
SARDH,0.0208967730630515
SARM1,-0.00673080154614523
SARNP,0
SARS2,0.00694637758781112
SART3,-0.000655279223122144
SASH1,-0.00539474149877634
SASH3,0.00504720408857285
SASS6,0.00241396090445296
SAT1,-0.0206517157446682
SAT2,-0.00390811630686216
SATB1,0.00873488066975662
SATB2,0.00759397161969994
SAV1,-0.00782568989540079
SAYSD1,-0.000301528186973261
SBDS,-0.00358742964316424
SBDSP1,-0.00138158207024528
SBF1,0
SBF1P1,-0.00268533791956153
SBF2,-0.00263978851644538
SBK1,-0.0131020205599973
SBK2,-0.00423202522682666
SBK3,-0.012308685174075
SBNO1,0.00307318816401306
SBNO2,-0.0117013712248239
SBSN,-0.00819429170629002
SBSPON,0
SC5D,0.00361240587680512
SCAF1,-0.00263864591935842
SCAF11,0.00150495636769251
SCAF4,-0.00143610362593686
SCAF8,-0.00124488185119638
SCAI,0.00808046915587164
SCAMP1,0.00165755101605726
SCAMP2,0.00565678420105471
SCAMP3,-0.00154678344811354
SCAMP4,0
SCAMP5,0.00230010339920908
SCAND1,-0.0020175835586464
SCAND2P,0
SCAP,0.00208233569256522
SCAPER,-0.00744919546213079
SCARA3,-0.0224179123895705
SCARB1,0.0145958186998006
SCARB2,-0.00764968056875583
SCARF1,-0.00645677465909988
SCARF2,0
SCARNA12,-0.00357122891970423
SCARNA16,-0.00245672891745314
SCARNA21,0
SCARNA5,-0.00195761043366246
SCARNA6,0
SCARNA7,0
SCARNA9,-0.00510378104420957
SCART1,-0.0136415099600382
SCCPDH,-0.00251281527260553
SCD,0.0164529931883008
SCD5,0.0107779650339079
SCFD2,0.0137192293278405
SCG2,-6.85482247117673E-05
SCG3,-0.0230404299590684
SCG5,0.0173221714204258
SCGB1A1,0.00467182531136982
SCGB2B2,-0.00409056222336117
SCHIP1,-0.00540283610714235
SCIMP,0.00884954921615677
SCIN,0
SCLT1,-0.00705554984595758
SCLY,0.01047384062272
SCMH1,0.000608836370598825
SCML1,-0.00198878448771859
SCML2,0.00871843298602153
SCML4,-0.00432719653240323
SCN10A,0.00350125085750888
SCN11A,-0.00420168079452918
SCN1B,-0.00966825410696573
SCN2B,-0.00705485399394884
SCN3B,-0.00651957628577468
SCN4A,0
SCN4B,0.00408797979912456
SCN5A,-0.00686714838836098
SCN7A,0.0195090381012376
SCN8A,0
SCN9A,0.00794076407337267
SCNM1,0
SCNN1A,-0.00425141945728991
SCNN1B,-0.00185207054433142
SCNN1D,-0.000543298460079351
SCNN1G,0.00246739267037436
SCO1,-0.00177378734243634
SCO2,-0.0190691443949358
SCOC,0.0016142199562153
SCP2,0.0081012002337487
SCPEP1,-0.00788714812984748
SCRG1,0
SCRIB,0.00198867960048979
SCRN1,0.0013690333621953
SCRN2,0.00593279076771532
SCRN3,0.00426720276953052
SCRT2,0.00660705564055755
SCTR,0.00824476367936177
SCUBE1,-0.00456004898938558
SCUBE2,-0.00307937367092371
SCUBE3,-0.00215046102951415
SCYL1,0.00137438024910611
SCYL2,0.000830526355974733
SCYL3,-0.00926805220057798
SDAD1,0.00270249735015698
SDC1,0.021604613377345
SDC2,0.0122955884748181
SDC3,-0.00318130023811093
SDC4,-0.00431201802755646
SDCBP,0.00113833508666043
SDCBP2,-0.00280596218264276
SDCCAG8,0.00480595007427174
SDE2,-0.00452980744862473
SDF2,-0.00252287270110944
SDF2L1,0.011741793119334
SDF4,0.00327045401343586
SDHA,0
SDHAF1,0.00242457940621221
SDHAF2,-0.00159673847853405
SDHAP1,0.00335964053624037
SDHAP3,-0.00208692282900223
SDHB,0.00224769601010728
SDHC,0.00587497601472894
SDHD,0.00316984858189108
SDK1,0.00636483408309537
SDK2,-0.00884978062101482
SDR39U1,0.00225182330766031
SDR42E1,-0.00419215779731471
SDS,-0.0116585953407037
SDSL,-0.0075223411032668
SEC11A,0.00170312060182805
SEC11C,0.00476710681467447
SEC13,0.00758669876195942
SEC14L1,0.00286031241201382
SEC14L1P1,-0.005028791179774
SEC14L2,0.0124953787578863
SEC14L4,0
SEC14L5,0.0153510256878975
SEC16A,0.00226643996731819
SEC16B,-0.0060002347487662
SEC1P,0
SEC22A,-0.00103845766054524
SEC22B,-0.00248501963729266
SEC22C,0.00200456422851412
SEC23A,0
SEC23B,0.00428762739716846
SEC23IP,0.00214248289896951
SEC24A,-0.00110664988593693
SEC24B,0
SEC24C,0.00307472799547915
SEC24D,0.00277410869709627
SEC31A,0.00118174428017992
SEC31B,0.00183051810167616
SEC61A1,0.00274328818539218
SEC61A2,0
SEC61B,0
SEC61G,0
SEC62,0
SEC63,0.00415427350376415
SECISBP2,-0.00196888605043437
SECISBP2L,-0.00369637580885143
SECTM1,-0.0288042935626288
SEH1L,0.00651257674423351
SEL1L,0.00585383680155073
SEL1L2,0.0080866332368534
SELE,-0.00508194085972686
SELL,0
SELP,-0.00422314665829107
SELPLG,-0.00207507170764794
SEMA3A,-0.0124510770789575
SEMA3B,-0.00281712998589884
SEMA3C,0.0039893925426398
SEMA3D,0
SEMA3E,0.0077541872329152
SEMA3G,0.0158830358395941
SEMA4A,-0.00860201399941097
SEMA4B,-0.00433120717075414
SEMA4C,-0.00256693980638856
SEMA4D,-0.0155657642625511
SEMA4F,-0.00581230813666874
SEMA4G,-0.00277378384293417
SEMA5A,0.0127206456100696
SEMA6B,-0.000763280993512133
SEMA6C,0.00671856297336353
SEMA6D,0
SEMA7A,0
SEMG1,0
SEMG2,0.00464899973799782
SENCR,0.00873666046193997
SENP1,-0.00323378371099321
SENP2,-0.00194076950254097
SENP3,0.00331433741766898
SENP5,-0.00110622401055365
SENP6,-0.00136450260755803
SENP7,-0.00297011934089958
SENP8,0
SEPHS1,0.00500381700735684
SEPHS2,0
SEPSECS,-0.00312424693803734
SERAC1,0.00621251565311872
SERBP1,0.00678372538210914
SERF1A,-0.00885999413068149
SERF1B,-0.0108561132872397
SERF2,0.00323299551330243
SERGEF,0.00392782402163264
SERHL2,-0.00310565593798721
SERINC1,0.000212013293688875
SERINC2,0.00685354604308265
SERINC4,-0.0122232746370348
SERINC5,0.00967165622028637
SERP1,0.00338291053734879
SERP2,-0.0021071334140859
SERPINA1,-0.00876461112917472
SERPINA10,-0.00646281473500118
SERPINB1,-0.00587387190529341
SERPINB10,-0.033751077012833
SERPINB11,-0.00276890029255708
SERPINB12,-0.00737924017878094
SERPINB2,0.00785523514027582
SERPINB4,0.0072858475145441
SERPINB5,-0.00545618597281506
SERPINB6,0.00284333788042004
SERPINB7,-0.0297802061824951
SERPINB8,0
SERPINB9,-0.0194304422542501
SERPINB9P1,-0.0263531904578187
SERPINC1,-0.00555770876190071
SERPIND1,0.00328849299456296
SERPINE1,0.0144277653726753
SERPINE2,-0.00593833368524839
SERPINE3,0.00110503991911245
SERPINF1,0
SERPINF2,0.00436476148779358
SERPING1,-0.037564938270727
SERPINH1,0.00111231010761498
SERPINI1,-0.00357425131912063
SERPINI2,-0.0063135452944359
SERTAD1,-0.00224537434583876
SERTAD2,-0.000374974794436018
SERTAD3,6.23779357796631E-05
SESN1,0.00204553210312244
SESN2,-0.0141896599680127
SESN3,0.00687665757556546
SESTD1,-0.00768156566709144
SET,0.00250417662882275
SETBP1,0.00619697465991878
SETD1A,0
SETD1B,0.000514927994774394
SETD2,-0.00202564872112829
SETD3,0.00595543425633456
SETD4,0.00118030979104633
SETD5,-0.000608099360969275
SETD6,0.00738375498843964
SETD7,0.00601406689185078
SETD9,0.00283732696064961
SETDB1,-0.00081459021341441
SETDB2,0.000650237725293049
SETMAR,0.00413481888091084
SETX,-0.00500391011251632
SEZ6,-0.00569744721055507
SEZ6L,0.00257712096968413
SEZ6L2,0.00605709930048328
SF1,0
SF3A1,0.00131004579281284
SF3A2,0
SF3A3,0.00796517829759317
SF3B2,-0.00133573971988196
SF3B3,0.00451828479109358
SF3B4,0.000872940240842393
SF3B5,0.00420662896172455
SF3B6,0.00317469873961472
SFI1,-0.00129430114230784
SFMBT1,-0.00364881431729925
SFMBT2,-0.00230257449479731
SFN,-0.00401920347165714
SFPQ,0.00566673248107659
SFR1,0
SFRP1,-0.009760633273795
SFRP2,0.00173416661412994
SFRP4,0.0149678897640823
SFSWAP,-0.000660361667718084
SFT2D1,0.00207043967576749
SFT2D2,-0.00365756767579279
SFT2D3,-0.00267273514713168
SFTA1P,0.00840837879966448
SFTPB,-0.00785454682507428
SFTPD,0.00651259135336531
SFXN1,0.00650225400619403
SFXN2,0.00970542338671331
SFXN3,0.00276287670383778
SFXN4,0.0049555438569282
SFXN5,0.00773746660094815
SGCA,-0.0103242496316221
SGCB,-0.0104854376744629
SGCE,-0.00412526371402134
SGCG,0.00886137553883242
SGIP1,-0.0110762743902867
SGK1,0.0052882091114031
SGK2,0
SGK3,-0.00728159539564519
SGMS1,-0.00349032798015714
SGMS2,0.00350453281998855
SGPL1,0.0118703937719386
SGPP1,0.00219507021097793
SGPP2,-0.0159001019798511
SGSH,0.00155218995151809
SGSM1,-0.0038977127743692
SGSM2,0.00431081648039024
SGSM3,0.00538351768097974
SGTA,0.00216361712874132
SGTB,0
SH2B1,0.00256618372811219
SH2B2,0
SH2B3,0.0035715847337479
SH2D1B,-0.0053370855853672
SH2D2A,-0.00793606862192647
SH2D3A,-0.00827499773625524
SH2D3C,-0.00790207394318977
SH2D4A,0
SH2D5,0.00127170456681243
SH2D6,0
SH2D7,-0.00367076614853932
SH3BGR,0.00526103288949662
SH3BGRL,0.00381212690432455
SH3BGRL2,0.0147344104870252
SH3BGRL3,0.0140524692403459
SH3BP1,-0.00160039601524445
SH3BP2,-0.00352556675258587
SH3BP4,-0.00902786773549713
SH3BP5,0.00170606334844761
SH3BP5L,0.00459942449294487
SH3D21,0
SH3GL1,0.00433888797142549
SH3GL1P1,9.99668842875502E-05
SH3GL2,0
SH3GLB1,-0.00200983049120018
SH3GLB2,0
SH3KBP1,-0.00308329829668769
SH3PXD2A,0.0133753916730552
SH3PXD2B,0
SH3RF1,0.000617816649314297
SH3RF2,0.0142482157088189
SH3RF3,0.0121132731309543
SH3TC1,0.0017204908068253
SH3TC2,0.00629565914671322
SH3YL1,0.00940109520489421
SHANK1,0.0186853276905089
SHANK2,-0.00341688197923252
SHANK3,0.00538496608247078
SHARPIN,0.00264331385825086
SHB,0.0220244652025591
SHC1,-0.00118253419808783
SHC2,-0.00217784843004124
SHC3,0.0172325593980239
SHC4,0.00520486219670466
SHCBP1,0.0169549807476727
SHE,0.00439520850619031
SHF,-0.00480520126087409
SHISA2,0.00369800910575706
SHISA3,0.00340250607147118
SHISA4,-0.00552110102229722
SHISA5,-0.00217670202940726
SHKBP1,-0.00219551037838788
SHMT1,0.0064045122650508
SHMT2,0.00216523175304945
SHOC2,-0.00336894289915519
SHOX,-0.00417021572249218
SHPK,0.0102162740935293
SHPRH,0.00565106332491108
SHQ1,0.00404633877520022
SHROOM1,0.0132451365657595
SHROOM2,0.0142878303686143
SHROOM3,-0.000989204221816322
SHROOM4,0.00430350173102561
SI,-0.00269435331666738
SIAE,0.00374174297749345
SIAH1,-0.00289785713529194
SIAH2,-0.00855896335969767
SIDT1,-0.00503131500162042
SIDT2,0.00504181649514126
SIGIRR,0.00283355002606207
SIGLEC1,-0.0119802449510463
SIGLEC10,0
SIGLEC11,-0.00634661367593421
SIGLEC12,0.0312014554534713
SIGLEC14,0
SIGLEC15,0.00632858557880279
SIGLEC16,-0.000276241594471364
SIGLEC17P,0.013122121533924
SIGLEC5,0.00373738202160725
SIGLEC6,0.0133098297631096
SIGLEC7,0.0139356166233612
SIGLEC8,0.0172966268703811
SIGLEC9,0.0100229682013993
SIGMAR1,0.00728964859260977
SIK1,-0.00860734526029537
SIK2,0.00197770547828703
SIK3,-0.0133273909080769
SIKE1,-0.00290767849267207
SIMC1,0.00122870886635564
SIN3A,-0.00423409884318091
SIN3B,0
SIPA1,-0.000953163156068704
SIPA1L1,-0.0115620396074468
SIPA1L2,0.00601097590597449
SIPA1L3,-0.00147235969914018
SIRPA,0.000270771058426877
SIRPB1,0.00833254082088477
SIRPB2,-0.00157586751338134
SIRPD,-0.00796730938154975
SIRPG,0.00702014200312211
SIRT1,-0.0027946857429801
SIRT2,0.00448102209496722
SIRT3,0
SIRT4,0.00351742455802312
SIRT5,-0.000916798056428266
SIRT7,-0.00297348177193768
SIT1,0.0124909144097489
SIVA1,0.00145622773454062
SIX1,-0.00796207860601656
SIX2,0
SIX3,-0.00427444382012969
SIX4,-0.00387163418847563
SIX5,-0.0118301321446622
SKA1,0.00236908841545727
SKA2,0.00487583266250316
SKA3,0.0284357215059753
SKAP1,0.0044364147850782
SKAP2,0.00635430894757269
SKI,0.0125113353341535
SKIDA1,-0.00434605241888808
SKIL,-0.00587403665532746
SKIV2L,-0.00526008664770453
SKOR1,-0.00871431742026707
SKP1,-0.00228677358882722
SKP2,0.00516539190513568
SLA,0.0174724562795399
SLA2,-0.00523898917769406
SLAIN1,-0.00458811066037576
SLAIN2,0
SLAMF1,-0.00514796928072143
SLAMF6,0.00263578555403481
SLAMF7,-0.0256093358755461
SLAMF8,-0.00430465188262749
SLAMF9,0.00484081042897138
SLBP,0.00176525494480961
SLC10A1,-0.00830564996486821
SLC10A2,-0.00307249513467907
SLC10A3,-0.00184076661961613
SLC10A7,0.00345774336709565
SLC11A1,-0.00389695022172107
SLC11A2,0.00364683577154214
SLC12A2,0.0114595750609996
SLC12A3,-0.0185030277824212
SLC12A4,0.00180045415582378
SLC12A5,0.00877375313248753
SLC12A6,0.00735284412446863
SLC12A7,0
SLC12A8,0.00584783819621526
SLC12A9,0.00619230561759976
SLC13A1,-0.0034142075840712
SLC13A3,0
SLC13A4,-0.00439090503538988
SLC15A1,0.0110733834280988
SLC15A2,0.00545940414761288
SLC15A3,-0.0014682760440881
SLC15A4,-0.00365185995581288
SLC16A1,0.00827820794213349
SLC16A10,0.00760320954923134
SLC16A11,-0.00302531989626671
SLC16A12,-0.00697568175132919
SLC16A13,0
SLC16A14,0.00293125639448802
SLC16A2,0.0107105508842172
SLC16A3,0
SLC16A4,0
SLC16A5,0.00153141768409206
SLC16A6,0
SLC16A7,0.0185585946065896
SLC16A8,0.00512472656236035
SLC16A9,0.010747701567968
SLC17A4,0
SLC17A5,0
SLC17A7,0.00609867707660128
SLC17A9,0.0248405969609997
SLC18A1,-0.0106913211579483
SLC18A2,0.0072146407178809
SLC18B1,0.00237434419324488
SLC19A1,0.014798502309707
SLC19A2,0.0087754238846255
SLC19A3,-0.00278419017531902
SLC1A1,-0.00307009747465204
SLC1A2,-0.01714643704203
SLC1A3,-0.0070174349324364
SLC1A4,-0.00660886853408217
SLC1A5,-0.00994285031325798
SLC1A7,0.0132410951965288
SLC20A1,0.0141334500378058
SLC20A2,0.00210142857868862
SLC22A1,-0.00509128438243605
SLC22A13,-0.00507337587671299
SLC22A15,-0.00956323396604372
SLC22A16,0.00262807137131291
SLC22A17,-0.00412729868825712
SLC22A18,-0.00338395582704913
SLC22A18AS,0.000411047958424752
SLC22A23,-0.00270504326714237
SLC22A31,-0.00639615980705764
SLC22A4,-0.00433658977619475
SLC22A5,0.00931358082957565
SLC23A1,-0.00518369271156011
SLC23A2,0.00190726619209292
SLC23A3,-0.00506662971091734
SLC24A1,0.00193648568927056
SLC24A2,-0.0028076078463652
SLC24A3,-0.0117961140790485
SLC24A4,0.00596759677905834
SLC25A1,0.00419496076591418
SLC25A10,0.0100620663845891
SLC25A11,0.00288254042601936
SLC25A12,-0.00533028560699911
SLC25A13,0.00815276684947145
SLC25A14,0.00225298159832122
SLC25A15,0.0100808972390404
SLC25A16,0.00620794768197466
SLC25A17,0.0027425129009531
SLC25A18,0.00492017676423884
SLC25A19,0.000658171068851331
SLC25A2,-0.00604405615936816
SLC25A20,4.98506122979318E-05
SLC25A22,-0.00223678273314319
SLC25A23,0.00593899116888698
SLC25A24,0
SLC25A25,0.00162692326767099
SLC25A26,0
SLC25A27,-0.009791462230086
SLC25A28,-0.0146955285995585
SLC25A29,0.0114221912653036
SLC25A3,0.00680921331902971
SLC25A30,-0.00107739166797254
SLC25A32,0.00228047551725359
SLC25A33,0.00479932898374358
SLC25A34,-0.00265566699456781
SLC25A35,0.00500526557373147
SLC25A36,0
SLC25A37,-0.0133663507622062
SLC25A38,0.00129561772124233
SLC25A39,0.00356738752494611
SLC25A4,-0.00337594305263681
SLC25A40,0.00485066013818022
SLC25A42,0.0059730131498196
SLC25A43,0.00386942430985906
SLC25A44,0.00115766391157488
SLC25A45,-0.00315749870125896
SLC25A46,0.00392447919127926
SLC25A47,-0.0172883267565264
SLC25A48,0.0249859578743197
SLC25A5,0.0109953450128772
SLC25A51,0.00393646048063078
SLC25A52,-0.00454986773436841
SLC25A53,0.000241021866906812
SLC25A6,0.00499796065315767
SLC26A1,0.00228128147001441
SLC26A10,0
SLC26A11,0.0111222874098721
SLC26A2,0.00950963758815483
SLC26A3,-0.00343580841746052
SLC26A5,-0.000340795403324413
SLC26A6,0.00812257972566239
SLC26A8,-0.00494945185284792
SLC26A9,-0.000948138029995844
SLC27A1,0.00216090575471492
SLC27A2,-0.00523269720721222
SLC27A3,0.00530667469763764
SLC27A4,0.0068099839917657
SLC27A5,0.00687199155472742
SLC28A2,0.0045357968940453
SLC28A3,0.0176831114576728
SLC29A1,0.00840334038284632
SLC29A2,0.00477951586846648
SLC29A3,0.00370420908244982
SLC29A4,0.00486083885244518
SLC2A1,0
SLC2A10,-0.00420708478162497
SLC2A11,0.00501386638201429
SLC2A12,-0.0254552118432799
SLC2A13,0
SLC2A14,-0.0140648681556981
SLC2A3,-0.000609782192876692
SLC2A4,-0.00248175482225995
SLC2A4RG,0
SLC2A5,0.00654664929375687
SLC2A6,-0.0141811031517747
SLC2A8,0.00979375766834589
SLC2A9,0.00297101618539129
SLC30A1,-0.00509455837046204
SLC30A2,0
SLC30A3,0.0138337159171555
SLC30A4,-0.00499843871054625
SLC30A5,0.00682757691667333
SLC30A6,0.0025280110906846
SLC30A7,-0.00157928447902441
SLC30A8,0
SLC30A9,0.00395283061483868
SLC31A1,-0.00317250715121933
SLC31A2,-0.0177191240288358
SLC33A1,0.005383369899954
SLC34A2,-0.00436502748899032
SLC34A3,0.0102701348476142
SLC35A1,-0.00455409956687902
SLC35A2,0.00299749914622213
SLC35A3,0.0023631216054161
SLC35A4,-0.00279400436312943
SLC35A5,-0.00453266739477144
SLC35B1,0.00220573173420451
SLC35B2,0.00149111455289639
SLC35B4,-0.00144404263655053
SLC35C1,0
SLC35C2,-0.0119466631480819
SLC35D1,0.00281464076912766
SLC35D2,-0.00476163848452747
SLC35D3,0
SLC35E1,0.00554744496087059
SLC35E2B,-0.00130716906386626
SLC35E3,-0.000383069062354209
SLC35E4,-0.00711548607355978
SLC35F1,-0.00830238029394798
SLC35F3,0.0167619247814054
SLC35F5,0
SLC35F6,0.00194160065881763
SLC35G1,0
SLC35G2,-0.00857651663197617
SLC35G3,0.00188747061219098
SLC35G5,-0.00253685826994712
SLC36A1,0.00960148452571645
SLC36A3,-0.00279147950475551
SLC36A4,-0.00345069610748458
SLC37A1,-0.00906869149533855
SLC37A2,0.0152846454658301
SLC37A3,-0.00189712574314957
SLC37A4,0.00704455865197312
SLC38A1,0.00348922978905546
SLC38A10,0.0011342397386913
SLC38A2,-0.00652551678906142
SLC38A3,-0.00389896470796963
SLC38A5,-0.0268281300404819
SLC38A6,0.0198470552619619
SLC38A7,0.00729521284774685
SLC38A9,-0.000807827977393039
SLC39A1,-0.00314827008694406
SLC39A10,0.0134582434552848
SLC39A11,0.00379999467773846
SLC39A12,0.0141151869444382
SLC39A13,0.00212022412843992
SLC39A14,-0.0053365859701842
SLC39A2,-0.00134110252233711
SLC39A3,0.0081136972567263
SLC39A4,0.00503629304897211
SLC39A5,-0.00339231571359276
SLC39A6,0.000740632657365602
SLC39A7,0.00414203986922803
SLC39A8,-0.0120031508318301
SLC3A2,-0.00138657516493755
SLC40A1,0.0180226166053896
SLC41A1,-0.0052063957477743
SLC41A2,-0.0053871432433997
SLC41A3,-0.000211670571694627
SLC43A1,0.0130368751223231
SLC43A2,-0.00526503671080931
SLC43A3,-0.000123947461062862
SLC44A1,-0.00650586504355673
SLC44A2,-0.0108785259233702
SLC44A3,0.00179026722951657
SLC44A4,0.00126527567475241
SLC44A5,0.00280466567689125
SLC45A1,0.00519218464469433
SLC45A3,0.0130029984220146
SLC45A4,0.00493432941597745
SLC46A1,0.0142418402155261
SLC46A2,0.0105261929055818
SLC46A3,0.00837221015085929
SLC47A1,0.0199381205659801
SLC48A1,0.00766929210880733
SLC4A1,-0.00812285957908869
SLC4A10,-0.00936361137536605
SLC4A11,0.00194606190183748
SLC4A1AP,-0.00134738886076726
SLC4A2,0
SLC4A3,0.00471405463959298
SLC4A4,0
SLC4A5,-0.00510976695745975
SLC4A7,0.0182168387994916
SLC4A8,0.009554021495635
SLC4A9,-0.00421170713004551
SLC50A1,0.000312097756224018
SLC51A,0
SLC51B,-0.00340682359722243
SLC52A1,-0.00786895753306105
SLC52A3,-0.00721687199287894
SLC5A1,0
SLC5A10,-0.00348355937824318
SLC5A11,-0.00423015573105086
SLC5A12,-0.00230597783728437
SLC5A2,0.00397311023583937
SLC5A3,0.00469871446244432
SLC5A4,-0.00681954609501901
SLC5A5,-0.00343301167294046
SLC5A6,0.00302234458506805
SLC5A9,-0.000724858121633025
SLC6A11,0.0161819222367317
SLC6A12,-0.0201319216271266
SLC6A13,-0.0190495823559183
SLC6A14,-0.00426802622650218
SLC6A16,0
SLC6A17,0
SLC6A19,0.00053042200255186
SLC6A6,0.00407412534471038
SLC6A7,0.0253954640394329
SLC6A8,0.0027429956344133
SLC6A9,-0.0323334866450167
SLC7A11,-0.00759911703216862
SLC7A2,0.00345812181644574
SLC7A4,0.0060221207972384
SLC7A5,-0.0157621746795043
SLC7A5P1,0.00260735355622079
SLC7A6,0.0101518815985793
SLC7A6OS,0.00112554300391994
SLC7A7,-0.00391239330025609
SLC7A8,0.0212806571504909
SLC7A9,-0.00356975836519343
SLC8A1,-0.00933703198959012
SLC8A2,-0.0205184843737194
SLC8A3,-0.0107786401619349
SLC8B1,0.00161016327050125
SLC9A1,-0.00306342797524795
SLC9A2,0.0235209528671862
SLC9A3,0.00740711200557929
SLC9A3R1,0.00306377366729962
SLC9A3R2,-0.00360911431765828
SLC9A4,-0.00513430982964567
SLC9A5,0.0056688117137355
SLC9A6,0.00446764000509704
SLC9A7,0.00797167351552116
SLC9A7P1,-0.0127927024079205
SLC9A8,-0.00834311897660432
SLC9A9,-0.00873968655834989
SLC9B1,-0.00279124460350105
SLC9B2,-0.00888735415720514
SLCO1A2,-0.00357727752551348
SLCO2A1,-0.00486409703164312
SLCO2B1,0.0282132736550758
SLCO3A1,-0.00340600265031247
SLCO4A1,0.00383203154171934
SLCO4C1,0.0055472545766931
SLCO5A1,-0.0201795826492852
SLED1,-0.0112899196208974
SLFN11,0.00432462074459086
SLFN12,-0.00466359267370556
SLFN12L,-0.0166932672780441
SLFN13,-0.00986147370009605
SLFN14,0
SLFN5,-0.00895842624242256
SLIRP,0.00299961714011372
SLIT1,-0.00490833721291349
SLIT2,-0.0101982714922582
SLIT3,0.00226722039182847
SLITRK3,0
SLITRK4,-0.00231184696899257
SLITRK5,-0.00112550545738514
SLK,-0.00356388853719967
SLMAP,-0.00272098454512051
SLPI,-0.0182004773009911
SLU7,-0.00383254996446575
SLX1A,0.00238037342004584
SLX1B,0.00318290063798422
SLX4,0.00609956853437143
SLX4IP,0
SMAD1,-0.000280968893541957
SMAD2,-0.000486652341477628
SMAD3,-0.00547891497064651
SMAD4,-0.00352820718155331
SMAD5,0.00500045544361347
SMAD6,0.0114217623798381
SMAD7,-0.0041338859532203
SMAD9,0.00438514954125646
SMAGP,0.00794829387989355
SMAP1,0
SMAP2,-0.00809652345478475
SMARCA1,0.000289051443225442
SMARCA2,0.0026982089217441
SMARCA4,0.00411005298504274
SMARCA5,-0.00676287652548757
SMARCAD1,0.00621873698414552
SMARCAL1,-0.000631159055242801
SMARCB1,0.00304579030708405
SMARCC1,0.00539972902312407
SMARCC2,-0.00162778032932315
SMARCD1,-0.00275213042226635
SMARCD2,0.00232867324747198
SMARCD3,-0.0116157714454649
SMARCE1,-0.00196315233328962
SMC1A,0.00573784547025497
SMC1B,-0.00411772906329764
SMC2,0.00715606936708827
SMC3,0.00231464747387256
SMC4,0.000244181515772418
SMC5,0.00193980536688228
SMC6,0.00190414934574078
SMCHD1,-0.00678643253206714
SMCO2,-0.0194660758571411
SMCO3,-0.00511737773716541
SMCO4,-0.00989853740462715
SMCR5,-0.00098944363479517
SMCR8,-0.00409875363328228
SMDT1,0.00611431883053354
SMG1,-0.00149892686475501
SMG1P1,-3.53518912029363E-05
SMG1P2,-0.00284501923112279
SMG1P3,0.000225830837221815
SMG1P5,0
SMG1P7,0.00497757766858732
SMG5,-0.00347136471405244
SMG6,0.0008867667462395
SMG7,0.00274908128861452
SMG9,-0.00260114174333146
SMIM1,-0.00385346606515598
SMIM10,-2.20591186758165E-05
SMIM11,0.00444669626103411
SMIM12,6.98785972034785E-05
SMIM13,0.00421693434038508
SMIM14,-0.00390605245076758
SMIM15,0.00286375190149961
SMIM19,-0.00136967039060476
SMIM20,0.00259117545618609
SMIM3,-0.00764023476991872
SMIM4,0.00980613898913254
SMIM5,-0.00430240976230506
SMIM6,0.00365211625903941
SMIM7,0.000952542820027034
SMIM8,0.0049784778866435
SMKR1,0
SMLR1,0.00603700959534092
SMN1,0.00540716288517862
SMNDC1,-0.00312576510567394
SMO,0
SMOC1,0
SMOX,0.00985004120005136
SMPD1,0
SMPD2,-0.00434135367004151
SMPD3,-0.00577835323067409
SMPD4,0.00268179493089461
SMPDL3A,-0.00767314644510101
SMPDL3B,-0.00962234856780638
SMS,0.00398014478055232
SMTN,0.00484211130601923
SMTNL1,-0.0322402120231556
SMTNL2,0.0131465344581794
SMU1,-0.00116308638631349
SMUG1,-0.000958754499584328
SMURF1,-0.012326728776437
SMURF2,0
SMYD2,-0.00345242472887356
SMYD3,0.00503626186233254
SMYD4,0
SMYD5,0.00654206030169061
SNAI1,-0.0110346590290414
SNAI3,0.0182729147809835
SNAP23,0
SNAP25,-0.00364751916887626
SNAP29,0.00121958175184475
SNAP47,0.00188243985858447
SNAPC1,0
SNAPC2,0
SNAPC3,0.000924065843752518
SNAPC4,0
SNAPC5,0
SNAPIN,-0.00147435490944247
SNCA,0.00835714070364847
SNCAIP,0
SNCB,0.00256349468197868
SNCG,0.00776378548663256
SND1,0.00527629099847275
SNED1,0.0103225505633712
SNF8,0.00325256235798895
SNHG1,0.00242590766094809
SNHG10,0.0101591595848444
SNHG11,-0.00258918462616234
SNHG12,0.00442582869768102
SNHG15,-0.00835825545587408
SNHG16,0.00214882601378989
SNHG17,0.003435736766806
SNHG20,0.00512008306567504
SNHG21,0.00852039687199155
SNHG3,0.0106148359867607
SNHG4,0.0128255809097593
SNHG6,0.00216367152561564
SNHG7,0.00434368118856098
SNHG8,0.00432741180223167
SNHG9,0.00526118775498969
SNIP1,-0.00453280156987227
SNN,0
SNORA1,-0.00208885979984832
SNORA10,-0.000359440933679014
SNORA11,-0.00018580125485441
SNORA11B,-0.00297360961804885
SNORA12,-0.00286593662352402
SNORA16A,-0.00269589734126285
SNORA18,-0.00331198195051037
SNORA20,-0.0015132414701083
SNORA21,-0.00354431361241523
SNORA22,-0.00741469529361912
SNORA24,-0.00457831037935066
SNORA25,-0.00246739394286106
SNORA26,-0.00200239157032756
SNORA27,-0.00198979303361761
SNORA2A,0
SNORA31,-0.00212534294994459
SNORA32,-0.00266919962719118
SNORA33,0.00240999101675324
SNORA37,-0.0059020465815525
SNORA4,-0.00274439620367703
SNORA40,-0.00314709616927086
SNORA44,-0.00264221400142658
SNORA48,-0.00409554423553962
SNORA51,0.00193187785137157
SNORA52,-0.0042800693979956
SNORA54,-0.00233442675104331
SNORA55,-0.00218049446239612
SNORA57,-0.0027400045109528
SNORA58,0.00143247252843864
SNORA5A,0
SNORA5C,-0.00165981757601571
SNORA6,-0.00326633150151574
SNORA60,-0.00208690852904169
SNORA61,-0.0024985839207918
SNORA62,-0.00254715813374992
SNORA63,0.000488188829434484
SNORA64,-0.00248891013440319
SNORA65,-0.00126401853387625
SNORA66,0.00402004826919032
SNORA67,-0.00239885294644194
SNORA70,-0.00176007854340882
SNORA70G,-0.00567765183464436
SNORA71A,-0.00254193477245155
SNORA71B,0.00395993234598274
SNORA72,0.00112722069266716
SNORA74A,-0.00227396312991308
SNORA74B,-0.00245226789660058
SNORA78,0.00017573334318824
SNORA7B,-0.00173784678406521
SNORA8,-0.00302766466456509
SNORA81,-0.002605234179554
SNORA9,-0.00305997310178374
SNORD10,-0.00102926952208868
SNORD100,0.002578999771411
SNORD104,0.00619986601973856
SNORD110,-0.00251075916784055
SNORD12,-0.00212425402943583
SNORD12B,-0.00496176142397111
SNORD17,0.0062543161380557
SNORD21,-0.000239608586892033
SNORD22,-0.003378533005572
SNORD32A,-0.00273432885746054
SNORD33,-0.00310210220833955
SNORD45A,-0.00315680053958282
SNORD54,-0.00268580950445852
SNORD55,-0.00223244104493925
SNORD58A,-0.00265133464119181
SNORD58B,-0.0025630970926861
SNORD63,-0.0026112241200829
SNORD68,-0.00256309709268606
SNORD87,-0.00237392490698861
SNORD89,-0.00339064137024026
SNORD97,-0.00259947721773222
SNORD99,0.00248561398019473
SNPH,0
SNRK,-0.00187181793399931
SNRNP200,0.0049624342453867
SNRNP25,0.0123497435458851
SNRNP27,-0.00303617259445771
SNRNP35,-0.00442854725196123
SNRNP40,0.00237167225160009
SNRNP48,0.00408824684847621
SNRNP70,0.00190368381490846
SNRPA,0
SNRPA1,0.00393681370801382
SNRPB,0.00302970035399625
SNRPB2,0
SNRPC,0.00232796233223968
SNRPD1,0.00667662854268817
SNRPD2,0.00634967735768852
SNRPD3,0.0082086991132351
SNRPE,0.00358865654791299
SNRPF,0.00592267459215523
SNRPG,0.00184914890434541
SNRPN,0.00657347188890713
SNTA1,0.00720992690640267
SNTB1,-0.00293782846214953
SNTB2,-0.00423850760047599
SNTN,-0.00262974803765445
SNUPN,0.00135149333432386
SNURF,0.00542982166517876
SNW1,-0.00226177155829753
SNX1,0.00144130900746752
SNX10,-0.0221912006715051
SNX11,-0.00438655951182923
SNX12,0.000384633078021757
SNX13,0.00511244090612288
SNX14,-0.00252866699617518
SNX15,-0.00487792532984193
SNX16,-0.00317819976336752
SNX17,0.00304880619578181
SNX18,-0.00189645562175327
SNX19,0.000442887648624817
SNX2,0.00547156687026351
SNX20,-0.0117257584717562
SNX21,0
SNX22,0.00398258614591658
SNX24,0.00403044934269519
SNX25,0
SNX27,-0.0047567045839512
SNX29,0.00885549996395215
SNX29P1,-0.00363710484006014
SNX29P2,-0.00487548557300556
SNX3,0.00256306322790062
SNX30,0.0078327356931886
SNX31,-0.00206110044563831
SNX33,-0.00568269342910286
SNX4,0.00155970524089643
SNX5,0.00825983194426803
SNX6,-0.00127851389455218
SNX7,-0.0109546857841908
SNX8,0.00583486240574474
SNX9,0.00149368084019057
SOAT1,0.000906823803480635
SOBP,0.00856699436634973
SOCS1,-0.0119073505169972
SOCS2,-0.0131655299110124
SOCS3,-0.0117778928325269
SOCS4,0.00130792686943464
SOCS5,0
SOCS6,0.00352145959254782
SOCS7,0.00839590380927687
SOD1,0.00215939500720393
SOD2,-0.0272382832588665
SOD3,0.00195343786406313
SOGA1,0.00703125571352968
SOGA3,-0.00395722335090101
SOHLH2,0.00410986864138112
SON,0.000819530071831383
SORBS1,0.00868247904976068
SORBS3,0.00557061518613443
SORCS1,0.00734673697516049
SORCS2,0.0011881007901573
SORD,0.0145478927863021
SORL1,0.00623521101147834
SORT1,0.00784627678441838
SOS1,-0.00656872937571474
SOS2,0
SOWAHA,-0.00146513511108577
SOWAHC,0
SOWAHD,0.000863202775907671
SOX11,-0.00502948915906578
SOX12,0.010154074998231
SOX13,0.00509652711377438
SOX15,0
SOX18,0.00264380217468472
SOX30,-0.018903608649028
SOX4,0.00688530794564145
SOX5,-0.014372297160415
SOX6,-0.00345133333836623
SOX7,0.000720543534171189
SOX8,0.00885617425863772
SOX9,-0.00351680597253564
SP1,-0.00150368945635442
SP100,-0.00930788673520673
SP110,-0.0138311372463222
SP140,-0.021559411092611
SP140L,-0.00863949792057769
SP2,-0.00148178275319767
SP3,0
SP4,-0.00713168273915276
SP6,0.00487578799281817
SPA17,0.00464685310310956
SPACA3,-0.00641868340321187
SPAG1,-0.00919140597979637
SPAG16,0.00207243391951084
SPAG4,0
SPAG5,0.0186788080340392
SPAG6,-0.00687177589149588
SPAG7,-0.00309406496278527
SPAG8,0.00928099266788146
SPAG9,0.00309600095784828
SPARC,0.0146628379852217
SPARCL1,0.00514310506409951
SPAST,0
SPATA12,0.0134385679440963
SPATA13,0
SPATA17,-0.00233560847457689
SPATA2,-0.00383325303885456
SPATA20,0.00495921112728571
SPATA21,-0.00481738482281939
SPATA24,-0.00897697866552099
SPATA25,0.0104217806658357
SPATA2L,0.00188091552329634
SPATA32,-0.00476538003332327
SPATA33,0.00368284741365873
SPATA4,0.0026012710711951
SPATA41,-0.00855847381983597
SPATA5,-0.000349882979335103
SPATA5L1,0.00543784392342288
SPATA6,0.00371810827592297
SPATA6L,-0.00389152649494159
SPATA7,0.00581383163675211
SPATA8,0
SPATA9,-0.00292069732865639
SPATC1,-0.0198397316537777
SPATC1L,0.0150984537360963
SPATS2,-0.00324762619281954
SPATS2L,-0.0023117474550326
SPC24,0.0118477854088779
SPC25,0.00444681052662306
SPCS1,0.00182981269924541
SPCS2,0.00285651942959722
SPCS3,0.00397037763549712
SPDEF,-0.0116657532087867
SPDL1,0.00157551288148811
SPDYA,0
SPDYE1,0.00226478281330699
SPDYE2,0
SPDYE4,-0.00555683598691295
SPDYE5,0
SPDYE7P,-0.00350843927914832
SPECC1,-0.00379641025146627
SPECC1L,0.00120837346694694
SPEF1,0.00389043201771636
SPEF2,-0.00198121294330479
SPEG,0.00697527649075585
SPEN,-0.00177869216136514
SPESP1,0
SPG11,-0.00591995345973456
SPG21,0.00288546393130671
SPG7,0
SPHK1,-0.00283711860633948
SPHK2,-0.00132221968089173
SPI1,0.00313106751364996
SPIB,0.00787115879703671
SPIC,0.0117057165631517
SPICE1,0.00432687491511838
SPIDR,0.00288828096468212
SPIN1,0.00434789909659455
SPIN2A,0.00348060689698017
SPIN2B,0.00217897917792106
SPIN3,0.00234073871568085
SPIN4,0.00714340326889992
SPINK2,-0.00331396475731268
SPINK6,0.0205784611676457
SPINT1,-0.00266580927221915
SPINT2,0.0128641969376937
SPIRE1,0.00154264682061752
SPIRE2,0.00371311560457186
SPN,0.0136292316604356
SPNS1,0.00127677215803607
SPNS2,0.00593775908134181
SPNS3,0.00651524742528849
SPOCD1,0.0165982139716246
SPOCK1,0.00636400495765484
SPOCK2,0
SPOCK3,0.00314710737483484
SPON1,0.00437167743793511
SPON2,0.0117208006065731
SPOP,-0.00256634604428619
SPOPL,0.00321695836626797
SPP1,0.0165268922353886
SPPL2A,-0.00547385835263152
SPPL2B,0.000920494895135492
SPPL3,0
SPR,0.00169899822743366
SPRED1,0.0205298304310242
SPRED2,0.0045025441744984
SPRED3,0
SPRN,-0.00895730797781186
SPRTN,0.00264042138723917
SPRY1,0.00842667340687742
SPRY2,0.0143332668767533
SPRY3,-0.0040405222200188
SPRY4,0.00180572599412604
SPRYD3,-0.0017745014046261
SPRYD4,0.00135109514555565
SPRYD7,0.00711546564276443
SPSB1,-0.00283325473360347
SPSB2,-0.00741918948859517
SPSB3,-0.00316726264582252
SPSB4,-0.00390090744044759
SPTA1,-0.00829034264685777
SPTAN1,0.000631752403287329
SPTB,-0.0127046008855171
SPTBN1,0.00502532676873864
SPTBN2,0.0147758177840904
SPTBN4,0.0116611459122599
SPTBN5,-0.00235379210016173
SPTLC2,-0.00302790957516842
SPTLC3,0
SPTSSA,0.00215593491233766
SPTY2D1,0.00332524315089811
SQLE,0.010466804195197
SQSTM1,-0.00422983685597113
SRBD1,0
SRC,-0.00725184990099983
SRCIN1,0.010015322166937
SRD5A1,-0.00521987860568584
SRD5A3,0.00371571006647808
SREBF1,0.0047579928683964
SREBF2,0.00232533552765331
SREK1,0.000975424378875431
SREK1IP1,0.0036100726402026
SRF,0.00214478071835803
SRFBP1,0.0024164885934582
SRGAP1,0.00560187890680072
SRGAP2,-0.0051574217192431
SRGAP2B,-0.00811548494962617
SRGAP2C,-0.00700385770650158
SRGAP2D,-0.00787320361601415
SRGAP3,0.0113447192059193
SRGN,-0.00128694799690214
SRI,-0.00752212671984528
SRL,-0.00290961265105383
SRM,0.0138917165850207
SRMS,-0.00547986043054086
SRP14,-0.00115831412976233
SRP19,-0.00264447775822984
SRP54,-0.00491997717002606
SRP68,0.00124377115377971
SRP72,0.00648839706953494
SRP9,0.00432292973275257
SRPK1,-0.00113652193885946
SRPK2,0.00909439930508912
SRPRB,0.010901535832409
SRPX,0.0124203300647884
SRPX2,0.0160860573331575
SRRD,0.00355718431208134
SRRM1,0.00192229605696755
SRRM2,0
SRRM3,0
SRRM4,0.00317734487770087
SRRT,0.00198274602774245
SRSF1,0.00323542167367849
SRSF10,0.00231518397295844
SRSF11,-0.00120785949139853
SRSF12,-0.0144168749890159
SRSF2,0.00493787270929858
SRSF3,0.00217488728935069
SRSF4,-0.00378980134419619
SRSF5,-0.00279858256166003
SRSF6,0.00623355557397923
SRSF7,0.00374168617906248
SRSF8,0.00313285424812842
SRSF9,0.00320985062822594
SRXN1,0.00201349661775692
SS18,-0.00391434711110275
SS18L1,0.00430316583032306
SSB,-0.00314219101547093
SSBP1,0.00326939455743487
SSBP2,0.00452238490037191
SSBP3,0.0107145425260516
SSBP4,0.00785119677958482
SSC5D,0.00639830836614397
SSH2,-0.000725810754659891
SSH3,-0.00384578634950059
SSNA1,0.00163111359054342
SSPN,-0.0186871171418894
SSR2,0.0019971566787441
SSR3,0.00407133441972843
SSR4,0
SSR4P1,-0.00756021147062127
SSRP1,0.00461870581470173
SSTR2,-0.0222153495331054
SSTR3,-0.0169776642429557
SSU72,0.00341908548040155
SSX2B,0.00430683865069636
SSX2IP,0.0098408873023234
SSX5,-0.00331372625503294
ST13,0.00357946744686668
ST13P4,0
ST14,0.00456052181646097
ST18,0.0144707304425988
ST3GAL1,-0.00957972537340027
ST3GAL2,0.000718317841894602
ST3GAL3,-0.00433187931942945
ST3GAL4,-0.0033145085859995
ST3GAL5,-0.00472377084242549
ST3GAL6,0.000820622836513328
ST6GAL1,0.0103451896682782
ST6GAL2,-0.0027298574521621
ST6GALNAC2,-0.0115290379186112
ST6GALNAC3,-0.00970268817642284
ST6GALNAC4,0.00730055670800724
ST6GALNAC6,0.00196702728074027
ST7,0.00784046262661197
ST8SIA3,-0.00226723747088278
ST8SIA4,-0.00583130265234762
ST8SIA5,0
ST8SIA6,0.0238692214602772
STAB1,0.0222563405335424
STAC,0.0148685488444237
STAC2,0.00977763185092397
STAC3,-0.0119460123189858
STAG1,0.00236900980576516
STAG2,-0.00506029100401932
STAG3,3.96791038118705E-05
STAG3L1,-0.00239707891425011
STAG3L2,-0.00253409507351541
STAG3L3,-0.00219642530102135
STAG3L4,-0.00225748159132863
STAG3L5P,-0.00449528879239287
STAM,0.00444394334758306
STAM2,-0.00115534099719807
STAMBP,-0.00336524173966309
STAMBPL1,-0.0057480829819534
STAP1,-0.033594556629111
STAP2,-0.0260061653145617
STAR,0
STARD10,-0.00999609494105703
STARD13,0.00203474953645108
STARD3,0.00215428451653156
STARD3NL,0.00130590902636558
STARD4,-0.00765184732732143
STARD5,-0.00196245291571273
STARD7,0.00205663723226386
STARD8,0.00395823170710806
STARD9,0.0060303077462508
STAT1,-0.0159399340245796
STAT2,-0.0144299131609834
STAT3,-0.00776793118249312
STAT4,-0.0189068354524294
STAT5A,-0.00680525575544096
STAT5B,-0.00111397954712372
STAT6,-0.00144101768847081
STAU1,-0.00256897032749554
STAU2,0.00305337083631437
STBD1,-0.00959342696919702
STC1,-0.00371721469680445
STC2,-0.00994170525291748
STEAP1,0.0133406358308967
STEAP1B,-0.00847981741175743
STEAP2,0.00402885422169125
STEAP3,0.0083944064522451
STEAP4,0
STIL,0.00527869167229579
STIM2,0
STIP1,0.00949177220455372
STK10,0.00253333982977035
STK11,0
STK11IP,0.00593876896903363
STK16,0.00032579534952549
STK17A,-0.00856068829104469
STK17B,-0.0048690751462759
STK19,-0.0069757677577751
STK24,-0.00234195553560349
STK25,0
STK3,-0.00442508203288617
STK31,0
STK32A,-0.0027642550561884
STK32B,0.00682902953377082
STK32C,0.00814106962634042
STK33,-0.00647622336778825
STK35,-0.00171109459655846
STK36,0.00321065058533858
STK38,-0.00436481129456413
STK38L,-0.00571879096776812
STK39,0.0134056836583498
STK4,-0.00325150585818856
STK40,-0.00431159160917797
STMN1,0.0151136721045067
STMN2,-0.00219775856283342
STMN3,0.00581156154003513
STMN4,-0.00316423660254769
STMND1,-0.0104971549859012
STOM,-0.0146219806151389
STOML1,-0.0103858571956555
STOML2,0.00441157809134646
STON1,0
STON2,0.00717451330382783
STOX2,0.00246677509989124
STPG1,-0.00297549951304571
STPG2,-0.00515486507336435
STRA6,-0.00813812974618258
STRADA,0.000315093976052858
STRADB,0.00396461314864688
STRAP,0.00566822770478717
STRBP,0.00968215207625131
STRC,-0.00717577175685749
STRIP1,-0.000268726049900642
STRIP2,0.00192484617106526
STRN,0.00220951357981418
STRN3,-0.00447873694828443
STRN4,-0.000947626364715086
STS,0.000991419654362258
STT3A,0.00410713938019293
STT3B,0.00290128529587096
STUB1,0.00434525495846719
STX10,0.00368976585218802
STX11,-0.0232550731890291
STX12,-0.00145298479392843
STX16,-0.00147076415721939
STX17,-0.0062033725596338
STX18,-0.00207975500557367
STX19,-0.00234320418834971
STX1A,0.0010059690455866
STX1B,-0.00732559882697151
STX2,0.00350967484591786
STX4,0
STX5,-0.00587651046894026
STX6,-0.00666722196825293
STX7,-0.000615309708902184
STX8,0.00264537205067678
STXBP1,0.00628925713189493
STXBP2,0
STXBP3,-0.00250842964798377
STXBP4,0.00400128223876631
STXBP5,0
STYK1,-0.00758315833583952
STYX,0
STYXL1,-0.000985638433636468
SUB1,-0.00514444854151179
SUCLA2,0.00622851921643913
SUCLG1,0.00567427226501153
SUCLG2,0.00416842421100996
SUCNR1,0.0138104529402167
SUCO,-0.00533378046468083
SUDS3,-0.00113282786470636
SUFU,0.00435826167554071
SUGCT,0.00469937482666217
SUGP1,-0.00128129762191912
SUGP2,0.00491845907519414
SUGT1,0
SUGT1P1,-0.00280174291290004
SULF2,0.00445746091200281
SULT1A1,0.00317389766564242
SULT1A2,0.00361729730896802
SULT1A3,0.00266435375429548
SULT1A4,0.00489159528651255
SULT1B1,0.0054470861919844
SULT1C2,0.00511865913459678
SULT1C2P1,-0.000215137315624568
SULT1C4,-0.0116583377919334
SULT1E1,-0.00257772997369386
SULT2B1,0
SUMF1,0.00573325516197715
SUMF2,0.00159467194125583
SUMO1P1,-0.00520319937879866
SUMO1P3,0
SUMO2,-0.00252650509917586
SUMO3,0.000149233585576868
SUMO4,-0.00545947802181259
SUN1,0.00453619721046369
SUN2,-0.00177129472071591
SUN3,0.00287795099808519
SUOX,0.00737984422019591
SUPT16H,-0.000504045242813396
SUPT20H,-0.00219990704611135
SUPT3H,-0.00661939649816344
SUPT4H1,-0.00051993730910053
SUPT5H,-0.00337929785869615
SUPT6H,0.000378560248025514
SUPT7L,-0.00151907796585885
SUPV3L1,0.000741910788150604
SURF1,0.00123394160050755
SURF2,0.00203540334968633
SURF4,0.00489063341763338
SURF6,0.00844546214455691
SUSD1,0.00294996780197477
SUSD2,-0.00662189728854564
SUSD3,-0.00446276462797676
SUSD4,0.0120657436614165
SUSD5,0.00787057582359041
SUV39H1,0.0015412260149973
SUV39H2,0.00504716347230718
SUZ12P1,0.00613389535162162
SV2A,-0.0055069020025766
SV2B,0.0265128022320616
SV2C,0.00264551479439179
SVEP1,-0.0201454043791065
SVIL,0.00747671262545297
SVOP,-0.00279638371180542
SVOPL,0.000283279028038578
SWI5,0.00358446721901552
SWSAP1,0.00481619907705932
SWT1,-0.00614724609177112
SYAP1,0.0019529040000148
SYBU,0
SYCE1L,0
SYCE2,0.0149536959812213
SYCE3,-0.00936178209139073
SYCP2,-0.0162513971999858
SYCP2L,-0.0156634936310384
SYDE1,0
SYDE2,0.00312238678050277
SYF2,-0.00377504835069944
SYK,0.00579106422265418
SYMPK,-0.00404798904860249
SYN1,-0.00487474170860098
SYN2,0.00618632950863562
SYN3,-0.00420012618690052
SYNC,-0.00250686182427751
SYNCRIP,0.00612294197451188
SYNDIG1L,-0.0120584741082302
SYNE1,0.00993905415731119
SYNE3,0.00524444742601982
SYNGAP1,0
SYNGR1,0.0112498402907945
SYNGR2,0.000308328624825836
SYNGR3,-0.0197760727451479
SYNGR4,0.00436980921158821
SYNJ1,0.00442127621701898
SYNJ2,0.00854542433055983
SYNJ2BP,0.00531467600351093
SYNM,-0.00716009512041843
SYNPO,-0.0228126658915164
SYNPO2,-0.027735278995222
SYNPO2L,-0.00591964669481472
SYNRG,0.00119303103660123
SYP,0.00572435997670379
SYPL1,0.00259985523912723
SYPL2,0.0138512208781264
SYS1,0
SYT1,0.0313901211869821
SYT11,-0.00410173120661914
SYT12,-0.00800977649422057
SYT14,0
SYT15,-0.00695524222348554
SYT17,0.00969988338348656
SYT2,0
SYT3,0.00239752725131279
SYT4,-0.00320079862990964
SYT5,0.00124094842410626
SYT6,0.0402575949785947
SYT7,-0.0069151807914546
SYT8,-0.00423432844500771
SYTL1,0.0122458655457742
SYTL2,-0.0062515251982521
SYTL3,-0.0181743882235312
SYTL4,0.000802954296251181
SYVN1,0.00257826597328755
SZRD1,-0.00254947922425693
SZT2,-0.00267605686149683
TAB1,-0.000380576540794167
TAB2,-0.00144354223592331
TAB3,-0.00143975678990937
TAC3,-0.0105386017080216
TAC4,0
TACC1,0.00219117896176469
TACC2,0.0111255907308685
TACC3,0.00641425356834357
TACO1,0
TACR1,0
TACR2,0.006545644500021
TACSTD2,0.0232585350382347
TADA1,0.0029937781399493
TADA2A,0.00287110307815139
TADA2B,0.000742592254295456
TADA3,-0.0010961596740278
TAF1,0.00122840116609227
TAF10,0.0010253752862028
TAF11,0.00107359048804224
TAF12,0
TAF13,0.00505263077336463
TAF15,0.00314704136929452
TAF1A,-0.00451583684826744
TAF1B,0
TAF1C,-0.00139831653911799
TAF1D,-0.0019200402737649
TAF3,-0.00111867473036236
TAF4,0.0049145244009646
TAF5,0.000311141817728917
TAF5L,0.00100835898506701
TAF6,-0.000721028679849239
TAF6L,0.00301730616510819
TAF7,-0.00134683298395975
TAF8,-0.00591881414880041
TAF9,0.0026259552768527
TAF9B,0.00355105694666197
TAGAP,-0.0143292182060331
TAGLN,0.00173171506672761
TAGLN2,-0.00623867555089899
TAL1,0.0131357989530629
TALDO1,0.0032567917842552
TAMM41,0.00413628465445254
TANC1,-0.00991288395734789
TANC2,0.00899522292134822
TANGO2,0.00341641886874804
TANGO6,0.00247305935762438
TANK,-0.0104823833371325
TAOK2,0.00316747778537984
TAOK3,0
TAP1,-0.0200622523693543
TAP2,-0.0154261060461557
TAPBP,-0.0109899951650163
TAPBPL,-0.00778676496021024
TAPT1,0.0102333471068273
TARBP1,0.0104391286086115
TARBP2,0.00470989882667225
TARDBP,0.00411176065965805
TARM1,-0.00441651827918724
TARP,-0.0085429463415285
TARS2,0.00289351296433215
TAS1R1,-0.00517038105973225
TAS1R3,0
TAS2R10,-0.00310751052604573
TAS2R13,-0.00259359137096811
TAS2R14,0
TAS2R19,-0.0035004938827616
TAS2R20,0
TAS2R30,0
TAS2R31,-0.00323865452677641
TAS2R4,0
TAS2R43,-0.00215337345979416
TAS2R46,-0.00239456945257711
TAS2R5,0.00321629814340356
TASP1,0.00747957706517808
TAT,-0.00419706209382117
TATDN1,0.00292432464181158
TATDN2,0.0018572840095789
TATDN3,-0.00329254851263036
TAX1BP1,-0.00432826204092086
TAX1BP3,0.0032473114617766
TBC1D1,0.00219214686690724
TBC1D10A,-0.00119319215238593
TBC1D10B,-0.000926836808703431
TBC1D10C,0.0103488016158796
TBC1D12,-0.00219605061601925
TBC1D13,0.00152364164792255
TBC1D14,0.00984447619959764
TBC1D15,0
TBC1D17,-0.00592385719687933
TBC1D19,-0.00233122474239477
TBC1D2,0.00248585131998058
TBC1D20,0.00280532660174676
TBC1D22A,0.00291685841102991
TBC1D22B,-0.00818218495364578
TBC1D23,-0.00106755241854845
TBC1D24,0.00612262621569356
TBC1D25,-0.00219393211152787
TBC1D2B,-0.00479611831303956
TBC1D30,0
TBC1D31,-0.00431507873542768
TBC1D3F,-0.00391047465704509
TBC1D3H,-0.00344468693843689
TBC1D4,0.00921520150588559
TBC1D5,0.00566499669139888
TBC1D7,0.00575328012075012
TBC1D8,0.00207532477740953
TBC1D8B,0.00201682357872265
TBC1D9,-0.0146543184810147
TBC1D9B,0.00219337893470966
TBCA,-0.00110422538174133
TBCB,-0.00168273955973179
TBCC,-0.00200800058121664
TBCCD1,0.00187930612218343
TBCD,0.00773027209951194
TBCE,0.00536321126777876
TBCEL,-0.00251248609644126
TBCK,0.00241063297761188
TBK1,-0.00639607866668746
TBKBP1,-0.00333841514930938
TBL1X,-0.00511396553074655
TBL1XR1,0.00320953614165532
TBL2,0.000813631042821709
TBL3,0.00250027511207393
TBP,0.00120769758088546
TBPL1,-0.00287681264594973
TBRG1,-0.00142372637410636
TBX18,-0.00580036342201661
TBX19,-0.00703337443799944
TBX2,0.0138518445679329
TBX21,-0.0125380806479115
TBX3,-0.00474091203935206
TBX4,-0.00548715039999437
TBX6,-0.00498008172413022
TBXAS1,0.013968196881733
TC2N,0
TCAIM,0.00676328785219065
TCAM1P,0.0040504970897596
TCEA1,-0.0043979268630095
TCEA2,-0.00459637912378616
TCEA3,-0.0194849261396458
TCEAL1,0
TCEAL3,0
TCEAL4,0.00247383155478761
TCEAL8,0
TCEANC,-0.00264872702431303
TCEANC2,-0.00159891751611124
TCERG1,0.00375375183546574
TCF12,0.00249771524866387
TCF19,0.0140944739254416
TCF20,-0.00510616440715129
TCF24,-0.00358650016219116
TCF25,0.00088497675969568
TCF3,0.006280388445935
TCF4,0.000117543877682568
TCF7L1,-0.0155086857718136
TCF7L2,-0.00534936923746658
TCFL5,0.00816332284029112
TCHH,-0.000208637008595561
TCHP,0.00379588147354639
TCN1,0.0146863633135093
TCN2,-0.0051674690763481
TCOF1,-0.000425209768653292
TCP1,0.00583681492145547
TCP11,-0.0044090633674723
TCP11L1,-0.00651138932467711
TCP11L2,-0.00608316344283357
TCTA,0
TCTN1,0.00301434970756539
TCTN2,-0.00247693438921945
TCTN3,0.00794935570382381
TDG,0.00299966928284354
TDGF1,-0.00302477255095216
TDO2,-0.00055872849161247
TDP1,0.00242228131574795
TDP2,-0.0018793347644984
TDRD12,0
TDRD3,0.00999138318590998
TDRD6,0.00775935848796688
TDRD7,-0.00987151278104675
TDRD9,0.0141084922237392
TDRKH,0.00743431447800853
TDRP,-0.00305050680329687
TEAD2,-0.00771637084644617
TEAD4,-0.00720107268276853
TEC,-0.00474229825466773
TECPR1,0.000901851949397468
TECPR2,-0.00449584347171295
TECR,0.012336276861284
TECTA,-0.0111945890350848
TEF,0
TEFM,0.0024231464028979
TEK,0.00214998075833149
TEKT2,-0.00119639818956288
TEKT4P2,0
TELO2,-0.00303994893657511
TEN1,-0.00422533072493868
TENM2,-0.00525219507353749
TENM3,-0.00251136344543705
TENM4,0.00375355178826685
TEP1,-0.00277324591537214
TERC,0.00539400980657421
TERF2,0.00189876277325033
TERF2IP,-0.00187477812572977
TES,-0.00671474250482619
TESC,0.017155931279299
TESK1,-0.00568259688131696
TESK2,-0.0111508190307628
TESPA1,-0.00944662821473363
TET1,0.0184493029675891
TET2,0.000919922700388076
TET3,0.00282828987442758
TEX10,0.00621428242614739
TEX101,0
TEX11,-0.00295744099797667
TEX12,-0.000528475252812602
TEX14,0
TEX19,-0.00300646085611656
TEX2,0.00915879346510552
TEX22,0.00387938357533021
TEX261,0.0039857710485033
TEX264,0.00318928600948892
TEX29,-0.00488279969379746
TEX30,-0.00159129873650724
TEX35,-0.00260603082944352
TEX38,0.00259135507050176
TEX41,0.00159878228502353
TEX9,0.0052206708080964
TF,0
TFAM,0.00323108319803452
TFAP2A,-0.00527045972377318
TFAP2C,0
TFAP2E,-0.00701274371833422
TFAP4,0.00748940690022217
TFB1M,-0.00582295480212289
TFB2M,0.0078163863278172
TFCP2,0.0026106607423366
TFCP2L1,0.0122125580857436
TFDP1,0.00269349662622521
TFDP2,0.00185621226816041
TFE3,-0.00201272986633927
TFEB,-0.000964018488348877
TFEC,-0.00344042288566303
TFF2,-0.00145932048234616
TFF3,-0.00305839950939217
TFG,-0.00317659478706982
TFIP11,-0.00099494726325578
TFPI,0
TFPI2,-0.022876287745429
TFPT,0
TFR2,0.00565508727320465
TFRC,0
TG,-0.00241977997956931
TGDS,-0.0018485129993414
TGFA,0.0142211544877342
TGFB1,0.0034188411499949
TGFB1I1,-0.0138510230082711
TGFB2,0.0283012063078277
TGFB3,0
TGFBI,0.0204313621197826
TGFBR1,0.00442570276489119
TGFBR2,0.0111536566536131
TGFBR3,0.00359283387805694
TGFBR3L,0.0110126003864501
TGFBRAP1,0.00492496806276918
TGIF1,-0.00724812213683328
TGIF2,-0.00644397389329601
TGM1,-0.00647636817633238
TGM2,0.0193886264478224
TGM3,0.00519853735330201
TGM5,0
TGM7,-0.00383699590495219
TGOLN2,0.00575617750240778
TGS1,-0.00244591719791179
THADA,0.00771631978612075
THAP1,-0.00257150636867662
THAP10,-0.0113204693431423
THAP11,-0.00173576029094433
THAP2,-0.0054021089658886
THAP3,-0.0108380900541033
THAP4,0.000992392707366079
THAP5,0.00114032688801784
THAP6,-0.00542049790827707
THAP7,0
THAP8,0.00312802315783098
THAP9,-0.00176155332341441
THBD,0.0465246494210391
THBS1,0
THBS2,0.0113861495404815
THBS3,0.00175328722417331
THBS4,0.00336067903757743
THEGL,-0.0055271179726296
THEM4,0.00733277621842833
THEM5,-0.00527694434196114
THEM6,0.00488372952757074
THEMIS,0
THEMIS2,-0.00679383346217674
THG1L,-0.00117199695771131
THNSL1,0.0119569437569212
THNSL2,-0.0140229902567866
THOC1,0.00199049447383401
THOC2,-0.000875954557750779
THOC3,0.00735324663000181
THOC5,-0.00179702180744213
THOC6,0.00353788126995037
THOC7,-0.000671177972298994
THOP1,0.00837707032329317
THPO,-0.00164136486953337
THRA,0.0067635239026486
THRAP3,-0.000998174005046649
THRB,0.00821936550679913
THRIL,0.00459074079394523
THRSP,-0.00308108560452418
THSD1,-0.00345131053653035
THSD4,0
THTPA,-0.00308715313817482
THUMPD1,-0.00153635271767185
THUMPD2,-0.00032431168831748
THUMPD3,0.00289819672508875
THYN1,0.00076336493584248
TIA1,-0.00494202781978629
TIAL1,0.000890086910939592
TIAM1,0.0102669478750882
TIAM2,-0.00607097747643623
TICAM1,-0.010582451530518
TICAM2,-0.0119129828879285
TICRR,0.0160263487877189
TIE1,0.0124531252329793
TIFA,-0.0121030967578164
TIFAB,0.00556267361644761
TIGD2,-0.00447654320821048
TIGD3,-0.00379918788659051
TIGD4,0.00536661888555245
TIGD5,0.00819826584077616
TIGD6,-0.00172830616389619
TIGD7,-0.00187653599664816
TIGIT,0
TIMD4,-0.0123897449173488
TIMELESS,0.000334979761435568
TIMM10,0.00545136158020177
TIMM10B,0.0060113174533427
TIMM13,0.00759182785715706
TIMM17A,0.00653908422228275
TIMM17B,-0.00318725035137911
TIMM21,0.0134767709010804
TIMM22,0.0118415454511703
TIMM23,0.00181953148794152
TIMM23B,0.00101564635311627
TIMM44,0.00359488523608726
TIMM50,0.00506872562439602
TIMM8A,0.011044414165615
TIMM8B,0.00206880753216296
TIMM9,0.00496022555201105
TIMMDC1,-0.00200869571621626
TIMP1,0.00438742936264548
TIMP2,0.00812346599195142
TIMP3,0.0148710712283078
TIMP4,0
TINAGL1,0.00406078453234144
TINCR,-0.00523430506670665
TINF2,-0.00234414901187431
TIPARP,-0.0107560010942122
TIPIN,0.00658625326607271
TIPRL,-0.00182445530731033
TIRAP,-0.00130652924264794
TJAP1,-0.00261212559614312
TJP1,-0.0105939115670698
TJP2,-0.00218883722753203
TJP3,-0.00391446601636689
TK1,0.0106193812102639
TK2,0.00455116654209178
TKT,0.00349541103369841
TKTL1,0.00253546253787386
TKTL2,-0.00440478860521203
TLCD1,0.00289355656648376
TLCD2,0.0124351400787761
TLDC2,-0.00523622556012851
TLE1,0.00397714664761146
TLE2,0.00879315215821792
TLE3,0.00845274467596265
TLE4,-0.00544554468954512
TLE6,0.00749828597839204
TLK1,-0.00173372724568016
TLK2,-0.00469637597422065
TLL1,-0.00227905234190092
TLL2,-0.00395548961842395
TLN1,0.00171438873938672
TLN2,0.00339708358798896
TLR1,0
TLR2,-0.00811925370776031
TLR3,-0.0151922538640646
TLR4,-0.00506986159969046
TLR5,0.0230857817722585
TLR6,0.00107414575182281
TLR7,-0.0123017089850875
TLR8,-0.0130875387799617
TLR9,-0.0121021607394895
TLX3,-0.00415463441448341
TM2D1,0.00322051661033416
TM2D2,0
TM2D3,-0.00356862017884695
TM4SF1,-0.0107480439868776
TM4SF19,0.017038173799047
TM4SF20,0
TM6SF1,0.010889838444432
TM6SF2,-0.00227013253502282
TM7SF2,0.00667398384818325
TM7SF3,0.0048294526516833
TM9SF1,0.00377595196138578
TM9SF2,0.00448697825067931
TM9SF3,0.00378470514999179
TM9SF4,-0.00193921831763709
TMA16,0.0020336491790934
TMA7,0.00558499292225036
TMBIM1,-0.00460225286244415
TMBIM6,0.00202594410639401
TMC1,-0.00514266424922575
TMC4,-0.00499275698810538
TMC5,0.00779565371637088
TMC6,0.0083908351719888
TMC7,-0.00367902165303743
TMC8,0.0214160072461119
TMCC1,-0.00101463150947406
TMCC2,0.00347020212438297
TMCC3,-0.0035768956867814
TMCO1,0.00143481331757553
TMCO2,0
TMCO3,0.00734437968325505
TMCO4,-0.00511735167874496
TMCO6,-0.007182077647772
TMED1,-0.00281176609460969
TMED10,0.00537123749022385
TMED10P1,0
TMED2,0.00471714756322348
TMED3,0.00675453134279579
TMED4,4.04414405307307E-05
TMED5,0.00140947085276725
TMED6,0.00386160621094052
TMED7,0
TMED8,-0.00104465855791986
TMED9,0.0046312562958051
TMEFF1,-0.00666608576734432
TMEFF2,0
TMEM101,0
TMEM102,-0.00300412438646981
TMEM104,0.00393617577183144
TMEM106A,-0.000887429555485637
TMEM106B,0
TMEM106C,0.00397653572198706
TMEM107,0.00122403940633454
TMEM108,0.00330891513410009
TMEM109,-0.00338397488348951
TMEM11,0.000989946221350594
TMEM114,0.0135529738994482
TMEM115,-0.00342411578525984
TMEM116,-0.00144870086786502
TMEM117,0.0159238206392395
TMEM119,0.000111640677832354
TMEM120A,-0.00815561937894194
TMEM120B,0.00642600082657075
TMEM123,0.00100946723933317
TMEM126A,0.00304764234127433
TMEM126B,-0.00370914260645943
TMEM127,-0.00187650629936668
TMEM128,-0.0029026838987108
TMEM129,0.00340805802820831
TMEM130,0
TMEM131,-0.00933229215496708
TMEM132A,-0.0113510175040362
TMEM132B,-0.0023194931652472
TMEM132D,-0.00518030970972866
TMEM134,0.00361597132869223
TMEM135,0
TMEM138,-0.00718729940795343
TMEM139,-0.0216813000774337
TMEM140,-0.0158852270745922
TMEM141,0.00477858905064817
TMEM143,0.00527916807148575
TMEM144,-0.00383405161655695
TMEM145,0.00814631260906792
TMEM147,0.00768694006373309
TMEM14B,0.00700640260300678
TMEM14C,0.00281779016313311
TMEM150A,0
TMEM150B,-0.0137369122626236
TMEM150C,0.0108740973253692
TMEM151A,0.0111499407714646
TMEM151B,-0.000735893950215835
TMEM154,-0.00783175963690665
TMEM156,-0.000113031583739411
TMEM158,0
TMEM160,0.00519399594518808
TMEM161A,0.00671964330289388
TMEM163,-0.00315798667072077
TMEM164,-0.00157318482760349
TMEM165,-0.00206428206254192
TMEM167A,0.00533033032237519
TMEM167B,-0.00229029477508836
TMEM168,0.00383269356582437
TMEM169,-0.00571188262872722
TMEM17,0.00313021354724143
TMEM170A,-0.00781389478376412
TMEM170B,0.00112175586400034
TMEM171,-0.0271039713465745
TMEM175,0
TMEM176A,-0.0113029251225222
TMEM176B,-0.0111201004580824
TMEM177,0.00840763580268586
TMEM178A,0.00413737684125628
TMEM178B,-0.00510619539656552
TMEM179B,-0.00637570440460974
TMEM18,0
TMEM181,0.00471481403594314
TMEM182,0
TMEM183A,0.00282796193961009
TMEM184A,-0.00369317966079922
TMEM184B,0.00167211795369874
TMEM184C,0.00155867920320825
TMEM185A,-0.00132276973779224
TMEM185B,0.00343221160636219
TMEM186,0.00437453132038101
TMEM187,-0.00442267236414967
TMEM19,-0.00131450992724791
TMEM191A,0.00753264570939693
TMEM191B,0.00709766013698703
TMEM191C,-0.0010880071585806
TMEM192,0.00765496400857928
TMEM198B,0.00417584096729137
TMEM199,-0.000929759738006713
TMEM200A,0.00457052507845625
TMEM200B,-0.00575912909627662
TMEM201,0.00929056086897537
TMEM203,0.00153797115343455
TMEM204,-0.000238122373944702
TMEM205,-0.00423572787222712
TMEM209,0
TMEM212,-0.00398569184959984
TMEM213,-0.000553257640170959
TMEM214,0.00413805549107342
TMEM216,-0.00815224574329111
TMEM217,-0.0132189597582058
TMEM218,0.0041286052528902
TMEM219,-0.00292613036948455
TMEM222,0.00257379038158602
TMEM223,0.0100347859748227
TMEM229B,-0.011918929042051
TMEM230,0.000945933765085201
TMEM231,0.00917626398367992
TMEM232,0.00654359253659348
TMEM234,0
TMEM236,0.0333895773979675
TMEM237,0
TMEM240,0.00681468715822932
TMEM241,0.00982239475711419
TMEM242,0.00106506301117059
TMEM243,0.00380470830663787
TMEM245,0.00510702772191418
TMEM248,0
TMEM249,0
TMEM25,-0.00332258137007717
TMEM251,0.00104723198912808
TMEM252,-0.0155337699789816
TMEM253,0.00735870713799412
TMEM254,0.00364642948914295
TMEM255A,-0.00815270085876075
TMEM255B,-0.00206876364477966
TMEM256,0.00809029126230697
TMEM258,0.00291979015414737
TMEM259,-0.00105643056457954
TMEM26,0.0272907823009499
TMEM260,0.00084580418857734
TMEM262,-0.00306738500368024
TMEM263,-0.0028941490299515
TMEM30B,0
TMEM33,0.00281348392572212
TMEM37,0.0273671858738867
TMEM38A,0.00350667202882464
TMEM38B,-0.00527272187333805
TMEM39A,-0.00127401123294144
TMEM39B,0
TMEM41A,-0.00431994939979172
TMEM41B,-0.00337268362566652
TMEM42,0.00259278438072782
TMEM43,0.00130031280191453
TMEM45A,0
TMEM45B,0.0181105894299196
TMEM47,-0.0136431437037731
TMEM50A,-0.00426553082903233
TMEM50B,-0.00447275385866147
TMEM51,-0.00203987754235486
TMEM52,0.0119983256733668
TMEM52B,0.000979271418451345
TMEM53,0.000346878772065559
TMEM54,-0.0156322348748406
TMEM59,-0.00300416155558131
TMEM59L,0
TMEM60,-0.0083137785156764
TMEM61,-0.00166258769667394
TMEM62,-0.00533659865639682
TMEM63A,-0.00442274513402195
TMEM63B,-0.00648323009561729
TMEM63C,0.0125634611529263
TMEM64,0.00441822318787568
TMEM65,-0.000692690502649108
TMEM67,0.00108881922197298
TMEM68,0.00230551989805026
TMEM69,0.00095079228280155
TMEM70,0.00731999014181324
TMEM71,0.0133627598092894
TMEM72,-0.00438923218601635
TMEM74B,-0.00998648441267319
TMEM79,-0.00687755285493498
TMEM80,0.00026549327096814
TMEM81,0.00828616521684017
TMEM86A,0.0114428851798001
TMEM86B,0
TMEM87A,-0.00322031912539371
TMEM87B,0
TMEM88,-0.00688505925793024
TMEM8B,-0.00440839689435999
TMEM9,0.00186075811316355
TMEM91,0.00875437170082595
TMEM92,-0.0200433847354702
TMEM97,0.0191318281070929
TMEM98,-0.00740790573475595
TMF1,0
TMIE,0.00476530624946438
TMIGD1,-0.00228341198116167
TMLHE,0.00172691945573355
TMOD1,-0.0154799466750422
TMOD2,-0.00834295404877708
TMOD3,-0.00410395618415386
TMOD4,-0.00285819288683195
TMPO,-0.00101435897509544
TMPRSS11D,0.00284727776831867
TMPRSS13,-0.0108906413924915
TMPRSS2,-0.00296388030972518
TMPRSS3,-0.0131040647837849
TMPRSS4,-0.00221824168943777
TMPRSS5,0.0100010304278176
TMPRSS6,-0.00351899913540191
TMPRSS7,-0.00231751848911205
TMSB10,-0.00748847774083454
TMSB15B,-0.00501841917685885
TMSB4X,0.00305102639154028
TMTC1,-0.0145820914530019
TMTC2,0.00168005224123555
TMTC3,-0.00159028357510257
TMTC4,0.00728989906225585
TMUB1,-0.0053539182729645
TMUB2,-0.00522651629841146
TMX1,-0.00707643687046413
TMX2,0.0076417176305646
TMX3,0.00367692728069704
TNC,0.020846712961517
TNF,-0.0201054841951141
TNFAIP1,-0.00169167178195362
TNFAIP2,-0.0222281411063456
TNFAIP3,-0.0172031255372594
TNFAIP6,-0.0368921736455726
TNFAIP8,-0.00753122946782873
TNFAIP8L1,0.000867201009934489
TNFAIP8L2,0.00378862034245799
TNFAIP8L3,0.0079388120544079
TNFRSF10A,-0.00163710255310584
TNFRSF10B,-0.00125096245247242
TNFRSF10C,0
TNFRSF10D,0.00806458165732437
TNFRSF11A,0.0197666471928721
TNFRSF12A,0.0119382844922992
TNFRSF14,-0.00298994773611915
TNFRSF17,-0.00447835642596042
TNFRSF18,-0.0103089336623479
TNFRSF19,0.00323857983246255
TNFRSF1A,-0.00170873879674208
TNFRSF1B,-0.00263585570622781
TNFRSF21,0.0199042726890516
TNFRSF25,0
TNFRSF4,-0.0211118769690293
TNFRSF6B,-0.00258165426538235
TNFRSF8,-0.00510813106767074
TNFRSF9,-0.0142811438937597
TNFSF10,-0.0329192686303018
TNFSF12,0.000742034893808591
TNFSF13,0.00600325263900839
TNFSF13B,-0.0170362219655532
TNFSF14,0.0169862992217092
TNFSF15,-0.0103410192760634
TNFSF18,0.00155734246334706
TNFSF4,-0.00743621719383513
TNFSF8,0.00610357728543866
TNFSF9,-0.013966138401208
TNIK,-0.00416759137466167
TNIP1,-0.00846645336984698
TNIP2,-0.00795340921365095
TNIP3,-0.0263775245271244
TNK1,-0.0060815304634534
TNK2,-0.00805211515331634
TNKS,0
TNKS1BP1,-0.00393338917395739
TNKS2,-0.001805584077006
TNN,0.00491885891974412
TNNI1,-0.00993860200210859
TNNI2,0.00533928573195568
TNNI3,-0.00248349680542605
TNNT1,0.00556785166197784
TNNT2,-0.0134643891883304
TNNT3,-0.00383359664943656
TNPO1,0
TNPO2,-0.00179926623872268
TNPO3,0.00179534622851666
TNRC18,0.00138957092636593
TNRC18P1,-0.0168872847544157
TNRC6A,0.000595388076438992
TNRC6B,-0.00158896267635421
TNRC6C,-0.00327599628775566
TNS1,-0.00177816470277846
TNS3,0.000940262108341014
TNS4,-0.00384146454317476
TNXB,-0.00409822331394118
TOB1,0.00516021355009665
TOB2,-0.00320122890051554
TOB2P1,-0.00393458131687363
TOE1,0
TOLLIP,0.00248332319073467
TOM1,-0.00325082630908863
TOM1L2,-0.00166542496822525
TOMM20,0.00291614334200915
TOMM22,0.00756797929267376
TOMM34,-0.00723023699320581
TOMM40,0.00990568673927838
TOMM40L,0.00238509313082569
TOMM5,0.00450233635160362
TOMM6,0.00618266164898494
TOMM7,0.00273709535903425
TONSL,0.00700165526745067
TOP1,-0.000504615031757724
TOP1MT,0.00505119668894043
TOP1P1,-0.00363761004154576
TOP2A,0.0172219150684915
TOP2B,0.00199360775724501
TOP3B,0
TOPBP1,0.0049394492194844
TOR1A,-0.00244172255852514
TOR1AIP1,-0.00228718884931279
TOR1AIP2,0.00200917347764867
TOR1B,-0.0085836530550278
TOR2A,0.00192191309519627
TOR3A,-0.00280926897671638
TOR4A,-0.00393720710933821
TOX,0.00816193501160217
TOX2,0.0104777861478473
TOX4,-0.00511065702041939
TP53,0
TP53BP1,-0.00132203766557904
TP53BP2,0.00580953648003581
TP53I11,0.00507026834324592
TP53I13,0.00139101801016352
TP53I3,-0.00144314626246223
TP53INP1,0.00602890042139951
TP53INP2,-0.00428767288496822
TP53RK,0.00142030980902781
TP53TG1,0
TP53TG5,0.0048432601676562
TP63,0
TP73,0.00444971465657408
TPBG,-0.0103043998806926
TPBGL,0.0352406593624218
TPCN1,0.0142027871878203
TPCN2,0.0023246183019019
TPD52,-0.00671969222799745
TPD52L1,0.00606652171211802
TPD52L2,0.00402740709315939
TPGS2,-0.00264553310308298
TPH1,-0.00339032345461071
TPI1,0.00242819557902574
TPI1P2,-0.00297354033056942
TPM1,0.00414318583286035
TPM2,0.0167048595361953
TPM3,0.00101703564923082
TPM3P9,0.00137018587959435
TPM4,0.00139910752340029
TPMT,0.00379360727821105
TPP1,0.00567027246382558
TPP2,0.00600312721893993
TPPP,-0.00825282340813492
TPPP3,0.00647287140152147
TPRA1,0
TPRG1,0.0114792705936946
TPRG1L,0.0065936038928971
TPRKB,0.00255774963673667
TPRN,0.00517094006273603
TPST1,-0.00840280452557843
TPST2,0.00866525344693596
TPT1,0.00101141149954234
TPTE,0
TPTE2,0
TPTE2P1,6.70679450751925E-05
TPTE2P5,0
TPTE2P6,-0.00725396865328497
TPTEP1,0.00286137181601228
TPX2,0.0108593101121603
TRA2A,-0.00331326759600267
TRA2B,0.00283104954842399
TRABD,-0.00169804191869088
TRABD2A,0
TRADD,-0.00916804748428947
TRAF1,-0.00826537861274735
TRAF2,-0.00821013031637848
TRAF3,0.000829229402932922
TRAF3IP1,0.00147067211545841
TRAF3IP2,-0.0132772444837779
TRAF4,0.00397922845663348
TRAF5,0.00547232536347818
TRAF6,-0.00263890116967494
TRAF7,0.00452396646843826
TRAFD1,-0.0134871924012174
TRAIP,0.00408887476498302
TRAK1,0.00475741566641554
TRAK2,0.00223428590908398
TRAM1,0.00154427662772402
TRAM2,0.00860053471534024
TRANK1,-0.0142797829064324
TRAP1,0.007867622131535
TRAPPC1,0.00334086556181426
TRAPPC10,-0.000185853196403404
TRAPPC11,0
TRAPPC12,-0.00217437032160206
TRAPPC2,0
TRAPPC2L,0.0122378751299767
TRAPPC3,0.000608456529026432
TRAPPC3L,-0.00692836953056792
TRAPPC4,-0.00309741819661995
TRAPPC5,0.00471130631643822
TRAPPC6A,0.00262465489958083
TRAPPC6B,-0.000773182968574326
TRAPPC8,0.00220062033563981
TRAPPC9,0.00341594263999155
TRDMT1,0.00735148632649635
TREH,-0.00346989844701335
TREM1,0.00641395232501294
TREM2,0.0201911704866675
TREML1,0.0222037805185651
TREML2,0.000923427474127175
TREML3P,-0.0085624413613453
TREML4,-0.0161259252295092
TRERF1,0.008175118643277
TREX1,-0.00528480432905039
TREX2,0.00723948452574892
TRH,-0.00400179168022658
TRIAP1,0.00407549718035489
TRIB1,0.00240371855133976
TRIB3,0.00659544500346135
TRIL,-0.0171680095021222
TRIM10,0.00113701129327907
TRIM11,-0.0033172671448237
TRIM13,-0.00136909061525901
TRIM14,-0.000248517191703669
TRIM15,-0.00549747245775381
TRIM16,-0.00185639022978212
TRIM16L,-0.00199714447142294
TRIM2,-0.0171242052811501
TRIM21,-0.0118025732089985
TRIM22,-0.014945055162164
TRIM24,0.00420204999174283
TRIM25,-0.00728319839662175
TRIM26,-0.01020394855385
TRIM27,0.00426232358828361
TRIM28,0.00311183198613574
TRIM3,0
TRIM31,-0.0110281122551178
TRIM32,0.00989020593999525
TRIM33,-0.00573609308985955
TRIM34,-0.00481287598356796
TRIM35,0
TRIM36,-0.00137798635832419
TRIM37,0.0051150436443324
TRIM38,-0.00648869490967438
TRIM41,-0.00158791623651614
TRIM44,-0.00203936198108582
TRIM45,0.0161530768990941
TRIM46,-0.0104006111134664
TRIM47,0.00888456996531748
TRIM5,-0.00688951154294066
TRIM50,0.00370709963534749
TRIM52,0
TRIM54,0.0223428632364174
TRIM55,0.00574649280255927
TRIM56,-0.00639408853938308
TRIM58,0.00358333662899607
TRIM59,0.000963691967398454
TRIM6,-0.0120037791774956
TRIM60,-0.00280339101651459
TRIM61,-0.00223471791198132
TRIM62,-0.0050932412225789
TRIM65,0.00730868829217635
TRIM66,-0.0013736332878566
TRIM67,0.00926529236831136
TRIM68,-0.00340492015731955
TRIM69,-0.00917550374768223
TRIM7,-0.00175799907559195
TRIM71,0.0135335271427205
TRIM72,0
TRIM73,-0.00421967008836569
TRIM74,-0.00848246322210945
TRIM8,0
TRIO,0.00488467312252502
TRIOBP,-0.00188193538497578
TRIP10,-0.0107541248886265
TRIP11,0
TRIP12,-0.00109699258369051
TRIP13,0.0146171782842551
TRIP4,-0.00353579585607996
TRIQK,0.00192828238006003
TRIT1,0.00341345539911772
TRMT1,0.00976894324099046
TRMT10A,0.00314750428911944
TRMT10B,-0.00195270816546528
TRMT10C,0.0048228005614029
TRMT11,-0.00351801522168771
TRMT112,0.00295701647440645
TRMT12,0.00421947467351617
TRMT13,0.00431545462641523
TRMT1L,-0.00430168972881441
TRMT2A,0.00801511894666829
TRMT2B,0.00266883862244122
TRMT44,0
TRMT5,0.00653101455946319
TRMT6,0.00588800809638491
TRMT61A,0.00392262589131805
TRMT61B,0.00618133789372511
TRMU,0.00470675578347384
TRNP1,0.00352052299542393
TRNT1,0.000768658398025609
TRO,-0.00507895981726034
TROAP,0.0117411050785476
TRPA1,-0.00737329504007518
TRPC1,-0.00560748317114942
TRPC2,-0.00497499501909798
TRPC4AP,-0.00531977814239439
TRPC5,-0.00543906736336899
TRPC5OS,-0.0102409433424116
TRPM1,0.00271769147271398
TRPM2,-0.00229025051869689
TRPM3,-0.00409706918464482
TRPM4,-0.00394030095915226
TRPM6,-0.000606688586253128
TRPM7,-0.00186728250688682
TRPM8,0.00550536160437624
TRPS1,0
TRPT1,0.00136429822959969
TRPV1,0.00595538188087492
TRPV2,0.00478334658309056
TRPV3,-0.00266163103963825
TRPV4,0.0103340425895131
TRPV5,0.0105166089892639
TRPV6,0.00634172002230403
TRRAP,0.00182979805704381
TRUB1,0
TRUB2,0.00673172759673905
TSACC,0.00370028662505466
TSC1,0.00417948882535911
TSC2,0.00185531179196886
TSC22D1,-0.008247716448133
TSC22D2,-0.00250277136860009
TSC22D3,-0.0145283379424511
TSC22D4,-0.00176575527339628
TSEN15,0.00382128819862877
TSEN2,0.00659920663475777
TSEN34,-0.00327146109739098
TSEN54,0.00452095602343088
TSFM,-0.00734196401155607
TSG101,-0.00226974489818005
TSGA10,-0.00210719808341184
TSGA10IP,-0.000100767875965029
TSHR,0.00620682708291308
TSHZ1,0.0086660804362321
TSHZ2,-0.00640277905077886
TSHZ3,-0.00049299624373368
TSIX,-5.46869476392339E-05
TSKS,-0.00331475655630459
TSLP,-0.0181773535443896
TSN,0.0024306282084013
TSNARE1,0
TSNAX,0.000224143566139669
TSNAXIP1,-0.00269611127856479
TSPAN1,-0.00909406073108418
TSPAN10,-0.0092595712019498
TSPAN11,0
TSPAN12,0.0163526388890425
TSPAN13,-0.0154442456509579
TSPAN14,0.000784159639311898
TSPAN15,0.0159578026023896
TSPAN17,0.00143277525255464
TSPAN18,0.00678626795686767
TSPAN2,0.00577680815816955
TSPAN3,-0.00240793077427432
TSPAN31,-0.00164736865375835
TSPAN32,0.00888152432239135
TSPAN33,-0.0121678442497004
TSPAN4,0.00270295714247871
TSPAN5,0
TSPAN6,0.00386272610600559
TSPAN7,0.0444658596050079
TSPAN8,0.00148190484962339
TSPAN9,-0.0131327082912483
TSPEAR,0.00266450138233807
TSPO,0.0071243641921105
TSPY26P,-0.00593889390374293
TSPYL1,-0.000128367639024677
TSPYL2,0
TSPYL4,0.000983753351808614
TSPYL5,0
TSPYL6,-0.00692238790508099
TSR1,0.00560292230516672
TSR2,-0.000988600093755006
TSR3,0
TSSK3,-0.00248861953574843
TSSK4,0
TSSK6,-0.00427247084165788
TST,0
TSTD1,-0.010664976273961
TSTD2,-0.00251206709903121
TSTD3,0
TTBK1,-0.0046421686135681
TTBK2,-0.00531481317031215
TTC1,0.00249323559274661
TTC12,0.0053865010559351
TTC13,0.00526192577074065
TTC14,-0.00427761947919862
TTC16,0.00324282033447858
TTC17,-0.00321658560588566
TTC19,0.0018908899418786
TTC21A,-0.00819081120774326
TTC21B,0.00405992086525092
TTC22,-0.00489600184846614
TTC23,-0.00532398587357446
TTC24,0.00375360795893507
TTC26,-0.000224888597026567
TTC27,0.00586482020205698
TTC28,-0.00493375227683658
TTC3,0.0136255779691807
TTC30A,0.00499414968729231
TTC30B,0.00178165367333735
TTC31,-0.000197793265430061
TTC32,-0.00208648290973004
TTC33,0
TTC34,-0.00432117674283884
TTC37,0.00145394429069863
TTC38,0.00246123744615433
TTC39A,-0.0130101805261594
TTC39B,-0.00448457574962946
TTC39C,0.00063344657691408
TTC3P1,0.00310661815990566
TTC4,0.00209963045164931
TTC5,0.00829118943326202
TTC7A,0
TTC7B,0
TTC8,0.00402998661930133
TTC9,0.0226877394789207
TTC9B,-0.003053951669741
TTC9C,-0.000827487733936901
TTF1,0
TTF2,0
TTI1,0.00115102619487459
TTI2,-0.0021043042135356
TTK,0.00917098540921162
TTL,0.00119430840866614
TTLL1,-0.00252172246902993
TTLL11,0.010863732872857
TTLL12,0.00706676128903637
TTLL3,-0.00387406070444869
TTLL4,0.00183781210690464
TTLL5,0.00588241073447866
TTLL6,-0.0106237050095686
TTLL7,0.00559975528479478
TTLL9,-0.00407983365248154
TTN,0.0034147463517396
TTPAL,-0.00601773595240645
TTYH1,0.00893020983110266
TTYH2,0.00388955396388989
TTYH3,0.0113604616781459
TUB,-0.00330692360580731
TUBA1A,0.0125054206083772
TUBA1B,0.01245074551621
TUBA1C,0.00306382588507433
TUBA3D,0.00526369398395341
TUBA3FP,0.00486138647402819
TUBA4A,0.00467459527999999
TUBA4B,-0.00254465743235281
TUBA8,0.0121094753110009
TUBB,0.00877685829749909
TUBB1,0.0023384398933317
TUBB2A,0
TUBB2B,-0.00456688582798385
TUBB3,0.0113959732415742
TUBB4A,-0.00863488847164655
TUBB4B,0.00608344556673158
TUBB6,0.00853718724427491
TUBD1,-0.00572048154437579
TUBE1,-0.00690172697219441
TUBG1,0.00343099635789514
TUBG2,-0.00431600985024178
TUBGCP2,0.00583243573947757
TUBGCP3,0.00483963797217026
TUBGCP4,0.00535075562400147
TUBGCP5,0.00534968220400372
TUBGCP6,0.00287900061518784
TUFM,0.00775419287281993
TUFT1,-0.0077319389155725
TUG1,0.000934254021656289
TULP1,-0.00353871713835138
TULP2,-0.00471494388147611
TULP3,0.00777016900985152
TULP4,0.00225128026966544
TUSC1,0
TUSC2,0.00458774239503532
TUT1,-0.00397209649194854
TVP23A,0.00211116443784105
TVP23B,-0.0041149591203525
TVP23C,-0.00406210278346129
TWF1,0
TWF2,0.00136090763799701
TWIST1,-0.00593489863607195
TWIST2,0
TWSG1,0.00285224513205024
TXK,-0.000948248083417072
TXLNA,0
TXLNB,0.0126266570513533
TXLNG,0.00136677850182695
TXN,-0.0134033901752082
TXN2,0.00704773493778283
TXNDC11,-0.00257678864103503
TXNDC12,0.00380161499435339
TXNDC15,0.00137943982360653
TXNDC16,0.00457612246381439
TXNDC17,0.00536632898716776
TXNDC2,-0.00529357246657897
TXNDC5,0.0150084246541532
TXNDC8,-0.0109554704363335
TXNDC9,0.00107480456799929
TXNIP,0
TXNL1,0.00123887784496726
TXNL4A,0.00582615140874918
TXNL4B,-0.00263788502357885
TXNRD1,0.00417648027836224
TXNRD2,0.00552700038085668
TXNRD3,0.00942742240496523
TYK2,-0.000672027034438835
TYMP,-0.0150382777129859
TYMS,0.0295446768012866
TYMSOS,0.00481443105556721
TYRO3,0.00432358340343556
TYRO3P,-0.00370797895129721
TYSND1,0.00120271049609967
TYW1,0.00346682257962527
TYW1B,-0.00229413448700307
TYW3,0.00382920642726394
TYW5,-0.00486100134886858
U2AF1,0.00112762879168925
U2AF1L4,-0.00261276676823294
U2AF2,0.00320461609010839
U2SURP,-0.00195244609435963
UACA,-0.00466787901256856
UAP1,0.00271424473421047
UAP1L1,0.00910498531584401
UBA1,0.000393690665387253
UBA2,0.0030473956318266
UBA3,-0.0035335036269189
UBA5,0.00576254461158893
UBA52,0.00414846872462735
UBA6,-0.00552605597365227
UBA7,-0.00529140436870509
UBAC1,0.00820159290480203
UBAC2,0.00301193673345124
UBALD1,0.00151620300463724
UBALD2,-0.00507612116447679
UBAP1,-0.00348520031862812
UBAP1L,0
UBAP2,0.00374376798731979
UBAP2L,0.00650939070624222
UBASH3B,0.0119466411387979
UBB,0.00136698071853658
UBC,-0.00796694585658086
UBD,-0.0352186280737613
UBE2A,-0.00411650329109362
UBE2B,-0.00262570318433486
UBE2C,0.0277322535433584
UBE2D1,-0.00519705096688798
UBE2D2,-0.000827128464861119
UBE2D3,-0.0031893353755981
UBE2D4,0.0030225954844524
UBE2E1,-0.00557350954739061
UBE2E2,-0.00606459129195463
UBE2E3,0.00511898975805984
UBE2F,6.93152587116761E-05
UBE2G1,0.00305741425800141
UBE2G2,0.00963983939748377
UBE2H,0
UBE2I,0
UBE2J1,0.00204488796334704
UBE2J2,0.00208014719597302
UBE2K,0.00133443513882251
UBE2L3,-0.00178167065296868
UBE2L6,-0.0138361905430571
UBE2M,0.00426163131330665
UBE2N,0.0015567437308527
UBE2O,-0.00327391686322995
UBE2Q1,-0.00326099359929819
UBE2Q2,-0.00143460263597788
UBE2Q2P1,-0.00223378586801363
UBE2Q2P2,-0.00325040022799625
UBE2QL1,-0.00678882568786938
UBE2R2,0.000339082791981873
UBE2S,-0.00865022151930507
UBE2T,0.0097084628668229
UBE2V1,0.000876567474639723
UBE2V2,0.00533800364633805
UBE2W,0
UBE2Z,-0.00677802826192656
UBE3A,0.00086628414600797
UBE3C,0.00456076447894215
UBE3D,0.00864937517206258
UBE4A,0.00164350556488267
UBE4B,0.00803283865238026
UBIAD1,0.00134477045792207
UBL3,0.00577146395895411
UBL4A,0.00505907810330995
UBL5,0.00183424677319835
UBL7,0.0023502082502773
UBLCP1,0.00175386524949864
UBN1,0.00186189624627312
UBN2,-0.00188556498441476
UBOX5,-0.00501861251236272
UBP1,-0.00553258354839159
UBQLN2,-0.00419637218748332
UBQLN4,0.00224145981975759
UBQLNL,-0.0127164149368604
UBR1,-0.00298293590997864
UBR2,-0.00688356188115563
UBR3,0.0048353257965972
UBR4,-0.0030862635131163
UBR5,0
UBR7,0.00409450459129761
UBTD1,0.00867997137097022
UBTD2,0
UBTF,0
UBXN1,-0.0026631138559462
UBXN10,-0.00489551936746702
UBXN11,0.00976782638373842
UBXN2A,-0.00665645461358964
UBXN2B,0.000983093986038253
UBXN4,-0.00516407811901409
UBXN6,0.00100200244984418
UBXN7,-0.00132513984501275
UBXN8,0.00509396718521446
UCHL1,0.0140699269175707
UCHL3,0.00426577334379968
UCHL5,0.00797780085045795
UCK1,0
UCK2,0.00769761061082789
UCKL1,0.00160336276484938
UCN,0
UCN2,0.00778983084044905
UCP2,0.00753437388747609
UCP3,0.00346016615167862
UEVLD,-0.00199060770952374
UFC1,0.00209883180505007
UFL1,0.00147753755442761
UFM1,0.00324574776414145
UFSP1,0.0054710131995692
UFSP2,0.00331206552537227
UGCG,0.000544576674894644
UGDH,0.00481552859531638
UGGT1,0.00419045475488121
UGP2,0.00397751090740414
UGT1A1,-0.00714066122671477
UGT1A10,0.00106583027474381
UGT1A6,0.00183112053940351
UGT2A1,0
UGT2B15,0.000716212552989152
UGT3A1,0.00998030213747977
UHMK1,-0.00425791480023787
UHRF1,0.0137068233649245
UHRF1BP1,-0.00628925906197777
UHRF1BP1L,0.00279253843422235
UHRF2,0
UIMC1,-0.00185431666095896
ULBP1,-0.00713191547290048
ULBP3,0.00674774029978208
ULK1,-0.00677517174245759
ULK2,-0.00681179373023961
ULK3,0.00517390200428259
ULK4,0
ULK4P1,-0.0097570864849271
ULK4P2,-0.00829008543012337
ULK4P3,-0.00721618175976607
UMODL1,0.00795903401115767
UMPS,0.00484795571293811
UNC119,-0.00483987836165424
UNC119B,0.00935722430470181
UNC13A,-0.01270166630767
UNC13B,0.00427183515327876
UNC13C,0.0062150251808417
UNC13D,0.000308735898185705
UNC45A,0.000633271997825072
UNC5A,0.0190371648918898
UNC5B,0.0136258396379714
UNC5C,-0.0505809445735031
UNC5CL,-0.00695956928641938
UNC79,0
UNC80,0.00236941257912022
UNC93B1,-0.00656700567579711
UNG,0.00508922893397007
UNK,-0.00192379144032384
UNKL,-0.00518227843707734
UOX,0.0096329758695212
UPB1,-0.0272734547110962
UPF1,0.00164975034299255
UPF2,-0.000801823885981963
UPF3A,0.00262552606697717
UPF3B,-0.00230013577031446
UPK1B,-0.00630349461211052
UPK2,-0.00898348718220104
UPK3A,-0.0278569375081151
UPK3B,-0.0208938942067356
UPP1,0
UPRT,0
UQCC1,0.00335858547675009
UQCC2,0.00325716738093405
UQCR10,0.00454702972299477
UQCR11,0.00330851374169432
UQCRB,0.00743449784249883
UQCRBP1,-0.00524923927907052
UQCRC1,0.00589410465768173
UQCRC2,0.00560025018006258
UQCRFS1,0.00201616592690672
UQCRH,0.00930563796325487
UQCRHL,0.0019408613048436
UQCRQ,0.00938203719783357
URAHP,0
URB1,0.00921878794817214
URB2,0.0119678594514724
URGCP,0
URI1,0.00146693714786042
URM1,0.00172497463066791
UROC1,0.0040999221127625
UROD,0.00378330812142667
UROS,0.00646592915318266
USB1,0
USE1,0.00145519195289052
USF1,-0.00300563698627224
USF2,0.00409725896417799
USH1C,-0.00212712180819334
USH1G,0.00470745371098535
USO1,-0.00231128342923488
USP1,-0.00131673979213963
USP11,-0.00901206848094851
USP12,-0.00355416959809331
USP13,0
USP14,0
USP15,-0.00580014944921687
USP16,0
USP17L7,-0.00182080689424863
USP18,-0.0175276417149738
USP19,0.00173011228180157
USP2,0.0286087557745449
USP20,-0.00327356289414018
USP21,0.00121929079860105
USP22,0.00385820969891227
USP24,0.00107086151245791
USP25,-0.00890757857497655
USP27X,-0.00597591324962015
USP28,-0.0046163770049455
USP29,-0.00496660467245822
USP3,-0.00271338044123341
USP30,0.00422424992646354
USP31,0.00304860426356372
USP32,0
USP33,-0.00351584734055996
USP34,0.00182386514056257
USP35,-0.0018897841007931
USP36,0.00342620901414477
USP37,0.00362079355930349
USP38,-0.00222572574713763
USP39,0.0034144938281494
USP4,0
USP40,0
USP42,-0.00582558780720083
USP43,-0.00770401133652191
USP44,0.00272700158359262
USP45,0
USP46,0.00480761359562762
USP47,-0.00175423973075536
USP48,0
USP49,0.00231644570448665
USP5,0.0054628637119326
USP50,-0.000324544129601148
USP51,0.00269871570542526
USP53,-0.00576071712133328
USP54,0.00879444263884452
USP6,-0.00676113947162576
USP6NL,-0.00914708821241655
USP7,0.00176548304162598
USP8,0
USP9X,0.000984527253849903
USP9Y,-0.00808269044121574
USPL1,-0.00300827949482833
UST,0.013619437959122
UTF1,0.00865821255278211
UTP14A,0.00376109719256894
UTP14C,0
UTP15,0.00367782357017059
UTP18,0.00103735686201734
UTP20,0.0113408989844436
UTP3,0.00174891660556512
UTP6,-0.00166537324663007
UTRN,0
UTS2,0.00686688189353696
UTS2R,0
UVRAG,-0.0053214846789689
UVSSA,0.00150559382512811
UXS1,-0.004000251190585
UXT,0.00346553305106146
VAC14,0.00115781022428865
VAMP1,-0.00168687380820682
VAMP2,-0.00159644549546422
VAMP3,0.00242723518376209
VAMP4,0.00289723378257384
VAMP5,-0.0298049060014513
VAMP7,0.00357184351515606
VAMP8,0
VANGL1,0.00291360514821682
VANGL2,0.00860728879731539
VAPA,0.0020216692331547
VASH1,0.00971348646324151
VASH2,-0.00375967177334847
VASN,0.00304438898181425
VASP,0.0029520517297458
VAT1,0.00810976375756662
VAT1L,0.00928771326202792
VAV1,-0.00292147609947456
VAV2,-0.00485543854298283
VAV3,0.00367402935615055
VAX2,-0.00483075082901752
VBP1,0.00242981921841163
VCAM1,-0.0253814225088681
VCAN,0
VCL,0.00735889093494079
VCP,0.00280842872333896
VCPIP1,-0.00614397313576976
VCPKMT,0.00161894929329777
VDAC1,0.0040081792750426
VDAC2,0.000768770807205958
VDAC3,0.00334722853642852
VDR,0.00507150062578932
VEGFA,-0.00984176723763804
VEGFB,0.00814761210348136
VEGFC,-0.0372570281564602
VENTX,0.0142754417744398
VEPH1,-0.00659015592970959
VEZF1,-0.00534073771141728
VEZT,-0.00122248572455668
VGLL4,0.00548558942484877
VHL,0.00110664315783816
VIL1,-0.0289568958528212
VILL,-0.00817432432428434
VIM,0.00203143650275681
VIPAS39,0
VIPR1,0.0135273988606704
VIPR2,-0.00382536515111833
VIT,-0.00168419035327816
VKORC1,0.00437795971707726
VKORC1L1,0.0067952616188725
VMA21,0.00425101270123968
VMAC,0
VMO1,-0.00608977030742679
VMP1,0.00163145120176017
VN1R1,0
VN1R2,0
VNN1,0.0052429373022243
VNN2,-0.011302958091024
VOPP1,-0.00437216177071892
VPREB3,0
VPS13A,-0.00259927284969586
VPS13C,-0.00277728372917273
VPS13D,0.0040921841847703
VPS16,-0.000729933674773184
VPS18,0.00184282546319333
VPS25,0.00151317993228938
VPS26A,0.00216068198035201
VPS26B,0.00616202733673838
VPS28,0.00307471629564238
VPS29,-0.00190437494738772
VPS33A,0.000894646322417416
VPS33B,-0.00201495980053708
VPS35,0.00528465923761685
VPS36,0.00178361684130208
VPS37A,-0.00215000926691609
VPS37B,0.00303543143891352
VPS37C,-0.00398935160391165
VPS37D,0.00640603503764261
VPS39,-0.00185588476345208
VPS41,0.00109986021425257
VPS45,0.00250351150240212
VPS4A,0.000994752993667392
VPS4B,-0.00110535150984383
VPS51,0
VPS53,0.00414312955018319
VPS54,-0.00366902267733543
VPS72,-0.00195009882287552
VPS8,-0.00103231349532938
VPS9D1,-0.00531107114809093
VRK1,0.00174755244265603
VRK2,-0.0131305374204062
VRK3,-0.00330652911773898
VSIG10,0.00157571883590748
VSIG10L,-0.00039167048829601
VSIG2,0.0250225854734868
VSIG4,0.0132130604587901
VSIG8,-0.00268341423767421
VSNL1,0.00117861694229026
VSTM1,0.00178893299167428
VSTM2L,0
VTA1,0.0013080218102781
VTI1A,-0.00178840683727292
VTI1B,0.00439020614445981
VTN,0.00095229160118014
VWA1,0.00853424136354396
VWA2,-0.00488887101128013
VWA3A,-0.00804010087993009
VWA3B,-0.0253118418964984
VWA5A,-0.00126134061962516
VWA7,0.00239475252363104
VWA8,0.00367472938680989
VWCE,0.0101698421479981
VWF,0.0173689599104801
WAC,-0.00348947619216845
WARS2,0.00291298976140427
WAS,0.00128050107264262
WASF1,0.00158253607321878
WASF2,-0.00188629105516496
WASF3,0.00765138926185671
WASH2P,0
WASH3P,-0.00220563201298545
WASH5P,0
WASL,-0.00380516330715446
WBP1,0
WBP11,0.000340598227467315
WBP1L,-0.00120826970742806
WBP2,-0.000794656882460897
WBP2NL,0
WBP4,-0.00569344099704254
WDFY1,-0.00573144905340364
WDFY2,0.00449431854733452
WDFY3,0.00406867437674835
WDFY4,0.00182705665917129
WDHD1,0.00739491825171697
WDPCP,0.00808697643720672
WDR1,0.00316333593726433
WDR11,0.00350383881278512
WDR12,0.0116609006297324
WDR13,0.00164062947788364
WDR17,0.00952108159580303
WDR18,0.00519087081525488
WDR19,-0.00117887136937459
WDR20,0
WDR24,0
WDR25,-0.00246587979282034
WDR26,0.00391288594819917
WDR27,0.00480547512832612
WDR3,0.00902036018139472
WDR31,0.00232256154010712
WDR33,-0.00147683057791651
WDR35,0.0109329970653825
WDR36,0.00665782347971814
WDR37,0.00321133657975808
WDR4,0.00744081278819801
WDR41,-0.00109313890691175
WDR43,0.00662580079790095
WDR44,-0.00150207088470019
WDR45,-0.00658926916013767
WDR45B,0
WDR46,-0.00338747485603494
WDR47,0
WDR48,-0.00438031204560341
WDR49,-0.0200340601258896
WDR5,0.00458118761379752
WDR53,-0.00213942748817687
WDR55,-0.00440532526308981
WDR59,-0.00416932719510812
WDR5B,0.00154720213370815
WDR6,0.00168271013138962
WDR61,0.00385080630748157
WDR62,0.0161928115760106
WDR7,0.00625939437720753
WDR70,0.00148330839193636
WDR73,0.00482106731047915
WDR75,0.00358843215952612
WDR76,0.00235030457721827
WDR77,0.00976173145179293
WDR81,0.00398339588295766
WDR82,0
WDR83,0.00331253222421006
WDR83OS,0.00341143019547267
WDR86,-0.0146525176545352
WDR88,0.00501075016390198
WDR89,0.00463445296325083
WDR90,0.00408832415442942
WDR91,0.00712019102022542
WDSUB1,0.000920175717456079
WDTC1,0
WEE1,-0.00112583168624286
WFDC11,0.003122125960664
WFDC12,-0.00542468028769942
WFDC2,-0.0284586857514968
WFDC3,-0.00492934858815079
WFDC8,-0.00268524987402949
WFIKKN1,0.0060523515138124
WFIKKN2,0.0123106829165823
WFS1,0.0102992682379289
WHAMM,-0.000646065178224976
WHAMMP1,-0.00386862986974256
WHAMMP2,-0.00695039107855073
WHAMMP3,-0.0111203750846089
WIPF1,-0.00095774412970549
WIPF2,-0.0031524425637201
WIPF3,0.0190137216059477
WIPI1,-0.00437806024644785
WIPI2,0.000927828916498076
WIZ,0.00130652331953202
WLS,0.00131301131659652
WNK2,-0.00409981760714674
WNK3,-0.00914952542643113
WNK4,-0.00287711461761599
WNT1,0.00761610409820533
WNT10B,0.00767067950911091
WNT11,0
WNT16,-0.0034591804358518
WNT2B,-0.00633063988118716
WNT4,-0.00772825536807917
WNT5A,-0.00465492774279757
WNT5B,0.0305641352881583
WNT6,0.00563694640231882
WNT7A,0.00317378284009311
WNT7B,0
WNT8B,-0.00465656561237458
WNT9A,-0.00662713069604511
WRAP53,-0.000131185936819255
WRAP73,-0.00163314942293631
WRN,0.00370633813403013
WRNIP1,0.00136463672260904
WSB1,-0.00773816669395522
WSB2,0.00417070685000918
WSCD1,0.0094772681715951
WSCD2,0.00545279664293255
WT1,-0.00576432904797826
WTAP,-0.00807643393701013
WTAPP1,0
WWC1,0.0124880760535904
WWC2,0.00314551689924748
WWC3,-0.00143195287173779
WWOX,0.0034577894068759
WWP1,0.00832896442069608
WWP2,0.000991067224863339
WWTR1,0.00993236386575661
XAB2,-0.00271030294543946
XAF1,-0.018606539625167
XBP1,-0.00372370231692715
XCL1,-0.00405593652063144
XCR1,0.00849692596795728
XIAP,-0.00328586786079581
XIRP1,-0.0207044689830209
XK,0.000832558254117759
XKR3,0.0308314327918126
XKR5,-0.00200606549255887
XKR6,-0.00218161164635492
XKR7,-0.00735537703573838
XKR8,-0.00926795775656501
XKR9,-0.00509605956226417
XKRX,0
XPA,0.00494890697906587
XPC,0
XPNPEP1,-0.00561203099509457
XPNPEP2,0.0151718382150502
XPNPEP3,0.00690689844302073
XPO1,-0.00200526152643453
XPO4,0.0040508520401369
XPO5,0
XPO6,0.00122856407437371
XPO7,0.00326280733356305
XPOT,-0.000548593940738482
XPR1,0.00192843468715324
XRCC1,0.00116168262581267
XRCC2,0.00630432027086349
XRCC3,0.00228035221703589
XRCC4,-5.50983276970371E-05
XRCC5,0.00231159879809414
XRCC6,0.00246175162316867
XRN1,-0.0140066367727701
XRN2,0.00455373211718258
XXYLT1,0.0191758640617184
XYLB,0.0161354260193201
XYLT1,0.0134040541282019
XYLT2,-0.00352955243031663
YAF2,-0.00298815524622843
YAP1,-0.00861843557588838
YARS2,0.00416409473092517
YBEY,0.00156636316474461
YBX1,0.00856635389775565
YBX3,0.00130857211852731
YBX3P1,-0.00189520384428899
YDJC,-0.00159505732114939
YEATS2,-0.00438002298574874
YEATS4,-0.00191527983507869
YES1,-0.0122226333032649
YIF1A,0.00886186688800519
YIF1B,0.00869345946142456
YIPF1,0
YIPF2,0.00240768263575523
YIPF3,-0.000550501224786707
YIPF4,-0.00194663487864728
YIPF5,0.00271664460723094
YIPF6,0.00188389877066657
YJEFN3,-0.00471338475599007
YKT6,0.00241668036619237
YLPM1,0.00451314479540255
YME1L1,-0.0014580367224718
YOD1,0.00228240045193151
YPEL1,-0.0024244206092354
YPEL2,0.00164340830347328
YPEL3,-0.00274688226085925
YPEL4,-0.00347408423484241
YPEL5,-0.00407036101004399
YRDC,0
YTHDC1,-0.0024216482217856
YTHDC2,0.00191454748891032
YTHDF1,0.00243105845421836
YTHDF2,0.0010999442929209
YTHDF3,0.00103590454111492
YWHAB,0.0014603816323577
YWHAE,0.00264493916338026
YWHAEP7,-0.00483210832467544
YWHAG,0.00466706889753265
YWHAH,0.00614205330443313
YWHAQ,0.00153904596164018
YWHAZ,0
YY1,0
YY1AP1,-0.00292410263468622
YY2,0.00852059544716359
ZADH2,0.00407320566864912
ZBED1,-0.00133270800446382
ZBED3,0.0112551111015705
ZBED4,0.00718956461381058
ZBED5,0.000865783257246046
ZBED6,-0.00371093300284549
ZBED8,0
ZBP1,-0.0272868164867092
ZBTB1,0.001564635443358
ZBTB10,-0.00685203768192933
ZBTB11,0.00381542921321161
ZBTB12,0
ZBTB14,0.00357555603226721
ZBTB16,0
ZBTB17,-0.00814281760014038
ZBTB18,0
ZBTB2,-0.0070610539097227
ZBTB20,-0.00532159232953435
ZBTB21,-0.0017765642016666
ZBTB22,-0.00579014812396381
ZBTB24,-0.00539849211345942
ZBTB25,0
ZBTB26,0.00151393955470587
ZBTB3,0
ZBTB32,-0.0122792231240855
ZBTB33,-0.00312141569265409
ZBTB34,0
ZBTB37,0
ZBTB38,-0.00205148087876766
ZBTB39,-0.00369659367764286
ZBTB4,0.00182374951770356
ZBTB40,0.00160605602970348
ZBTB41,-0.00196537499411
ZBTB42,-0.00488977499568618
ZBTB43,-0.00211847355620737
ZBTB44,-0.00158265042584705
ZBTB45,0
ZBTB46,-0.000938890165888444
ZBTB47,0.00490733803194696
ZBTB48,0.00567963333258024
ZBTB49,-0.00135546098587689
ZBTB5,-0.0019410342004317
ZBTB6,0
ZBTB7A,-0.00114543461986484
ZBTB7B,0
ZBTB7C,0.0135855177544503
ZBTB8A,0.00555478277812612
ZBTB8B,-0.00461673731080537
ZBTB8OS,-0.00275409801351497
ZBTB9,0.00102216820302433
ZC2HC1A,0
ZC2HC1C,0.000136725375606223
ZC3H10,-0.000634903198290277
ZC3H11A,-0.00398521123748254
ZC3H12A,-0.0122737587587916
ZC3H12B,0.00694155551880687
ZC3H12C,-0.00497916544675424
ZC3H12D,-0.00254675592651524
ZC3H13,0.00166806927171238
ZC3H14,0.00420550721305856
ZC3H15,0.00129617845928451
ZC3H18,0
ZC3H3,-0.00919986996226191
ZC3H4,-0.00178357017171768
ZC3H6,0
ZC3H7A,-0.00197833826161305
ZC3H7B,0.00139657041803426
ZC3H8,0.00640350300788387
ZC3HAV1,9.63190538912293E-05
ZC3HAV1L,0.0147146374072526
ZC3HC1,-0.00122951335936032
ZC4H2,-0.0114462723038856
ZCCHC10,-0.00325900431510643
ZCCHC14,0.00437509926140137
ZCCHC17,0.001894752951161
ZCCHC18,-0.00691540264330058
ZCCHC2,-0.0035209193336095
ZCCHC24,0.0029698181305825
ZCCHC3,-0.00120083505293283
ZCCHC4,0.00431937729445561
ZCCHC7,0.00263277742177025
ZCCHC8,-0.00513547608529836
ZCCHC9,-0.000882427758430871
ZCRB1,-0.000937264872587282
ZCWPW1,-0.0026739251199145
ZCWPW2,0
ZDBF2,-0.00620994280005493
ZDHHC1,0.00491137901486154
ZDHHC12,-0.00237032438902202
ZDHHC13,-0.0034187431952709
ZDHHC14,4.70521825349972E-05
ZDHHC16,0.00166390169547035
ZDHHC17,-0.00485585129003054
ZDHHC18,-0.00514717294603723
ZDHHC19,-0.00647452406154828
ZDHHC2,-0.00232291733156931
ZDHHC20,-0.00354244366422989
ZDHHC21,-0.00259659714346825
ZDHHC22,0.00173995155331744
ZDHHC23,-0.0128133744896056
ZDHHC24,0
ZDHHC3,0.00205325796892253
ZDHHC4,-0.00728557356285504
ZDHHC5,-0.00194319397659572
ZDHHC6,-0.00104169622421482
ZDHHC7,0.0020443167927346
ZDHHC8,0.00765227866825702
ZDHHC8P1,0.00260051079406081
ZDHHC9,-0.00477364224401725
ZEB1,-0.00766257078198421
ZEB2,0.0013560255851389
ZER1,-0.00233941923748759
ZFAND1,-0.00111420744767058
ZFAND2A,-0.00829597775375115
ZFAND2B,0.000156032246160137
ZFAND3,-0.0060468454729875
ZFAND4,-0.0116791311085708
ZFAS1,-0.00375375911041081
ZFAT,0.00258190455457523
ZFC3H1,0.00269782622950046
ZFHX2,-0.00713863276745289
ZFHX3,0.00557503518422073
ZFHX4,-0.00612418907409134
ZFP1,-0.00222430030057947
ZFP14,0.00364441678796951
ZFP2,-0.00349155408257972
ZFP28,0.00332044385188164
ZFP3,0.00569633233846919
ZFP30,0.00359363148888943
ZFP36,-0.0091266384229199
ZFP36L1,0
ZFP36L2,0.00618756786953065
ZFP41,-0.00141176721002354
ZFP42,0
ZFP57,-0.00564458794435149
ZFP62,-0.00439119567258724
ZFP64,-0.00499551929590508
ZFP69,0.00328073855955386
ZFP69B,0.00492742719979971
ZFP82,0.00266890493420126
ZFP90,-0.00307132846971206
ZFP91,0.00115581244096387
ZFP92,-0.000285921834012491
ZFPL1,-0.00122175396888679
ZFPM1,0
ZFPM2,-0.000684830444466211
ZFR,0
ZFR2,-0.00545105296331493
ZFX,-0.00633203817875846
ZFYVE1,-0.00496532001038186
ZFYVE16,0.00365776881610963
ZFYVE19,-0.003110619239822
ZFYVE21,0.00684421469285668
ZFYVE26,-0.00276213734186407
ZFYVE27,-0.000170545410240976
ZFYVE28,0.00436706970795555
ZFYVE9,0.00219398411745813
ZG16,-0.00540617478180152
ZG16B,-0.00976883116378265
ZGLP1,0.00606217457320792
ZGPAT,-0.00228068331581269
ZGRF1,0.00199836277504954
ZHX1,-0.00140194060245927
ZHX2,-0.00954587006084557
ZHX3,0.0133577801592702
ZIC2,0
ZIC5,0
ZIK1,0.000689258703598407
ZKSCAN1,0.000497388339515462
ZKSCAN2,-0.00316119483838576
ZKSCAN3,0.000868262216540603
ZKSCAN4,0.00438718439409807
ZKSCAN5,-0.0057266430973265
ZKSCAN7,-0.00227098149595838
ZKSCAN8,-0.00206000150014397
ZMAT1,-0.00458914800524425
ZMAT2,0.00116424321134046
ZMAT3,0.00504725228591809
ZMAT5,0.00513313851882234
ZMIZ1,0.0121427321887728
ZMIZ2,-0.00905388485837906
ZMPSTE24,0.00251748284273464
ZMYM1,0.00278598366861645
ZMYM2,-0.00180021346510243
ZMYM3,0
ZMYM4,-0.00210735984529117
ZMYM5,-0.00109807844889279
ZMYM6,0.00258669332776618
ZMYND10,0.00820926457119179
ZMYND11,0.00515619737489968
ZMYND12,0
ZMYND15,-0.0108216343476364
ZMYND19,0.00649133825428448
ZMYND8,0
ZNF10,0.00375565513960101
ZNF101,-0.000631924944307616
ZNF106,0.00695021419567796
ZNF107,-0.0091223523651557
ZNF112,0
ZNF114,0.00574650011248807
ZNF117,0
ZNF12,0.00139569706301845
ZNF121,0.00417501066841663
ZNF124,0.00476132840883092
ZNF131,0
ZNF132,0.0064405282822382
ZNF133,-0.00397389003128218
ZNF134,0.00338685110998401
ZNF135,0.00548069866600156
ZNF136,-0.00298902715991691
ZNF137P,0
ZNF138,0.00158868627947451
ZNF14,-0.00100443639643407
ZNF140,-0.00458249228038844
ZNF141,0.00142029426376418
ZNF142,-0.00347003335086732
ZNF143,0
ZNF146,0.00571405841459055
ZNF148,0
ZNF155,0
ZNF157,0.00105768530840094
ZNF16,0.00189969465721313
ZNF160,-0.00157598087222637
ZNF165,0.00414586222580011
ZNF169,-0.000944837102106417
ZNF17,0.00294249333632657
ZNF174,0.00320876866592307
ZNF175,0.00244087656190099
ZNF177,0.00301669340858856
ZNF18,0.000789599469969852
ZNF180,0.00460568796706136
ZNF181,-0.00137485781197677
ZNF182,-0.00291920852493636
ZNF184,8.74152785612954E-05
ZNF185,0.000391965263277626
ZNF189,-0.000931287761362717
ZNF19,-0.00357837142954362
ZNF195,0
ZNF197,-7.30756733284698E-05
ZNF2,0.00123692033936461
ZNF20,-0.00297913522359791
ZNF200,-0.00627217547353389
ZNF202,0.000952291917327856
ZNF204P,0
ZNF205,-0.00327467585785928
ZNF207,0.000483028380461289
ZNF211,0
ZNF212,-0.00249077820276729
ZNF213,0
ZNF214,0.0116861391419059
ZNF215,0.0123169065937909
ZNF217,0
ZNF219,0.011448768307785
ZNF22,-0.00362923173821474
ZNF221,0.00181219126377379
ZNF222,-0.00279985938027528
ZNF223,0
ZNF224,-0.00286209259621961
ZNF225,0.00185335208317248
ZNF226,0
ZNF227,0.000881862945982875
ZNF229,0.00646565115913106
ZNF23,-0.00212976143653203
ZNF230,-0.00841348424597003
ZNF232,0.00296205769937548
ZNF233,0
ZNF234,0.00312193863187598
ZNF236,0.000950339866186505
ZNF24,-0.00179444784213809
ZNF248,0.00640836680661004
ZNF25,-0.00126876606759851
ZNF250,0
ZNF251,-0.000395395958831869
ZNF252P,0.00238647793597121
ZNF253,0.00300318491744182
ZNF254,-0.00233456035766705
ZNF256,0.00650877534743925
ZNF257,0.00259685238337566
ZNF26,0.00190257460037719
ZNF260,0.00141651010249691
ZNF263,0.000970543207739236
ZNF264,-0.00111935689579268
ZNF266,0.000947138315907854
ZNF267,-0.006787550894261
ZNF268,0
ZNF273,-0.00541005848946394
ZNF274,-0.00108125515132905
ZNF275,0
ZNF276,0
ZNF277,-0.00917267616569069
ZNF28,0.00356217807196789
ZNF280B,-0.00466103678213537
ZNF280C,-9.86560762885862E-05
ZNF280D,0.00310930678266797
ZNF281,-0.00531258777802163
ZNF282,-0.00257176803154418
ZNF283,0.00338697917599837
ZNF284,0.00102591539891329
ZNF285,0.00661198593115741
ZNF286A,-0.00184448257090603
ZNF286B,0
ZNF287,0.00232292955515301
ZNF292,-0.00109662723436949
ZNF296,-0.00918496614299103
ZNF3,-0.000978696517361996
ZNF30,0.00282044159921988
ZNF300,-0.00629426810126328
ZNF300P1,-0.0145918056466007
ZNF302,-0.00166776136478258
ZNF304,0.0030488157076362
ZNF311,-0.00176031004713602
ZNF316,0.0069336297569979
ZNF317,0.00194515869364423
ZNF318,0.00239449620768919
ZNF319,0
ZNF32,-0.0034411373369556
ZNF320,0.00382561824743475
ZNF321P,-0.00186151414572541
ZNF322,0
ZNF324,0.00284753950939018
ZNF324B,0.00310967521753906
ZNF326,0
ZNF329,0.00196990217217127
ZNF330,0.00486278906988402
ZNF331,0.0107202035598392
ZNF334,-0.0105954689823419
ZNF335,0.00159628330231903
ZNF337,-0.00111115099045262
ZNF33A,-0.00118298045248844
ZNF33B,-0.00637628102370248
ZNF34,0
ZNF341,0.00150277099272691
ZNF343,0
ZNF345,0.00257451453644214
ZNF346,-0.00206860296429219
ZNF347,-0.00215012130177703
ZNF35,0.00373979041856469
ZNF350,-0.00389903524343637
ZNF354A,-0.00299628344202592
ZNF354B,0
ZNF354C,-0.00189235167012014
ZNF358,0.00375633784426879
ZNF362,0.00181707919894819
ZNF365,-0.00575704022725241
ZNF366,0.00779607571413916
ZNF367,0.0112580482734672
ZNF37A,-0.00249186305090491
ZNF37BP,0
ZNF382,0.00113668473125903
ZNF383,0.00143580254633674
ZNF385A,-0.00236008090878666
ZNF385C,-0.012280244398274
ZNF385D,0
ZNF391,0
ZNF394,-0.000261577691807703
ZNF395,0.00792186553230978
ZNF396,-0.00479173078279377
ZNF397,-0.00181110647286765
ZNF398,0.00138075124817887
ZNF404,0.00486028041386528
ZNF407,0.003493112830875
ZNF408,-0.00242385097381098
ZNF41,-0.00253158259488472
ZNF410,-0.00380682331174374
ZNF416,0.00084479950417601
ZNF417,0.00220648845165994
ZNF418,0.00399006113301617
ZNF419,0
ZNF420,0.00251597710529162
ZNF425,-0.00400586203608787
ZNF426,-0.00344685890356614
ZNF428,0.00748202490092286
ZNF429,-0.00350215099038676
ZNF43,-0.00295853764708713
ZNF431,0.00187476580754893
ZNF432,-0.00140553472047694
ZNF433,-0.00155347299603941
ZNF436,-0.00944225120622903
ZNF438,-0.00372330491887818
ZNF439,0
ZNF44,-0.000317395096987072
ZNF440,0.00383205362726736
ZNF441,-0.00527959553583015
ZNF442,-0.00560921870824371
ZNF443,0.00987109447411188
ZNF444,-0.00302212490016475
ZNF445,0.00516295381625459
ZNF446,0.00182136029296709
ZNF449,0
ZNF45,0.00175896740095746
ZNF451,-0.00175058725991046
ZNF454,-0.00287655132494656
ZNF460,-0.00406490499349207
ZNF461,0.00263602189124325
ZNF462,-0.00735690160309767
ZNF467,0.00337809012354536
ZNF468,0.00268189548161777
ZNF469,-0.00232623330380404
ZNF470,0.00100000806894475
ZNF471,0.00212624240704662
ZNF473,0.00274196995478548
ZNF48,0
ZNF480,-0.000200152201629205
ZNF483,-0.00214163026181117
ZNF484,-0.00784763130624681
ZNF485,0.0068676346269156
ZNF486,0.00314524948605535
ZNF487,-0.00684839013942777
ZNF488,0.00519049475483047
ZNF490,-0.00227120902275889
ZNF491,0.00905271293762435
ZNF492,0.00844729915397768
ZNF493,0
ZNF496,-0.00279673921436991
ZNF497,0.0048993447857709
ZNF500,0
ZNF501,-0.0042599768430687
ZNF502,0.00358831616209179
ZNF503,0.0126790091226515
ZNF506,0.00106723712317099
ZNF507,-0.00353360780853561
ZNF510,0
ZNF511,0.00184073412626097
ZNF512,0.00155260432817965
ZNF512B,0.00485154234791163
ZNF513,0
ZNF514,0.00318685299350833
ZNF516,0
ZNF517,-0.00168062167749878
ZNF518A,-0.00430199877907218
ZNF518B,-0.00285783952486725
ZNF519,0.00274501720237215
ZNF521,0
ZNF524,0.00156636657214886
ZNF525,0
ZNF526,0.00312448018611278
ZNF527,0.00432847224637417
ZNF528,0.0050541733244277
ZNF529,0.00609456116449704
ZNF530,0.00549758353749535
ZNF532,-0.00437591781912627
ZNF534,-0.00179398160042341
ZNF540,0.00909100315601482
ZNF541,-0.00985028466995614
ZNF542P,0.00121649855253686
ZNF543,0
ZNF544,0.00336636280883195
ZNF546,-0.00108136399845272
ZNF547,0.00182468718455023
ZNF548,0.00451832562481494
ZNF549,0.0023911969354589
ZNF550,0.00589322491465724
ZNF551,0.0103118375400228
ZNF552,0.00200045258859483
ZNF554,0
ZNF555,0.00202586995405051
ZNF556,-0.000359308184579053
ZNF557,-0.00108640233784293
ZNF558,0.0018322897941874
ZNF559,0.00628657968013812
ZNF560,0
ZNF561,0.00428678680609035
ZNF563,-0.00248531701072488
ZNF564,-0.00232770757443114
ZNF565,0.00154414270389804
ZNF566,0.00557802888810909
ZNF567,0.00200831586633935
ZNF568,0.000707503149649429
ZNF569,0.00164208094634499
ZNF57,0.00670022488300236
ZNF570,0.00382927536012058
ZNF571,0.00224584384125974
ZNF572,0
ZNF573,0.00953974017159959
ZNF574,0
ZNF575,0.00366261836563702
ZNF576,0.00322011974572922
ZNF577,0.00108511356383047
ZNF579,-0.00157034040932676
ZNF580,0
ZNF581,-0.00264086924562696
ZNF582,-0.00241240345039088
ZNF583,0.00219826118487869
ZNF584,0.0093452301243533
ZNF585A,0.000916330566849779
ZNF585B,-0.000949713085594186
ZNF586,-6.76128973909106E-05
ZNF587,0.00274125062129561
ZNF587B,0
ZNF589,0.00705442855641579
ZNF592,-0.000628903867071655
ZNF593,0.00418087710126118
ZNF594,-0.00420966421047031
ZNF595,-0.0012701121696216
ZNF596,-0.00211157080192107
ZNF597,0.00325316093577256
ZNF598,0.00154953771260392
ZNF599,0.00354280750805576
ZNF600,-0.00411621455830588
ZNF605,0.00421863023053684
ZNF606,0.00159649439564268
ZNF607,0.00395556932316056
ZNF608,-0.00982875866803795
ZNF609,0.00287493332370453
ZNF611,-0.00130581038455108
ZNF613,-0.00534107785513007
ZNF614,0.00424396751675957
ZNF615,-0.00112661585149787
ZNF616,0.00379157502839413
ZNF618,-0.0130815174259341
ZNF619,-0.00173502976809792
ZNF620,0.00235920825861694
ZNF621,-0.00118909228815121
ZNF622,0
ZNF623,0
ZNF624,0.00140039725663874
ZNF625,-0.00469418193192434
ZNF626,0
ZNF627,-0.00389794859801038
ZNF628,0.00265150507336501
ZNF629,-0.00210516143374323
ZNF630,-0.00489803846589553
ZNF638,-0.00216275384410233
ZNF639,-0.000955144853217532
ZNF641,0.00188451059306029
ZNF644,-0.00157243113408598
ZNF646,-0.00167046751381492
ZNF652,0.000376708167345795
ZNF653,-0.00317983508782609
ZNF654,0.00312274642575655
ZNF655,-0.00216900990873295
ZNF658,0.00412466028069298
ZNF658B,0
ZNF660,-0.00380481998553666
ZNF662,-0.00443478003381286
ZNF664,0.00511195767197495
ZNF665,-0.00136191000321251
ZNF667,0.00294324211028607
ZNF668,0.00421234017999134
ZNF669,0
ZNF671,0.00201220382585518
ZNF672,-0.000900780668675449
ZNF674,-0.00292802540900314
ZNF675,0.0011304762814399
ZNF676,0
ZNF677,0.00771690269872974
ZNF678,0
ZNF680,-0.00154498013774627
ZNF681,0.00211133672465305
ZNF682,0
ZNF684,-0.00283071193395612
ZNF687,-0.00267131857617157
ZNF688,-0.00872535378927707
ZNF689,0
ZNF69,0.00314750479643666
ZNF691,-0.00116151541307782
ZNF692,0.00907603650122165
ZNF695,0.00728170169125252
ZNF696,0.00270214609407693
ZNF697,0.00873165881043734
ZNF699,-0.00525294054295785
ZNF7,0.0010102377878773
ZNF70,0.00271308267707692
ZNF700,0
ZNF701,-0.0022622771248278
ZNF702P,-0.0119650541922794
ZNF703,0.0128653458090409
ZNF704,0.0260434945021451
ZNF705A,-0.00522725415716043
ZNF706,0.00144127137734382
ZNF707,-0.00501925623239888
ZNF708,-0.00182757745774708
ZNF709,0
ZNF71,0.00238259434893774
ZNF710,0.00305757207018947
ZNF711,0.00966839633507292
ZNF713,0.00274527559645981
ZNF714,0.00700258189849256
ZNF716,-0.00634033326833829
ZNF717,-0.00157804891100234
ZNF718,0
ZNF721,0.00197742011734337
ZNF726,0.00709322399413541
ZNF730,0.00898269847079796
ZNF736,0
ZNF737,0
ZNF738,0.00557460187212617
ZNF74,0.000519508473975135
ZNF740,-0.00212546716644951
ZNF746,-0.000997569873233599
ZNF747,-0.00154494923598977
ZNF749,0.00885902045154296
ZNF75A,-0.0017882451182822
ZNF75D,-0.00323330539292853
ZNF76,0
ZNF761,0.00240323039042095
ZNF763,-0.00456785042826279
ZNF764,0
ZNF765,0
ZNF766,-0.00534043763692588
ZNF767P,-0.00293320073918823
ZNF768,0.00295072604763618
ZNF77,0.00600640942962812
ZNF770,0.00210682394433644
ZNF771,0.00732668059701776
ZNF772,0
ZNF773,0
ZNF774,0.000682495216000515
ZNF775,-0.00279495232873297
ZNF777,0
ZNF778,0.00328696315380607
ZNF780A,0.00426548111754611
ZNF780B,0.00497272472122478
ZNF781,0.00287726334835131
ZNF783,0
ZNF784,-0.00571281748910499
ZNF785,-0.00284373295746853
ZNF786,0.00206598856367315
ZNF787,0.00338699137092966
ZNF789,0.0112108421934168
ZNF79,-0.00199674520530376
ZNF790,0.00329954251877266
ZNF791,-0.000879976792107232
ZNF792,-0.00415098447866557
ZNF799,0.00385749351561463
ZNF8,0.00406946712247354
ZNF80,0
ZNF800,-0.00267550980728594
ZNF804A,0.00335808432816197
ZNF805,0
ZNF808,0.00280972691513414
ZNF81,-0.00114942939803876
ZNF813,0.00567077179160253
ZNF814,0.00211708285421115
ZNF815P,0.000838594522477527
ZNF816,-0.00108453619996373
ZNF818P,-0.00485702774234282
ZNF821,-0.0072395232170599
ZNF823,0.00177819653090033
ZNF826P,0.000861529659217181
ZNF827,0
ZNF829,0.00306431461295004
ZNF83,0
ZNF830,0
ZNF835,0.000686569755339118
ZNF836,0.00165651363854379
ZNF837,0.00541125725785043
ZNF839,0
ZNF84,0.00285911703485238
ZNF841,-0.00469489297634414
ZNF843,-0.00347492738298781
ZNF844,-0.00348551406221883
ZNF845,0
ZNF846,0
ZNF85,0.00593134588348751
ZNF850,0.00716305961817851
ZNF852,0
ZNF853,0
ZNF862,0
ZNF865,0
ZNF878,0.00997546579463162
ZNF879,-0.00548339130679656
ZNF880,0.00874160564958115
ZNF883,0.00516625735457407
ZNF890P,0
ZNF891,0
ZNF90,0.00905890235734892
ZNF91,0.000846972927221831
ZNF92,-0.0015018682226394
ZNF93,0.0115056912634268
ZNF99,-0.00338437852480906
ZNFX1,-0.00958835559600464
ZNHIT1,0.0048948493770909
ZNHIT2,0.00355533935920405
ZNHIT3,-0.00176610295892112
ZNHIT6,0.00246814790769977
ZNRF1,-0.00322478103709194
ZNRF2,-0.00836796868160009
ZNRF2P1,0.00509940199856079
ZNRF2P2,0
ZNRF3,0.0138680019011483
ZP2,0.000173919373910371
ZP3,-0.0147167568707937
ZRANB1,-0.00134674286195848
ZRANB2,0
ZRANB3,-3.63981805093849E-06
ZRSR2,-0.00265969800852085
ZSCAN12,-0.00522701483158718
ZSCAN12P1,0.00413350435085097
ZSCAN16,-0.00974333007650665
ZSCAN18,0
ZSCAN2,-0.00244739975877955
ZSCAN20,-0.004325006490446
ZSCAN21,-0.00331512994973059
ZSCAN22,0.00328696246134112
ZSCAN23,-0.0044365598509734
ZSCAN25,-0.00253436928413592
ZSCAN26,-0.00492902614693146
ZSCAN29,-0.00454451314478708
ZSCAN30,-0.00298629462935504
ZSCAN31,0
ZSCAN32,-0.00159616331428211
ZSCAN4,-0.00356155569900946
ZSCAN5A,0.00438189704471017
ZSCAN5B,0.00255120421356575
ZSCAN9,-0.000998798822510902
ZSWIM1,0.00187888155104563
ZSWIM3,-0.0037125259269733
ZSWIM4,-0.0113355291996187
ZSWIM5,-0.008060264865049
ZSWIM7,0.00016270630811048
ZSWIM8,-0.00122848966369603
ZW10,0.00518827313365567
ZWILCH,0.00524380231835424
ZWINT,0.0132533794129764
ZXDA,-0.00408751327079965
ZXDB,-0.00190073714824208
ZXDC,0.00219590109348523
ZYG11B,0.00629302030527324
ZYX,0.00183409964555079
ZZEF1,0.00276938242493659
ZZZ3,-0.0023324974501195
