SAMPLE_ID,PATIENT_ID,COHORT,OS_MONTHS,OS_STATUS,RESPONSE,RESPONSE_BINARY,AGE,RACE,SEX,SPECIMEN_TYPE,IMMUNOTHERAPY,IFN_gamma,TIS,CYT,CD8_Tcell,IMPRES,PD_L1,M1_score,M2_score,M1_M2_Ratio,Macrophage_STV_Score,CD8_T_cells,CD4_T_cells,NK_cells,B_cells,M1_Macrophages,M2_Macrophages,CAFs,TMB_NONSYNONYMOUS,mut_BRAF,mut_NRAS,mut_NF1,SNV_NEOANTIGEN,INDEL_NEOANTIGEN,FUSION_NEOANTIGEN,SPLICE_NEOANTIGEN,CTA_SELF_NEOANTIGEN
LIU_SAMPLE1,LIU_PATIENT1,Liu 2019,9.3,1.0,Progressive Disease,0.0,,,Female,Metastatic,1,0.31716430896838443,0.1367484621838857,-0.1163354477164868,0.37591462371604556,6.0,0.3806299088950076,3.96670120001536,1.5269420253555468,0.7220529323229842,2.4397591746598217,0.2247536909239128,-0.29028563450000705,0.4462996329696212,0.5336987050640482,0.16898226933495258,-0.5063889503425456,-1.141063584146081,,0,0,0,,,,,
LIU_SAMPLE10,LIU_PATIENT10,Liu 2019,37.42,1.0,Partial Response,1.0,,,Female,Metastatic,1,0.1583372277341877,0.3154433242714197,0.46970213767470104,0.3428347150753863,8.0,0.3157517451935108,16.278737644124227,5.524714562175616,0.7466128524097061,10.75402308194864,0.3625322858425718,0.345880867494231,0.5078177729106332,0.43830349878673447,0.13800429347929563,-0.11746771701025674,0.31828681966554095,,1,0,0,,,,,
LIU_SAMPLE100,LIU_PATIENT100,Liu 2019,30.81,1.0,Partial Response,1.0,,,Female,Metastatic,1,1.2093321089048492,1.1658342578043812,1.3007536686748025,1.2219247618871303,7.0,0.906885749077726,3.5487235901386445,14.720461626272128,0.19424640716603556,-11.171738036133464,1.1932726242815608,0.7361981225888252,0.8603604087526465,0.979454340530881,0.5836721293332156,0.8371739309547509,1.0774907304082508,,0,1,0,,,,,
LIU_SAMPLE102,LIU_PATIENT102,Liu 2019,25.79,0.0,Stable Disease,,,,Male,Metastatic,1,-0.508175623386271,-0.23326670046142495,0.047784446386410655,-0.09094220639365645,8.0,-0.0303047470310035,6.2503469790636945,6.477244129880093,0.49108640634059353,-0.22689715081640588,-0.07413094092345703,0.02089191898286935,-0.25547374878637014,0.5485415292506506,-0.11664547458662847,0.45108008233942193,-0.23234396419258213,,1,0,0,,,,,
LIU_SAMPLE105,LIU_PATIENT105,Liu 2019,17.12,1.0,Stable Disease,,,,Female,Metastatic,1,-0.699885955323215,-0.3501671237124706,-0.0444358822565442,0.40204102094200556,5.0,-0.3604602078368867,-21.466434393315723,-20.456382741402077,0.5,-1.0100516519136675,0.06860138429900932,-0.43798885479143074,-0.4125463022179754,-1.3770768051103393,-1.634733766782721,-1.5694244616229802,-1.4368777533071526,,1,0,1,,,,,
LIU_SAMPLE106,LIU_PATIENT106,Liu 2019,25.62,0.0,Complete Response,1.0,,,Female,Metastatic,1,0.6587425056557509,0.4805032100814166,0.4951961426467169,0.4337986809254196,6.0,0.612131217846902,8.849678386258342,4.1142708242419825,0.6826375391142713,4.735407562016382,0.33783050451073565,0.15201235210143574,0.7945146517032272,0.4481507151663364,0.15218617506892046,0.07918344588276971,0.12262878010134101,,1,1,0,,,,,
LIU_SAMPLE107,LIU_PATIENT107,Liu 2019,1.54,1.0,Partial Response,1.0,,,Male,Metastatic,1,-3.5076301724037555,-3.5819842458235938,-1.8974363313429679,-1.4894651199668805,6.0,-3.450866847398796,-89.18331488134056,-84.93666051210079,0.5,-4.246654369239609,-1.9028428884970474,-3.8078195043794754,-1.4218659835022294,-2.166315987561029,-3.6326431509495682,-4.070737176351963,-1.1126768340569053,,1,0,0,,,,,
LIU_SAMPLE108,LIU_PATIENT108,Liu 2019,5.42,1.0,Progressive Disease,0.0,,,Male,Metastatic,1,-1.2112572002871504,-1.655178694543928,-2.5226111095704953,-1.4713005919903988,11.0,-3.450866847398796,-102.22492368560391,-74.16572835435599,0.5,-28.059195331248013,-0.7670348896678503,-3.832904053609415,-1.5592716280686203,-2.166315987561029,-1.8192820253708664,-2.305459613670896,-5.149969453075688,,0,0,0,,,,,
LIU_SAMPLE11,LIU_PATIENT11,Liu 2019,5.26,1.0,Progressive Disease,0.0,,,Female,Metastatic,1,0.3329915336304969,0.1822233076555831,0.27030241595894766,0.1443402665151733,5.0,0.3455128558687644,8.767937522460018,3.264837818198882,0.7286712561509435,5.503099704261139,0.0654740822168066,0.0254798830931787,-0.017989498346279498,-0.542618337929517,-0.06622609530107712,0.05969256363101512,-0.036730762522607846,,1,0,0,,,,,
LIU_SAMPLE112,LIU_PATIENT112,Liu 2019,17.12,1.0,Progressive Disease,0.0,,,Female,Metastatic,1,0.5440168045216236,0.5021658910945485,0.5692621258714952,0.46199422862647666,5.0,0.4041061731817504,2.1264000176804574,7.0920618682268435,0.23066754996635455,-4.965661850546377,0.48076701575780845,0.4393246488854106,0.5654550603523995,0.7164283105804067,-1.690185662450716e-05,0.16844971226680036,0.34101150986083434,,0,0,0,,,,,
LIU_SAMPLE116,LIU_PATIENT116,Liu 2019,3.88,1.0,Progressive Disease,0.0,,,Female,Metastatic,1,-0.36295229257893896,-0.23837407104107886,-0.25578491081417354,-0.7938466525233553,9.0,0.3324192876210317,9.31569845335018,8.428715414918264,0.5249933033859763,0.8869830384319157,-0.5767166903724679,0.00025265889318557,0.32226310688436993,-0.16812279250603215,-0.03404382439512573,0.11654474196125744,0.5542066324632511,,0,1,0,,,,,
LIU_SAMPLE117,LIU_PATIENT117,Liu 2019,9.69,1.0,Progressive Disease,0.0,,,Female,Metastatic,1,0.29604374979012554,0.44585295721214135,0.44679158947536557,0.35449635609481156,4.0,0.4036260757760289,14.48789701966762,16.37185870901076,0.4694754277074146,-1.8839616893431463,0.38435281900124174,0.5954896146181788,0.43034173255095864,0.2551896469140967,0.6545927241735283,0.4680202504793921,1.0693151170417312,,0,0,0,,,,,
LIU_SAMPLE121,LIU_PATIENT121,Liu 2019,42.9,0.0,Partial Response,1.0,,,Female,Metastatic,1,0.5576467046328646,0.5710840081511384,0.699567532424803,0.682898880592544,5.0,0.385820011189351,13.370223360748023,12.584888413316547,0.5151287144179478,0.7853349474314435,0.6452299484609212,0.4383771575619199,0.5266580901046485,0.7403271880720926,0.5651048192288861,0.6904245422513229,0.4309552355542672,,0,0,1,,,,,
LIU_SAMPLE125,LIU_PATIENT125,Liu 2019,32.13,0.0,Complete Response,1.0,,,Male,Metastatic,1,1.3425254380109244,1.1970641104888575,1.312506803876854,1.4595842767879779,5.0,0.8779102044556996,0.49306948731409544,12.643485838857975,0.03753415374666363,-12.1504163515439,1.4216205911498798,0.7398979105322305,0.6422914128805568,1.2920807690203324,0.779506057874673,0.5500321581580349,0.23592217323997922,,1,0,0,,,,,
LIU_SAMPLE126,LIU_PATIENT126,Liu 2019,32.59,0.0,Partial Response,1.0,,,Male,Metastatic,1,1.0830396968181057,0.7900080230229539,0.6210017728353666,0.7370078164292884,7.0,0.6344211669787838,11.13632185895241,12.20037737947172,0.47720209894192467,-1.0640555205193376,0.6713263396290465,0.4941944666776232,0.5185779123711552,0.6652987346456751,0.49927738795178983,0.300013574183705,0.2726922273389348,,1,0,1,,,,,
LIU_SAMPLE127,LIU_PATIENT127,Liu 2019,28.45,0.0,Complete Response,1.0,,,Male,Metastatic,1,-0.21269628539890673,0.022938263099918404,0.28452635832238254,-0.01762512951610875,5.0,0.2776271699521176,10.198733530579501,14.704490106275289,0.4095346722697453,-4.505756575695805,0.06896066207085162,0.13413021274250123,0.6076952186730881,-1.000807820903825,0.1938834123230754,-0.0845500215473014,0.1476824631010681,,1,0,0,,,,,
LIU_SAMPLE13,LIU_PATIENT13,Liu 2019,1.91,1.0,Progressive Disease,0.0,,,Male,Metastatic,1,-0.1764761814127129,-0.22710855170192648,-0.16937250012038801,-0.0864800154887229,4.0,0.2009309481112793,6.601686710107958,3.5563483422711397,0.6498980044926884,3.0453383678368153,-0.26060076782244834,-0.09694448906515456,0.17483457106909883,-0.019865696189975773,-0.24064270038761734,0.11435203987314986,0.37961229453049483,,0,1,0,,,,,
LIU_SAMPLE130,LIU_PATIENT130,Liu 2019,6.31,1.0,Progressive Disease,0.0,,,Female,Metastatic,1,0.7952594779856823,0.5666297774235897,0.6968297072093176,0.6976777780690387,3.0,0.2386308999443631,3.1923396360791223,5.0084076427628474,0.3892742365461497,-1.8160680066837227,0.5693226504743544,0.44884300466183275,0.4226838145384499,0.3608152917278769,0.13513617366177066,0.5825187896589104,-0.635880556559222,,0,1,0,,,,,
LIU_SAMPLE131,LIU_PATIENT131,Liu 2019,27.37,0.0,Partial Response,1.0,,,Male,Metastatic,1,-1.7234912957685635,-1.5255328165547983,-4.220430238499087,-3.7137403792657775,8.0,0.5548164943474462,-42.46756819562865,-38.593378445429124,0.5,-3.8741897501994704,-2.106999323122772,-0.06448134482094105,-1.6386862579151835,-2.166315987561029,-1.015252107767267,-0.2538841427453048,-0.43052752245712766,,0,1,0,,,,,
LIU_SAMPLE132,LIU_PATIENT132,Liu 2019,24.28,0.0,Complete Response,1.0,,,Male,Metastatic,1,0.6627524730246067,0.6274970078398194,0.6674488792808069,0.630059785065643,6.0,0.4124836837184211,5.526496222541366,10.201760078494898,0.3513737388789404,-4.675263855953548,0.713347021512879,0.8767656466944741,0.5326851573653245,1.362772470113627,0.9189120929515525,0.3866641750956642,0.168731949143915,,1,0,1,,,,,
LIU_SAMPLE133,LIU_PATIENT133,Liu 2019,12.16,1.0,Progressive Disease,0.0,,,Male,Metastatic,1,0.7118023536187549,0.39763766862837663,0.3325136443083224,0.4220065973351824,9.0,0.4844217247526804,3.6385251811444963,4.8724713106017665,0.4275087158916164,-1.2339461294572733,0.3404797426642885,0.21357303727115415,0.031200622983859543,0.6024932633287041,0.0635199035095271,0.3162543037814435,0.004388008552050765,,1,0,0,,,,,
LIU_SAMPLE134,LIU_PATIENT134,Liu 2019,19.38,1.0,Progressive Disease,0.0,,,Male,Metastatic,1,0.6667742324328029,0.5599424539699961,0.4869611682328312,0.6438464796070122,7.0,0.4838984620053937,9.144918274774499,13.947331038183947,0.396016782550617,-4.802412763409418,0.7185704387936739,0.5752310743090564,0.6430900471258459,1.1201721958865123,0.5584255385872087,0.5497252305255402,0.36202543804077286,,1,0,0,,,,,
LIU_SAMPLE135,LIU_PATIENT135,Liu 2019,20.63,0.0,Complete Response,1.0,,,Male,Metastatic,1,0.15239458705581146,0.0890791976016984,0.04011379280487504,0.08092773200328235,8.0,0.1270683485773423,-4.045822081705284,-7.992738029750946,0.5,3.946915948045642,0.12233298120861327,0.05956508509961636,-0.881094903958064,0.5389587022750099,-0.06789790590289262,-0.09412494110594609,0.13784254903868332,,0,0,0,,,,,
LIU_SAMPLE137,LIU_PATIENT137,Liu 2019,25.36,0.0,Complete Response,1.0,,,Female,Metastatic,1,1.071911128483879,0.965479206318375,0.8834361265936961,0.9376908137523337,7.0,0.6454924784652984,-3.156605025710201,7.180495111226201,-0.7844660163736595,-10.337100136936385,1.037708255389793,0.9434256271887983,0.8507160799892629,1.2100138418008108,0.7853919559800008,0.34234455571615435,0.22504898330776418,,0,0,0,,,,,
LIU_SAMPLE14,LIU_PATIENT14,Liu 2019,6.11,1.0,Progressive Disease,0.0,,,Female,Metastatic,1,0.43923970854482164,0.2537351220616033,0.40462728108736573,0.5297461714332401,2.0,0.1679662155735401,3.967886013473217,7.143537035282431,0.35709971585660893,-3.175651021809204,0.4164191868430315,0.08916995002590082,0.6846802330841508,0.41711649136483125,0.04078609534330332,0.049608547212095885,0.028748873850332944,,1,0,0,,,,,
LIU_SAMPLE140,LIU_PATIENT140,Liu 2019,11.53,1.0,Progressive Disease,0.0,,,Male,Metastatic,1,-0.5498298701558652,-0.527739829507598,-0.7838586005991504,-0.5363038361032961,4.0,-0.1165889951746443,1.0477955391070355,-2.7993162576472095,0.5,3.847111796754255,-0.6911469512870306,-0.5714300100117478,-0.6528120888350974,-1.2674145140838584,-0.0018962949948144736,-0.4253920359873865,-0.5573148322560548,,0,0,1,,,,,
LIU_SAMPLE141,LIU_PATIENT141,Liu 2019,28.75,0.0,Partial Response,1.0,,,Female,Metastatic,1,-1.6921719523565386,-1.88421832200473,-2.860976129101132,-3.7137403792657775,6.0,-0.4177129029086273,-16.374764797690197,-17.093810960528312,0.5,0.7190461628381476,-4.162682112939115,-0.9101129399024311,-2.121369860858039,-1.145886472629602,-1.2331267024700456,-0.8667872116594662,-0.08463817519735628,,1,0,0,,,,,
LIU_SAMPLE142,LIU_PATIENT142,Liu 2019,32.72,0.0,Stable Disease,,,,Female,Metastatic,1,-0.5962247213760228,-0.25965320756848637,-0.01886806939952,-0.94624084565716,10.0,0.4438554456095717,-21.303148925571442,-18.508940304677218,0.5,-2.794208620894233,-0.320785366665502,-0.09486843673738297,-0.958643528301395,0.03670587752101658,-0.9627179278616183,-0.0715459088911242,0.0028744806999345396,,1,0,0,,,,,
LIU_SAMPLE143,LIU_PATIENT143,Liu 2019,20.7,0.0,Progressive Disease,0.0,,,Male,,1,0.5351483319864032,0.4056577298911816,0.32297711571489707,0.36971690379132227,6.0,0.4412791417271369,6.401968202788594,6.43007710011205,0.49890473822917764,-0.028108897323465828,0.4017672339305205,0.5962296894110949,0.43379207218483806,0.13385930136144533,0.8722898616034518,0.9338717665531154,0.7451946004628907,,1,0,0,,,,,
LIU_SAMPLE144,LIU_PATIENT144,Liu 2019,21.75,0.0,Partial Response,1.0,,,Male,Metastatic,1,-1.685283747974853,-1.4255515780163148,-1.9819462749465724,-0.1960115082687042,6.0,-3.450866847398796,-20.762353540990613,-24.616569597283007,0.5,3.85421605629237,-1.223348948894762,-0.8447359332707348,-0.2967645762468184,-2.166315987561029,-0.5292038049204305,-0.6423066949742952,-0.3417639947355208,,1,0,1,,,,,
LIU_SAMPLE145,LIU_PATIENT145,Liu 2019,27.37,0.0,Complete Response,1.0,,,Male,Metastatic,1,0.3052169899880074,0.2711179050273144,0.40668568833443897,0.6664081744396702,9.0,0.2805439485381231,-2.272952074443798,-4.084894980318307,0.5,1.8119429058745138,0.396313714501916,-0.02536020250460284,0.12086594761795277,-0.758618253521918,-0.4237444565996718,0.23117265886804922,0.600772069327545,,0,1,0,,,,,
LIU_SAMPLE146,LIU_PATIENT146,Liu 2019,20.11,0.0,Complete Response,1.0,,,Female,Metastatic,1,-0.15494326362253977,-0.08047226881693993,-0.08186324298383645,-0.011284653915540205,6.0,0.1256486124639083,1.9646261962076226,-4.1154014285326985,0.5,6.080027624740315,0.000962145225256221,-0.6105871125874526,0.39242503969691334,-0.6080260030002095,-0.35924335049888423,-0.28279880031547766,0.22965835904794962,,0,1,0,,,,,
LIU_SAMPLE147,LIU_PATIENT147,Liu 2019,31.54,0.0,Complete Response,1.0,,,Male,Metastatic,1,-0.4602223924221562,-0.6030761073312397,-0.7359806003732614,-0.6830539478641546,10.0,-0.3996361942840186,0.3865920000864883,-7.143990350504874,0.5,7.530582350591373,-0.7997238747408346,-0.397362825953082,-0.37901704108406237,-1.6668372057869523,-0.07805300603206318,-0.6739438044309827,-0.2896526249503443,,0,1,0,,,,,
LIU_SAMPLE148,LIU_PATIENT148,Liu 2019,26.02,0.0,Partial Response,1.0,,,Female,Metastatic,1,-0.5854122079972098,-0.20960249414995533,-0.3937815853200492,0.028750311038496706,10.0,0.1927184519598349,0.614011117304964,-7.789417797655098,0.5,8.40342891496006,-0.2034760150185702,-0.2432641346093497,-0.4079297812367492,-0.11631259925478821,-0.7005627468234554,-0.10986897241385249,-0.23394909384060902,,0,0,0,,,,,
LIU_SAMPLE149,LIU_PATIENT149,Liu 2019,16.33,1.0,Stable Disease,,,,Male,Metastatic,1,0.8565898549584521,0.7720965929325596,0.6864673349609711,0.7676583661652974,7.0,0.8862479115272257,2.979222776027626,7.429412489635707,0.28622607094857816,-4.450189713608054,0.7889368135379351,0.7601044501195262,0.8113922965624673,1.1868986530534043,0.24238513411501258,0.7779227002334793,0.4866392674341923,,0,1,0,,,,,
LIU_SAMPLE15,LIU_PATIENT15,Liu 2019,4.89,1.0,Partial Response,1.0,,,Female,Metastatic,1,0.8038404680873187,0.5633668296348735,0.7028994243224326,0.9276253596190048,7.0,0.4944693152658121,1.313194042214355,4.4094615775953425,0.22947284083783892,-3.096267535380979,0.7914021561784096,0.30587691394342936,0.28305387600879134,-0.681740487180324,-0.03253758290806251,0.3577195400778835,-0.3496678792261259,,0,1,0,,,,,
LIU_SAMPLE150,LIU_PATIENT150,Liu 2019,22.5,0.0,Partial Response,1.0,,,Male,Metastatic,1,-0.2719136344114798,-0.09409864243634802,0.0216489033578508,-0.0184611940813663,8.0,-0.0169855659740882,4.658688727728446,1.5952338694159613,0.7449226713895758,3.0634548583124928,0.029620742509043098,0.268754799495023,-0.3766739947216787,0.24805843425223273,0.112411730530111,0.0015966794148599972,0.20622773885657553,,1,0,0,,,,,
LIU_SAMPLE154,LIU_PATIENT154,Liu 2019,20.86,0.0,Stable Disease,,,,Female,,1,-0.7311021657969659,-0.5384082190015841,-0.4856254534823836,-0.5272703024811204,8.0,-0.3474722964136775,5.07948169368672,8.267733516713411,0.38056490538406806,-3.1882518230266745,-0.686111513840473,-0.20032514957241662,0.23036600942926308,0.8162247841525674,-0.3140941113179118,0.3871760237051263,1.2045595109729579,,0,0,0,,,,,
LIU_SAMPLE155,LIU_PATIENT155,Liu 2019,15.6,0.0,Progressive Disease,0.0,,,Male,,1,0.08569905444934207,-0.01957499715973024,0.06478334154746751,-0.18858494246209273,6.0,0.0932974090112593,5.840846305124256,4.920748575932778,0.542749134276141,0.9200977291914787,-0.18401632102916143,0.07882327265042831,-0.5842901968190516,-0.7151588763335034,0.37810440834096903,0.30191645515122895,0.23857189148697802,,1,0,0,,,,,
LIU_SAMPLE156,LIU_PATIENT156,Liu 2019,2.86,1.0,Progressive Disease,0.0,,,Male,Metastatic,1,-1.0644853319911904,-0.5381845139276051,-0.3696507389777691,-1.6590588260444181,8.0,0.2524798421541898,13.916208604641126,6.491185189464216,0.6819199327971419,7.425023415176916,-1.1943651381548959,-0.0163770517324751,-0.3454405626406256,-0.18103254748157505,-0.23868765859023894,0.3935669653664948,0.9437340280266373,,1,0,0,,,,,
LIU_SAMPLE158,LIU_PATIENT158,Liu 2019,6.37,0.0,Partial Response,1.0,,,Male,Metastatic,1,0.2457160264722779,0.17305052008607286,0.6497099964201294,0.3455348349107444,5.0,0.1002532260399568,4.174434830361912,-1.0272274725771589,1.3263933245568542,5.201662302939081,0.23426964013334906,0.39801840909664016,0.761052966042968,0.6471334122230362,-0.21015677282879924,-0.15720826097102578,-0.1056059302969742,,1,0,0,,,,,
LIU_SAMPLE159,LIU_PATIENT159,Liu 2019,9.46,0.0,Stable Disease,,,,Female,Metastatic,1,0.26856600592920843,0.25011362303760065,0.42446626353858186,0.3752725806909665,9.0,0.361948024158,16.008768520590667,13.15018563797382,0.5490172395599661,2.8585828826168584,0.32652324693037577,0.3481948014033536,0.5427008309192328,0.5455558219106423,0.17452686522841676,0.2918433285981118,0.4486549355110585,,0,0,0,,,,,
LIU_SAMPLE162,LIU_PATIENT162,Liu 2019,6.6,1.0,Progressive Disease,0.0,,,Male,Metastatic,1,0.6254651042255478,0.41610532819415513,0.4265630307845844,0.5523543660067868,8.0,0.8161168361568713,-8.250984690112857,-1.830131797165568,0.5,-6.420852892947283,0.3759379172171009,-0.05121170983523663,0.666491794386377,0.427302237266766,-0.4980991337364996,-0.4538858492766208,-0.8897508293477852,,1,0,1,,,,,
LIU_SAMPLE163,LIU_PATIENT163,Liu 2019,5.68,1.0,Progressive Disease,0.0,,,Male,Metastatic,1,-0.19387572211338586,0.022953296279527996,0.2400429637198524,0.23237231092787858,5.0,-0.0377547248926157,8.934556626773361,7.15392246219838,0.5553387972451529,1.7806341645749915,0.2371613892011161,0.1774916685081537,0.8944601512031684,0.9803354738021032,-0.16276457577239042,-0.15784187507494626,0.09435757285802551,,1,0,0,,,,,
LIU_SAMPLE165,LIU_PATIENT165,Liu 2019,2.46,0.0,Progressive Disease,0.0,,,Male,Metastatic,1,-0.13510382854751235,0.07145603979102153,0.16572532007577676,-0.24106835337413896,9.0,0.335958580315169,5.061766703883187,-1.1925581655372022,1.308217598952937,6.254324869420396,-0.1892901741254157,0.2015280258725393,0.4300373533277663,0.34323441955026285,-0.0812485276869509,-0.04924698022411127,0.1722832315001977,,0,0,0,,,,,
LIU_SAMPLE166,LIU_PATIENT166,Liu 2019,6.73,1.0,Partial Response,1.0,,,Female,Metastatic,1,-0.9709227117905455,-1.308552248782363,-2.909512996438383,-1.730693795520458,6.0,-0.3655665474694599,-3.164759762878973,-8.971691664082806,0.5,5.806931901203835,-2.15577373847862,-1.0827425029104003,-0.6213142762807506,-0.513648290797344,-0.5334564776234644,-0.784416861165397,-0.020889671311280694,,0,0,0,,,,,
LIU_SAMPLE167,LIU_PATIENT167,Liu 2019,9.26,1.0,Progressive Disease,0.0,,,Female,Metastatic,1,0.407893002306982,0.4639928679840406,0.6685304648648482,0.6047015623435458,5.0,0.2559649587996541,10.440525675769894,8.627484517381582,0.5475414356302235,1.8130411583883166,0.5559069206142568,0.4644279161505745,0.5582092061253184,0.19122202752426487,0.30392432524625734,0.42529051079642083,-0.6885174634586062,,0,0,0,,,,,
LIU_SAMPLE168,LIU_PATIENT168,Liu 2019,20.47,0.0,Partial Response,1.0,,,Male,Metastatic,1,-1.2997866847362405,-0.8211368766637728,-0.06400844689373615,-0.9720623098927417,7.0,-0.5852249711093428,4.313206327001627,-5.045364813727637,0.5,9.358571140729266,-0.818980765618758,-0.5460169916097225,0.2205333911968411,-0.22200235570284352,-0.3130393190731272,0.0032685125061357343,-0.10036110667427507,,0,0,0,,,,,
LIU_SAMPLE169,LIU_PATIENT169,Liu 2019,17.84,0.0,Partial Response,1.0,,,Male,Metastatic,1,0.6204857893118618,0.5040779794040174,0.5092012439472738,0.6698595428385474,9.0,0.5243597647903772,14.392514040997467,9.26148049792065,0.6084601912508834,5.131033543076812,0.6255928315514234,0.3962965367532378,0.3789941954865476,-0.07872942743494506,0.7863501252836824,0.586238092530255,0.10643921193356708,,0,1,0,,,,,
LIU_SAMPLE17,LIU_PATIENT17,Liu 2019,22.54,1.0,Stable Disease,,,,Male,Metastatic,1,0.5985074821023227,0.6010876796199263,0.33722606183326015,0.5289726790886768,6.0,0.3952002922015378,9.09169045313714,8.160718630575778,0.5269809224336166,0.9309718225613478,0.5693733423483663,0.7916753273545147,0.5396050515687258,1.0763678227980917,0.5716200504429386,0.40789853982980045,0.37043856449087137,,1,0,0,,,,,
LIU_SAMPLE170,LIU_PATIENT170,Liu 2019,11.4,0.0,Stable Disease,,,,Male,,1,0.29433279717361377,0.2783826890512626,0.17845515092968806,0.2171485102348083,9.0,-0.0109326627889115,5.885405484723491,7.345764343897848,0.44481369077376115,-1.460358859174377,0.2081332769302992,0.26082759014358403,0.49838143894794834,0.09976281568688898,0.545887213437647,0.30526789152502076,0.5613721115274755,,0,0,0,,,,,
LIU_SAMPLE172,LIU_PATIENT172,Liu 2019,8.94,0.0,Stable Disease,,,,Male,,1,0.5442501417685022,0.5796128952834257,0.636552362575155,0.6475897646976649,6.0,0.6109419986457764,6.867701489669492,11.410138711997835,0.3757392237756303,-4.5424372223283465,0.7315146714391376,0.9299066017880238,0.5951506323975365,0.1657706897535315,0.9017802070826285,0.8106342360667058,0.8473501012699883,,0,1,0,,,,,
LIU_SAMPLE173,LIU_PATIENT173,Liu 2019,1.38,1.0,Progressive Disease,0.0,,,Female,Metastatic,1,-0.23575084153568207,-0.23763904364811053,-0.5188740042828297,-0.3464635069727185,7.0,-0.1147075182731991,9.71532924345688,6.9370922006928595,0.5834184101117637,2.778237042764004,-0.36097289529686505,0.11592701302506044,0.21299965770112783,0.2966324638350925,0.22120404134222707,-0.010254932311775966,0.1994302017180432,,1,0,0,,,,,
LIU_SAMPLE179,LIU_PATIENT179,Liu 2019,21.45,0.0,Partial Response,1.0,,,Female,Metastatic,1,-2.442017261415614,-2.1688010772660866,-4.220430238499087,-3.7137403792657775,6.0,0.1974022074162393,-39.980288513448514,-43.68958831690732,0.5,3.709299803458741,-3.298970517344408,-1.8591278329664886,-2.1055455266996916,0.4346288980559407,-2.403214014484097,-2.5114135594389526,-3.770520779147456,,0,1,0,,,,,
LIU_SAMPLE18,LIU_PATIENT18,Liu 2019,4.27,1.0,Progressive Disease,0.0,,,Male,,1,0.3124095387429648,0.07830566600308438,-0.3821140980687679,0.0194007382883987,7.0,0.2958086508796266,3.8686022668349023,1.8237304875054954,0.6796163249390327,2.0448717793294073,-0.09295675941142978,-0.3876523120768413,-0.567239303354032,0.09225700700492316,0.20784316440648437,-0.5802322717250732,-0.7162244809224534,,0,0,0,,,,,
LIU_SAMPLE181,LIU_PATIENT181,Liu 2019,15.64,0.0,Complete Response,1.0,,,Female,Metastatic,1,0.7271189312623348,0.3658615149226267,0.6752018047515481,0.6327635093984256,12.0,0.6188845728624331,8.709519354617202,13.367231988867092,0.39451091417885265,-4.657712634249905,0.6175187818605601,0.6111880970325899,0.407125007520289,0.18235843445053537,0.7980745385044163,0.6816398532323144,0.5691862959876736,,0,1,0,,,,,
LIU_SAMPLE183,LIU_PATIENT183,Liu 2019,18.79,1.0,Progressive Disease,0.0,,,Male,Metastatic,1,0.537318618932331,0.05329994019830659,0.5860473936369404,1.0264943642313986,11.0,-3.450866847398796,-33.401437406894246,-22.985387572815583,0.5,-10.416049834078695,0.8092848239473635,-1.0451508661522257,-0.2632720066448263,0.863002226166573,0.0017028931370433932,-0.033248596373359265,-0.3721883073650417,,0,1,0,,,,,
LIU_SAMPLE184,LIU_PATIENT184,Liu 2019,16.85,0.0,Complete Response,1.0,,,Male,Metastatic,1,-0.43656584587873226,-1.395960684775968,-1.9229620725566037,-1.3703818819070999,10.0,-3.450866847398796,-42.82814231680494,-39.80661714149855,0.5,-3.0215251753063637,-1.8244072588025437,-1.5664257927396303,-1.2413954907751197,-2.166315987561029,-0.5431182775166967,-0.17539145085248745,0.00875144018838422,,1,0,0,,,,,
LIU_SAMPLE185,LIU_PATIENT185,Liu 2019,6.67,0.0,Stable Disease,,,,Male,Metastatic,1,0.3252655822155813,0.10125058264421634,0.5249988416095026,0.43133730638182544,7.0,0.3200929855058479,-2.9127079294903795,-4.141852891065678,0.5,1.2291449615752956,0.2720176118744797,0.35415802483765685,0.28347506627048996,0.5417812440585821,-0.5140912057570872,0.2137384709470048,0.5564952511813328,,1,0,0,,,,,
LIU_SAMPLE187,LIU_PATIENT187,Liu 2019,20.27,0.0,Complete Response,1.0,,,Female,Metastatic,1,0.032384029729167596,0.14320875586214493,-0.08704489222050735,0.044342207014160195,11.0,0.3119280065848369,4.2982035088191415,1.7825649630925482,0.7068520251467263,2.515638545726598,0.13370202811512205,0.3223119461117164,0.50078298377669,0.8660294046346187,0.10306631820522578,0.004823412792887116,0.1283321070697677,,1,0,0,,,,,
LIU_SAMPLE188,LIU_PATIENT188,Liu 2019,2.43,1.0,Progressive Disease,0.0,,,Male,Metastatic,1,-0.26803304729580174,-0.27856960043945866,-0.09729780733418471,-0.0630492089755233,5.0,-0.7048577187781967,8.402501589248056,-0.02053222741402047,1.0024495708022403,8.423033816662112,-0.13087789705143507,-0.24749484322349913,-0.589682518588699,0.23188889128488466,0.021244425720024628,-0.3459233711960342,0.03272768143679951,,0,1,0,,,,,
LIU_SAMPLE189,LIU_PATIENT189,Liu 2019,23.59,0.0,Partial Response,1.0,,,Female,Metastatic,1,0.4303109054310676,0.420620429514643,0.36321324044113074,0.4585787608845778,9.0,0.4084933377725472,7.809389079074416,13.561338444135568,0.36542457764214703,-5.751949365061175,0.5060954043375502,0.6235034889686409,-0.29730428944379544,-0.20015320954611424,0.596568028390404,0.686249662687022,0.7237096140400381,,0,0,0,,,,,
LIU_SAMPLE191,LIU_PATIENT191,Liu 2019,21.62,0.0,Partial Response,1.0,,,Male,Metastatic,1,0.548095665249568,0.44760444441851777,0.22633728656950647,-0.0084029795399502,10.0,0.5149372812918898,11.258732716296059,6.222590547316814,0.6440435055469144,5.036142168979241,0.12417246483007804,0.5743458094851341,0.31590163717503156,0.7479686503593648,0.5625390129273132,0.46081599483971497,0.0960956141492238,,0,1,0,,,,,
LIU_SAMPLE192,LIU_PATIENT192,Liu 2019,9.53,0.0,Partial Response,1.0,,,Female,Metastatic,1,0.9785724022539123,0.7465132828320515,0.686310708886962,0.7477849736072133,8.0,0.7498865580996392,8.464142342556189,10.535008867995964,0.44550107785105647,-2.0708665254397975,0.7105355904682693,0.40115524032188216,0.31289081743479613,0.8090500022250083,0.6167708164637195,0.6716779351329276,0.22214351132324758,,1,0,0,,,,,
LIU_SAMPLE193,LIU_PATIENT193,Liu 2019,21.65,0.0,Stable Disease,,,,Female,,1,0.7877843709769685,0.6427649810759758,0.4933751888989152,0.52253551435076,5.0,0.5234645036307434,15.07861838845249,18.530667637431396,0.448644412643572,-3.4520492489789483,0.5207880512772206,0.5616247934041408,0.6687332425126185,0.7281869086820197,0.9012576122784195,0.5887289775873981,0.04847697887536438,,0,1,0,,,,,
LIU_SAMPLE195,LIU_PATIENT195,Liu 2019,29.4,0.0,Partial Response,1.0,,,Male,Metastatic,1,-0.21086548170092975,0.19139916039275753,0.40272471668849685,0.48558920468721145,8.0,-0.2283976731259351,12.834838404340418,5.829626338212027,0.6876617455350181,7.005212066128356,0.5531925337711154,0.40035934776222537,0.42209244599363965,1.2092908082611915,-0.014826910789789025,0.11065039615866552,0.7035737179662711,,0,0,1,,,,,
LIU_SAMPLE196,LIU_PATIENT196,Liu 2019,2.66,1.0,Progressive Disease,0.0,,,Male,Metastatic,1,-0.7552228261050405,-0.4214160884570387,-0.5063832615239646,-1.6667611409286023,9.0,0.5126357638226711,9.44278600908266,2.2929511711165635,0.8046180537354503,7.149834837966084,-1.2182323113593934,-0.08980109644293721,-0.24260931964905774,-0.269556866048203,-0.20816768626778806,0.11979851863775037,-0.9830073225099021,,1,0,1,,,,,
LIU_SAMPLE197,LIU_PATIENT197,Liu 2019,31.54,0.0,Partial Response,1.0,,,Female,Metastatic,1,-1.3790863342302073,-1.1871473549859806,-0.8601107867969829,-1.3123927971075475,5.0,-0.5239122638132948,1.8043570262064843,-9.025879965417067,0.5,10.830236991623584,-1.2907282340773614,-0.565305683169858,-0.3022800498908846,-1.4058790704943407,-0.26970963918688684,-0.34588512839231467,-0.5980165685208846,,0,1,0,,,,,
LIU_SAMPLE20,LIU_PATIENT20,Liu 2019,7.95,1.0,Progressive Disease,0.0,,,Female,Metastatic,1,0.8076111013335656,0.6920762363945554,0.6072490248316273,0.6308274446963551,8.0,1.283970482317028,6.403918513343449,8.953346893479923,0.4169960174353782,-2.5494283801364754,0.5127915497742008,0.6615260284948503,0.08086502463150742,0.13233173450964422,0.7114990594177473,0.743314581883062,0.37807783368142306,,1,0,0,,,,,
LIU_SAMPLE200,LIU_PATIENT200,Liu 2019,16.82,1.0,Progressive Disease,0.0,,,Male,Metastatic,1,0.6122397523567303,0.7010954403642802,0.7568124819848764,0.8812465111369087,5.0,0.4856714834289682,11.555165423815016,11.46901734947758,0.5018708172008903,0.08614807433746875,0.7657592206567202,0.3879045445526062,0.42448776903617474,-0.14158678143250555,0.08750841567722638,0.2076227164289694,-0.4598915479681251,,1,1,1,,,,,
LIU_SAMPLE201,LIU_PATIENT201,Liu 2019,5.49,1.0,Progressive Disease,0.0,,,Male,,1,-2.4361596539044625,-2.2667536534806167,-1.0132976511531475,-1.2479682980964981,3.0,-3.450866847398796,-15.309634850048747,-18.90221871129542,0.5,3.5925838612466396,-1.9917974252951436,-0.5727072179284949,-2.786259629118444,-1.480018110195705,-2.1252382579280367,-0.7361744243016197,0.6553287750756813,,1,0,0,,,,,
LIU_SAMPLE203,LIU_PATIENT203,Liu 2019,20.57,1.0,Progressive Disease,0.0,,,Male,Metastatic,1,0.18847042336064504,0.39367572147702584,0.46812830650304615,0.42651765984214374,9.0,0.1619767561962289,16.213795166555006,14.67667865121861,0.5248801058281595,1.5371165153363644,0.46670064661121025,0.5074055653718209,0.43279362310356034,0.707284378806361,0.4892826376053886,0.7331925197564978,0.9527383151246087,,1,0,0,,,,,
LIU_SAMPLE204,LIU_PATIENT204,Liu 2019,26.91,0.0,Complete Response,1.0,,,Male,Metastatic,1,0.529143731953764,0.41446725908840165,0.28954662365299955,0.32944654236442966,7.0,0.4261159502581098,13.138728792685132,12.180039998259272,0.518932373891118,0.9586887944258786,0.29846074569547365,0.37571556140564893,0.519602363685349,0.03634377227566204,0.5472512927392643,0.3347305963914987,-0.08130106157026767,,1,0,1,,,,,
LIU_SAMPLE205,LIU_PATIENT205,Liu 2019,12.88,1.0,Progressive Disease,0.0,,,Female,Metastatic,1,0.09029277465269703,0.2015860285176749,-0.16195455170742254,0.009259117092342561,10.0,0.1856058686108908,2.5007276186691234,0.7326067281350287,0.7734206705659309,1.7681208905340955,-0.14320112301810634,0.24512878688631126,-0.5239274355711813,-0.8325334045115671,-0.04707753184159204,0.47148189013292585,0.6281015920614847,,1,0,1,,,,,
LIU_SAMPLE206,LIU_PATIENT206,Liu 2019,2.96,1.0,Progressive Disease,0.0,,,Male,Metastatic,1,0.31106120796740167,0.37756134980945183,0.42856267306837287,0.5110380406156028,6.0,0.1883779906486935,13.612732135843746,14.503037569562965,0.4841671516901774,-0.8903054337191761,0.4765372510282053,0.0621296474671225,0.7443808580669554,0.4071480145551465,0.3595597651208539,0.4909345481981626,1.1457611296049401,,0,0,1,,,,,
LIU_SAMPLE21,LIU_PATIENT21,Liu 2019,29.76,0.0,Partial Response,1.0,,,Female,Metastatic,1,-0.3893660598043629,-0.3548675541984995,-0.5707196664777895,-0.26761614451098753,7.0,0.2675019793749928,-1.1310136784882152,-8.409554759851574,0.5,7.2785410813633575,-0.5017581983302707,-0.495932054202054,-1.826447468843005,-0.8351958392098392,-0.13674418501383517,-0.5386212328566778,-0.6863231716618129,,0,1,0,,,,,
LIU_SAMPLE22,LIU_PATIENT22,Liu 2019,8.31,1.0,Progressive Disease,0.0,,,Male,Metastatic,1,-1.6001357265861895,-1.3161717181940833,-1.1045573590427669,-0.7778798813096252,8.0,-1.3858756127953338,-1.1458467994177417,-12.35774882721909,0.5,11.21190202780136,-1.161094054654193,-1.2619172749887186,-1.1750366617473087,-1.5119035906330491,-0.7453423281143413,-0.3825069414482011,0.030220736272157267,,0,0,0,,,,,
LIU_SAMPLE23,LIU_PATIENT23,Liu 2019,32.03,0.0,Progressive Disease,0.0,,,Male,,1,-1.496757284333495,-0.5201817862927919,-0.34791340691863565,-0.31368608826844324,4.0,-0.2726218743668407,7.627971474953945,2.5380615096722763,0.7503390443931759,5.089909965281666,-0.34672827396615247,-0.21639937783805197,-0.7301010216785029,-0.24321295965814418,-0.503306021507963,0.0586260945732814,0.49838040723230304,,0,1,0,,,,,
LIU_SAMPLE24,LIU_PATIENT24,Liu 2019,4.5,1.0,Progressive Disease,0.0,,,Male,Metastatic,1,-0.7303663001981365,-0.1991972640380497,-0.022800806255236002,-0.1667966107177244,3.0,0.0381550492040682,-4.60237752161661,-6.490261570025037,0.5,1.8878840484084298,-0.034826809911732225,0.07843127933580789,-0.5268603574700547,-1.175217022416148,-0.7400594113377339,-0.3725388118226299,0.14194076358655486,,0,0,0,,,,,
LIU_SAMPLE25,LIU_PATIENT25,Liu 2019,36.01,0.0,Partial Response,1.0,,,Male,Metastatic,1,0.1545206331414065,0.2871373087186759,0.29785699256994513,0.053174181668811,7.0,0.3280705724268995,14.642583401470947,12.326398792500278,0.5429416392563832,2.316184608970678,0.18291468445046746,0.4846057213751685,0.42940944348262544,0.3323142441893106,0.2361006585462329,0.6849723260753053,0.9800251112426892,,0,0,0,,,,,
LIU_SAMPLE27,LIU_PATIENT27,Liu 2019,14.16,1.0,Progressive Disease,0.0,,,Male,Metastatic,1,0.6591045146100579,0.4845318090760873,0.49983902422483417,0.8110712964037614,9.0,0.1732971653031354,0.5933755970707713,3.6801710373113865,0.1388485133862492,-3.0867954402406323,0.7666343568226077,0.40264816230758305,-0.24509502932972405,1.2422443007765078,0.24737795701400334,-0.3457702151678547,-0.5481659449923987,,0,1,0,,,,,
LIU_SAMPLE30,LIU_PATIENT30,Liu 2019,7.0,1.0,Stable Disease,,,,Female,Metastatic,1,0.9415216634364741,0.7070831463378069,0.6572291208935788,0.934311102330765,7.0,0.1474582275225222,-12.04437923186292,0.35516879416116165,0.5,-12.399548026024112,0.8372594443840173,0.0959515598933783,0.49531180644369394,0.09233972734634611,0.22044017340693584,0.130774629407311,-0.8384933330350923,,1,0,0,,,,,
LIU_SAMPLE31,LIU_PATIENT31,Liu 2019,13.99,1.0,Progressive Disease,0.0,,,Male,Metastatic,1,-0.3370164744604713,-0.14914219538449336,-0.4430467176171573,-0.5725668415714789,12.0,0.2537475155070843,3.2552229086673483,1.1247585917463534,0.7432047163577936,2.130464316920993,-0.4407353187631344,-0.1510782691509341,-1.1417564719580253,-0.06565338101932332,0.025914123673862737,-0.6419661357154495,-0.6511048670687656,,0,1,0,,,,,
LIU_SAMPLE32,LIU_PATIENT32,Liu 2019,1.74,1.0,Progressive Disease,0.0,,,Female,Metastatic,1,-1.1744402128798421,-1.206958991230105,-0.25381075776950324,-1.2416793499596743,8.0,0.0927606318080541,-4.710026851026488,-8.662271250295653,0.5,3.95224439926918,-0.8360347592632655,-0.05180098726100477,-1.9413899065327813,-1.5721501960397477,-0.7915834611471649,-0.07623161432333,0.033702250598005745,,1,1,0,,,,,
LIU_SAMPLE33,LIU_PATIENT33,Liu 2019,55.16,0.0,Partial Response,1.0,,,Female,Metastatic,1,0.6620633822521733,0.6158855452504587,0.7113394633072655,0.6581438619051119,6.0,0.4742585727580707,4.389080020122442,13.47855072926378,0.24564420888724786,-9.08947070914134,0.6622899346478496,0.7181129947081729,0.4701944278233699,1.3082438054291101,0.3908453198433933,0.6134868241043782,0.9197008377416314,,0,0,0,,,,,
LIU_SAMPLE34,LIU_PATIENT34,Liu 2019,55.55,0.0,Partial Response,1.0,,,Male,Metastatic,1,-0.8709575978465541,-0.09722001774633116,0.07558556780062405,0.0017121885194497505,4.0,0.5495470780443505,6.128316389968994,9.749207810014296,0.3859743063704758,-3.6208914200453086,-0.018340160170097125,-0.2528588232851439,0.5351061109634183,0.6427064401224138,-0.17364646547554136,-0.10389059544867718,1.1783648955501083,,0,0,0,,,,,
LIU_SAMPLE35,LIU_PATIENT35,Liu 2019,31.8,1.0,Stable Disease,,,,Male,Metastatic,1,0.28504769093633664,0.25577298983357605,0.26431357880229145,0.5328953025906071,7.0,0.3778970251582975,0.07425026216806777,2.9616760988423736,0.02445720130818825,-2.8874258366743004,0.4663552505161913,0.11728247143047414,0.14554448853493981,-0.17209167937389347,0.5113143293189276,-0.4494945793252099,-0.5796767765977494,,0,0,0,,,,,
LIU_SAMPLE36,LIU_PATIENT36,Liu 2019,14.82,1.0,Progressive Disease,0.0,,,Male,Metastatic,1,-0.2674074398002208,-0.2769122586060368,0.23577403222617255,-0.7491544357251028,9.0,-0.89712621247974,5.404890820595534,5.625175574395014,0.4900143505074672,-0.22028475379949092,-0.31259524103347885,-0.042322741793250435,-0.18086499247621354,-0.7273502956701369,0.17413105925155642,-0.4789800448887601,0.12583474812534653,,0,1,0,,,,,
LIU_SAMPLE37,LIU_PATIENT37,Liu 2019,9.03,1.0,Progressive Disease,0.0,,,Male,Metastatic,1,0.6011587722291453,0.6871815711584058,0.5419493251265903,0.7507443250184168,4.0,1.0870319341730283,9.494623513594867,14.852204891736772,0.3899737310965591,-5.357581378141945,0.7917977489500351,0.5964264315605835,0.8013919161730888,1.284865943913626,0.8360016049858224,0.42264749236532245,1.3450541639673093,,0,0,1,,,,,
LIU_SAMPLE38,LIU_PATIENT38,Liu 2019,11.27,1.0,Progressive Disease,0.0,,,Male,Metastatic,1,-0.014306956275775015,0.18897427312801882,0.17396820501589824,0.40682355308719637,6.0,0.2407910576433823,8.21227622780031,4.133856654455955,0.6651699205022253,4.078419573344347,0.2836187786321705,-0.23036734242504542,0.5719598738972477,-0.11693447558106669,-0.050953174455851735,-0.13519539599229083,0.6079042146930311,,1,0,0,,,,,
LIU_SAMPLE4,LIU_PATIENT4,Liu 2019,19.71,1.0,Complete Response,1.0,,,Male,Metastatic,1,-0.19080505513806087,-0.09760495929094266,-0.04921102770039269,0.15621954615608025,5.0,-0.0010671346715001,3.775288680334314,1.3027649961853396,0.7434519051641424,2.472523684148966,0.08210722359424603,0.11763034394255574,0.08647479701034248,-0.6084315647681423,0.6314625363013178,0.14377677218828308,0.14384979502121595,,1,0,0,,,,,
LIU_SAMPLE40,LIU_PATIENT40,Liu 2019,15.37,1.0,Progressive Disease,0.0,,,Female,Metastatic,1,-0.18272064598504856,-0.0821670847504216,0.15556503738735164,0.36902432646164574,3.0,-0.2356654904787489,2.1279814266928705,-6.859855700278756,0.5,8.987837126971609,0.19359545659735183,-0.1738594116841288,0.34201155030074193,-0.23609583866457473,-0.8062022983089763,-0.5127852838015889,-0.029297639608684922,,0,0,1,,,,,
LIU_SAMPLE42,LIU_PATIENT42,Liu 2019,33.74,0.0,Complete Response,1.0,,,Male,Metastatic,1,0.4795763480744233,0.22266694866060954,0.20788374048567337,0.15032229162028546,4.0,0.1669816146146155,3.087031904720031,-0.2179636911712765,1.0759702018034896,3.3049955958913095,0.15409195133158954,0.09348185272673933,0.25299838633935606,0.648705935154672,0.31475428987736187,-0.42220793725270844,-0.11610428395444705,,0,1,0,,,,,
LIU_SAMPLE44,LIU_PATIENT44,Liu 2019,30.29,0.0,Partial Response,1.0,,,Male,Metastatic,1,0.7745925690499466,0.365183521712659,0.680987697029697,-0.8052152487124299,8.0,-3.450866847398796,-48.681396519028,-32.05364079760213,0.5,-16.62775572142594,0.0037655211565031377,0.7535808672468193,-1.3857227257915463,1.2074738625494799,-0.39743926613681146,-0.19933550690324928,-0.8075947851146197,,0,0,0,,,,,
LIU_SAMPLE45,LIU_PATIENT45,Liu 2019,54.73,0.0,Partial Response,1.0,,,Male,Metastatic,1,0.6577886639514819,0.5509759642343391,0.6255004185232763,0.7497756738923013,7.0,0.4025504969505228,-0.3911994994007573,-0.046547012562841605,0.5,-0.3446524868379147,0.6632704358307837,0.6556215722239839,-0.4331351115379587,0.6028545313690277,0.7445769411494846,0.31246806499065116,0.31863461996350223,,0,1,0,,,,,
LIU_SAMPLE47,LIU_PATIENT47,Liu 2019,30.78,0.0,Progressive Disease,0.0,,,Female,Metastatic,1,-0.8868066865226215,-0.6003445523036584,-0.78802735572174,-0.512181058192216,6.0,-0.6000748163542968,0.7816345923532326,-0.8891243806497457,0.5,1.6707589730029753,-0.467608066265224,-0.6580279518562845,-0.2194661990892531,-0.8419288718994161,-0.747022153514185,-0.6617855298503883,-0.39840782150964615,,0,1,0,,,,,
LIU_SAMPLE48,LIU_PATIENT48,Liu 2019,1.74,1.0,Progressive Disease,0.0,,,Female,Metastatic,1,-0.1442721846708965,0.07187857789540174,0.13078318153833096,0.360491474310105,8.0,0.0433122697584644,-6.101169446560101,-7.661278253165043,0.5,1.5601088066049351,0.25597419290806034,-0.7371806790234411,0.3206479809371872,0.37060130947859715,-0.3176536662201327,-0.8219526499166753,-1.7392321938275217,,0,0,0,,,,,
LIU_SAMPLE51,LIU_PATIENT51,Liu 2019,50.82,0.0,Partial Response,1.0,,,Male,Metastatic,1,0.7750272193948212,0.2679116929157782,0.3496119113313947,-0.9622164733877921,4.0,0.2527447419520028,-33.958455813734105,-22.74181056598769,0.5,-11.216645247746397,-0.3223871239474748,0.19668209351934926,-1.40570806289855,0.48551543982747053,-0.1770833238732386,0.6710702896953501,0.48437279312469783,,0,1,0,,,,,
LIU_SAMPLE56,LIU_PATIENT56,Liu 2019,4.01,1.0,Progressive Disease,0.0,,,Male,Metastatic,1,0.32255034058898013,0.47031337822713254,0.42723181832511126,0.33448247491823424,7.0,0.4673555744821603,14.946740842258341,16.308236244900257,0.4782195424612661,-1.3614954026419415,0.48863633187391364,0.6410262073647625,0.6256827412476808,0.2556485862440844,0.5947549152563253,0.6528826399102138,1.1589966960554619,,0,0,0,,,,,
LIU_SAMPLE58,LIU_PATIENT58,Liu 2019,9.95,1.0,Progressive Disease,0.0,,,Male,Metastatic,1,-1.198555591242436,-0.7390657488097819,0.17083202434160955,-1.5062313448728566,4.0,0.0408845311830193,-19.194841007906057,-25.595411814264104,0.5,6.400570806358033,-0.882140341377631,-1.351691347222643,-1.269259102512201,-2.166315987561029,-0.20571175741012532,0.08923959850512353,0.3307621006279445,,0,0,0,,,,,
LIU_SAMPLE6,LIU_PATIENT6,Liu 2019,22.57,1.0,Stable Disease,,,,Female,Metastatic,1,0.24795825253895587,0.24416766450213223,0.10122910395475546,0.29714065599189743,7.0,-0.341900701590375,10.168259715046634,6.540229646407244,0.6085684645138889,3.628030068639421,0.3900362966991342,0.5093602383780736,0.5120662591388275,-0.9545791992255227,0.6680152763979389,0.6519374966129782,0.14517436889655472,,0,0,0,,,,,
LIU_SAMPLE61,LIU_PATIENT61,Liu 2019,32.42,0.0,Stable Disease,,,,Female,Metastatic,1,0.4298356690638015,-0.020225988218795114,0.2050338062381648,-0.720674846923085,9.0,1.0556830204555925,-49.389608981386665,-22.498222832092473,0.5,-26.89138614929428,-0.24224850151233024,-1.3757186824307732,0.6940371342253634,-1.2438635165976257,1.0121554658265808,0.2698779116328442,-1.5183307626261437,,1,0,1,,,,,
LIU_SAMPLE62,LIU_PATIENT62,Liu 2019,32.88,0.0,Partial Response,1.0,,,Female,Metastatic,1,0.5531351920788685,0.46962101160778386,0.13730144764557986,0.24203701318613036,4.0,0.8134392077940295,14.619730139582643,12.713586501424247,0.53486850247984,1.906143638158418,0.2477600938308928,0.6886741774094487,0.22206169396919137,0.4592084559281777,0.7066997359447298,0.7103605647070872,0.8631223505670171,,0,0,1,,,,,
LIU_SAMPLE63,LIU_PATIENT63,Liu 2019,5.85,1.0,Progressive Disease,0.0,,,Female,Metastatic,1,0.41805974731901263,0.2001140821026904,0.08963714440727835,0.5264325791258595,12.0,0.1727441522739186,0.12979789897448119,0.6737299622975664,0.1615350322377135,-0.543932063323087,0.2553650329193212,-0.09489414176408366,0.4251489235459729,-0.8986241751798043,-0.0032261659709911018,-0.2620296839952302,-0.7357845403530658,,0,0,1,,,,,
LIU_SAMPLE67,LIU_PATIENT67,Liu 2019,4.47,1.0,Progressive Disease,0.0,,,Female,Metastatic,1,-0.6979042510060743,-0.825044839021822,-0.01502129225355775,0.18852172321248645,7.0,-3.450866847398796,-8.581062846672884,-17.863015329175663,0.5,9.28195248250284,0.03848190584664497,-0.4470697492410061,0.22386335558259343,-1.5145163361250453,-0.38725571318149915,-0.5083643246283766,-0.6581932312068414,,0,0,0,,,,,
LIU_SAMPLE7,LIU_PATIENT7,Liu 2019,8.84,1.0,Stable Disease,,,,Male,Metastatic,1,0.3483988838439828,0.2369975604485059,0.2209033229283603,0.4741682115152815,8.0,0.0174430043162741,9.604589368134858,5.590842905265261,0.6320708220290558,4.013746462869576,0.43276405054878636,0.14094063009242538,0.31891858067724543,-0.10559356299498456,0.07998301488127924,-0.16651355667967419,-0.4551556210686824,,0,1,0,,,,,
LIU_SAMPLE72,LIU_PATIENT72,Liu 2019,12.98,0.0,Progressive Disease,0.0,,,Male,Metastatic,1,0.24239786414111872,0.39798567064390816,0.5595397588147696,0.5807747770225461,5.0,0.365870191858244,9.654344944699126,11.955376647009416,0.4467593394818845,-2.3010317023102904,0.612557987008393,0.3481121230384467,0.21668986228002254,0.33213122617383006,0.2944384364657625,-0.2406836699839761,0.25635498525099265,,1,0,0,,,,,
LIU_SAMPLE73,LIU_PATIENT73,Liu 2019,27.79,1.0,Progressive Disease,0.0,,,Male,Metastatic,1,0.14737111140851555,0.025995952146132536,-0.20445829110982533,-0.12183239206350113,7.0,-0.1765858758440563,8.62812669137451,3.8661586187535772,0.6905658448811313,4.761968072620929,-0.09799766723241364,-0.15131190035490008,0.2107949547387483,-0.012897837914021373,-0.20106151953596849,-0.16461372827700688,0.05597084924034133,,0,0,0,,,,,
LIU_SAMPLE75,LIU_PATIENT75,Liu 2019,29.27,0.0,Partial Response,1.0,,,Male,Metastatic,1,0.8996977807782599,0.6848555451746472,0.8302199521176672,0.811654568404842,4.0,0.4371267369072682,-19.003297903473083,-10.79771434183234,0.5,-8.205583561640754,0.7484408968763233,0.1992171926040643,-0.5983205654236786,0.9939751516696482,0.7864932731968193,-0.0806879117446528,-0.33840000435178075,,0,1,1,,,,,
LIU_SAMPLE77,LIU_PATIENT77,Liu 2019,14.59,1.0,Progressive Disease,0.0,,,Female,Metastatic,1,0.8596982126284801,0.6427731513113061,0.5839700239422683,0.7971453939411027,7.0,0.4273171408976712,8.435610304524102,9.319612496827613,0.47510585470557404,-0.884002192303537,0.7067225430037771,0.2802069695524893,0.39071334245762945,0.21373605765695639,-0.06867856116240612,0.19613943513775423,-0.17701647257630965,,1,0,0,,,,,
LIU_SAMPLE78,LIU_PATIENT78,Liu 2019,11.7,1.0,Progressive Disease,0.0,,,Female,Metastatic,1,0.7109255378595734,0.536626596432291,0.35480941366422114,0.44199092301396825,5.0,0.3146312699491759,14.35670091916929,15.946339605965195,0.47377097051569134,-1.5896386867958758,0.42443482137102484,0.6570410446687344,0.5117900493990325,0.3392936743725146,0.6572493020657381,0.4678098884213716,1.1770999262540034,,1,0,0,,,,,
LIU_SAMPLE79,LIU_PATIENT79,Liu 2019,27.89,0.0,Progressive Disease,0.0,,,Female,Metastatic,1,0.8374810847894473,0.7255893800795097,0.5240006180112509,0.7466275867688165,9.0,0.5997404140135615,11.510245674528344,14.158257330946968,0.44841904773617336,-2.6480116564186256,0.6639831406840532,0.41710078190332206,0.6976499254269806,0.20266182637390914,0.41733737132416804,0.6868054843758943,0.6485025413255409,,1,0,0,,,,,
LIU_SAMPLE8,LIU_PATIENT8,Liu 2019,33.02,1.0,Stable Disease,,,,Male,Metastatic,1,-0.2812132823996666,-0.0868982935519856,-0.18883349813473468,-0.2280567670345213,8.0,0.1550366727423243,6.277877670821959,3.694603190513739,0.6295201523185586,2.5832744803082224,-0.1207393654341046,-0.006125841588019636,0.19460180408237637,0.14506993912237065,-0.11891513283273203,-0.471715447347134,-0.11605276291772927,,0,1,0,,,,,
LIU_SAMPLE82,LIU_PATIENT82,Liu 2019,4.3,1.0,Progressive Disease,0.0,,,Male,Metastatic,1,-1.1004137849639182,-1.32717823427325,-1.5843366889726958,-0.4412032978982563,11.0,0.057228633784886,-7.235527952444198,-8.434503015300837,0.5,1.1989750628566433,-1.0317567668072467,-1.556930170900909,-1.1649323093740438,-0.6411063950706958,-1.4193627212783506,-0.11698062081673513,-1.0782331933854485,,1,0,1,,,,,
LIU_SAMPLE83,LIU_PATIENT83,Liu 2019,2.33,1.0,Progressive Disease,0.0,,,Male,Metastatic,1,-1.0262773988255935,-1.040626451926823,-0.7765178551931362,-0.6695817110344636,7.0,-0.0572448671172106,5.615130832161326,-3.4508749733027,2.594485679305313,9.06600580546403,-0.8512411534487448,-0.8062483268380477,-0.29359909878984036,-0.5729464317178795,-0.37705846385269853,-0.3824114156574304,-0.3490874241920916,,0,1,0,,,,,
LIU_SAMPLE86,LIU_PATIENT86,Liu 2019,43.59,0.0,Stable Disease,,,,Male,Metastatic,1,1.1958882766094665,0.9438968809446574,0.9465569871269265,1.1615573306157077,5.0,0.6675572297601562,6.217832808335946,18.23504328802514,0.25427817913252515,-12.017210479689158,1.1336949734843984,0.7789385873766586,0.9579883856111767,1.343326876442676,0.8819985188108868,0.3759256344273025,0.7848810287744105,,1,0,0,,,,,
LIU_SAMPLE87,LIU_PATIENT87,Liu 2019,41.49,0.0,Partial Response,1.0,,,Female,Metastatic,1,0.7130609722220407,0.6498755263741757,0.7758121208435248,0.7431297132347952,9.0,0.5612709421659855,11.139681115778869,10.630607777586114,0.511691928864295,0.5090733381927571,0.8542050632275514,0.803355725626263,0.5389402767817882,1.262512581710151,0.6740341296040611,0.3259097329075381,-0.3062290600622337,,0,0,1,,,,,
LIU_SAMPLE9,LIU_PATIENT9,Liu 2019,31.64,0.0,Progressive Disease,0.0,,,Female,,1,-0.5503095178955868,-0.25388127822741813,-0.3335060434020095,-0.24597427103475267,7.0,-0.197852203305221,11.46762761042756,2.1668089836378677,0.8410782162732708,9.300818626789681,-0.15098044804270266,-0.18524965648872463,0.18488574813441203,-0.06740198178745928,-0.16682061384242522,-0.35255647295612114,0.48445197305624876,,0,1,0,,,,,
LIU_SAMPLE94,LIU_PATIENT94,Liu 2019,1.31,1.0,Progressive Disease,0.0,,,Female,Metastatic,1,0.8271321291498087,0.6433325338912292,0.6962382914280266,0.562987256278803,6.0,0.7867553905318088,13.486650772592094,13.404744283912354,0.5015229125991351,0.08190648867976026,0.5487987455582668,0.21522951552965264,0.5399552048109472,-0.4643389340837823,0.5228561579012103,0.5371315629643565,-0.13387964991469847,,1,0,0,,,,,
LIU_SAMPLE96,LIU_PATIENT96,Liu 2019,29.99,0.0,Complete Response,1.0,,,Male,Metastatic,1,-0.6182239025404686,-0.21658077793824684,0.17531342297780422,-0.41674319476077726,7.0,-0.058990575504226,4.360256881899946,2.875030047238719,0.6026377287595723,1.4852268346612316,-0.32298583316993823,0.09531875919676269,0.473954445951658,0.583395967141301,-0.1587697143871995,-0.14812032324133875,-0.42568852545241215,,1,0,0,,,,,
LIU_SAMPLE98,LIU_PATIENT98,Liu 2019,22.44,1.0,Progressive Disease,0.0,,,Female,Metastatic,1,1.2654555422298934,0.9245600525513195,0.666713035717611,0.7951953084939897,9.0,0.7217232622255287,12.223911266300117,19.313564927371687,0.38759954002764885,-7.08965366107156,0.8025980880908885,0.5535941545726796,0.6637542074048796,0.8215539185238095,0.7288055342181738,0.19208893368034863,0.05219801015275856,,0,1,0,,,,,
LIU_SAMPLE99,LIU_PATIENT99,Liu 2019,30.26,0.0,Partial Response,1.0,,,Male,Metastatic,1,0.2965887079751362,0.3723216522610231,0.3124105486845331,0.24721235491510168,9.0,0.5454548458075311,7.49079042137811,4.829535443758409,0.6080026213085158,2.661254977619703,0.23633900381362832,0.5556546626162572,0.08803893131469222,0.38874583300603627,0.40958294805980683,0.46294564773125774,0.5556364776443006,,1,0,0,,,,,
HUGO_PT1,HUGO_PT1,Hugo 2016,19.94,1.0,Progressive Disease,0.0,66.0,,Female,,1,0.4328646743994324,0.4243949350819637,0.37958394595106326,0.3995773488157295,6.0,0.1201425503483247,8.248767249755659,7.795754487301645,0.5141173657238942,0.4530127624540615,0.4339445633529625,0.8835412076336965,0.1600220204252654,0.6228805728557064,0.5823349392285235,0.2742875205923376,1.1535712169128998,,0,1,0,,,,,
HUGO_PT10,HUGO_PT10,Hugo 2016,12.71,0.0,Progressive Disease,0.0,60.0,,Male,,1,-1.619501622541842,-1.8164854341702144,-1.9774292853135476,-1.7936853777673702,4.0,-2.510305939192173,13.348858555008634,4.880117166240089,0.7322879112427831,8.468741388768537,-2.246285508418551,-1.7860844314183373,-0.13400130173722222,-1.2339913194632102,-0.33895074824997523,0.2598310963869883,0.8009777859220402,,0,0,0,,,,,
HUGO_PT12,HUGO_PT12,Hugo 2016,10.74,1.0,Progressive Disease,0.0,59.0,,Male,,1,-1.4657157215247496,-1.350230151036049,-0.6193428296692656,-2.0183378815688178,7.0,-1.4535050566742231,-0.7304961699315548,-6.5080180104303915,0.5,5.777521840498835,-1.6762979966162481,-0.6360983237983274,-0.46970040097105265,-1.13909280399152,-0.7130383017671994,0.07864566051111566,0.5328268927410506,,1,0,0,,,,,
HUGO_PT13,HUGO_PT13,Hugo 2016,30.12,0.0,Complete Response,1.0,53.0,,Female,,1,0.8848917776704471,0.809104665294529,0.7516038918861252,0.8840486851269744,9.0,0.5148654872117162,3.563695248370131,12.509749937089676,0.22171321749949938,-8.9460546887195,0.774099801964089,1.2191804155352026,0.6741212144070304,0.1134613852386005,0.36138299365141374,0.7651491330068699,0.7423291869844437,,1,0,0,,,,,
HUGO_PT14,HUGO_PT14,Hugo 2016,1.77,0.0,Progressive Disease,0.0,27.0,,Female,,1,0.31889349685769924,0.1753279309015625,0.16856087313350265,-0.3028133055738558,8.0,1.984414478485647,7.93685550239103,4.2880059918846944,0.6492388896272937,3.648849510506334,-0.30951635458046256,0.1564786026617463,-0.41012512988407973,-0.8110841533546628,0.23306568091159638,0.6525022237140041,0.4588974419123332,,1,0,1,,,,,
HUGO_PT15,HUGO_PT15,Hugo 2016,32.19,1.0,Partial Response,1.0,70.0,,Male,,1,0.4394377288178124,0.34550530409418656,0.2646130540428726,0.523471095478985,10.0,-0.3802467959588004,7.987469307902436,3.954882825318078,0.6688355207416281,4.03258648258437,0.4229575054031369,-0.3306308622785523,-0.6965140698318747,0.9867795977573212,0.5172090150145574,-0.19019032909482042,-0.6180762319417132,,0,1,1,,,,,
HUGO_PT16,HUGO_PT16,Hugo 2016,6.11,1.0,Progressive Disease,0.0,19.0,,Male,,1,-0.2799495712524691,-0.38847580287361516,-0.09404721159010998,-0.40572765797046006,10.0,0.1387405874871642,3.940996226367351,2.513251430326734,0.6106050520512502,1.4277447960406142,-0.41822597164280817,0.12835239072301455,-0.44576186967582815,0.026395907372727765,-0.6978951203878577,0.5416557927336793,0.16807974323131078,,1,0,0,,,,,
HUGO_PT19,HUGO_PT19,Hugo 2016,34.82,0.0,Partial Response,1.0,45.0,,Male,,1,-0.3690859666193386,-0.10094279947209735,-0.0447046104553394,0.3424964920193211,8.0,-0.4012909924422477,-8.815995698647777,-13.22422872678549,0.5,4.4082330281377615,0.40334259274260387,0.09744890063736848,-0.2664583323597552,0.6964593010392474,-0.06409253048591963,-0.40984078122312495,0.5275022799492594,,0,1,0,,,,,
HUGO_PT2,HUGO_PT2,Hugo 2016,30.45,0.0,Partial Response,1.0,55.0,,Male,,1,0.7132779616455066,0.35579015004621517,-0.20632878056482595,0.451192992861956,8.0,0.6570365031790446,-9.508820809063774,0.153659726943864,0.5,-9.662480536007633,0.355211874380607,-0.13686014349647976,0.012006814463030016,-0.12654674001702992,0.4231741558070256,0.5884757671644308,-1.4940653489119455,,0,0,1,,,,,
HUGO_PT20,HUGO_PT20,Hugo 2016,11.07,1.0,Progressive Disease,0.0,63.0,,Female,,1,1.3399594474102887,1.3955766129586404,1.7063059823619406,1.5523387005468294,9.0,1.1667741506976657,-9.40836044518078,7.5359916213692015,0.5,-16.944352066549943,1.4273493524967427,0.7474602105969317,0.8037623163390003,1.3564914970538158,0.8375406229162495,0.4660792857938292,-0.9643477215258197,,0,1,0,,,,,
HUGO_PT22,HUGO_PT22,Hugo 2016,5.98,1.0,Progressive Disease,0.0,55.0,,Male,,1,0.8551430750687764,0.7141306711937135,0.6737000881444057,0.6820366691196276,9.0,0.5869160064452815,10.113238459189322,13.637038754077627,0.4258155965244923,-3.523800294888293,0.6880037866805693,1.072997533887096,0.899977912562747,0.9831617156713724,0.6319793932040062,1.0079101814701792,1.6373809070739114,,1,0,0,,,,,
HUGO_PT23,HUGO_PT23,Hugo 2016,3.38,1.0,Progressive Disease,0.0,63.0,,Male,,1,0.8005154652697231,0.515502161119268,0.7373501844416338,0.7518242483881462,9.0,0.4289733632463612,11.431243216490023,10.84726250873897,0.5131063706640282,0.5839807077510194,0.5782805467950448,0.3812688528995043,0.27061912897718715,-0.2859878354707368,0.9243439816103294,0.6559793736454756,0.9105243684326367,,1,0,0,,,,,
HUGO_PT25,HUGO_PT25,Hugo 2016,8.61,1.0,Progressive Disease,0.0,74.0,,Male,,1,0.5823519295475322,0.8301822952565484,1.1568540540563663,0.9965299023549468,10.0,-0.1364378598090111,0.45982436420512507,-5.626813607485208,0.5,6.086637971690326,0.9745913207315884,0.4904177649263754,0.5469097828357801,0.7472061089173833,0.2703435421671919,-0.14019479665397866,-0.429482745699952,,0,0,0,,,,,
HUGO_PT27,HUGO_PT27,Hugo 2016,18.0,0.0,Complete Response,1.0,83.0,,Male,,1,0.9782934398996413,0.6930653561857275,0.5387863760979182,0.5497675053563189,7.0,0.6588657373605737,-5.0489377490252085,-0.8716613984518783,0.5,-4.177276350573343,0.4663057304468312,0.269818504686363,0.49929864965238074,0.5503047365889252,0.4105129002153788,0.39224035652702904,0.15098932689107916,,0,1,1,,,,,
HUGO_PT28,HUGO_PT28,Hugo 2016,14.42,1.0,Partial Response,1.0,82.0,,Male,,1,-0.8450263959817667,-0.3149111850364029,-1.1015206695204816,-1.164435809448885,9.0,1.3160239755521022,-4.778239701529961,2.2250970706898494,0.5,-7.003336772219796,-0.3239534115037902,0.21059972704482297,-0.8575703270394763,-0.03752032552436667,0.4892579277749009,-0.8003299343251193,-0.32580012547541964,,0,0,1,,,,,
HUGO_PT29,HUGO_PT29,Hugo 2016,8.84,1.0,Progressive Disease,0.0,84.0,,Male,,1,0.6324667301595842,0.5108495036369612,0.5347121983381248,0.8752370755071586,10.0,0.340506161996983,7.70496025884893,7.768649464674813,0.4979420055512625,-0.06368920582588745,0.7740830676943576,0.62382057073811,0.7639407213397873,0.6428209747682622,0.5699813177029401,0.6145894554667859,0.04677222109094878,,0,0,0,,,,,
HUGO_PT31,HUGO_PT31,Hugo 2016,23.13,0.0,Progressive Disease,0.0,47.0,,Male,,1,-0.3843560941071571,-0.027761452256952163,0.38999972649293485,0.002430568753745005,8.0,0.0193769144872962,4.76367830322147,-0.11856911601307467,1.025525582119703,4.882247419234529,0.12076976982697019,0.3418845328788677,0.36847622606118563,0.14710452229433701,0.11390926653032778,-0.6037489517980948,1.0419254739695978,,1,0,0,,,,,
HUGO_PT32,HUGO_PT32,Hugo 2016,5.62,1.0,Progressive Disease,0.0,47.0,,Male,,1,-0.4467460141128829,-0.4357601605884027,-0.11730083933788332,-0.3255627632040969,6.0,-1.6866884050961175,-4.537309586589955,2.101243814843173,0.5,-6.638553401433116,-0.19729868614375587,-0.13465532800408278,0.685760329120419,-0.25785409416371213,-1.115146676689759,-0.11179210441508425,1.0000269827208315,,1,0,0,,,,,
HUGO_PT35,HUGO_PT35,Hugo 2016,14.03,0.0,Partial Response,1.0,65.0,,Female,,1,0.15597567207473406,-0.03924207742034673,-0.032397021781801545,0.3219273655137308,5.0,0.1935584274470502,-5.189277417155475,-10.800994901706842,0.5,5.611717484551376,0.13018994328538191,-0.8928880698309154,-0.13068211660720816,-0.9163554119181677,-0.08305622285532747,-0.6749909732228835,-0.268388976034044,,1,0,0,,,,,
HUGO_PT37,HUGO_PT37,Hugo 2016,11.96,0.0,Partial Response,1.0,70.0,,Female,,1,-0.3937862931571356,0.1632128606562429,0.26571932738956017,0.3669036422161053,6.0,-0.0226992175212917,-12.384752180907403,-15.030651896126349,0.5,2.645899715218904,0.39882081761322286,-0.6280896262843432,-0.03949789366245407,0.4673995471063918,-1.495838500766414,-1.3549350230082449,-1.845672042722482,,1,0,0,,,,,
HUGO_PT38,HUGO_PT38,Hugo 2016,14.72,0.0,Partial Response,1.0,57.0,,Female,,1,0.9207322569776109,1.1236517100247296,1.0230786983396802,0.9468313199409137,12.0,1.274066436920067,-2.179709966527772,13.972686781219252,-0.18483119239345305,-16.15239674774709,1.1252338206597272,1.7855920915366843,0.8423836889224403,1.846701815881061,1.0535885956695838,-0.9413463633255276,-0.7503897031215647,,1,0,0,,,,,
HUGO_PT4,HUGO_PT4,Hugo 2016,31.14,0.0,Partial Response,1.0,62.0,,Male,,1,0.05991503184453726,-0.03388543329844244,0.1343387382261807,0.1663952955592704,7.0,0.433969563134562,3.706995299089888,-5.055023338500123,0.5,8.762018637590039,0.16084982576758503,-0.31847425999463824,0.4910943516968144,0.4295341059200681,-0.23737067003994353,-0.1828143215488027,-1.1092908756946533,,1,0,1,,,,,
HUGO_PT5,HUGO_PT5,Hugo 2016,14.42,0.0,Partial Response,1.0,61.0,,Male,,1,-2.399964318927157,-2.1408780771500555,-2.851074063710525,-2.1604691569911245,6.0,-1.2680083526819537,-19.685605177546726,-30.441238192451767,0.5,10.755633014905094,-2.3462524055512164,-1.268231111255299,-2.5215090468173673,-2.211930417254582,-1.7721006827345867,-1.0095222032747384,-1.022688007274099,,1,0,0,,,,,
HUGO_PT6,HUGO_PT6,Hugo 2016,28.98,0.0,Partial Response,1.0,51.0,,Male,,1,-0.8969026751517285,-1.056139304044705,-0.9924385376950556,-1.7089692797493936,5.0,-1.0301032430149413,3.0975608752551445,-3.016989451237914,38.444906653166704,6.114550326493052,-1.519917049845897,-0.3939933418236677,-0.17743945236529782,-1.5050183013013567,-0.6895786574252047,0.8969714294004651,0.15826373426905835,,1,0,0,,,,,
HUGO_PT7,HUGO_PT7,Hugo 2016,21.75,1.0,Progressive Disease,0.0,55.0,,Female,,1,-0.35865267335251216,-0.6675306412725792,-0.7479642355189237,-0.3720384778126586,5.0,-1.025555428597889,-9.861098359364503,-13.834335469579948,0.5,3.973237110215417,-0.551449798425204,-1.3369704669935256,-1.263699997217609,-0.9691675135785243,-0.2694208614665699,-0.7030844148178023,-0.831652377931041,,0,0,0,,,,,
HUGO_PT8,HUGO_PT8,Hugo 2016,,0.0,Complete Response,1.0,69.0,,Male,,1,-0.04115767355680977,-0.06206973665121618,-0.3412265440892366,-0.1114905535768019,9.0,0.0752708070029967,1.0044128108785568,2.8226367153382363,0.2624509570618134,-1.8182239044596702,-0.1804461006034411,-0.5804405989595112,0.013066388850682953,-1.000898958564643,-0.2486440684452919,-0.13273950378869617,0.34706574785410244,,1,0,1,,,,,
HUGO_PT9,HUGO_PT9,Hugo 2016,34.63,0.0,Complete Response,1.0,68.0,,Male,,1,0.3861263326422218,0.3780180988207872,0.40056749034464184,0.5505213561037041,9.0,0.0053401399857869,4.8200475844972175,7.522495812713142,0.3905230412709455,-2.7024482282159106,0.5356089634899588,0.03455525775191564,0.3815203925154795,0.8787460861372929,0.30650870891000304,0.061212424083722836,-0.017279153622782477,,1,0,0,,,,,
RIAZ_PT101_ON,RIAZ_PT101,Riaz 2017,27.4,0.0,Partial Response,1.0,47.0,White,Female,,1,0.9213767037431296,0.9943204105718176,0.7390120524594701,0.8786547526242049,9.0,1.0071387926304822,-0.7662903686931798,13.012686066419942,-0.0625727265072304,-13.778976435113128,1.0792353795727763,1.3472607692202583,0.7892010248252449,1.7213923429129305,1.0411451357982264,-0.7647183773335496,-0.15286085964972637,,0,0,0,,,,,
RIAZ_PT101_PRE,RIAZ_PT101,Riaz 2017,27.4,0.0,Partial Response,1.0,47.0,White,Female,,1,0.8784197247729403,0.9669954523756384,0.7117032525589293,0.8696469361579627,9.0,0.8366181281460181,-2.7240922061988067,10.565022230074144,-0.34741952777336976,-13.28911443627294,1.0871533829937117,1.2492638237850642,0.6693857139092599,1.7738672376907967,1.065216347992678,-0.7565843396928844,-0.9744871918206877,,0,0,0,,,,,
RIAZ_PT103_ON,RIAZ_PT103,Riaz 2017,15.9,0.0,Progressive Disease,0.0,52.0,Asian,Female,,1,-0.8586277507376079,-0.4672883652542701,-0.4469516637071187,-0.42413999525549784,7.0,-1.6276450065547945,7.789634917022048,1.2377906153432443,0.8628855357592822,6.551844301678777,-0.30532291011569124,-0.26240001819777453,-1.0170067602717323,-0.2775243480505569,0.08974615559858043,-0.40845853633226675,0.5666358805130446,,0,0,0,,,,,
RIAZ_PT103_PRE,RIAZ_PT103,Riaz 2017,15.9,0.0,Progressive Disease,0.0,52.0,Asian,Female,,1,0.5769397094227814,0.8239397656307423,0.7914420403697934,0.6723960742410946,9.0,-0.1599949241697673,3.3133182715072897,2.458018099203056,0.5740989709631984,0.8553001723042235,0.8142675418504937,0.7327802859354314,0.3973409803897788,1.086912248390797,1.032937566142752,0.8814059928700815,0.9825155098744514,,0,0,0,,,,,
RIAZ_PT105_ON,RIAZ_PT105,Riaz 2017,,,,,,,,,1,0.9899306825895676,0.8725299241291441,0.9769309260397064,0.8927144565999259,9.0,1.5102500814191653,-2.5306743286043023,6.5807839107499975,-0.6248409523930916,-9.111458239354297,0.8756046412208596,0.4267883240518076,0.74348598082851,0.5359180941978637,0.36679331749282934,0.0008652757254148602,-0.13951863658730754,,0,0,0,,,,,
RIAZ_PT106_ON,RIAZ_PT106,Riaz 2017,2.99,1.0,Progressive Disease,0.0,53.0,White,Male,,1,0.3627639372957681,0.16697521921623504,0.38153383265279683,0.2012249263645016,3.0,-0.1755273627466793,3.87539968163137,-3.254078854113615,6.237356788945929,7.129478535744987,0.23048126622062137,-0.09170532346426201,-0.15533821450186003,-0.42905680776499205,0.30012439654342354,-0.3747734481244145,0.6650333156672897,,0,0,0,,,,,
RIAZ_PT106_PRE,RIAZ_PT106,Riaz 2017,2.99,1.0,Progressive Disease,0.0,53.0,White,Male,,1,0.2967290327500847,0.1741302641726931,0.3600314651563574,0.37298372142397274,9.0,-0.8727300879522791,7.716864437280787,-0.3161617340328705,1.0427205019185701,8.033026171313667,0.3146164877244339,0.28797545185399004,-0.4829803991307226,-0.1971020014642699,-0.25917584912060676,-0.15082208870926855,0.9282564671376023,,1,0,0,,,,,
RIAZ_PT108_ON,RIAZ_PT108,Riaz 2017,29.99,0.0,Stable Disease,,37.0,White,Female,,1,-0.09237563184259484,0.0999310097032103,-0.02069482929502109,0.04052162454038435,4.0,-0.1635531738327044,-2.484137045930491,-1.8231224917808426,0.5,-0.6610145541496507,0.13078775785232016,0.2540237442933194,-0.6716698192876832,0.22064716450665425,-0.22143237978317395,0.6066729282728701,-0.0032457695732510325,,0,0,0,,,,,
RIAZ_PT10_ON,RIAZ_PT10,Riaz 2017,8.41,1.0,Stable Disease,,81.0,White,Female,,1,0.13962533059947738,-0.07130363199309536,-0.062276067766262246,-0.22591313300142848,8.0,0.595347622463216,6.599210859243045,-0.2139980046992695,1.0335146234861985,6.813208863942315,-0.22556710912612243,0.14889939929194176,0.3255311082296131,-0.1331817902097012,0.4108220738359242,0.4621959313782983,0.6120165499352523,,0,1,0,,,,,
RIAZ_PT10_PRE,RIAZ_PT10,Riaz 2017,8.41,1.0,Stable Disease,,81.0,White,Female,,1,-1.3114518529137635,-1.353850242308245,-3.593703674564509,-2.566775330189843,10.0,-1.154692340751263,-38.128257071175184,-45.151922873996895,0.5,7.023665802821638,-1.9213343118846113,-2.4860810360930206,-1.566429199184143,0.29397653852631306,-0.692122209662757,-1.0972579842866792,-1.0239842511116486,,0,1,0,,,,,
RIAZ_PT11_ON,RIAZ_PT11,Riaz 2017,27.5,1.0,Progressive Disease,0.0,61.0,White,Female,,1,0.988370452328899,0.6235898241282779,0.5267008989296857,0.5045523880308057,12.0,0.8566364206511623,4.720044140334618,11.382992317091405,0.2931151620263481,-6.662948176756815,0.5162795195597719,0.35212018508114656,0.791266836519899,0.015281718027434313,0.5941021289424231,0.6836976109516688,0.028110774039820596,,1,0,0,,,,,
RIAZ_PT11_PRE,RIAZ_PT11,Riaz 2017,27.5,1.0,Progressive Disease,0.0,61.0,White,Female,,1,0.9130430618485343,0.5443901221932832,0.3854385675955818,0.5617513062873835,8.0,0.5357420058630497,8.07893320854467,13.809772282081703,0.3690914116416979,-5.730839073537034,0.4897574912917655,0.35573991389615395,0.6272918096235385,-0.7210463928871453,0.381827415896477,0.8281926899598175,0.15633440558410208,,1,0,0,,,,,
RIAZ_PT13_ON,RIAZ_PT13,Riaz 2017,9.2,1.0,Progressive Disease,0.0,67.0,White,Male,,1,1.0243136398805317,0.7618405760362472,0.7364958891588997,0.7815043623935084,9.0,1.0133450067269487,-4.861416043450353,3.5381795424891247,0.5,-8.399595585939469,0.7182715467674363,0.3409772244194424,0.7797632800643437,0.012321303247125465,0.3722077061291933,0.05961995439149688,0.22947376713361314,,1,0,0,,,,,
RIAZ_PT16_ON,RIAZ_PT16,Riaz 2017,,,,,,,,,1,-2.1380762504548376,-2.27042566446289,-1.8390834109804266,-2.59645498028008,7.0,-1.810087454558273,2.706733936383917,-13.090589725437269,0.5,15.797323661821158,-2.6641878611455487,-1.5839462731719187,-0.9531027810261055,-1.7443922281338267,-0.7500011296880371,-0.5994223143672788,-0.46224143032205356,,0,0,0,,,,,
RIAZ_PT17_ON,RIAZ_PT17,Riaz 2017,1.87,1.0,Progressive Disease,0.0,48.0,White,Female,,1,-1.436843550353266,-1.5443583194788433,-1.3040678540976214,-1.799100500618168,6.0,0.1854186761922245,-6.459681270114611,-17.595260551229217,0.5,11.135579281114595,-1.9534988742980752,-2.6622365664968792,-0.5311037549918282,-2.7199922753207115,-1.1501064752317738,-1.557074310110144,-2.0420771638432518,,0,0,0,,,,,
RIAZ_PT17_PRE,RIAZ_PT17,Riaz 2017,1.87,1.0,Progressive Disease,0.0,48.0,White,Female,,1,-1.5311663146199883,-1.5976603933409077,-1.5345440351830655,-1.9551753561215592,4.0,0.2647601093682548,-0.0024519803887039808,-13.525399719821612,0.5,13.522947739432865,-2.042654602939447,-1.538393102190988,-1.0060369069165243,-2.453437938715276,-0.7797682298048587,-1.320241794285851,-0.978297523582693,,0,0,0,,,,,
RIAZ_PT18_ON,RIAZ_PT18,Riaz 2017,35.25,0.0,Partial Response,1.0,53.0,White,Male,,1,0.5711796637559498,0.8405188555620139,0.9142218414550187,1.021131117721008,11.0,0.7298816463888605,2.828475582718788,11.841289693774273,0.1928098731921197,-9.012814111055505,1.0924543058075395,1.1622697990726338,0.5700864070678815,1.7250923789341757,0.863726082261142,0.14540032276443665,0.1814457099850112,,0,0,0,,,,,
RIAZ_PT18_PRE,RIAZ_PT18,Riaz 2017,35.25,0.0,Partial Response,1.0,53.0,White,Male,,1,0.4647429220606328,0.48707755568412514,0.5438334288264965,0.6215527243141216,11.0,0.7375402609903895,3.2154689146589304,5.907450599680246,0.3524605154747816,-2.6919816850213207,0.7130220355621344,0.7400959513128229,0.8217720120318427,1.4903194844856633,0.5420657340353288,-0.18972738570440814,-0.45501560600322866,,1,0,0,,,,,
RIAZ_PT1_ON,RIAZ_PT1,Riaz 2017,5.26,1.0,Progressive Disease,0.0,,,,,1,0.076791288912117,-0.056789797556575344,0.003426645741310297,0.0475933145487098,7.0,0.3811455919150964,1.083134513606045,-3.806633643981344,0.5,4.889768157587386,0.06627662311962662,-0.10361499938690237,-1.5028250211017438,0.013415746045776597,0.06829627526402451,-0.25422039989232215,-0.9671548813775295,,0,0,0,,,,,
RIAZ_PT1_PRE,RIAZ_PT1,Riaz 2017,5.26,1.0,Progressive Disease,0.0,,,,,1,0.39888569260926765,0.3463145275649153,0.4073029722282646,0.3705107217957865,5.0,0.3720048928830082,-24.431002686841076,-20.145392416211166,0.5,-4.285610270629905,0.43208139691494235,0.2425830370979349,-0.1329537099129694,0.44938185445417256,-0.030070329297339958,-0.055339269019096714,-0.5453023179913757,,0,0,0,,,,,
RIAZ_PT23_ON,RIAZ_PT23,Riaz 2017,1.71,1.0,,,53.0,White,Female,,1,0.49034048204774333,0.44638648804975345,0.8078568240727984,0.6477465258391999,3.0,0.4589886331789866,-0.42222745011940127,1.6973929244193282,-0.33111581095089365,-2.119620374538731,0.655204535579616,0.3075128542263507,0.5658680750171651,0.43023100354021776,-0.07331077652479248,0.040067703484830755,0.1117470572396667,,1,0,0,,,,,
RIAZ_PT23_PRE,RIAZ_PT23,Riaz 2017,1.71,1.0,,,53.0,White,Female,,1,0.35584792164042134,0.2572715928124942,0.4866280859495134,0.40805751376321586,1.0,0.6592257927262727,4.493124704983643,8.902723028741493,0.33541174805024365,-4.4095983237578364,0.3705543317333093,0.420441009206541,0.6451618177206172,0.062439438712197294,0.5507037842981254,0.5570403177690999,1.1447550805902817,,1,0,0,,,,,
RIAZ_PT24_PRE,RIAZ_PT24,Riaz 2017,4.89,0.0,Progressive Disease,0.0,63.0,White,Male,,1,0.10679796198434598,0.3660977911886421,0.31996820844038837,0.39467059351239764,9.0,0.7722961903933877,3.230652071483632,2.7782341920506712,0.537645734965772,0.45241787943296063,0.41740487656664516,0.5494605495009388,0.4064377524169524,0.974615332626075,0.7812530346319951,1.136521981724712,0.9739008083542463,,1,0,0,,,,,
RIAZ_PT26_ON,RIAZ_PT26,Riaz 2017,31.27,0.0,Stable Disease,,22.0,White,Female,,1,-0.4876850142759394,-0.889755320651933,-1.0756603612301814,-0.7019417923138968,5.0,-0.980269692686376,-7.91694858959031,-5.1524244650290925,0.5,-2.7645241245612184,-0.8047762446737636,-0.8851119210285571,-0.6222718861220695,-0.3048434420547503,-0.5970199376165629,-1.227569339353213,-1.2138538407347554,,0,1,0,,,,,
RIAZ_PT26_PRE,RIAZ_PT26,Riaz 2017,31.27,0.0,Stable Disease,,22.0,White,Female,,1,-0.09451172049834677,-0.47858708579768894,-0.7571245099029528,-0.24365157495344658,6.0,-0.8422048703225324,-8.914686121247616,-6.140550459980003,0.5,-2.7741356612675987,-0.3302156108162553,-0.6867770915484921,-0.6454650558895675,0.18129596135416048,-0.30026630197008986,-1.329748959211645,-1.3258446769615237,,0,1,0,,,,,
RIAZ_PT27_ON,RIAZ_PT27,Riaz 2017,15.6,1.0,Progressive Disease,0.0,65.0,White,Male,,1,-0.10627288588212024,0.03508135132284448,0.1403565559190624,0.0364034161197839,7.0,0.1948342478537276,7.1308786348367095,0.1229702950656758,0.9830475798084576,7.00790833977104,0.033098607021320205,0.7048290441512494,0.20717874380917242,0.2467603397365086,0.021555069210231433,0.6005900793433284,0.4312389514658971,,1,0,0,,,,,
RIAZ_PT27_PRE,RIAZ_PT27,Riaz 2017,15.6,1.0,Progressive Disease,0.0,65.0,White,Male,,1,-0.5364948464345868,-0.36114198186780627,-0.016397394282999293,-0.14735678451652384,4.0,-0.7826559426158777,-9.153715906577235,-12.559216622723515,0.5,3.4055007161462703,-0.23317764618125633,0.30439248212235726,0.3529918700993287,0.40167958509292473,-0.31376780324817444,-0.0878447122859359,-0.9562495951340064,,1,0,0,,,,,
RIAZ_PT28_ON,RIAZ_PT28,Riaz 2017,24.31,1.0,Progressive Disease,0.0,79.0,White,Female,,1,0.767705772337631,0.727410290528481,0.9639733502540822,0.846409681065553,9.0,0.7742878262836459,6.376228858888588,6.914961173613139,0.47973348084681816,-0.5387323147245527,0.8149876881792458,0.4492286630108138,0.8452407237751478,0.7298477844018154,0.5816688303690545,0.1515855212862559,0.642202627296023,,0,0,0,,,,,
RIAZ_PT28_PRE,RIAZ_PT28,Riaz 2017,24.31,1.0,Progressive Disease,0.0,79.0,White,Female,,1,-0.02117112930731498,-0.10814366909929275,0.0867876091305318,0.20716581930517097,12.0,-0.3165115421987433,-4.0189621824160975,-7.202724117591596,0.5,3.1837619351754882,0.11597289145810796,-0.1346776301861897,0.4479985196258456,0.7161092258166742,-0.4510689995016011,-0.5553902296933487,0.08445763910560489,,0,0,0,,,,,
RIAZ_PT29_PRE,RIAZ_PT29,Riaz 2017,8.97,1.0,Progressive Disease,0.0,57.0,White,Female,,1,0.15887987779412144,0.014310624728880264,-0.09370319205654244,-0.0687271370246753,5.0,-0.0618354491465154,9.627548903060166,1.722087560891476,0.848269363837237,7.90546134216867,-0.060222939903745575,0.12442320757387147,0.4524372707538243,0.469492734931748,0.11778487215838014,0.16743716648408385,-0.5825460718332618,,0,1,0,,,,,
RIAZ_PT2_ON,RIAZ_PT2,Riaz 2017,9.03,1.0,Stable Disease,,,,,,1,0.69063863330131,0.525588475221795,0.5329279898179164,0.34088434998002565,8.0,0.8209894593300884,-2.2700702163491697,0.04580707765224133,0.5,-2.315877294001412,0.36234517030041824,0.28009928117067845,-0.40845250165879876,-1.352958545427734,-0.23006439932741762,0.32030906318281493,-0.05889867218101766,,0,0,0,,,,,
RIAZ_PT2_PRE,RIAZ_PT2,Riaz 2017,9.03,1.0,Stable Disease,,,,,,1,0.7151095014851689,0.5724721422719151,0.4998841222373253,0.4097323022221182,6.0,0.8695735041544037,2.89160832553342,4.8866383516144944,0.371755801217878,-1.9950300260810794,0.46547371289778855,0.6394096308665986,-0.41189597084992696,-0.49944038100529947,0.6537621681584055,0.6452356001840841,0.6327363375562683,,0,0,0,,,,,
RIAZ_PT30_ON,RIAZ_PT30,Riaz 2017,34.59,0.0,Complete Response,1.0,89.0,White,Female,,1,0.9900970907429532,1.1073890363007004,1.2251422387174709,1.0216609819357043,7.0,1.2523139144806714,-5.013739174785627,9.708354972947584,-1.067976462897904,-14.722094147733218,1.0701021393559493,1.0485219665460306,0.6718156299727926,0.7244040918845608,0.7855394887875226,1.2590115813891845,1.2639259607413897,,0,0,0,,,,,
RIAZ_PT30_PRE,RIAZ_PT30,Riaz 2017,34.59,0.0,Complete Response,1.0,89.0,White,Female,,1,-0.37082481656475125,-0.6621884033185802,-0.6559982196729037,-0.2370268576148883,9.0,-1.085196229909762,7.904042429215494,-3.9366541941286353,1.9922533316284963,11.840696623344138,-0.2740177442881208,-0.5197355367889841,-0.648790944246333,0.20205199666713547,0.3324100092439538,-0.5523973786798443,-1.0306650303939247,,0,0,0,,,,,
RIAZ_PT31_ON,RIAZ_PT31,Riaz 2017,31.57,0.0,Progressive Disease,0.0,56.0,White,Female,,1,0.8760039350490493,0.7912971799744044,0.6262901399483217,0.6580540237418347,10.0,1.085978957634998,-0.13392162636655672,5.1539386268367675,-0.02667752446934197,-5.287860253203319,0.6996737286093264,0.9258020380578404,-0.360221533920831,0.899766086452332,0.5759711076530427,0.7386625463484764,-1.4880003991067974,,0,1,0,,,,,
RIAZ_PT31_PRE,RIAZ_PT31,Riaz 2017,31.57,0.0,Progressive Disease,0.0,56.0,White,Female,,1,0.5158500281795545,0.40203987290521376,0.2314465332890755,0.3522296769048544,8.0,0.2780356079469404,-0.7021437961372857,2.888848990000142,-0.32109668834550825,-3.5909927861374302,0.3798782717344619,0.38360585979307976,-0.6029135467543645,0.7711711713068997,0.3138511329906097,-0.14521881008699827,-0.5260357731204832,,0,1,0,,,,,
RIAZ_PT32_ON,RIAZ_PT32,Riaz 2017,3.75,0.0,Progressive Disease,0.0,34.0,White,Male,,1,0.1292320600323783,0.18575776900290064,0.06346026886735205,-0.2965769287762765,10.0,2.632215392133386,-55.1929024618893,0.8493922991533912,0.5,-56.04229476104279,-0.12649397205653887,0.15436140873047696,0.16227668421996122,0.49006091272722446,-0.01109622484135384,0.7488018656198181,-1.7415158686593388,,0,0,0,,,,,
RIAZ_PT34_ON,RIAZ_PT34,Riaz 2017,27.4,0.0,Partial Response,1.0,71.0,White,Male,,1,0.3782191904595704,0.7882345253485383,0.9019752016330063,0.8990936977534822,9.0,0.5254631125303102,-9.329845137563527,-2.600608702393151,0.5,-6.729236435170367,0.8747294363742835,0.7299848308515134,-0.08303703464289784,0.13045053132836917,0.5985307984184818,0.7535175656421098,1.1940838409454195,,0,0,0,,,,,
RIAZ_PT34_PRE,RIAZ_PT34,Riaz 2017,27.4,0.0,Partial Response,1.0,71.0,White,Male,,1,0.7983896808022463,0.9150115545677918,0.8523880768630447,0.8577611718721416,10.0,0.8629068957751453,-4.718899095671647,-1.8929527871822758,0.5,-2.825946308489367,0.8251266980223518,0.8526984139522571,-0.07156316305002748,0.0023258314985014996,0.4985204963046212,0.8666436431465268,0.8049660108821594,,1,0,0,,,,,
RIAZ_PT35_ON,RIAZ_PT35,Riaz 2017,,,,,,,,,1,0.8574639710202056,0.8640918318510883,0.8331905588586785,0.8786959320420431,8.0,0.7315513651532138,-5.408991734349516,-2.65967203405802,0.5,-2.7493197002914913,0.8366385985063993,0.6722225611972689,0.5181326571277333,-0.05869679249258156,-0.1541505606175101,-0.1381162046940788,-0.6055586988198922,,0,0,0,,,,,
RIAZ_PT36_ON,RIAZ_PT36,Riaz 2017,35.51,0.0,Stable Disease,,58.0,White,Male,,1,0.2693026212216129,0.46683167380068175,0.6804472077868493,0.44057739345081975,9.0,0.8460086412678753,12.543725403939241,6.3309191437285826,0.6645807486472195,6.212806260210657,0.43139333755204273,0.37430134320926056,-0.15530566081275743,0.8113884138225412,0.33226318497981516,0.6579690997942045,0.5347792486140306,,0,0,0,,,,,
RIAZ_PT36_PRE,RIAZ_PT36,Riaz 2017,35.51,0.0,Stable Disease,,58.0,White,Male,,1,-1.17381279662121,-0.5770490547894864,-0.37243310128751295,-0.8092084639753334,8.0,-0.6381661350519215,2.9501159063718116,2.2318559037833885,0.5693037350358444,0.7182600025884175,-0.7649246074809828,-0.49789331595718744,0.16484629523083258,-0.4237343508943228,-0.4056450100795657,1.3062036863328106,1.8205554073525643,,0,0,0,,,,,
RIAZ_PT37_ON,RIAZ_PT37,Riaz 2017,21.22,1.0,Stable Disease,,63.0,White,Male,,1,0.31352438230549634,0.22302037481088527,0.2389833734251653,-0.05441876220068115,3.0,-0.1934878216400197,-2.4268328588064514,1.5609409206371039,0.5,-3.987773779443555,0.24411545547282038,-0.2017055148390888,-0.021852133498179327,-0.5213056570324556,0.16158949918959828,0.23466913732724604,-0.20788845818723373,,0,1,0,,,,,
RIAZ_PT37_PRE,RIAZ_PT37,Riaz 2017,21.22,1.0,Stable Disease,,63.0,White,Male,,1,-0.3587097235647428,-0.2314588378578283,-0.40255999670207543,-0.3231762515299481,5.0,-0.9567871710265424,5.835439596062138,2.664189691636138,0.6865522481678012,3.171249904426015,-0.1819428274746711,-0.08190106367514448,-0.421917811240762,-0.8368898048811771,0.03745346189194554,-0.34641908807522614,0.5698009591675562,,0,1,0,,,,,
RIAZ_PT38_ON,RIAZ_PT38,Riaz 2017,5.49,1.0,Stable Disease,,54.0,White,Female,,1,-0.8047385743310751,-0.9604235009516776,-1.125793642161347,-0.7735164932099584,4.0,-1.706714390773431,-3.255293624943891,-13.849860737469479,0.5,10.594567112525649,-1.0410338892034563,-1.3122063833306357,-1.440161285193307,-1.1205991039229144,-1.3231874819355238,-0.7373001744284745,-0.9861976545242983,,0,0,0,,,,,
RIAZ_PT38_PRE,RIAZ_PT38,Riaz 2017,5.49,1.0,Stable Disease,,54.0,White,Female,,1,-1.0791999679076216,-1.0955559356010869,-1.459386248605477,-1.013571850537638,3.0,-1.3960575393859354,1.1985897719733416,-12.802870558584177,0.5,14.001460330557512,-1.2800081790147453,-1.3545200240431274,-1.1429068085571885,-1.4644573319720695,-1.293974723403351,-0.8196491462398956,-1.106896601180333,,0,0,1,,,,,
RIAZ_PT39_PRE,RIAZ_PT39,Riaz 2017,5.45,1.0,Progressive Disease,0.0,,,,,1,-2.1975912053835605,-2.835360455038864,-2.4612678467329605,-3.3520183742360414,10.0,-3.295771002980899,-8.964977278318162,-31.639604316397882,0.5,22.674627038079766,-3.801147920861984,-2.0208857415161483,-0.6828545855075333,-3.210398562434093,-1.7876125049052507,-1.4693041770146458,-1.026460271660713,,0,0,0,,,,,
RIAZ_PT3_ON,RIAZ_PT3,Riaz 2017,37.58,0.0,Partial Response,1.0,52.0,White,Male,,1,0.21635480736634582,0.22498761206930668,0.29596010010002954,0.2176528378374328,7.0,0.3011680855594831,10.676737928659836,11.624933786134036,0.4787415968273533,-0.948195857474191,0.2460282293264633,0.1625468694660363,0.3855731420183943,0.687958112714458,0.3507571556438674,-0.07327591939260228,0.564601463966643,,0,1,1,,,,,
RIAZ_PT3_PRE,RIAZ_PT3,Riaz 2017,37.58,0.0,Partial Response,1.0,52.0,White,Male,,1,-0.6519612826203386,-0.8716032643332282,-1.1740468833022373,-0.8501155946556355,7.0,-1.0497158104982645,4.761568758409753,-4.2625463162833475,9.541792826230479,9.024115074693087,-0.8332398880119883,-0.42047325784160794,-0.05286996726070441,-1.2620935789321024,-0.022845056307754553,-0.37948969626088236,0.3898473693785267,,0,1,1,,,,,
RIAZ_PT44_ON,RIAZ_PT44,Riaz 2017,35.91,0.0,Partial Response,1.0,61.0,White,Male,,1,0.2769527657688233,0.5316962145931485,0.7676453028748906,0.7237382651140369,7.0,-0.1246689069997681,-4.430834488629623,2.8984344291645048,0.5,-7.329268917794135,0.6865905137342192,0.2721630291037672,0.2934961062671883,0.649958639020701,0.11653090075231362,0.6059679098683514,2.1524252943547646,,0,0,0,,,,,
RIAZ_PT44_PRE,RIAZ_PT44,Riaz 2017,35.91,0.0,Partial Response,1.0,61.0,White,Male,,1,0.8277180015633157,0.5375093898233191,0.6240660545245549,0.5677129267586727,11.0,0.3504663044896677,6.652705320125459,10.176270672828455,0.3953125444418522,-3.523565352703,0.5340200760968091,0.4457574586033635,0.7316308293210967,0.3591554814051692,0.6647002289048363,0.7049688581074797,0.74776905296895,,1,0,0,,,,,
RIAZ_PT46_ON,RIAZ_PT46,Riaz 2017,7.46,1.0,Progressive Disease,0.0,79.0,White,Male,,1,0.5779213630480454,0.6632605383205409,0.6316732329012338,0.32968954166947373,8.0,0.9481173752330136,-4.333546974917476,-1.3028154642358596,0.5,-3.030731510681628,0.4039639307967285,0.7456771401473921,0.425984566321398,-0.7589872425241562,0.28572772518876854,0.7478071841229624,1.1610979658648906,,0,0,0,,,,,
RIAZ_PT46_PRE,RIAZ_PT46,Riaz 2017,7.46,1.0,Progressive Disease,0.0,79.0,White,Male,,1,0.27274367126685745,0.6051315110136725,0.6037040881984097,0.3121864360346073,7.0,0.7656331681737525,1.193264038517617,1.0787747508296592,0.5251952757639425,0.1144892876879557,0.4361550705077144,0.8775670244376822,0.46528311288304,0.3238597833724495,0.5452481466551474,1.085257516849113,1.320311368220715,,1,0,0,,,,,
RIAZ_PT47_ON,RIAZ_PT47,Riaz 2017,23.59,1.0,Progressive Disease,0.0,52.0,White,Male,,1,0.28154744768394907,0.08535973104545884,-0.039404382826095444,0.02500323345317565,4.0,0.4182707902382122,11.894679765257479,12.563199417630033,0.48633324567159736,-0.6685196523726014,0.02204884352619935,0.6304342288931547,0.0337936841946572,-0.9711167707542234,0.35682019071110255,0.6300365027943209,0.6892396030283945,,1,0,0,,,,,
RIAZ_PT47_PRE,RIAZ_PT47,Riaz 2017,23.59,1.0,Progressive Disease,0.0,52.0,White,Male,,1,0.16834780137911554,0.03807027573717603,-0.04663912885661495,-0.1086685407158163,5.0,0.3683285194480665,9.975619255185483,11.063731397935332,0.47414102363020305,-1.0881121427498817,-0.029359191430812427,0.7068242611180008,-0.006254794328470634,-0.19793500015380774,0.6256349062972595,0.6030000057217557,0.9768860306152611,,0,0,0,,,,,
RIAZ_PT48_ON,RIAZ_PT48,Riaz 2017,34.36,0.0,Complete Response,1.0,44.0,White,Male,,1,-0.9006853929135242,-0.23059534072080448,0.007691120177126254,-0.0287221842723968,10.0,-0.6247758073321077,-12.769590322336708,1.555888095116125,0.5,-14.32547841745279,-0.07991763811070213,0.031777764690776755,0.5872920129480903,0.5025042611238929,-0.42573413142576805,0.8344845602550117,-0.21527454055211923,,0,0,0,,,,,
RIAZ_PT48_PRE,RIAZ_PT48,Riaz 2017,34.36,0.0,Complete Response,1.0,44.0,White,Male,,1,0.2900683622800034,0.1926739726571436,0.18882870731818574,0.29630702004455395,11.0,-0.1620157502248947,-3.593271812564722,6.714612720040569,-1.1511949252190186,-10.30788453260526,0.23114747374369532,0.23736789728849397,0.603591439900878,0.6176633404890167,0.2622511373059938,0.969141619981912,0.299020284032095,,0,0,0,,,,,
RIAZ_PT49_ON,RIAZ_PT49,Riaz 2017,27.17,0.0,Partial Response,1.0,52.0,White,Female,,1,1.406766732167166,1.261253193042407,1.2896735444576657,1.126894467446395,8.0,1.127243494170747,5.104875495955372,16.000573995470035,0.24187475836652278,-10.895698499514662,1.1170342085368528,0.8748072779812892,0.7027499718051837,0.8331668695706385,0.6815602746862659,1.3710847637474586,0.7113897805373652,,0,0,0,,,,,
RIAZ_PT49_PRE,RIAZ_PT49,Riaz 2017,27.17,0.0,Partial Response,1.0,52.0,White,Female,,1,1.068924048270097,0.857282357203001,0.7607329919688675,0.7233920092255219,8.0,0.7619858254163661,7.310871755971059,13.683015742079782,0.34823811248154163,-6.372143986108714,0.7549616650737562,0.8159849071660693,0.18905688664737588,1.0583102971190423,0.546558565749355,0.3296291749208423,0.898947266803532,,0,1,0,,,,,
RIAZ_PT4_ON,RIAZ_PT4,Riaz 2017,20.8,1.0,Stable Disease,,62.0,White,Female,,1,1.105547459406029,1.008916499256974,1.101414549709041,1.0774921068051952,8.0,1.1047722669037672,2.1613618752961044,14.292849505856235,0.13135615103206102,-12.131487630560127,1.0411424857242708,0.7680193498749638,0.7946418026974097,0.9956137357622143,0.5204693017893822,0.6843770253738344,0.8927607312934098,,0,0,0,,,,,
RIAZ_PT4_PRE,RIAZ_PT4,Riaz 2017,20.8,1.0,Stable Disease,,62.0,White,Female,,1,-0.3211135440726199,-0.1929649545533708,0.26494078092990364,0.32969154020166214,5.0,-0.8184970097124872,1.2090577742184203,-2.3695601528979653,0.5,3.5786179271164014,0.252690444850006,-0.1801415611970177,0.4388179243786983,0.5458386787297022,-0.5435563846731211,-0.29729114412931984,-1.348974704094077,,0,1,0,,,,,
RIAZ_PT52_ON,RIAZ_PT52,Riaz 2017,15.64,1.0,Progressive Disease,0.0,45.0,White,Female,,1,-0.06404984174426834,-0.12226801711853989,-0.0025307078157943003,-0.07420882309267555,5.0,-0.0530445311977759,12.132515003501565,11.228221663689544,0.519354983378629,0.9042933398120139,-0.10329746260575592,0.07097985113772996,0.6626274693055633,-0.09164001674260792,-0.27821146566739124,0.5664093670266326,0.41770581024869685,,1,0,0,,,,,
RIAZ_PT52_PRE,RIAZ_PT52,Riaz 2017,15.64,1.0,Progressive Disease,0.0,45.0,White,Female,,1,-0.5653878179002196,-0.1877824972529341,-0.09477537082070636,-0.0947652819048425,7.0,-0.2985389519763561,3.2165064028497015,5.221184969974223,0.3812069274315259,-2.0046785671245315,-0.0367724281918313,-0.027480560195518366,0.28757765192071677,0.003184149239385666,-0.4038813539873848,0.5217592789619421,0.18911647655382038,,1,0,0,,,,,
RIAZ_PT58_ON,RIAZ_PT58,Riaz 2017,16.39,1.0,Stable Disease,,53.0,White,Female,,1,1.0719172512951831,0.7808398574445855,0.6818817744287327,0.7227284616755247,5.0,0.8336647867721219,-2.315523304674681,4.879299817520324,-0.903168935776147,-7.194823122194994,0.6849911169793796,0.5140400162556434,0.39822169434905824,0.2578767766343989,0.490357685540366,0.07182603442868726,-0.211567088170872,,1,0,1,,,,,
RIAZ_PT59_PRE,RIAZ_PT59,Riaz 2017,23.26,1.0,Stable Disease,,49.0,White,Female,,1,0.716998156885282,0.647866299204747,0.7377613457090964,0.5951565287995034,8.0,0.8294280270009594,7.884505828794977,6.524180779103383,0.5472050328635057,1.3603250496915902,0.5642690135781022,0.42162897100150404,0.4844143300303725,0.6972958432619487,0.4778183077507979,0.5131154155109314,0.5209737688154403,,0,1,0,,,,,
RIAZ_PT5_ON,RIAZ_PT5,Riaz 2017,7.29,1.0,Progressive Disease,0.0,58.0,White,Female,,1,0.23378914918333282,0.23727965582512928,0.34289826044704863,0.33527935946121984,8.0,0.4788974121150225,-2.253320092067943,-4.146994045346644,0.5,1.8936739532787,0.27909870649360136,-0.147740072298492,-1.114886526423895,-0.4392442709554238,-0.024939898112010295,0.5548335462088371,-1.0515408714173264,,0,0,0,,,,,
RIAZ_PT5_PRE,RIAZ_PT5,Riaz 2017,7.29,1.0,Progressive Disease,0.0,58.0,White,Female,,1,0.34173651237648234,0.42277623283033927,0.6180117371607271,0.5397773507179567,9.0,0.1223298251085286,-3.809352432635286,-3.2333033508077165,0.5,-0.5760490818275597,0.5310420688337023,0.34009801985927335,0.27581289297444345,0.5939735941630255,0.1755113630161596,0.04800215315358127,-1.128354119804716,,0,0,0,,,,,
RIAZ_PT62_ON,RIAZ_PT62,Riaz 2017,15.51,1.0,Progressive Disease,0.0,,,,,1,-0.3129399489882931,-0.5482971080102766,-0.4424718613543216,-0.5762975884872711,8.0,0.0055030705138656,-1.5568135003155863,-7.9704103390420125,0.5,6.413596838726424,-0.6307490588863358,-1.1821287482174565,-0.853450070920231,-0.8739095846817712,-0.2897847804577415,-0.10669442345822806,-0.9878431597981352,,0,0,0,,,,,
RIAZ_PT62_PRE,RIAZ_PT62,Riaz 2017,15.51,1.0,Progressive Disease,0.0,,,,,1,-0.5229077660782594,-0.5103956669905194,-1.0994296673050419,-0.31626565038711985,8.0,-0.332662510332902,-9.258827895450978,-18.843860548821873,0.5,9.585032653370924,-0.3790732041432801,-1.0540007155587132,-0.2405101725175951,-0.8938537172678965,-0.14540462827446773,-1.11483261455765,-1.8053210161810178,,0,0,0,,,,,
RIAZ_PT65_ON,RIAZ_PT65,Riaz 2017,22.73,0.0,Stable Disease,,63.0,White,Female,,1,0.9097542088583302,0.5623392872730891,0.46364069789493,0.46348255730391985,6.0,0.5196067928687402,2.1282337264433173,6.9972283663398365,0.23321928301323228,-4.86899463989653,0.48042065199163453,0.47483110183328964,-0.3019916024148897,0.5603112103467259,0.33867009910341705,-0.22932064210504616,0.4962205220587413,,0,0,0,,,,,
RIAZ_PT65_PRE,RIAZ_PT65,Riaz 2017,22.73,0.0,Stable Disease,,63.0,White,Female,,1,0.7063978944072105,0.45008489946557784,0.1689100764892348,0.4013020552397524,8.0,0.3098287222902959,10.278020407925194,8.675559825757704,0.5422732951350192,1.6024605821674653,0.43315942590629664,0.5100778842124128,0.3300821914569792,0.919247226540017,0.5348305455538357,-0.31059067581595334,0.6875699028648166,,0,0,0,,,,,
RIAZ_PT66_PRE,RIAZ_PT66,Riaz 2017,17.81,1.0,Progressive Disease,0.0,49.0,White,Female,,1,-0.5671028694245411,-0.71442516666132,-0.5456882946231412,-0.17355355830559527,9.0,-0.3028070194744304,8.065615279275447,4.697691732451248,0.6319377314879996,3.367923546824201,-0.49989949552594515,-0.8935423925778475,-0.08955250254033058,-0.3586013638192708,-0.2156932410668965,-0.3722094983548699,-1.3338669357850255,,1,0,0,,,,,
RIAZ_PT67_ON,RIAZ_PT67,Riaz 2017,33.9,0.0,Stable Disease,,33.0,White,Female,,1,-0.4449244586560351,-0.2436462993610767,0.18679402889069885,0.30437213923346945,10.0,-0.7704038754882218,-17.0955562986613,-9.325235014105454,0.5,-7.7703212845558465,0.30990860471216924,-0.7819654683421046,-0.050524010486479254,0.395369946588824,-1.268300381071481,-1.4503567204058174,-1.2581452193965794,,0,0,0,,,,,
RIAZ_PT67_PRE,RIAZ_PT67,Riaz 2017,33.9,0.0,Stable Disease,,33.0,White,Female,,1,-0.6829169848496693,-0.162893200088453,0.1979753125521609,0.34724323407064117,8.0,-0.8981205191241626,-4.886165458419402,-0.24443779080540604,0.5,-4.641727667614004,0.31033352941080905,-0.34626355203491294,-0.1261101872263711,0.8346179981879076,-0.8657012078149618,-1.1357215240951992,-0.9618302762934191,,0,0,0,,,,,
RIAZ_PT68_ON,RIAZ_PT68,Riaz 2017,27.66,0.0,Partial Response,1.0,69.0,White,Male,,1,-1.3598897625813828,-0.9589629501908119,-0.8584965327600567,-0.8430292554430632,6.0,-0.8701472097590666,-5.768673653879941,-16.138994786862877,0.5,10.370321132982928,-0.7255340527252662,-0.5834221409278908,-0.6190927746009681,0.4035287999250488,-0.4220437148721336,-0.7065803929295447,-0.405939756493576,,0,0,0,,,,,
RIAZ_PT69_ON,RIAZ_PT69,Riaz 2017,,,,,,,,,1,0.820562607841547,1.06565077132628,1.0910977068338619,0.9871940062523288,10.0,0.7163362424875751,-6.610640388284354,1.69026935400928,0.5,-8.300909742293644,1.0109607918221266,0.9131375088923844,0.41160793259015066,0.9786405222049703,0.38732725370004756,0.960852356585379,1.2945746515953462,,0,0,0,,,,,
RIAZ_PT72_PRE,RIAZ_PT72,Riaz 2017,25.3,1.0,Partial Response,1.0,43.0,White,Female,,1,-1.067615547053412,-1.2516439958801533,-1.6507642687097297,-2.959459871832164,5.0,-0.8262653448112776,-12.879395943570442,-20.219653147348634,0.5,7.3402572037782186,-2.2685626369057115,-1.3397182787532327,-1.660621611310079,-1.570388595361097,-1.762982963556448,-0.6122312272422022,-1.0564538268769912,,1,0,0,,,,,
RIAZ_PT76_PRE,RIAZ_PT76,Riaz 2017,0.33,1.0,,,60.0,White,Male,,1,-1.7786508468376627,-1.0685139219758888,-0.24622390699440216,-0.8187504693905971,3.0,1.1262194172820323,-14.393324108277513,-8.009416535434335,0.5,-6.383907572843194,-0.8925484510125103,-2.382545612432424,-1.0811454121735296,-1.7761740654798743,-0.8986709275416718,-1.0576056147510884,0.22130927375676118,,0,1,0,,,,,
RIAZ_PT77_ON,RIAZ_PT77,Riaz 2017,15.47,1.0,Stable Disease,,56.0,White,Female,,1,0.6544996933313548,0.8855210774492583,0.8431227626454705,0.8962070530506256,8.0,0.6469278902945259,3.881526902828962,15.243137985303461,0.2029592113395721,-11.361611082474502,1.0280890731764998,1.2425729378082087,0.6198663575216979,1.60726435648862,0.9546450812076221,-0.10073880052000976,1.1852512215202373,,0,0,0,,,,,
RIAZ_PT77_PRE,RIAZ_PT77,Riaz 2017,15.47,1.0,Stable Disease,,56.0,White,Female,,1,0.6044254426217651,0.6489965110761848,0.5227380274848172,0.7739952877640385,7.0,1.247768521295424,-0.22596996443856524,6.09037935018336,-0.03853243346002634,-6.316349314621911,0.8275211266071373,0.824690840143523,0.9399130379502987,1.433095662013061,0.8577083267781338,-0.32020769884406947,0.2593291852942175,,1,0,0,,,,,
RIAZ_PT78_ON,RIAZ_PT78,Riaz 2017,2.56,1.0,Progressive Disease,0.0,,,,,1,-0.06145972158411019,-0.03685236136508508,0.09306247650268874,0.10797322051779021,7.0,-0.4008257547491674,0.5156942679218225,0.5621059741936557,0.4784692448292934,-0.046411706271836065,0.05232344898672693,0.16638193103147828,0.8943936162067342,-0.4749576020703657,-0.5272945070211791,0.315024299977688,0.4541097158830438,,0,0,0,,,,,
RIAZ_PT78_PRE,RIAZ_PT78,Riaz 2017,2.56,1.0,Progressive Disease,0.0,,,,,1,-2.154990926700967,-2.493606233899319,-2.976055310600338,-1.6812909866755894,6.0,-3.105584663552027,-10.735565473512954,-32.50400539882577,0.5,21.768439925312776,-1.5505354591355691,-0.5061598318844929,-0.04969183037613034,-1.386346683282967,-2.3232063377390153,-1.9224417502308249,-0.8199537681801028,,0,0,0,,,,,
RIAZ_PT79_ON,RIAZ_PT79,Riaz 2017,7.16,1.0,Stable Disease,,64.0,White,Male,,1,0.4792341975410732,0.14634907812165382,-0.013054277587157603,0.2500563168779209,9.0,-0.2003454179782111,10.5610723622164,9.586070159951891,0.5241970344229137,0.9750022022645037,0.18456484861012484,-0.1797906860780787,0.2578576312870234,-0.30528975043027473,0.025927087780831682,-0.16863780107542314,-0.25054050256958627,,0,0,0,,,,,
RIAZ_PT79_PRE,RIAZ_PT79,Riaz 2017,7.16,1.0,Stable Disease,,64.0,White,Male,,1,0.19488964582424786,-0.035164038121115626,-0.1515065574019774,0.008158170426485799,7.0,-0.5573777158638497,-1.6196171534750468,-2.832362452095236,0.5,1.2127452986201936,-0.07312849099126009,-0.7543521781868514,-0.3329682356137125,-1.1169622478334642,-0.26349805513821606,-0.9720448346118621,-0.6390224249148688,,0,0,0,,,,,
RIAZ_PT80_ON,RIAZ_PT80,Riaz 2017,,,,,,,,,1,0.6149116382726951,0.5534701795796193,0.5812451152191946,0.7087401374536043,11.0,0.6156306522334862,18.258233607944508,11.396612240357777,0.6156914017136857,6.861621367586732,0.6505582895966531,0.31063792529023887,0.623323176230527,0.14223814790702624,0.5493087073811699,0.15379541330407032,-0.3036374752581805,,0,0,0,,,,,
RIAZ_PT81_ON,RIAZ_PT81,Riaz 2017,,,,,,,,,1,1.0216707176139728,1.0116171999517687,1.0609159078835488,0.9528420080761644,6.0,0.5409461056880646,3.8669063139518283,11.051710243724546,0.25920006047491795,-7.184803929772721,0.9965720753089726,0.4660661231387186,0.5102464594292608,-0.0280190090762534,0.23534658175483467,0.28214222886226326,0.5289710674823079,,0,0,0,,,,,
RIAZ_PT82_ON,RIAZ_PT82,Riaz 2017,14.09,1.0,Stable Disease,,60.0,White,Female,,1,0.7389665288955575,0.6748460149633575,0.6007761520894563,0.6217156223260649,5.0,0.7860126002093558,7.706921277930475,9.953342169328316,0.436398998290523,-2.246420891397862,0.6272129305407389,0.642309259949162,0.30393913891184554,0.5913960510353452,0.5725739450590601,0.5736667488014516,0.003333371747632319,,0,0,0,,,,,
RIAZ_PT82_PRE,RIAZ_PT82,Riaz 2017,14.09,1.0,Stable Disease,,60.0,White,Female,,1,0.27978600978970175,0.1708087026569098,0.0032231812671302124,0.2562267390986273,9.0,0.1349605555788974,4.242592278689663,0.43869750249074757,0.9062870441700944,3.8038947761989172,0.26573461352411776,0.26113300777545717,0.09494543805175659,0.3353398884437255,0.34997797129635383,0.31758460769765395,0.27881036579675644,,0,0,0,,,,,
RIAZ_PT84_ON,RIAZ_PT84,Riaz 2017,4.96,1.0,Progressive Disease,0.0,48.0,White,Female,,1,-2.311492737867963,-1.7930180357971142,-2.0161973086962863,-2.9168065541959924,7.0,-1.424040867899921,3.6839620653088816,-16.81492303954361,0.5,20.498885104852544,-2.7723408109215435,-1.7175708953405,-0.148492884323589,-0.840945586687214,-1.4665125085816333,-1.1837823212016936,0.17422351109226464,,0,0,0,,,,,
RIAZ_PT84_PRE,RIAZ_PT84,Riaz 2017,4.96,1.0,Progressive Disease,0.0,48.0,White,Female,,1,-3.1023820342768897,-2.1920854454181953,-2.484514899143044,-2.3265582160514926,6.0,-1.2575926849576513,-0.35869884548741626,-19.58705520174367,0.5,19.22835635625626,-2.4915229774212104,-1.6970811567630772,-0.8906421833848842,-1.1954803775685214,-2.03113261929023,-1.4368098088486,-0.18474610780785322,,0,0,0,,,,,
RIAZ_PT85_ON,RIAZ_PT85,Riaz 2017,29.7,0.0,Progressive Disease,0.0,66.0,White,Male,,1,-1.0300790189862752,-0.9050260996111212,-0.8310280602661799,-0.84310420594108,6.0,-1.9886011219739692,-0.9577441621397669,-6.365203616048277,0.5,5.407459453908486,-0.7194939471044621,-0.4884760777676318,-1.4440411326961158,0.42046452186676797,-0.5256366350211219,-0.46971045471327677,-0.04963738409448104,,0,0,0,,,,,
RIAZ_PT85_PRE,RIAZ_PT85,Riaz 2017,29.7,0.0,Progressive Disease,0.0,66.0,White,Male,,1,-1.471437155148979,-2.1705513653726793,-2.867839931855033,-3.0727363331046083,6.0,-2.695131382490569,-15.570578400359501,-22.433258313444913,0.5,6.862679913085349,-2.9119247018376244,-1.6306846309108078,-3.1321409331493957,-0.809478906583664,-0.7980990325961888,-0.6080444151071825,-1.2023268818777166,,0,1,0,,,,,
RIAZ_PT87_ON,RIAZ_PT87,Riaz 2017,32.0,0.0,Stable Disease,,68.0,White,Male,,1,1.4501776278167198,1.219084234312875,1.092611693486709,1.095431183539679,7.0,1.509899227197261,-3.836359650599379,13.962558170043161,-0.37885487265858037,-17.798917820642526,1.0731063397746885,1.0948915832407242,1.0908584571954754,1.0529418719998043,0.9225155537488909,1.3936912457392299,0.22640109935016622,,0,0,0,,,,,
RIAZ_PT89_ON,RIAZ_PT89,Riaz 2017,27.73,1.0,Stable Disease,,56.0,White,Male,,1,0.5714543320593856,0.3056623033216739,0.33086461087069363,0.19246903972503565,7.0,0.2170748451293578,14.224436707736878,12.905346193450006,0.5243107458524698,1.3190905142868838,0.2123500130678152,0.26495944582010994,0.35265167428315136,0.12396891665229899,0.6028524019653634,0.5934633372286401,0.9731229595146236,,0,0,0,,,,,
RIAZ_PT89_PRE,RIAZ_PT89,Riaz 2017,27.73,1.0,Stable Disease,,56.0,White,Male,,1,-0.35266627851505494,-0.3878470533297633,-0.2784518821428153,-0.3021846195475533,7.0,-0.9139292332202904,11.463084008926193,8.798468699885643,0.5657554568333181,2.664615309040563,-0.2722088187085122,-0.06350774391712992,0.06052692599936187,-0.16519925313149086,0.08139592320309715,0.10449239677840864,1.1126705807263888,,0,0,0,,,,,
RIAZ_PT8_ON,RIAZ_PT8,Riaz 2017,8.51,1.0,Progressive Disease,0.0,40.0,White,Male,,1,0.2847438592844297,0.1694774744512198,0.19239379022436584,0.3235769530327115,6.0,-0.0874603966631117,-1.3479997233971566,-0.7143174612092673,0.5,-0.6336822621878927,0.2333808643658754,-0.2031154769159281,0.24187270536145763,-0.12895267274658337,0.15000452238133202,-0.3431321643829467,-0.13264638760814496,,0,0,0,,,,,
RIAZ_PT8_PRE,RIAZ_PT8,Riaz 2017,8.51,1.0,Progressive Disease,0.0,40.0,White,Male,,1,0.06749305427145542,0.11608419238614032,0.2569952609394743,0.26504734932842233,6.0,-0.525806027687504,4.8548570948901135,5.308254025282528,0.47769398931925133,-0.4533969303924225,0.24299407047016255,0.07396204855956033,0.30367513066154433,0.6282560789787216,0.34682265875954993,0.17307343046081436,1.2804865848614184,,0,0,0,,,,,
RIAZ_PT90_PRE,RIAZ_PT90,Riaz 2017,5.72,1.0,Progressive Disease,0.0,60.0,White,Female,,1,0.20458419558512939,0.34186533298192,0.6034416330371171,0.5157379714052954,7.0,0.5604687424786842,2.2152844921255133,4.2600530868538,0.342111042877042,-2.0447685947282963,0.4782729754977155,0.31713611719328955,0.4995470921875691,0.3108435946934854,0.2886315051712869,0.4812299235535459,-0.37043223856650187,,0,1,0,,,,,
RIAZ_PT92_ON,RIAZ_PT92,Riaz 2017,10.94,1.0,Stable Disease,,58.0,White,Male,,1,1.3528369631493364,1.2953120078855427,1.3110393895809564,1.2156324359670503,8.0,1.406586556780607,-3.979856180135524,10.12893702877279,-0.6472278179620169,-14.108793208908308,1.2027134770964076,0.8111837263340324,0.8378624123708214,0.9157216216718416,0.8422786946831152,0.3119759515748621,-0.3271661154640203,,1,1,0,,,,,
RIAZ_PT92_PRE,RIAZ_PT92,Riaz 2017,10.94,1.0,Stable Disease,,58.0,White,Male,,1,0.841887848889979,0.8024058727409776,0.8337158404203253,0.7135493843689296,7.0,1.0075720188120896,4.313615932700466,7.133372577087694,0.3768341279465733,-2.8197566443872226,0.7025847571796064,0.36879735094263877,0.6028487056016096,0.5756380567672438,0.6803318606387844,0.040052389208674974,0.3459555822955439,,1,1,0,,,,,
RIAZ_PT93_ON,RIAZ_PT93,Riaz 2017,27.89,0.0,Progressive Disease,0.0,52.0,White,Male,,1,-0.41651522947675623,-0.5588639016102506,-0.4590688078855214,-0.5255224326378197,3.0,-0.8168577852257808,-5.898172358170542,-15.225791324632116,0.5,9.327618966461563,-0.6856491955468842,-0.4001712151331224,-0.8846933598716848,-1.335910660135446,-1.2184686921332626,-0.7423880627936217,-0.32423983226120895,,0,1,0,,,,,
RIAZ_PT94_ON,RIAZ_PT94,Riaz 2017,32.23,0.0,Complete Response,1.0,41.0,White,Male,,1,0.2794881958092336,0.21535408538627077,0.43708716075009324,0.3620914322565856,10.0,-0.0781513377227736,3.900698364803441,0.6304616093359516,0.860860880451325,3.270236755467479,0.27076010928219846,0.13961029231581032,0.2719788336147405,-0.4461317674546532,-0.13066885981986318,0.5364196721983705,0.402836936349914,,0,0,0,,,,,
RIAZ_PT94_PRE,RIAZ_PT94,Riaz 2017,32.23,0.0,Complete Response,1.0,41.0,White,Male,,1,-0.5503360118017183,-0.06472493767594556,0.29733965120037475,0.25741191002697483,7.0,-0.8950354687085572,13.529114869149133,1.9053825940704474,0.8765503963694979,11.623732275078718,0.3578360584254797,0.22360234742278048,0.5167973283135051,0.8322958794170175,0.173570167522839,0.1413745654737614,0.792376454005718,,1,0,0,,,,,
RIAZ_PT98_ON,RIAZ_PT98,Riaz 2017,24.54,1.0,Stable Disease,,74.0,White,Male,,1,0.5340245145893302,0.5410593965178784,0.5394471973614463,0.45202961934484176,7.0,1.0299710624596297,0.11556654845133403,2.095635956741782,0.05226411790865848,-1.980069408290449,0.4389835730938669,0.17491244916756496,0.14521570312686302,-0.14877896586862982,-0.05467208046933212,0.19895288859201526,-0.5872669877654042,,0,0,0,,,,,
RIAZ_PT98_PRE,RIAZ_PT98,Riaz 2017,24.54,1.0,Stable Disease,,74.0,White,Male,,1,-0.6832543752664302,-0.4751428217324559,-0.43700014304645096,-0.6125459755907541,7.0,-0.2344547371335141,-0.3996078390020582,-9.791284290192479,0.5,9.391676451190445,-0.5283400137788808,-0.45676992076118844,-0.15655519112698935,-0.7951377430087955,-0.29569212784305937,-0.624306457919902,-0.8106824601510177,,0,0,0,,,,,
RIAZ_PT9_ON,RIAZ_PT9,Riaz 2017,3.02,1.0,Progressive Disease,0.0,46.0,White,Male,,1,-1.084149038250896,-0.9948625223303441,-0.9134454317622982,0.017969265352651753,7.0,-1.2945979270070849,18.337222725953033,10.568379598105826,0.6343830002355807,7.768843127847202,-0.4358814879033039,0.09153153713833055,-0.3249998299489525,-0.8424918636598396,-0.1630887127854481,0.24482550816061638,0.5161386003605177,,1,0,0,,,,,
RIAZ_PT9_PRE,RIAZ_PT9,Riaz 2017,3.02,1.0,Progressive Disease,0.0,46.0,White,Male,,1,-1.4271750360763864,-0.928660184800711,-0.7448217589289126,0.06429802475161164,7.0,-0.7547737726404534,14.691065174737592,9.317060903796925,0.6119205275197535,5.374004270940663,-0.40200768970748263,0.010721177237406213,-0.325794958610312,-1.0870714167798219,-0.2769704220723631,0.15940798476451296,0.643451163322969,,1,0,0,,,,,
TCGA-D3-A1Q1-06,TCGA-D3-A1Q1,TCGA-SKCM,16.56968143,1.0,,,79.0,White,Female,Metastatic,1,-1.2969782479952767,-1.5133147528143251,-1.2964401337600224,-1.362040235530336,7.0,-1.0782015519155728,1.7093697754750996,-15.375963056350502,0.5,17.08533283182564,-1.6650105423356354,-2.0125710251742954,-0.6682314476394261,-1.2717418099598996,-0.8340551708382732,-0.4770351738972959,-0.8134680168828522,,0,1,0,,,,,
TCGA-D3-A1Q6-06,TCGA-D3-A1Q6,TCGA-SKCM,71.80195286,1.0,,,55.0,White,Male,Metastatic,1,-0.31769918156949145,-0.6306861130112347,-0.5818444577573147,-0.730878763190349,10.0,-0.8874825998465059,-5.330388710565638,0.564075197350769,0.5,-5.894463907916418,-0.606661536290842,0.11020652123087166,-0.3356516992632157,-0.8070840216208852,-0.21999013171609655,0.020761406644226144,-0.971834774757677,,1,0,0,,,,,
TCGA-D3-A2JC-06,TCGA-D3-A2JC,TCGA-SKCM,86.76069303,0.0,,,53.0,White,Female,Metastatic,1,0.7852569133483831,0.4822904097460751,0.3169350999698285,0.49759468237932636,5.0,0.6352316331794116,1.4488143075901032,7.015133780138801,0.17117476295614395,-5.566319472548701,0.417690548940631,0.36056696954823747,0.27281414292461187,-0.37271073214472256,0.39159314656858035,0.08693918145436741,-0.24240985885065897,,0,0,1,,,,,
TCGA-D3-A2JH-06,TCGA-D3-A2JH,TCGA-SKCM,42.08173061,0.0,,,68.0,White,Male,Metastatic,1,1.2555656734638159,1.24156148699892,1.604595639896544,1.7220977028201865,6.0,0.8452666485767951,3.4124682782089546,11.360072216608097,0.23100077332035202,-7.947603938399148,1.5289348978893496,0.5594545279947493,0.5121148189560206,0.04844015709844224,0.4400446227476132,0.38770961896667816,-0.30369187773129486,,1,0,0,,,,,
TCGA-D3-A2JN-06,TCGA-D3-A2JN,TCGA-SKCM,66.47598383,1.0,,,46.0,White,Female,Metastatic,1,0.3775740862608665,0.3561077881616465,0.8301477246857567,0.7315193498370489,7.0,-1.1078837463388782,7.703462221142037,7.205476077403327,0.5167009257724038,0.49798614373872435,0.7359440872149865,0.013815402974405052,0.7125677006144113,1.3223702853726291,0.04757749978562284,-0.18379060240422332,1.0099447728815913,,1,0,0,,,,,
TCGA-D3-A2JP-06,TCGA-D3-A2JP,TCGA-SKCM,59.5719499,0.0,,,37.0,White,Male,Metastatic,1,0.4384150274394079,0.5043884657443198,0.7275195918779445,0.6101515576862035,3.0,-0.4821397475606128,4.190334260267522,2.352618350128233,0.6404347562612206,1.8377159101392868,0.6516653823146877,0.34887665122719214,0.3351612071029239,-0.23189247718325426,-0.2691970647943946,0.136903832498058,-0.20047543376087548,,1,1,0,,,,,
TCGA-D3-A3C7-06,TCGA-D3-A3C7,TCGA-SKCM,46.98030707,0.0,,,57.0,White,Female,Metastatic,1,0.18329466953335993,0.3276802884152647,0.5090509156404762,0.5385832920469761,5.0,-0.9056867528030328,1.9035840561767197,6.197748984618184,0.23497170732163108,-4.294164928441452,0.4576893576709135,0.42562690934903236,0.7414822815155135,-0.0900232058699878,0.6998518579500281,0.6427580001290094,0.18772579787679575,,1,0,0,,,,,
TCGA-D3-A3MV-06,TCGA-D3-A3MV,TCGA-SKCM,45.30361311,0.0,,,38.0,White,Female,Metastatic,1,-1.1656394111455037,-1.2064206778653939,-0.9703134588377441,-0.8667410315420626,7.0,-1.1299757301975055,6.871140965128427,-2.94124038248045,1.7484261549686926,9.812381347608895,-1.1309225871261765,-1.0958411487630375,0.018002689399192612,-1.5805298667619967,-0.4811044872816984,0.19793783146718563,-0.12437756885141997,,0,1,0,,,,,
TCGA-D3-A5GT-01,TCGA-D3-A5GT,TCGA-SKCM,16.01078344,0.0,,,43.0,White,Male,Primary,1,-1.9345232862677413,-1.7687029268143792,-1.8492497292229766,-2.3099962232527695,3.0,-2.4194287189121684,-7.781949658681526,-16.230874274259325,0.5,8.448924615577813,-2.023886551077542,-1.8113231632629043,-0.5680138590667173,-1.5682605948827166,-1.3483492866784101,-1.5565972551374487,-0.715529395281761,,1,0,0,,,,,
TCGA-D3-A8GB-06,TCGA-D3-A8GB,TCGA-SKCM,30.83801821,1.0,,,48.0,White,Male,Metastatic,1,0.9533437013642233,0.8997214861583235,0.802494861955783,1.0119608406858622,9.0,-0.0492413270770465,11.14075669352499,20.345817459590446,0.35382562229059367,-9.205060766065515,1.0914167408491546,0.6339748656212008,0.678296298214821,1.6702138087878353,0.8588604219022962,0.5860154548779272,1.0070833163504769,,1,0,0,,,,,
TCGA-D3-A8GN-06,TCGA-D3-A8GN,TCGA-SKCM,160.9954959,0.0,,,27.0,White,Female,Metastatic,1,0.9939018479052,0.7763283274708174,0.821250028269632,0.8979817593676287,6.0,0.6358296330925045,0.5346583696292597,10.940633152321764,0.04659213830049674,-10.405974782692486,0.818667303696502,0.30636291953956657,0.39352476963433397,1.1627480009989621,0.22243117809779323,0.21301232136732998,0.38813661534492566,,1,0,0,,,,,
TCGA-D9-A148-06,TCGA-D9-A148,TCGA-SKCM,151.5271066,0.0,,,40.0,White,Male,Metastatic,1,0.06922087089349989,-0.1441950016599186,-0.15213387441893214,0.11563467976827396,6.0,0.8191877484364528,-1.3552046407416183,-1.699408184497472,0.5,0.3442035437558486,-0.0909691037076326,-0.23525078137013766,-0.3482525727540477,-0.07996546120429322,0.36537998334462857,-0.8466316028420702,-0.06907384108975675,,1,0,0,,,,,
TCGA-DA-A1I1-06,TCGA-DA-A1I1,TCGA-SKCM,222.5071506,0.0,,,55.0,White,Male,Metastatic,1,0.8796046018668937,0.5566260254114636,0.25477038984152545,0.25187070915410137,6.0,0.8403976159019844,-0.992028216027313,6.778189291672116,-0.17144842721419787,-7.770217507699415,0.2428215551302101,0.6544631155785968,0.19071981828025578,0.40280385416695724,0.800080224944631,0.3817181566404614,0.0871338142915428,,1,1,0,,,,,
TCGA-DA-A3F2-06,TCGA-DA-A3F2,TCGA-SKCM,33.92839531,1.0,,,55.0,White,Male,Metastatic,1,0.4103785389426067,1.5246115980184325,2.1141693106006363,1.857827466253044,8.0,-0.1811675279817561,-5.034221671433542,2.162190368234588,0.5,-7.196412039668129,1.9355114004602885,1.6745468800666021,0.9730556172552006,1.4996804165810502,1.047055472406737,1.0873013585391287,2.181993210797185,,0,0,0,,,,,
TCGA-DA-A3F5-06,TCGA-DA-A3F5,TCGA-SKCM,225.9591676,1.0,,,45.0,White,Male,Metastatic,1,-1.2455610131680086,-1.0257962015370192,-0.5768231370278972,-0.7992041805539096,4.0,-0.48527291896443,1.1793653058912494,-3.36400217919697,0.5,4.543367485088217,-0.9398623990986656,-0.6151199273895122,-0.508342309675437,-1.6138002071279456,-0.6545768383768156,0.036891045145880444,0.14128183788563595,,1,0,0,,,,,
TCGA-EB-A24C-01,TCGA-EB-A24C,TCGA-SKCM,20.77785449,0.0,,,56.0,White,Male,Primary,1,-1.139578118702007,-1.3758294075175268,-1.9012027069468922,-2.009608740578441,6.0,-0.811088709488772,-3.7378712021515206,-3.8533056107371197,0.5,0.11543440858561367,-1.9217161066559212,-1.3552203941016583,-0.8169448487067115,-1.2202699854460979,-0.7506632437597309,-0.0728141093875407,0.42653139127633144,,1,0,0,,,,,
TCGA-EB-A24D-01,TCGA-EB-A24D,TCGA-SKCM,21.20524707,0.0,,,72.0,White,Male,Primary,1,-0.20432752770604953,-0.2578920681960801,-0.3134541871016322,-0.8115183189068043,9.0,-0.5941160990435698,-3.1514933848939393,-4.530068246695755,0.5,1.3785748618018279,-0.5688950741060947,-0.21043760171225942,0.03493089884982723,0.4407509297074121,-0.4131173202880036,-0.6300527981576758,-0.00840721515775053,,1,0,0,,,,,
TCGA-EB-A57M-01,TCGA-EB-A57M,TCGA-SKCM,15.51763816,1.0,,,56.0,Asian,Male,Primary,1,-0.746907479174292,-0.26697463460120713,-0.2568594652148844,-0.7860982556884561,8.0,-1.096443397079727,5.499503089258053,4.6684197423803955,0.5408679019618275,0.8310833468776632,-0.4465359003517718,0.2572101816159373,-0.10822085909246952,-0.1942002358943746,-0.16537576809427262,0.09887935727507506,1.3762569428448435,,0,0,0,,,,,
TCGA-EB-A5KH-06,TCGA-EB-A5KH,TCGA-SKCM,20.35046191,1.0,,,55.0,Asian,Male,Metastatic,1,-1.5641742821242028,-1.1809867197651518,-1.3568094515613787,-1.5370019678049456,5.0,-1.856471461198483,-8.313949078267113,-20.9738236753001,0.5,12.659874597033042,-1.1337283957964368,-0.36354037870149436,-0.7122156871658595,0.34339503409836114,-0.42837175516359344,-1.0414275189731224,0.42341315790961775,,0,0,0,,,,,
TCGA-EB-A5SH-06,TCGA-EB-A5SH,TCGA-SKCM,54.0158464,0.0,,,60.0,White,Female,Metastatic,1,-0.9564313086218474,-0.4843242720936598,-0.6396909496995622,-0.32618065157385323,8.0,-1.202066903192385,-6.181508688639154,-16.776186188228333,0.5,10.594677499589197,0.010524559049592402,-0.008379933340988818,0.682647250062368,0.9320837812759843,-0.6276252536289663,-1.2001695760037654,-0.7685943381421858,,0,0,0,,,,,
TCGA-EB-A6QY-01,TCGA-EB-A6QY,TCGA-SKCM,12.55876648,0.0,,,71.0,White,Male,Primary,1,-0.6667297582818342,-0.8542631888311254,-0.9166275522209717,-0.9629070649755853,7.0,-0.4815801199369561,4.735987401514745,-1.2730692053219972,1.3676290149509318,6.0090566068367455,-0.8448673118518549,-0.8786880893493837,-0.981671098823032,-0.8484691687942432,-0.8681356853238817,-0.15980031319040613,-0.3286166098595995,,1,0,0,,,,,
TCGA-EE-A29C-06,TCGA-EE-A29C,TCGA-SKCM,78.9689976,1.0,,,20.0,White,Male,Metastatic,1,-0.9210033371400156,-0.6725751082982809,-0.4864669073966639,-1.0310605038825136,8.0,-0.5227004331376349,9.577812939423309,-4.63877645274613,1.9392067593059932,14.21658939216943,-0.8555895008865915,-0.02295204815344877,-0.45323332137847955,-0.08235393500800446,0.12432436936764588,-0.080933684201661,1.1817242418844176,,1,0,0,,,,,
TCGA-EE-A2GS-06,TCGA-EE-A2GS,TCGA-SKCM,81.20458954,1.0,,,28.0,White,Female,Metastatic,1,0.31726887605921456,-0.15132618307667883,-0.3029369907972823,-0.24842632757400734,9.0,-0.2242320079521245,4.811746141800455,2.1942972374446734,0.6867993646820526,2.617448904355778,-0.3258636644129484,-0.13866003800514207,0.03505611377813519,-0.897100106620201,0.24320114974241305,-0.4593054130417128,0.03764707019957455,,1,0,0,,,,,
TCGA-EE-A2ML-06,TCGA-EE-A2ML,TCGA-SKCM,216.6551599,1.0,,,35.0,White,Male,Metastatic,1,0.2872840236275909,0.4213445867338778,0.328253410334169,0.5462311855362807,8.0,0.7700112190717433,-6.358374016364866,-1.250989014263925,0.5,-5.107385002100943,0.5321376361167034,0.28563624710296226,0.4573079641097197,0.5696402916164905,0.15235305255065718,0.17344216211321156,-1.0932496689682556,,0,1,0,,,,,
TCGA-EE-A3JI-06,TCGA-EE-A3JI,TCGA-SKCM,152.8092843,1.0,,,48.0,White,Male,Metastatic,1,-0.4878194646138872,-0.6786181049915337,-0.803803183047844,-0.7754473209923831,9.0,-0.2309470310833494,-10.819152786743723,-10.489046743864439,0.5,-0.33010604287931017,-0.8235338809896392,0.0572666182972639,-0.8229179661894817,-0.8642264301606394,-0.7227037938722936,-0.17309151334567996,-1.3414525288176646,,0,1,0,,,,,
TCGA-ER-A195-06,TCGA-ER-A195,TCGA-SKCM,35.4407075,1.0,,,46.0,White,Male,Metastatic,1,0.712510519935417,0.7735673516886195,0.868567763970505,0.7865757046280926,4.0,0.5160237246155961,8.102806118924432,12.782041013136945,0.3879753616431986,-4.6792348942125335,0.6821221082488735,0.9760921247224551,1.154612852808923,0.045349135901052356,0.7919070689104395,0.8886159810559843,1.1029782932523828,,0,1,0,,,,,
TCGA-ER-A19M-06,TCGA-ER-A19M,TCGA-SKCM,61.05138574,1.0,,,36.0,White,Male,Metastatic,1,1.427878190890765,0.9901336803523093,0.9166686336535901,0.9567578600364206,9.0,2.42505848177163,2.9908769647729674,4.22977393244839,0.41421154510099817,-1.2388969676754162,0.7609533412727194,0.33589564505059705,0.22901734272261107,-0.6948733488177005,0.21156782621872808,0.5449354162692401,0.7191784372352112,,1,0,0,,,,,
TCGA-ER-A19N-06,TCGA-ER-A19N,TCGA-SKCM,44.08718809,1.0,,,47.0,White,Male,Metastatic,1,0.63359545213387,0.8230626026812373,0.7435127278721883,0.8429784192261375,7.0,0.5714903042363418,7.352948642580229,5.851240801790241,0.5568648248768587,1.5017078407899827,0.8478916340422105,1.128022178086374,0.024748703619847934,0.8429732713134911,0.9374440738303571,0.9391359803243043,0.8033046099094329,,0,1,0,,,,,
TCGA-ER-A19O-06,TCGA-ER-A19O,TCGA-SKCM,,1.0,,,56.0,White,Male,Metastatic,1,-0.11075992656899436,0.6847754648122978,0.8817917748554227,0.514464937051974,8.0,-0.3577347537021194,-6.985334028757263,-2.9319394358804707,0.5,-4.053394592876796,0.7094127511823812,1.1513809688685144,-0.42209052971562055,0.8131030597610769,0.5534702594874926,1.048254386694145,1.4858665408238902,,1,0,0,,,,,
TCGA-ER-A19Q-06,TCGA-ER-A19Q,TCGA-SKCM,50.89259296,1.0,,,37.0,White,Female,Metastatic,1,0.621688953700459,0.5251738434848677,0.5055263655335738,0.3398489478593084,7.0,0.6484475882732186,3.2047924867976643,2.808361698097969,0.5329636307759649,0.39643078869969695,0.3194409464546979,0.7410216410305145,-0.3622025376101589,-0.7241453515316706,1.030844629622602,0.8910607048331014,0.3496996694601295,,1,0,0,,,,,
TCGA-ER-A1A1-06,TCGA-ER-A1A1,TCGA-SKCM,105.0728211,0.0,,,58.0,White,Male,Metastatic,1,0.37144588913344956,0.9304884241624853,0.5708472858083766,0.4683206455149237,10.0,0.5247376778688242,10.187173750991198,17.79130033661591,0.3641075535103447,-7.604126585624689,1.0687239838171598,2.1296067273828796,1.216487463438258,2.6839225987550073,1.4093548859160212,0.46523073184681224,0.14234637146266382,,0,0,0,,,,,
TCGA-ER-A2NF-01,TCGA-ER-A2NF,TCGA-SKCM,28.83256074,1.0,,,53.0,White,Male,Primary,1,0.22029857556591614,0.47285317285925405,0.306846420166996,0.5818280150431386,9.0,0.3697469877928708,1.9579257413666773,1.823218317050178,0.5178130510548309,0.13470742431649882,0.6336515590902085,0.7185312962290525,0.2652359762770576,1.1987910514299704,0.44708345318831133,0.3136104484606804,0.28604482304985746,,0,0,0,,,,,
TCGA-ER-A2NF-06,TCGA-ER-A2NF,TCGA-SKCM,28.83256074,1.0,,,53.0,White,Male,Metastatic,1,-0.43453055775489585,0.10317999148202965,0.18241961527831055,0.5511399248260771,8.0,0.5831116046903063,-12.06458987478509,-8.261505798826663,0.5,-3.803084075958415,0.4575830365422553,0.0634723770199775,-0.006691703703413691,0.7593324401084408,-0.4800878654717131,-0.9757597330385719,-1.4486542139241534,,0,0,0,,,,,
TCGA-ER-A2NG-06,TCGA-ER-A2NG,TCGA-SKCM,48.98576454,1.0,,,43.0,White,Female,Metastatic,1,1.266177745718051,1.1169225779699565,1.311245566396937,1.2310410396407627,7.0,1.2789974990734894,0.13747164574227239,6.70719081263733,0.020084503301396876,-6.56971916689503,1.0920973610369549,0.8567315301935068,0.09678964343007064,-0.33230827883900305,0.2991991237369374,0.7790940851365131,0.06146648290435047,,1,0,0,,,,,
TCGA-FR-A3YN-06,TCGA-FR-A3YN,TCGA-SKCM,92.97432357,0.0,,,44.0,White,Male,Metastatic,1,0.5035336035807841,0.23514832831247304,0.17509196061134064,0.6108002141933151,12.0,0.7461434037883284,-6.485585357456966,-1.7455252562757269,0.5,-4.740060101181252,0.38944853356385134,0.1036867756462017,0.11099326649818776,0.1985563969449331,-0.0005815599393865112,-0.3111481387847178,-0.9852171654803319,,0,1,0,,,,,
TCGA-FR-A44A-06,TCGA-FR-A44A,TCGA-SKCM,174.2117895,0.0,,,29.0,White,Female,Metastatic,1,1.75012459885534,1.4256485485770225,1.6857597408053038,1.3739765717116634,11.0,1.410716842262744,-0.0852096773736026,13.036902344753477,-0.006579037934416994,-13.122112022127087,1.3462278495888658,0.8177422880711623,0.8400890098745236,-0.2237786586066971,0.7542226360783268,0.9385816299626949,0.1278593251311369,,1,0,0,,,,,
TCGA-FR-A69P-06,TCGA-FR-A69P,TCGA-SKCM,15.71489628,0.0,,,34.0,White,Female,Metastatic,1,-0.8537524998558298,-0.9973768319205124,-0.8978717352532017,-0.8765388783529545,4.0,-0.908891703208204,1.8473341308033981,-8.165157091162262,0.5,10.012491221965673,-1.0132993998484818,-0.8771463268877276,-0.4312157819190661,-0.9898539404794264,-0.5328976877992433,-0.2929335015446711,0.45730890934754687,,0,1,0,,,,,
TCGA-FR-A729-06,TCGA-FR-A729,TCGA-SKCM,220.7975803,0.0,,,38.0,White,Female,Metastatic,1,1.0719024292075086,0.935059485021927,0.9924192715792255,1.1264923283403783,8.0,0.5526787581121776,9.021655351928692,15.355853233409183,0.3700811065391181,-6.334197881480516,1.0695484133108004,0.9329248675219869,0.7214605023096544,1.340980495151985,0.47202036211802056,0.37864620647973135,-0.2576268167709276,,1,0,0,,,,,
TCGA-FR-A7U8-06,TCGA-FR-A7U8,TCGA-SKCM,27.84627018,0.0,,,50.0,White,Male,Metastatic,1,-0.8615138364452263,-1.1725575270461346,-1.3010948778695612,-1.4823273581720235,3.0,-1.2912138221870857,4.960288995931221,-10.6488801205749,0.5,15.60916911650612,-1.640668403421561,-1.5235003483430454,-0.39468282569252316,-1.501798429074456,-0.29420471007592186,-0.43014022476133096,-0.5583286438626688,,0,1,0,,,,,
TCGA-FR-A7U9-06,TCGA-FR-A7U9,TCGA-SKCM,18.77239702,0.0,,,63.0,White,Female,Metastatic,1,0.35036846319465736,0.48533938732030857,0.3428706795980727,0.04443267749688405,8.0,0.8919154983391847,8.535870131221607,4.517643250186559,0.6539136155771718,4.018226881035038,0.18976220659653936,0.8104944275000378,0.6253156328024992,0.21146532444238741,0.4114322547690512,0.9605292072015562,1.153206272546605,,0,0,1,,,,,
TCGA-FR-A8YD-06,TCGA-FR-A8YD,TCGA-SKCM,36.2626163,1.0,,,56.0,White,Female,Metastatic,1,-0.9031297216979182,-0.6380056371877357,-0.9669092777683074,-0.7166999672910648,7.0,-0.5342048672053199,3.9742521824411843,-7.430613940800179,0.5,11.404866123241362,-0.6306940313261505,-0.6002299786627656,-0.2897621389211891,-0.09289215306769695,-0.38131751159995886,-0.7112476988411591,-0.514322903947876,,0,0,1,,,,,
TCGA-FS-A1ZS-06,TCGA-FS-A1ZS,TCGA-SKCM,148.7983693,0.0,,,54.0,White,Male,Metastatic,1,-0.8891372854282734,-0.8873811512111959,-1.1292868923184858,-1.3352779444258513,8.0,-0.2329995597235802,-4.807745857749574,-4.508810657154621,0.5,-0.29893520059495843,-1.1682044524021413,-0.23194298270254574,-0.8169000857230421,-0.9606831502248591,-0.7919606699650552,0.5930865506721457,0.6146834846335995,,1,0,0,,,,,
TCGA-FS-A1ZT-06,TCGA-FS-A1ZT,TCGA-SKCM,53.16106125,0.0,,,55.0,White,Male,Metastatic,1,0.5037344656980144,0.3883455795543254,0.3599329038909881,0.5962765947989446,10.0,0.8837261846333427,0.19892332598483664,2.0997522526176624,0.08653823438006589,-1.900828926632823,0.5310623720340374,0.5206484397690487,0.6083253855175789,1.1376096272096603,0.03677364742052066,0.16095938242964947,-0.22979817670153435,,0,1,0,,,,,
TCGA-FS-A1ZW-06,TCGA-FS-A1ZW,TCGA-SKCM,49.47890982,0.0,,,65.0,White,Male,Metastatic,1,0.978456692798564,0.503233263373272,0.28769000763561087,0.6916609350550955,10.0,0.8962461425249271,-8.34356469334213,1.2894250601653958,0.5,-9.632989753507525,0.5107160076987665,0.1459115928942463,0.13729235364056647,1.566293140457318,0.09296697071200269,0.5259892534654945,-0.7698005734218887,,0,1,0,,,,,
TCGA-FS-A4F0-06,TCGA-FS-A4F0,TCGA-SKCM,77.81832528,0.0,,,67.0,White,Female,Metastatic,1,-0.9049360271593822,-1.3283288611019375,-1.8097583235456534,-1.9353584768220813,6.0,0.4328568018952425,-13.903234978189454,-9.44184220395431,0.5,-4.461392774235141,-2.178370322349758,-1.9305287679688716,-1.635965685789085,-1.4958623953319463,-1.0909614416123001,-1.2245971425891582,-1.428627610019459,,0,0,0,,,,,
TCGA-FW-A3R5-06,TCGA-FW-A3R5,TCGA-SKCM,36.95301969,0.0,,,68.0,White,Male,Metastatic,1,0.007954728045883883,-0.2624328682881722,-0.4713603914506851,-0.5558910268583277,10.0,-0.1960122962785653,4.392473257585892,-5.162035171959133,0.5,9.554508429545034,-0.37978764618976235,0.16931440882643403,-0.6548796262247467,0.8584724049386709,0.05396108624282849,-0.4183075373652513,0.3205268943316587,,1,0,1,,,,,
TCGA-FW-A3TV-06,TCGA-FW-A3TV,TCGA-SKCM,13.51218069,0.0,,,57.0,White,Female,Metastatic,1,-0.3215504119924836,-0.21385030254105375,-0.3332579146995478,0.006963863003743898,7.0,-0.2733969431965026,0.2349608154473345,-1.885169056725397,0.5,2.120129872172722,-0.042632202019921406,-0.14672390222647116,-0.5716272196246251,0.8927858141726556,-0.5116633934200444,0.007333846742564809,0.17021851602275773,,1,0,0,,,,,
TCGA-GF-A3OT-06,TCGA-GF-A3OT,TCGA-SKCM,9.895781964,0.0,,,58.0,White,Female,Metastatic,1,0.3762347387901701,0.2853259134215078,0.24891462289726154,0.12454076395202325,9.0,2.2985819377505763,-3.4210014492574072,-2.4236961100735828,0.5,-0.9973053391838262,-0.035177250913991924,0.11948676190807955,-0.31272830269215596,-1.1490358784259582,0.24344923885453448,0.6022030607871945,1.413875485040465,,0,1,0,,,,,
TCGA-GN-A264-06,TCGA-GN-A264,TCGA-SKCM,117.9274748,1.0,,,60.0,White,Male,Metastatic,1,-1.1115773366758135,-1.0364513439106062,-1.1285260423039958,-1.1118358753283397,8.0,-0.8873630715091874,-1.09309119352707,-9.392579350957622,0.5,8.299488157430547,-1.1628500038233427,-0.7480687417045253,0.5229583244834605,-1.2300480775670224,-1.098898592582344,-0.3393957545272839,0.7858024466946476,,0,0,0,,,,,
TCGA-GN-A4U3-06,TCGA-GN-A4U3,TCGA-SKCM,121.9055134,0.0,,,30.0,White,Male,Metastatic,1,-1.2922678955958362,-1.2849047157177953,-1.0546676119431055,-1.121856807313235,7.0,-0.1052588976797272,-6.482575840163398,-9.599394939065615,0.5,3.1168190989021967,-1.2409011372268377,-1.319231506687663,-1.359857822450434,-0.679860790680118,-0.680336737413403,-0.5152146664247663,-1.0788729621430482,,0,1,0,,,,,
TCGA-GN-A4U4-06,TCGA-GN-A4U4,TCGA-SKCM,39.35299339,0.0,,,73.0,White,Male,Metastatic,1,-0.8479999439915474,-0.8902047466734867,-1.0253119678843334,-0.6357367748911426,3.0,-0.5101775782968564,-6.748729563862204,-12.10514069716991,0.5,5.356411133307706,-0.509462537172645,-0.746789463164296,-0.7671897949323698,0.5262471984074578,-1.0092387025867242,-1.0181991488131703,-1.0931286628258066,,0,1,0,,,,,
TCGA-GN-A4U5-01,TCGA-GN-A4U5,TCGA-SKCM,38.00506296,0.0,,,61.0,White,Female,Primary,1,1.235156139142403,1.0454830682653076,0.8976412008551464,1.0033554241450895,8.0,1.2852155869782438,3.9625789395715647,16.072824844953665,0.1977788410050486,-12.110245905382083,0.9976553446647172,0.3505623184752702,0.6825579248093714,-0.9735126364602467,1.054539385821104,0.5277253742768161,-0.2671819027209045,,1,0,0,,,,,
TCGA-GN-A4U8-06,TCGA-GN-A4U8,TCGA-SKCM,48.88713548,0.0,,,51.0,White,Male,Metastatic,1,0.8616432163006061,0.7809500627044234,0.7613511725156699,0.8298183893483855,11.0,0.5576838960571502,3.301111503464959,6.452228233803539,0.33845960382689,-3.151116730338563,0.9288447575230121,0.555944223679837,-0.2595070721410782,1.3765332224253113,0.6741072004451241,0.176825027822034,-0.8527253516649421,,1,0,0,,,,,
TCGA-GN-A4U9-06,TCGA-GN-A4U9,TCGA-SKCM,22.12578492,1.0,,,71.0,White,Male,Metastatic,1,-0.37125691453431897,-0.6798606526286354,-0.6561901680069075,-1.0421854332298637,8.0,-0.6539141605615999,7.647564518722408,3.6979881788140783,0.6740583489055548,3.9495763399083237,-0.7069765308686453,-0.3281710329332797,0.3252524974372633,-0.6293656943261786,0.25785773651386257,-0.25335862230263917,0.5107242317105828,,0,1,0,,,,,
TCGA-HR-A2OH-06,TCGA-HR-A2OH,TCGA-SKCM,65.88420949,1.0,,,46.0,,Female,Metastatic,1,1.777419008053818,1.5848387617037245,1.7194686270956558,1.7769365135315103,8.0,1.520553988303798,-0.6477074574310347,10.315547426852115,-0.06699608800721803,-10.963254884283147,1.6215297510929865,1.1738238961377072,1.6191800891458883,0.45593861014861775,0.7638509770057189,1.0892709778975067,-0.3663870754688518,,1,0,0,,,,,
TCGA-QB-AA9O-06,TCGA-QB-AA9O,TCGA-SKCM,18.04911727,1.0,,,73.0,White,Male,Metastatic,1,0.49035019780221734,0.4878430449024502,0.7331839545841842,0.7318121016793446,10.0,0.0696341868922589,-2.8944871275553354,-2.0664197188994935,0.5,-0.8280674086558357,0.6964762290832132,-0.5279450863779155,-0.6598679870191835,0.587304556820055,0.36930018437103573,-0.22486770870593625,-0.7994006737586354,,0,1,0,,,,,
TCGA-W3-A824-06,TCGA-W3-A824,TCGA-SKCM,228.1618832,0.0,,,63.0,White,Male,Metastatic,1,1.0092857820348944,0.8021138634923055,0.8949443640520642,0.8719112397206599,7.0,0.9418357847605392,-8.327822576750773,-0.4956276547602382,0.5,-7.832194921990544,0.7654057032250351,-0.4808435229313483,-0.1252042236304407,-0.12393597655006332,-0.20576130711905577,-0.0035131948179416284,-0.6634447040898163,,0,1,0,,,,,
TCGA-W3-A825-06,TCGA-W3-A825,TCGA-SKCM,63.02396686,1.0,,,60.0,White,Female,Metastatic,1,0.45240524543558513,0.4134695389059899,0.8147717644440777,0.7659323788381852,5.0,-0.2925495308004358,15.17816240140493,18.62891592548331,0.44896403808231716,-3.4507535240783658,0.7114175364551466,0.9466004058588379,0.8292591687632317,-0.2592981831242783,0.3601653117640181,0.35950482568650954,0.6514073538628078,,1,1,0,,,,,
TCGA-W3-A828-06,TCGA-W3-A828,TCGA-SKCM,121.0836046,1.0,,,66.0,White,Male,Metastatic,1,-0.5198396234364241,-0.4447367309660961,-0.40976379156701337,-0.9105261826218112,6.0,-0.4071431265932009,11.789209470160316,14.046657969785064,0.45631173397076535,-2.257448499624754,-0.7394040510346336,0.09891546836008253,0.45340473409376103,-0.8593883485552793,0.04999271388349112,0.9174634912297686,2.027590262396782,,0,0,1,,,,,
TCGA-W3-AA1Q-06,TCGA-W3-AA1Q,TCGA-SKCM,69.07321564,1.0,,,57.0,White,Male,Metastatic,1,0.35798291218809575,0.24887289828102738,0.06924000658412535,0.3191519540578342,8.0,0.7888070205534886,-3.9741158503213745,-6.160054773333226,0.5,2.18593892301185,0.3005319440024852,0.20897571622481248,-0.3019772948661913,0.25078706586363797,-0.05834586010003617,-0.597212600608452,-0.7165152303801042,,1,0,0,,,,,
TCGA-W3-AA1R-06,TCGA-W3-AA1R,TCGA-SKCM,111.0891935,1.0,,,71.0,White,Male,Metastatic,1,0.21140899791728004,-0.10548568287372438,0.0053845725055538946,0.0535744408623825,6.0,0.0179984537732821,-1.5959018189611596,-4.385672750545125,0.5,2.789770931583961,-0.08078701984453177,-0.8629096727019774,-0.4740804991806442,-0.09595318323142323,0.006710753723283081,-0.7446541944770799,-1.2556926654522682,,1,0,0,,,,,
TCGA-W3-AA1V-06,TCGA-W3-AA1V,TCGA-SKCM,42.08173061,1.0,,,63.0,White,Male,Metastatic,1,-0.16021097503633144,0.043372698143210556,0.634980828060544,-0.4876646334846019,8.0,1.9738030434726428,3.054557523297108,1.2961552073137474,0.7020820983664986,1.7584023159833633,-0.48554065525853374,0.28246286664914344,0.8175406044308057,-1.1175666542824965,0.16465270186655961,0.748216527905856,0.12404525510953002,,1,0,1,,,,,
TCGA-W3-AA1W-06,TCGA-W3-AA1W,TCGA-SKCM,219.1537627,0.0,,,64.0,White,Male,Metastatic,1,1.749018706345411,1.6347310499402736,1.780227608372182,1.797722123015411,8.0,1.4098323436080624,-2.5442398074134354,13.264537249305983,-0.2373292178882192,-15.808777056719398,1.690145756928286,1.3482993995604293,0.9129719007789355,1.03055585843488,0.5955471014128153,0.7719903841033119,-0.7070634152124888,,1,0,0,,,,,
TCGA-W3-AA21-06,TCGA-W3-AA21,TCGA-SKCM,105.0399448,1.0,,,26.0,White,Male,Metastatic,1,-0.8165918707249116,-0.6086649800883797,-0.9542119030925489,-0.34974042413834866,5.0,-1.517026499057437,-8.9622237002768,-12.226747576254859,0.5,3.2645238759780644,-0.2472778480545875,-1.224583995438795,-0.21771539802423343,0.12007564502211081,-0.5486908806063997,-1.9336509000057247,-0.6467885863739802,,1,0,0,,,,,
TCGA-WE-A8ZM-06,TCGA-WE-A8ZM,TCGA-SKCM,101.324917,0.0,,,70.0,White,Male,Metastatic,1,-1.9421852820487144,-1.7152215295635276,-2.1229618348498986,-0.4113690529160145,8.0,-1.3114208134934016,7.27969910880251,7.1295175581589865,0.5052113017006633,0.15018155064351854,-1.24264999614027,-1.4641150760589943,-0.6296008577108669,-0.836135100598106,-1.1524653545479417,-0.298570715205331,0.4141306649390478,,0,0,1,,,,,
TCGA-WE-AAA0-06,TCGA-WE-AAA0,TCGA-SKCM,40.40503666,0.0,,,47.0,White,Male,Metastatic,1,-0.11785923589658683,-0.17202119247799694,-0.5631079041868563,-0.4773928161234925,7.0,-0.4732342741877836,0.27925772683091776,0.7167460657808102,0.2803781761700387,-0.43748833894989164,-0.13846569655590088,0.11227651936588363,-0.5981466222685939,1.3404330662472923,0.04264335726229944,-0.1302442448590343,-0.6888556306226503,,1,0,0,,,,,
TCGA-WE-AAA4-06,TCGA-WE-AAA4,TCGA-SKCM,24.98602755,0.0,,,56.0,White,Female,Metastatic,1,1.117775505665749,1.4523519307357422,1.7275750508696326,1.5671550376376489,7.0,0.9437498980946926,-4.07476693943507,3.571209133991908,0.5,-7.6459760734269775,1.550642757422036,0.7961617332717233,0.5582055341973754,0.0983639378819109,0.9367441749025422,0.7646101208765108,0.7993591156632558,,1,0,0,,,,,
TCGA-XV-AB01-06,TCGA-XV-AB01,TCGA-SKCM,13.24916987,0.0,,,54.0,White,Female,Metastatic,1,-0.7803485456518726,-0.05132564063085925,-0.1567297108366033,-0.06975257353070766,5.0,-1.1016971232692756,-14.558690651669938,-17.29198060687037,0.5,2.7332899552004566,0.12416992003798968,0.06781646400584444,-0.500518661375991,0.6483725734215278,-0.44316554308433664,-1.0245098846437306,0.6017524465334343,,0,0,0,,,,,
TCGA-YG-AA3O-06,TCGA-YG-AA3O,TCGA-SKCM,37.93931025,1.0,,,62.0,,Male,Metastatic,1,-0.42655490381760314,-0.3914640338181454,-0.20518079577419485,-0.0803077759916698,6.0,-0.5374048807993174,2.2118782219833015,-6.530034661714347,0.5,8.741912883697653,-0.16210850896581305,-0.23964308954164557,-0.16787619740660673,-0.1837161174910044,-0.4572596715912641,-0.34162069840741405,0.2522657837317577,,1,0,0,,,,,
TCGA-YG-AA3P-06,TCGA-YG-AA3P,TCGA-SKCM,14.43271855,0.0,,,63.0,,Female,Metastatic,1,-0.6960843780168308,-1.1707652052879798,-1.137214135201933,-1.1893506832123317,9.0,-1.7477474529217352,-9.46601626299954,-19.014121918143267,0.5,9.548105655143704,-1.2351650261429907,-1.3504528488011331,-0.5053959434000549,-0.49973246901868795,-0.893458806155123,-0.7723474579726887,-1.5148997523424084,,0,0,1,,,,,
