SAMPLE_ID,PATIENT_ID,COHORT,OS_MONTHS,OS_STATUS,RESPONSE,RESPONSE_BINARY,AGE,RACE,SEX,SPECIMEN_TYPE,IMMUNOTHERAPY,IFN_gamma,TIS,CYT,CD8_Tcell,IMPRES,PD_L1,M1_score,M2_score,M1_M2_Ratio,Macrophage_STV_Score,CD8_T_cells,CD4_T_cells,NK_cells,B_cells,M1_Macrophages,M2_Macrophages,CAFs,TMB_NONSYNONYMOUS,mut_BRAF,mut_NRAS,mut_NF1,SNV_NEOANTIGEN,INDEL_NEOANTIGEN,FUSION_NEOANTIGEN,SPLICE_NEOANTIGEN,CTA_SELF_NEOANTIGEN
LIU_SAMPLE1,LIU_PATIENT1,Liu 2019,9.3,1.0,Progressive Disease,0.0,,,Female,Metastatic,1,0.31716430896838443,0.1367484621838857,-0.1163354477164868,0.37591462371604556,6.0,0.3806299088950076,3.96670120001536,1.5269420253555468,0.7220529323229842,2.4397591746598217,0.2247536909239128,-0.29028563450000705,0.4462996329696212,0.5336987050640482,0.16898226933495258,-0.5063889503425456,-1.141063584146081,,0,0,0,,,,,
LIU_SAMPLE10,LIU_PATIENT10,Liu 2019,37.42,1.0,Partial Response,1.0,,,Female,Metastatic,1,0.1583372277341877,0.3154433242714197,0.46970213767470104,0.3428347150753863,8.0,0.3157517451935108,16.278737644124227,5.524714562175616,0.7466128524097061,10.75402308194864,0.3625322858425718,0.345880867494231,0.5078177729106332,0.43830349878673447,0.13800429347929563,-0.11746771701025674,0.31828681966554095,,1,0,0,,,,,
LIU_SAMPLE100,LIU_PATIENT100,Liu 2019,30.81,1.0,Partial Response,1.0,,,Female,Metastatic,1,1.2093321089048492,1.1658342578043812,1.3007536686748025,1.2219247618871303,7.0,0.906885749077726,3.5487235901386445,14.720461626272128,0.19424640716603556,-11.171738036133464,1.1932726242815608,0.7361981225888252,0.8603604087526465,0.979454340530881,0.5836721293332156,0.8371739309547509,1.0774907304082508,,0,1,0,,,,,
LIU_SAMPLE102,LIU_PATIENT102,Liu 2019,25.79,0.0,Stable Disease,,,,Male,Metastatic,1,-0.508175623386271,-0.23326670046142495,0.047784446386410655,-0.09094220639365645,8.0,-0.0303047470310035,6.2503469790636945,6.477244129880093,0.49108640634059353,-0.22689715081640588,-0.07413094092345703,0.02089191898286935,-0.25547374878637014,0.5485415292506506,-0.11664547458662847,0.45108008233942193,-0.23234396419258213,,1,0,0,,,,,
LIU_SAMPLE105,LIU_PATIENT105,Liu 2019,17.12,1.0,Stable Disease,,,,Female,Metastatic,1,-0.699885955323215,-0.3501671237124706,-0.0444358822565442,0.40204102094200556,5.0,-0.3604602078368867,-21.466434393315723,-20.456382741402077,0.5,-1.0100516519136675,0.06860138429900932,-0.43798885479143074,-0.4125463022179754,-1.3770768051103393,-1.634733766782721,-1.5694244616229802,-1.4368777533071526,,1,0,1,,,,,
LIU_SAMPLE106,LIU_PATIENT106,Liu 2019,25.62,0.0,Complete Response,1.0,,,Female,Metastatic,1,0.6587425056557509,0.4805032100814166,0.4951961426467169,0.4337986809254196,6.0,0.612131217846902,8.849678386258342,4.1142708242419825,0.6826375391142713,4.735407562016382,0.33783050451073565,0.15201235210143574,0.7945146517032272,0.4481507151663364,0.15218617506892046,0.07918344588276971,0.12262878010134101,,1,1,0,,,,,
LIU_SAMPLE107,LIU_PATIENT107,Liu 2019,1.54,1.0,Partial Response,1.0,,,Male,Metastatic,1,-3.5076301724037555,-3.5819842458235938,-1.8974363313429679,-1.4894651199668805,6.0,-3.450866847398796,-89.18331488134056,-84.93666051210079,0.5,-4.246654369239609,-1.9028428884970474,-3.8078195043794754,-1.4218659835022294,-2.166315987561029,-3.6326431509495682,-4.070737176351963,-1.1126768340569053,,1,0,0,,,,,
LIU_SAMPLE108,LIU_PATIENT108,Liu 2019,5.42,1.0,Progressive Disease,0.0,,,Male,Metastatic,1,-1.2112572002871504,-1.655178694543928,-2.5226111095704953,-1.4713005919903988,11.0,-3.450866847398796,-102.22492368560391,-74.16572835435599,0.5,-28.059195331248013,-0.7670348896678503,-3.832904053609415,-1.5592716280686203,-2.166315987561029,-1.8192820253708664,-2.305459613670896,-5.149969453075688,,0,0,0,,,,,
LIU_SAMPLE11,LIU_PATIENT11,Liu 2019,5.26,1.0,Progressive Disease,0.0,,,Female,Metastatic,1,0.3329915336304969,0.1822233076555831,0.27030241595894766,0.1443402665151733,5.0,0.3455128558687644,8.767937522460018,3.264837818198882,0.7286712561509435,5.503099704261139,0.0654740822168066,0.0254798830931787,-0.017989498346279498,-0.542618337929517,-0.06622609530107712,0.05969256363101512,-0.036730762522607846,,1,0,0,,,,,
LIU_SAMPLE112,LIU_PATIENT112,Liu 2019,17.12,1.0,Progressive Disease,0.0,,,Female,Metastatic,1,0.5440168045216236,0.5021658910945485,0.5692621258714952,0.46199422862647666,5.0,0.4041061731817504,2.1264000176804574,7.0920618682268435,0.23066754996635455,-4.965661850546377,0.48076701575780845,0.4393246488854106,0.5654550603523995,0.7164283105804067,-1.690185662450716e-05,0.16844971226680036,0.34101150986083434,,0,0,0,,,,,
LIU_SAMPLE116,LIU_PATIENT116,Liu 2019,3.88,1.0,Progressive Disease,0.0,,,Female,Metastatic,1,-0.36295229257893896,-0.23837407104107886,-0.25578491081417354,-0.7938466525233553,9.0,0.3324192876210317,9.31569845335018,8.428715414918264,0.5249933033859763,0.8869830384319157,-0.5767166903724679,0.00025265889318557,0.32226310688436993,-0.16812279250603215,-0.03404382439512573,0.11654474196125744,0.5542066324632511,,0,1,0,,,,,
LIU_SAMPLE117,LIU_PATIENT117,Liu 2019,9.69,1.0,Progressive Disease,0.0,,,Female,Metastatic,1,0.29604374979012554,0.44585295721214135,0.44679158947536557,0.35449635609481156,4.0,0.4036260757760289,14.48789701966762,16.37185870901076,0.4694754277074146,-1.8839616893431463,0.38435281900124174,0.5954896146181788,0.43034173255095864,0.2551896469140967,0.6545927241735283,0.4680202504793921,1.0693151170417312,,0,0,0,,,,,
LIU_SAMPLE121,LIU_PATIENT121,Liu 2019,42.9,0.0,Partial Response,1.0,,,Female,Metastatic,1,0.5576467046328646,0.5710840081511384,0.699567532424803,0.682898880592544,5.0,0.385820011189351,13.370223360748023,12.584888413316547,0.5151287144179478,0.7853349474314435,0.6452299484609212,0.4383771575619199,0.5266580901046485,0.7403271880720926,0.5651048192288861,0.6904245422513229,0.4309552355542672,,0,0,1,,,,,
LIU_SAMPLE125,LIU_PATIENT125,Liu 2019,32.13,0.0,Complete Response,1.0,,,Male,Metastatic,1,1.3425254380109244,1.1970641104888575,1.312506803876854,1.4595842767879779,5.0,0.8779102044556996,0.49306948731409544,12.643485838857975,0.03753415374666363,-12.1504163515439,1.4216205911498798,0.7398979105322305,0.6422914128805568,1.2920807690203324,0.779506057874673,0.5500321581580349,0.23592217323997922,,1,0,0,,,,,
LIU_SAMPLE126,LIU_PATIENT126,Liu 2019,32.59,0.0,Partial Response,1.0,,,Male,Metastatic,1,1.0830396968181057,0.7900080230229539,0.6210017728353666,0.7370078164292884,7.0,0.6344211669787838,11.13632185895241,12.20037737947172,0.47720209894192467,-1.0640555205193376,0.6713263396290465,0.4941944666776232,0.5185779123711552,0.6652987346456751,0.49927738795178983,0.300013574183705,0.2726922273389348,,1,0,1,,,,,
LIU_SAMPLE127,LIU_PATIENT127,Liu 2019,28.45,0.0,Complete Response,1.0,,,Male,Metastatic,1,-0.21269628539890673,0.022938263099918404,0.28452635832238254,-0.01762512951610875,5.0,0.2776271699521176,10.198733530579501,14.704490106275289,0.4095346722697453,-4.505756575695805,0.06896066207085162,0.13413021274250123,0.6076952186730881,-1.000807820903825,0.1938834123230754,-0.0845500215473014,0.1476824631010681,,1,0,0,,,,,
LIU_SAMPLE13,LIU_PATIENT13,Liu 2019,1.91,1.0,Progressive Disease,0.0,,,Male,Metastatic,1,-0.1764761814127129,-0.22710855170192648,-0.16937250012038801,-0.0864800154887229,4.0,0.2009309481112793,6.601686710107958,3.5563483422711397,0.6498980044926884,3.0453383678368153,-0.26060076782244834,-0.09694448906515456,0.17483457106909883,-0.019865696189975773,-0.24064270038761734,0.11435203987314986,0.37961229453049483,,0,1,0,,,,,
LIU_SAMPLE130,LIU_PATIENT130,Liu 2019,6.31,1.0,Progressive Disease,0.0,,,Female,Metastatic,1,0.7952594779856823,0.5666297774235897,0.6968297072093176,0.6976777780690387,3.0,0.2386308999443631,3.1923396360791223,5.0084076427628474,0.3892742365461497,-1.8160680066837227,0.5693226504743544,0.44884300466183275,0.4226838145384499,0.3608152917278769,0.13513617366177066,0.5825187896589104,-0.635880556559222,,0,1,0,,,,,
LIU_SAMPLE131,LIU_PATIENT131,Liu 2019,27.37,0.0,Partial Response,1.0,,,Male,Metastatic,1,-1.7234912957685635,-1.5255328165547983,-4.220430238499087,-3.7137403792657775,8.0,0.5548164943474462,-42.46756819562865,-38.593378445429124,0.5,-3.8741897501994704,-2.106999323122772,-0.06448134482094105,-1.6386862579151835,-2.166315987561029,-1.015252107767267,-0.2538841427453048,-0.43052752245712766,,0,1,0,,,,,
LIU_SAMPLE132,LIU_PATIENT132,Liu 2019,24.28,0.0,Complete Response,1.0,,,Male,Metastatic,1,0.6627524730246067,0.6274970078398194,0.6674488792808069,0.630059785065643,6.0,0.4124836837184211,5.526496222541366,10.201760078494898,0.3513737388789404,-4.675263855953548,0.713347021512879,0.8767656466944741,0.5326851573653245,1.362772470113627,0.9189120929515525,0.3866641750956642,0.168731949143915,,1,0,1,,,,,
LIU_SAMPLE133,LIU_PATIENT133,Liu 2019,12.16,1.0,Progressive Disease,0.0,,,Male,Metastatic,1,0.7118023536187549,0.39763766862837663,0.3325136443083224,0.4220065973351824,9.0,0.4844217247526804,3.6385251811444963,4.8724713106017665,0.4275087158916164,-1.2339461294572733,0.3404797426642885,0.21357303727115415,0.031200622983859543,0.6024932633287041,0.0635199035095271,0.3162543037814435,0.004388008552050765,,1,0,0,,,,,
LIU_SAMPLE134,LIU_PATIENT134,Liu 2019,19.38,1.0,Progressive Disease,0.0,,,Male,Metastatic,1,0.6667742324328029,0.5599424539699961,0.4869611682328312,0.6438464796070122,7.0,0.4838984620053937,9.144918274774499,13.947331038183947,0.396016782550617,-4.802412763409418,0.7185704387936739,0.5752310743090564,0.6430900471258459,1.1201721958865123,0.5584255385872087,0.5497252305255402,0.36202543804077286,,1,0,0,,,,,
LIU_SAMPLE135,LIU_PATIENT135,Liu 2019,20.63,0.0,Complete Response,1.0,,,Male,Metastatic,1,0.15239458705581146,0.0890791976016984,0.04011379280487504,0.08092773200328235,8.0,0.1270683485773423,-4.045822081705284,-7.992738029750946,0.5,3.946915948045642,0.12233298120861327,0.05956508509961636,-0.881094903958064,0.5389587022750099,-0.06789790590289262,-0.09412494110594609,0.13784254903868332,,0,0,0,,,,,
LIU_SAMPLE137,LIU_PATIENT137,Liu 2019,25.36,0.0,Complete Response,1.0,,,Female,Metastatic,1,1.071911128483879,0.965479206318375,0.8834361265936961,0.9376908137523337,7.0,0.6454924784652984,-3.156605025710201,7.180495111226201,-0.7844660163736595,-10.337100136936385,1.037708255389793,0.9434256271887983,0.8507160799892629,1.2100138418008108,0.7853919559800008,0.34234455571615435,0.22504898330776418,,0,0,0,,,,,
LIU_SAMPLE14,LIU_PATIENT14,Liu 2019,6.11,1.0,Progressive Disease,0.0,,,Female,Metastatic,1,0.43923970854482164,0.2537351220616033,0.40462728108736573,0.5297461714332401,2.0,0.1679662155735401,3.967886013473217,7.143537035282431,0.35709971585660893,-3.175651021809204,0.4164191868430315,0.08916995002590082,0.6846802330841508,0.41711649136483125,0.04078609534330332,0.049608547212095885,0.028748873850332944,,1,0,0,,,,,
LIU_SAMPLE140,LIU_PATIENT140,Liu 2019,11.53,1.0,Progressive Disease,0.0,,,Male,Metastatic,1,-0.5498298701558652,-0.527739829507598,-0.7838586005991504,-0.5363038361032961,4.0,-0.1165889951746443,1.0477955391070355,-2.7993162576472095,0.5,3.847111796754255,-0.6911469512870306,-0.5714300100117478,-0.6528120888350974,-1.2674145140838584,-0.0018962949948144736,-0.4253920359873865,-0.5573148322560548,,0,0,1,,,,,
LIU_SAMPLE141,LIU_PATIENT141,Liu 2019,28.75,0.0,Partial Response,1.0,,,Female,Metastatic,1,-1.6921719523565386,-1.88421832200473,-2.860976129101132,-3.7137403792657775,6.0,-0.4177129029086273,-16.374764797690197,-17.093810960528312,0.5,0.7190461628381476,-4.162682112939115,-0.9101129399024311,-2.121369860858039,-1.145886472629602,-1.2331267024700456,-0.8667872116594662,-0.08463817519735628,,1,0,0,,,,,
LIU_SAMPLE142,LIU_PATIENT142,Liu 2019,32.72,0.0,Stable Disease,,,,Female,Metastatic,1,-0.5962247213760228,-0.25965320756848637,-0.01886806939952,-0.94624084565716,10.0,0.4438554456095717,-21.303148925571442,-18.508940304677218,0.5,-2.794208620894233,-0.320785366665502,-0.09486843673738297,-0.958643528301395,0.03670587752101658,-0.9627179278616183,-0.0715459088911242,0.0028744806999345396,,1,0,0,,,,,
LIU_SAMPLE143,LIU_PATIENT143,Liu 2019,20.7,0.0,Progressive Disease,0.0,,,Male,,1,0.5351483319864032,0.4056577298911816,0.32297711571489707,0.36971690379132227,6.0,0.4412791417271369,6.401968202788594,6.43007710011205,0.49890473822917764,-0.028108897323465828,0.4017672339305205,0.5962296894110949,0.43379207218483806,0.13385930136144533,0.8722898616034518,0.9338717665531154,0.7451946004628907,,1,0,0,,,,,
LIU_SAMPLE144,LIU_PATIENT144,Liu 2019,21.75,0.0,Partial Response,1.0,,,Male,Metastatic,1,-1.685283747974853,-1.4255515780163148,-1.9819462749465724,-0.1960115082687042,6.0,-3.450866847398796,-20.762353540990613,-24.616569597283007,0.5,3.85421605629237,-1.223348948894762,-0.8447359332707348,-0.2967645762468184,-2.166315987561029,-0.5292038049204305,-0.6423066949742952,-0.3417639947355208,,1,0,1,,,,,
LIU_SAMPLE145,LIU_PATIENT145,Liu 2019,27.37,0.0,Complete Response,1.0,,,Male,Metastatic,1,0.3052169899880074,0.2711179050273144,0.40668568833443897,0.6664081744396702,9.0,0.2805439485381231,-2.272952074443798,-4.084894980318307,0.5,1.8119429058745138,0.396313714501916,-0.02536020250460284,0.12086594761795277,-0.758618253521918,-0.4237444565996718,0.23117265886804922,0.600772069327545,,0,1,0,,,,,
LIU_SAMPLE146,LIU_PATIENT146,Liu 2019,20.11,0.0,Complete Response,1.0,,,Female,Metastatic,1,-0.15494326362253977,-0.08047226881693993,-0.08186324298383645,-0.011284653915540205,6.0,0.1256486124639083,1.9646261962076226,-4.1154014285326985,0.5,6.080027624740315,0.000962145225256221,-0.6105871125874526,0.39242503969691334,-0.6080260030002095,-0.35924335049888423,-0.28279880031547766,0.22965835904794962,,0,1,0,,,,,
LIU_SAMPLE147,LIU_PATIENT147,Liu 2019,31.54,0.0,Complete Response,1.0,,,Male,Metastatic,1,-0.4602223924221562,-0.6030761073312397,-0.7359806003732614,-0.6830539478641546,10.0,-0.3996361942840186,0.3865920000864883,-7.143990350504874,0.5,7.530582350591373,-0.7997238747408346,-0.397362825953082,-0.37901704108406237,-1.6668372057869523,-0.07805300603206318,-0.6739438044309827,-0.2896526249503443,,0,1,0,,,,,
LIU_SAMPLE148,LIU_PATIENT148,Liu 2019,26.02,0.0,Partial Response,1.0,,,Female,Metastatic,1,-0.5854122079972098,-0.20960249414995533,-0.3937815853200492,0.028750311038496706,10.0,0.1927184519598349,0.614011117304964,-7.789417797655098,0.5,8.40342891496006,-0.2034760150185702,-0.2432641346093497,-0.4079297812367492,-0.11631259925478821,-0.7005627468234554,-0.10986897241385249,-0.23394909384060902,,0,0,0,,,,,
LIU_SAMPLE149,LIU_PATIENT149,Liu 2019,16.33,1.0,Stable Disease,,,,Male,Metastatic,1,0.8565898549584521,0.7720965929325596,0.6864673349609711,0.7676583661652974,7.0,0.8862479115272257,2.979222776027626,7.429412489635707,0.28622607094857816,-4.450189713608054,0.7889368135379351,0.7601044501195262,0.8113922965624673,1.1868986530534043,0.24238513411501258,0.7779227002334793,0.4866392674341923,,0,1,0,,,,,
LIU_SAMPLE15,LIU_PATIENT15,Liu 2019,4.89,1.0,Partial Response,1.0,,,Female,Metastatic,1,0.8038404680873187,0.5633668296348735,0.7028994243224326,0.9276253596190048,7.0,0.4944693152658121,1.313194042214355,4.4094615775953425,0.22947284083783892,-3.096267535380979,0.7914021561784096,0.30587691394342936,0.28305387600879134,-0.681740487180324,-0.03253758290806251,0.3577195400778835,-0.3496678792261259,,0,1,0,,,,,
LIU_SAMPLE150,LIU_PATIENT150,Liu 2019,22.5,0.0,Partial Response,1.0,,,Male,Metastatic,1,-0.2719136344114798,-0.09409864243634802,0.0216489033578508,-0.0184611940813663,8.0,-0.0169855659740882,4.658688727728446,1.5952338694159613,0.7449226713895758,3.0634548583124928,0.029620742509043098,0.268754799495023,-0.3766739947216787,0.24805843425223273,0.112411730530111,0.0015966794148599972,0.20622773885657553,,1,0,0,,,,,
LIU_SAMPLE154,LIU_PATIENT154,Liu 2019,20.86,0.0,Stable Disease,,,,Female,,1,-0.7311021657969659,-0.5384082190015841,-0.4856254534823836,-0.5272703024811204,8.0,-0.3474722964136775,5.07948169368672,8.267733516713411,0.38056490538406806,-3.1882518230266745,-0.686111513840473,-0.20032514957241662,0.23036600942926308,0.8162247841525674,-0.3140941113179118,0.3871760237051263,1.2045595109729579,,0,0,0,,,,,
LIU_SAMPLE155,LIU_PATIENT155,Liu 2019,15.6,0.0,Progressive Disease,0.0,,,Male,,1,0.08569905444934207,-0.01957499715973024,0.06478334154746751,-0.18858494246209273,6.0,0.0932974090112593,5.840846305124256,4.920748575932778,0.542749134276141,0.9200977291914787,-0.18401632102916143,0.07882327265042831,-0.5842901968190516,-0.7151588763335034,0.37810440834096903,0.30191645515122895,0.23857189148697802,,1,0,0,,,,,
LIU_SAMPLE156,LIU_PATIENT156,Liu 2019,2.86,1.0,Progressive Disease,0.0,,,Male,Metastatic,1,-1.0644853319911904,-0.5381845139276051,-0.3696507389777691,-1.6590588260444181,8.0,0.2524798421541898,13.916208604641126,6.491185189464216,0.6819199327971419,7.425023415176916,-1.1943651381548959,-0.0163770517324751,-0.3454405626406256,-0.18103254748157505,-0.23868765859023894,0.3935669653664948,0.9437340280266373,,1,0,0,,,,,
LIU_SAMPLE158,LIU_PATIENT158,Liu 2019,6.37,0.0,Partial Response,1.0,,,Male,Metastatic,1,0.2457160264722779,0.17305052008607286,0.6497099964201294,0.3455348349107444,5.0,0.1002532260399568,4.174434830361895,-1.0272274725771533,1.3263933245568538,5.201662302939066,0.23426964013334906,0.39801840909664016,0.761052966042968,0.6471334122230362,-0.21015677282879924,-0.15720826097102578,-0.1056059302969742,,1,0,0,,,,,
LIU_SAMPLE159,LIU_PATIENT159,Liu 2019,9.46,0.0,Stable Disease,,,,Female,Metastatic,1,0.26856600592920843,0.25011362303760065,0.42446626353858186,0.3752725806909665,9.0,0.361948024158,16.008768520590667,13.15018563797382,0.5490172395599661,2.8585828826168584,0.32652324693037577,0.3481948014033536,0.5427008309192328,0.5455558219106423,0.17452686522841676,0.2918433285981118,0.4486549355110585,,0,0,0,,,,,
LIU_SAMPLE162,LIU_PATIENT162,Liu 2019,6.6,1.0,Progressive Disease,0.0,,,Male,Metastatic,1,0.6254651042255478,0.41610532819415513,0.4265630307845844,0.5523543660067868,8.0,0.8161168361568713,-8.250984690112857,-1.830131797165568,0.5,-6.420852892947283,0.3759379172171009,-0.05121170983523663,0.666491794386377,0.427302237266766,-0.4980991337364996,-0.4538858492766208,-0.8897508293477852,,1,0,1,,,,,
LIU_SAMPLE163,LIU_PATIENT163,Liu 2019,5.68,1.0,Progressive Disease,0.0,,,Male,Metastatic,1,-0.19387572211338586,0.022953296279527996,0.2400429637198524,0.23237231092787858,5.0,-0.0377547248926157,8.934556626773361,7.15392246219838,0.5553387972451529,1.7806341645749915,0.2371613892011161,0.1774916685081537,0.8944601512031684,0.9803354738021032,-0.16276457577239042,-0.15784187507494626,0.09435757285802551,,1,0,0,,,,,
LIU_SAMPLE165,LIU_PATIENT165,Liu 2019,2.46,0.0,Progressive Disease,0.0,,,Male,Metastatic,1,-0.13510382854751235,0.07145603979102153,0.16572532007577676,-0.24106835337413896,9.0,0.335958580315169,5.061766703883187,-1.1925581655372022,1.308217598952937,6.254324869420396,-0.1892901741254157,0.2015280258725393,0.4300373533277663,0.34323441955026285,-0.0812485276869509,-0.04924698022411127,0.1722832315001977,,0,0,0,,,,,
LIU_SAMPLE166,LIU_PATIENT166,Liu 2019,6.73,1.0,Partial Response,1.0,,,Female,Metastatic,1,-0.9709227117905455,-1.308552248782363,-2.909512996438383,-1.730693795520458,6.0,-0.3655665474694599,-3.164759762878973,-8.971691664082806,0.5,5.806931901203835,-2.15577373847862,-1.0827425029104003,-0.6213142762807506,-0.513648290797344,-0.5334564776234644,-0.784416861165397,-0.020889671311280694,,0,0,0,,,,,
LIU_SAMPLE167,LIU_PATIENT167,Liu 2019,9.26,1.0,Progressive Disease,0.0,,,Female,Metastatic,1,0.407893002306982,0.4639928679840406,0.6685304648648482,0.6047015623435458,5.0,0.2559649587996541,10.440525675769894,8.627484517381582,0.5475414356302235,1.8130411583883166,0.5559069206142568,0.4644279161505745,0.5582092061253184,0.19122202752426487,0.30392432524625734,0.42529051079642083,-0.6885174634586062,,0,0,0,,,,,
LIU_SAMPLE168,LIU_PATIENT168,Liu 2019,20.47,0.0,Partial Response,1.0,,,Male,Metastatic,1,-1.2997866847362405,-0.8211368766637728,-0.06400844689373615,-0.9720623098927417,7.0,-0.5852249711093428,4.313206327001627,-5.045364813727637,0.5,9.358571140729266,-0.818980765618758,-0.5460169916097225,0.2205333911968411,-0.22200235570284352,-0.3130393190731272,0.0032685125061357343,-0.10036110667427507,,0,0,0,,,,,
LIU_SAMPLE169,LIU_PATIENT169,Liu 2019,17.84,0.0,Partial Response,1.0,,,Male,Metastatic,1,0.6204857893118618,0.5040779794040174,0.5092012439472738,0.6698595428385474,9.0,0.5243597647903772,14.392514040997467,9.26148049792065,0.6084601912508834,5.131033543076812,0.6255928315514234,0.3962965367532378,0.3789941954865476,-0.07872942743494506,0.7863501252836824,0.586238092530255,0.10643921193356708,,0,1,0,,,,,
LIU_SAMPLE17,LIU_PATIENT17,Liu 2019,22.54,1.0,Stable Disease,,,,Male,Metastatic,1,0.5985074821023227,0.6010876796199263,0.33722606183326015,0.5289726790886768,6.0,0.3952002922015378,9.09169045313714,8.160718630575778,0.5269809224336166,0.9309718225613478,0.5693733423483663,0.7916753273545147,0.5396050515687258,1.0763678227980917,0.5716200504429386,0.40789853982980045,0.37043856449087137,,1,0,0,,,,,
LIU_SAMPLE170,LIU_PATIENT170,Liu 2019,11.4,0.0,Stable Disease,,,,Male,,1,0.29433279717361377,0.2783826890512626,0.17845515092968806,0.2171485102348083,9.0,-0.0109326627889115,5.885405484723491,7.345764343897848,0.44481369077376115,-1.460358859174377,0.2081332769302992,0.26082759014358403,0.49838143894794834,0.09976281568688898,0.545887213437647,0.30526789152502076,0.5613721115274755,,0,0,0,,,,,
LIU_SAMPLE172,LIU_PATIENT172,Liu 2019,8.94,0.0,Stable Disease,,,,Male,,1,0.5442501417685022,0.5796128952834257,0.636552362575155,0.6475897646976649,6.0,0.6109419986457764,6.867701489669492,11.410138711997835,0.3757392237756303,-4.5424372223283465,0.7315146714391376,0.9299066017880238,0.5951506323975365,0.1657706897535315,0.9017802070826285,0.8106342360667058,0.8473501012699883,,0,1,0,,,,,
LIU_SAMPLE173,LIU_PATIENT173,Liu 2019,1.38,1.0,Progressive Disease,0.0,,,Female,Metastatic,1,-0.23575084153568207,-0.23763904364811053,-0.5188740042828297,-0.3464635069727185,7.0,-0.1147075182731991,9.71532924345688,6.9370922006928595,0.5834184101117637,2.778237042764004,-0.36097289529686505,0.11592701302506044,0.21299965770112783,0.2966324638350925,0.22120404134222707,-0.010254932311775966,0.1994302017180432,,1,0,0,,,,,
LIU_SAMPLE179,LIU_PATIENT179,Liu 2019,21.45,0.0,Partial Response,1.0,,,Female,Metastatic,1,-2.442017261415614,-2.1688010772660866,-4.220430238499087,-3.7137403792657775,6.0,0.1974022074162393,-39.980288513448514,-43.68958831690732,0.5,3.709299803458741,-3.298970517344408,-1.8591278329664886,-2.1055455266996916,0.4346288980559407,-2.403214014484097,-2.5114135594389526,-3.770520779147456,,0,1,0,,,,,
LIU_SAMPLE18,LIU_PATIENT18,Liu 2019,4.27,1.0,Progressive Disease,0.0,,,Male,,1,0.3124095387429648,0.07830566600308438,-0.3821140980687679,0.0194007382883987,7.0,0.2958086508796266,3.8686022668349023,1.8237304875054954,0.6796163249390327,2.0448717793294073,-0.09295675941142978,-0.3876523120768413,-0.567239303354032,0.09225700700492316,0.20784316440648437,-0.5802322717250732,-0.7162244809224534,,0,0,0,,,,,
LIU_SAMPLE181,LIU_PATIENT181,Liu 2019,15.64,0.0,Complete Response,1.0,,,Female,Metastatic,1,0.7271189312623348,0.3658615149226267,0.6752018047515481,0.6327635093984256,12.0,0.6188845728624331,8.709519354617202,13.367231988867092,0.39451091417885265,-4.657712634249905,0.6175187818605601,0.6111880970325899,0.407125007520289,0.18235843445053537,0.7980745385044163,0.6816398532323144,0.5691862959876736,,0,1,0,,,,,
LIU_SAMPLE183,LIU_PATIENT183,Liu 2019,18.79,1.0,Progressive Disease,0.0,,,Male,Metastatic,1,0.537318618932331,0.05329994019830659,0.5860473936369404,1.0264943642313986,11.0,-3.450866847398796,-33.401437406894246,-22.985387572815583,0.5,-10.416049834078695,0.8092848239473635,-1.0451508661522257,-0.2632720066448263,0.863002226166573,0.0017028931370433932,-0.033248596373359265,-0.3721883073650417,,0,1,0,,,,,
LIU_SAMPLE184,LIU_PATIENT184,Liu 2019,16.85,0.0,Complete Response,1.0,,,Male,Metastatic,1,-0.43656584587873226,-1.395960684775968,-1.9229620725566037,-1.3703818819070999,10.0,-3.450866847398796,-42.82814231680494,-39.80661714149855,0.5,-3.0215251753063637,-1.8244072588025437,-1.5664257927396303,-1.2413954907751197,-2.166315987561029,-0.5431182775166967,-0.17539145085248745,0.00875144018838422,,1,0,0,,,,,
LIU_SAMPLE185,LIU_PATIENT185,Liu 2019,6.67,0.0,Stable Disease,,,,Male,Metastatic,1,0.3252655822155813,0.10125058264421634,0.5249988416095026,0.43133730638182544,7.0,0.3200929855058479,-2.9127079294903795,-4.141852891065678,0.5,1.2291449615752956,0.2720176118744797,0.35415802483765685,0.28347506627048996,0.5417812440585821,-0.5140912057570872,0.2137384709470048,0.5564952511813328,,1,0,0,,,,,
LIU_SAMPLE187,LIU_PATIENT187,Liu 2019,20.27,0.0,Complete Response,1.0,,,Female,Metastatic,1,0.032384029729167596,0.14320875586214493,-0.08704489222050735,0.044342207014160195,11.0,0.3119280065848369,4.2982035088191415,1.7825649630925482,0.7068520251467263,2.515638545726598,0.13370202811512205,0.3223119461117164,0.50078298377669,0.8660294046346187,0.10306631820522578,0.004823412792887116,0.1283321070697677,,1,0,0,,,,,
LIU_SAMPLE188,LIU_PATIENT188,Liu 2019,2.43,1.0,Progressive Disease,0.0,,,Male,Metastatic,1,-0.26803304729580174,-0.27856960043945866,-0.09729780733418471,-0.0630492089755233,5.0,-0.7048577187781967,8.402501589248056,-0.02053222741402047,1.0024495708022403,8.423033816662112,-0.13087789705143507,-0.24749484322349913,-0.589682518588699,0.23188889128488466,0.021244425720024628,-0.3459233711960342,0.03272768143679951,,0,1,0,,,,,
LIU_SAMPLE189,LIU_PATIENT189,Liu 2019,23.59,0.0,Partial Response,1.0,,,Female,Metastatic,1,0.4303109054310676,0.420620429514643,0.36321324044113074,0.4585787608845778,9.0,0.4084933377725472,7.809389079074416,13.561338444135568,0.36542457764214703,-5.751949365061175,0.5060954043375502,0.6235034889686409,-0.29730428944379544,-0.20015320954611424,0.596568028390404,0.686249662687022,0.7237096140400381,,0,0,0,,,,,
LIU_SAMPLE191,LIU_PATIENT191,Liu 2019,21.62,0.0,Partial Response,1.0,,,Male,Metastatic,1,0.548095665249568,0.44760444441851777,0.22633728656950647,-0.0084029795399502,10.0,0.5149372812918898,11.258732716296059,6.222590547316814,0.6440435055469144,5.036142168979241,0.12417246483007804,0.5743458094851341,0.31590163717503156,0.7479686503593648,0.5625390129273132,0.46081599483971497,0.0960956141492238,,0,1,0,,,,,
LIU_SAMPLE192,LIU_PATIENT192,Liu 2019,9.53,0.0,Partial Response,1.0,,,Female,Metastatic,1,0.9785724022539123,0.7465132828320515,0.686310708886962,0.7477849736072133,8.0,0.7498865580996392,8.464142342556189,10.535008867995964,0.44550107785105647,-2.0708665254397975,0.7105355904682693,0.40115524032188216,0.31289081743479613,0.8090500022250083,0.6167708164637195,0.6716779351329276,0.22214351132324758,,1,0,0,,,,,
LIU_SAMPLE193,LIU_PATIENT193,Liu 2019,21.65,0.0,Stable Disease,,,,Female,,1,0.7877843709769685,0.6427649810759758,0.4933751888989152,0.52253551435076,5.0,0.5234645036307434,15.07861838845249,18.530667637431396,0.448644412643572,-3.4520492489789483,0.5207880512772206,0.5616247934041408,0.6687332425126185,0.7281869086820197,0.9012576122784195,0.5887289775873981,0.04847697887536438,,0,1,0,,,,,
LIU_SAMPLE195,LIU_PATIENT195,Liu 2019,29.4,0.0,Partial Response,1.0,,,Male,Metastatic,1,-0.21086548170092975,0.19139916039275753,0.40272471668849685,0.48558920468721145,8.0,-0.2283976731259351,12.834838404340418,5.829626338212027,0.6876617455350181,7.005212066128356,0.5531925337711154,0.40035934776222537,0.42209244599363965,1.2092908082611915,-0.014826910789789025,0.11065039615866552,0.7035737179662711,,0,0,1,,,,,
LIU_SAMPLE196,LIU_PATIENT196,Liu 2019,2.66,1.0,Progressive Disease,0.0,,,Male,Metastatic,1,-0.7552228261050405,-0.4214160884570387,-0.5063832615239646,-1.6667611409286023,9.0,0.5126357638226711,9.44278600908266,2.2929511711165635,0.8046180537354503,7.149834837966084,-1.2182323113593934,-0.08980109644293721,-0.24260931964905774,-0.269556866048203,-0.20816768626778806,0.11979851863775037,-0.9830073225099021,,1,0,1,,,,,
LIU_SAMPLE197,LIU_PATIENT197,Liu 2019,31.54,0.0,Partial Response,1.0,,,Female,Metastatic,1,-1.3790863342302073,-1.1871473549859806,-0.8601107867969829,-1.3123927971075475,5.0,-0.5239122638132948,1.8043570262064843,-9.025879965417067,0.5,10.830236991623584,-1.2907282340773614,-0.565305683169858,-0.3022800498908846,-1.4058790704943407,-0.26970963918688684,-0.34588512839231467,-0.5980165685208846,,0,1,0,,,,,
LIU_SAMPLE20,LIU_PATIENT20,Liu 2019,7.95,1.0,Progressive Disease,0.0,,,Female,Metastatic,1,0.8076111013335656,0.6920762363945554,0.6072490248316273,0.6308274446963551,8.0,1.283970482317028,6.403918513343449,8.953346893479923,0.4169960174353782,-2.5494283801364754,0.5127915497742008,0.6615260284948503,0.08086502463150742,0.13233173450964422,0.7114990594177473,0.743314581883062,0.37807783368142306,,1,0,0,,,,,
LIU_SAMPLE200,LIU_PATIENT200,Liu 2019,16.82,1.0,Progressive Disease,0.0,,,Male,Metastatic,1,0.6122397523567303,0.7010954403642802,0.7568124819848764,0.8812465111369087,5.0,0.4856714834289682,11.555165423815016,11.46901734947758,0.5018708172008903,0.08614807433746875,0.7657592206567202,0.3879045445526062,0.42448776903617474,-0.14158678143250555,0.08750841567722638,0.2076227164289694,-0.4598915479681251,,1,1,1,,,,,
LIU_SAMPLE201,LIU_PATIENT201,Liu 2019,5.49,1.0,Progressive Disease,0.0,,,Male,,1,-2.4361596539044625,-2.2667536534806167,-1.0132976511531475,-1.2479682980964981,3.0,-3.450866847398796,-15.309634850048747,-18.90221871129542,0.5,3.5925838612466396,-1.9917974252951436,-0.5727072179284949,-2.786259629118444,-1.480018110195705,-2.1252382579280367,-0.7361744243016197,0.6553287750756813,,1,0,0,,,,,
LIU_SAMPLE203,LIU_PATIENT203,Liu 2019,20.57,1.0,Progressive Disease,0.0,,,Male,Metastatic,1,0.18847042336064504,0.39367572147702584,0.46812830650304615,0.42651765984214374,9.0,0.1619767561962289,16.213795166555006,14.67667865121861,0.5248801058281595,1.5371165153363644,0.46670064661121025,0.5074055653718209,0.43279362310356034,0.707284378806361,0.4892826376053886,0.7331925197564978,0.9527383151246087,,1,0,0,,,,,
LIU_SAMPLE204,LIU_PATIENT204,Liu 2019,26.91,0.0,Complete Response,1.0,,,Male,Metastatic,1,0.529143731953764,0.41446725908840165,0.28954662365299955,0.32944654236442966,7.0,0.4261159502581098,13.138728792685132,12.180039998259272,0.518932373891118,0.9586887944258786,0.29846074569547365,0.37571556140564893,0.519602363685349,0.03634377227566204,0.5472512927392643,0.3347305963914987,-0.08130106157026767,,1,0,1,,,,,
LIU_SAMPLE205,LIU_PATIENT205,Liu 2019,12.88,1.0,Progressive Disease,0.0,,,Female,Metastatic,1,0.09029277465269703,0.2015860285176749,-0.16195455170742254,0.009259117092342561,10.0,0.1856058686108908,2.5007276186691234,0.7326067281350287,0.7734206705659309,1.7681208905340955,-0.14320112301810634,0.24512878688631126,-0.5239274355711813,-0.8325334045115671,-0.04707753184159204,0.47148189013292585,0.6281015920614847,,1,0,1,,,,,
LIU_SAMPLE206,LIU_PATIENT206,Liu 2019,2.96,1.0,Progressive Disease,0.0,,,Male,Metastatic,1,0.31106120796740167,0.37756134980945183,0.42856267306837287,0.5110380406156028,6.0,0.1883779906486935,13.612732135843746,14.503037569562965,0.4841671516901774,-0.8903054337191761,0.4765372510282053,0.0621296474671225,0.7443808580669554,0.4071480145551465,0.3595597651208539,0.4909345481981626,1.1457611296049401,,0,0,1,,,,,
LIU_SAMPLE21,LIU_PATIENT21,Liu 2019,29.76,0.0,Partial Response,1.0,,,Female,Metastatic,1,-0.3893660598043629,-0.3548675541984995,-0.5707196664777895,-0.26761614451098753,7.0,0.2675019793749928,-1.1310136784882152,-8.409554759851574,0.5,7.2785410813633575,-0.5017581983302707,-0.495932054202054,-1.826447468843005,-0.8351958392098392,-0.13674418501383517,-0.5386212328566778,-0.6863231716618129,,0,1,0,,,,,
LIU_SAMPLE22,LIU_PATIENT22,Liu 2019,8.31,1.0,Progressive Disease,0.0,,,Male,Metastatic,1,-1.6001357265861895,-1.3161717181940833,-1.1045573590427669,-0.7778798813096252,8.0,-1.3858756127953338,-1.1458467994177417,-12.35774882721909,0.5,11.21190202780136,-1.161094054654193,-1.2619172749887186,-1.1750366617473087,-1.5119035906330491,-0.7453423281143413,-0.3825069414482011,0.030220736272157267,,0,0,0,,,,,
LIU_SAMPLE23,LIU_PATIENT23,Liu 2019,32.03,0.0,Progressive Disease,0.0,,,Male,,1,-1.496757284333495,-0.5201817862927919,-0.34791340691863565,-0.31368608826844324,4.0,-0.2726218743668407,7.627971474953945,2.5380615096722763,0.7503390443931759,5.089909965281666,-0.34672827396615247,-0.21639937783805197,-0.7301010216785029,-0.24321295965814418,-0.503306021507963,0.0586260945732814,0.49838040723230304,,0,1,0,,,,,
LIU_SAMPLE24,LIU_PATIENT24,Liu 2019,4.5,1.0,Progressive Disease,0.0,,,Male,Metastatic,1,-0.7303663001981365,-0.1991972640380497,-0.022800806255236002,-0.1667966107177244,3.0,0.0381550492040682,-4.60237752161661,-6.490261570025037,0.5,1.8878840484084298,-0.034826809911732225,0.07843127933580789,-0.5268603574700547,-1.175217022416148,-0.7400594113377339,-0.3725388118226299,0.14194076358655486,,0,0,0,,,,,
LIU_SAMPLE25,LIU_PATIENT25,Liu 2019,36.01,0.0,Partial Response,1.0,,,Male,Metastatic,1,0.1545206331414065,0.2871373087186759,0.29785699256994513,0.053174181668811,7.0,0.3280705724268995,14.642583401470947,12.326398792500278,0.5429416392563832,2.316184608970678,0.18291468445046746,0.4846057213751685,0.42940944348262544,0.3323142441893106,0.2361006585462329,0.6849723260753053,0.9800251112426892,,0,0,0,,,,,
LIU_SAMPLE27,LIU_PATIENT27,Liu 2019,14.16,1.0,Progressive Disease,0.0,,,Male,Metastatic,1,0.6591045146100579,0.4845318090760873,0.49983902422483417,0.8110712964037614,9.0,0.1732971653031354,0.5933755970707713,3.6801710373113865,0.1388485133862492,-3.0867954402406323,0.7666343568226077,0.40264816230758305,-0.24509502932972405,1.2422443007765078,0.24737795701400334,-0.3457702151678547,-0.5481659449923987,,0,1,0,,,,,
LIU_SAMPLE30,LIU_PATIENT30,Liu 2019,7.0,1.0,Stable Disease,,,,Female,Metastatic,1,0.9415216634364741,0.7070831463378069,0.6572291208935788,0.934311102330765,7.0,0.1474582275225222,-12.044379231862916,0.35516879416116204,0.5,-12.399548026024037,0.8372594443840173,0.0959515598933783,0.49531180644369394,0.09233972734634611,0.22044017340693584,0.130774629407311,-0.8384933330350923,,1,0,0,,,,,
LIU_SAMPLE31,LIU_PATIENT31,Liu 2019,13.99,1.0,Progressive Disease,0.0,,,Male,Metastatic,1,-0.3370164744604713,-0.14914219538449336,-0.4430467176171573,-0.5725668415714789,12.0,0.2537475155070843,3.2552229086673483,1.1247585917463534,0.7432047163577936,2.130464316920993,-0.4407353187631344,-0.1510782691509341,-1.1417564719580253,-0.06565338101932332,0.025914123673862737,-0.6419661357154495,-0.6511048670687656,,0,1,0,,,,,
LIU_SAMPLE32,LIU_PATIENT32,Liu 2019,1.74,1.0,Progressive Disease,0.0,,,Female,Metastatic,1,-1.1744402128798421,-1.206958991230105,-0.25381075776950324,-1.2416793499596743,8.0,0.0927606318080541,-4.710026851026488,-8.662271250295653,0.5,3.95224439926918,-0.8360347592632655,-0.05180098726100477,-1.9413899065327813,-1.5721501960397477,-0.7915834611471649,-0.07623161432333,0.033702250598005745,,1,1,0,,,,,
LIU_SAMPLE33,LIU_PATIENT33,Liu 2019,55.16,0.0,Partial Response,1.0,,,Female,Metastatic,1,0.6620633822521733,0.6158855452504587,0.7113394633072655,0.6581438619051119,6.0,0.4742585727580707,4.389080020122442,13.47855072926378,0.24564420888724786,-9.08947070914134,0.6622899346478496,0.7181129947081729,0.4701944278233699,1.3082438054291101,0.3908453198433933,0.6134868241043782,0.9197008377416314,,0,0,0,,,,,
LIU_SAMPLE34,LIU_PATIENT34,Liu 2019,55.55,0.0,Partial Response,1.0,,,Male,Metastatic,1,-0.8709575978465541,-0.09722001774633116,0.07558556780062405,0.0017121885194497505,4.0,0.5495470780443505,6.128316389968994,9.749207810014296,0.3859743063704758,-3.6208914200453086,-0.018340160170097125,-0.2528588232851439,0.5351061109634183,0.6427064401224138,-0.17364646547554136,-0.10389059544867718,1.1783648955501083,,0,0,0,,,,,
LIU_SAMPLE35,LIU_PATIENT35,Liu 2019,31.8,1.0,Stable Disease,,,,Male,Metastatic,1,0.28504769093633664,0.25577298983357605,0.26431357880229145,0.5328953025906071,7.0,0.3778970251582975,0.07425026216806777,2.9616760988423736,0.02445720130818825,-2.8874258366743004,0.4663552505161913,0.11728247143047414,0.14554448853493981,-0.17209167937389347,0.5113143293189276,-0.4494945793252099,-0.5796767765977494,,0,0,0,,,,,
LIU_SAMPLE36,LIU_PATIENT36,Liu 2019,14.82,1.0,Progressive Disease,0.0,,,Male,Metastatic,1,-0.2674074398002208,-0.2769122586060368,0.23577403222617255,-0.7491544357251028,9.0,-0.89712621247974,5.404890820595534,5.625175574395014,0.4900143505074672,-0.22028475379949092,-0.31259524103347885,-0.042322741793250435,-0.18086499247621354,-0.7273502956701369,0.17413105925155642,-0.4789800448887601,0.12583474812534653,,0,1,0,,,,,
LIU_SAMPLE37,LIU_PATIENT37,Liu 2019,9.03,1.0,Progressive Disease,0.0,,,Male,Metastatic,1,0.6011587722291453,0.6871815711584058,0.5419493251265903,0.7507443250184168,4.0,1.0870319341730283,9.494623513594867,14.852204891736772,0.3899737310965591,-5.357581378141945,0.7917977489500351,0.5964264315605835,0.8013919161730888,1.284865943913626,0.8360016049858224,0.42264749236532245,1.3450541639673093,,0,0,1,,,,,
LIU_SAMPLE38,LIU_PATIENT38,Liu 2019,11.27,1.0,Progressive Disease,0.0,,,Male,Metastatic,1,-0.014306956275775015,0.18897427312801882,0.17396820501589824,0.40682355308719637,6.0,0.2407910576433823,8.21227622780031,4.133856654455955,0.6651699205022253,4.078419573344347,0.2836187786321705,-0.23036734242504542,0.5719598738972477,-0.11693447558106669,-0.050953174455851735,-0.13519539599229083,0.6079042146930311,,1,0,0,,,,,
LIU_SAMPLE4,LIU_PATIENT4,Liu 2019,19.71,1.0,Complete Response,1.0,,,Male,Metastatic,1,-0.19080505513806087,-0.09760495929094266,-0.04921102770039269,0.15621954615608025,5.0,-0.0010671346715001,3.775288680334314,1.3027649961853396,0.7434519051641424,2.472523684148966,0.08210722359424603,0.11763034394255574,0.08647479701034248,-0.6084315647681423,0.6314625363013178,0.14377677218828308,0.14384979502121595,,1,0,0,,,,,
LIU_SAMPLE40,LIU_PATIENT40,Liu 2019,15.37,1.0,Progressive Disease,0.0,,,Female,Metastatic,1,-0.18272064598504856,-0.0821670847504216,0.15556503738735164,0.36902432646164574,3.0,-0.2356654904787489,2.1279814266928705,-6.859855700278756,0.5,8.987837126971609,0.19359545659735183,-0.1738594116841288,0.34201155030074193,-0.23609583866457473,-0.8062022983089763,-0.5127852838015889,-0.029297639608684922,,0,0,1,,,,,
LIU_SAMPLE42,LIU_PATIENT42,Liu 2019,33.74,0.0,Complete Response,1.0,,,Male,Metastatic,1,0.4795763480744233,0.22266694866060954,0.20788374048567337,0.15032229162028546,4.0,0.1669816146146155,3.087031904720031,-0.2179636911712765,1.0759702018034896,3.3049955958913095,0.15409195133158954,0.09348185272673933,0.25299838633935606,0.648705935154672,0.31475428987736187,-0.42220793725270844,-0.11610428395444705,,0,1,0,,,,,
LIU_SAMPLE44,LIU_PATIENT44,Liu 2019,30.29,0.0,Partial Response,1.0,,,Male,Metastatic,1,0.7745925690499466,0.365183521712659,0.680987697029697,-0.8052152487124299,8.0,-3.450866847398796,-48.681396519028,-32.05364079760213,0.5,-16.62775572142594,0.0037655211565031377,0.7535808672468193,-1.3857227257915463,1.2074738625494799,-0.39743926613681146,-0.19933550690324928,-0.8075947851146197,,0,0,0,,,,,
LIU_SAMPLE45,LIU_PATIENT45,Liu 2019,54.73,0.0,Partial Response,1.0,,,Male,Metastatic,1,0.6577886639514819,0.5509759642343391,0.6255004185232763,0.7497756738923013,7.0,0.4025504969505228,-0.3911994994007573,-0.046547012562841605,0.5,-0.3446524868379147,0.6632704358307837,0.6556215722239839,-0.4331351115379587,0.6028545313690277,0.7445769411494846,0.31246806499065116,0.31863461996350223,,0,1,0,,,,,
LIU_SAMPLE47,LIU_PATIENT47,Liu 2019,30.78,0.0,Progressive Disease,0.0,,,Female,Metastatic,1,-0.8868066865226215,-0.6003445523036584,-0.78802735572174,-0.512181058192216,6.0,-0.6000748163542968,0.7816345923532326,-0.8891243806497457,0.5,1.6707589730029753,-0.467608066265224,-0.6580279518562845,-0.2194661990892531,-0.8419288718994161,-0.747022153514185,-0.6617855298503883,-0.39840782150964615,,0,1,0,,,,,
LIU_SAMPLE48,LIU_PATIENT48,Liu 2019,1.74,1.0,Progressive Disease,0.0,,,Female,Metastatic,1,-0.1442721846708965,0.07187857789540174,0.13078318153833096,0.360491474310105,8.0,0.0433122697584644,-6.101169446560101,-7.661278253165043,0.5,1.5601088066049351,0.25597419290806034,-0.7371806790234411,0.3206479809371872,0.37060130947859715,-0.3176536662201327,-0.8219526499166753,-1.7392321938275217,,0,0,0,,,,,
LIU_SAMPLE51,LIU_PATIENT51,Liu 2019,50.82,0.0,Partial Response,1.0,,,Male,Metastatic,1,0.7750272193948212,0.2679116929157782,0.3496119113313947,-0.9622164733877921,4.0,0.2527447419520028,-33.958455813734105,-22.74181056598769,0.5,-11.216645247746397,-0.3223871239474748,0.19668209351934926,-1.40570806289855,0.48551543982747053,-0.1770833238732386,0.6710702896953501,0.48437279312469783,,0,1,0,,,,,
LIU_SAMPLE56,LIU_PATIENT56,Liu 2019,4.01,1.0,Progressive Disease,0.0,,,Male,Metastatic,1,0.32255034058898013,0.47031337822713254,0.42723181832511126,0.33448247491823424,7.0,0.4673555744821603,14.946740842258341,16.308236244900257,0.4782195424612661,-1.3614954026419415,0.48863633187391364,0.6410262073647625,0.6256827412476808,0.2556485862440844,0.5947549152563253,0.6528826399102138,1.1589966960554619,,0,0,0,,,,,
LIU_SAMPLE58,LIU_PATIENT58,Liu 2019,9.95,1.0,Progressive Disease,0.0,,,Male,Metastatic,1,-1.198555591242436,-0.7390657488097819,0.17083202434160955,-1.5062313448728566,4.0,0.0408845311830193,-19.194841007906057,-25.595411814264104,0.5,6.400570806358033,-0.882140341377631,-1.351691347222643,-1.269259102512201,-2.166315987561029,-0.20571175741012532,0.08923959850512353,0.3307621006279445,,0,0,0,,,,,
LIU_SAMPLE6,LIU_PATIENT6,Liu 2019,22.57,1.0,Stable Disease,,,,Female,Metastatic,1,0.24795825253895587,0.24416766450213223,0.10122910395475546,0.29714065599189743,7.0,-0.341900701590375,10.168259715046634,6.540229646407244,0.6085684645138889,3.628030068639421,0.3900362966991342,0.5093602383780736,0.5120662591388275,-0.9545791992255227,0.6680152763979389,0.6519374966129782,0.14517436889655472,,0,0,0,,,,,
LIU_SAMPLE61,LIU_PATIENT61,Liu 2019,32.42,0.0,Stable Disease,,,,Female,Metastatic,1,0.4298356690638015,-0.020225988218795114,0.2050338062381648,-0.720674846923085,9.0,1.0556830204555925,-49.389608981386665,-22.498222832092473,0.5,-26.89138614929428,-0.24224850151233024,-1.3757186824307732,0.6940371342253634,-1.2438635165976257,1.0121554658265808,0.2698779116328442,-1.5183307626261437,,1,0,1,,,,,
LIU_SAMPLE62,LIU_PATIENT62,Liu 2019,32.88,0.0,Partial Response,1.0,,,Female,Metastatic,1,0.5531351920788685,0.46962101160778386,0.13730144764557986,0.24203701318613036,4.0,0.8134392077940295,14.619730139582643,12.713586501424247,0.53486850247984,1.906143638158418,0.2477600938308928,0.6886741774094487,0.22206169396919137,0.4592084559281777,0.7066997359447298,0.7103605647070872,0.8631223505670171,,0,0,1,,,,,
LIU_SAMPLE63,LIU_PATIENT63,Liu 2019,5.85,1.0,Progressive Disease,0.0,,,Female,Metastatic,1,0.41805974731901263,0.2001140821026904,0.08963714440727835,0.5264325791258595,12.0,0.1727441522739186,0.12979789897448119,0.6737299622975664,0.1615350322377135,-0.543932063323087,0.2553650329193212,-0.09489414176408366,0.4251489235459729,-0.8986241751798043,-0.0032261659709911018,-0.2620296839952302,-0.7357845403530658,,0,0,1,,,,,
LIU_SAMPLE67,LIU_PATIENT67,Liu 2019,4.47,1.0,Progressive Disease,0.0,,,Female,Metastatic,1,-0.6979042510060743,-0.825044839021822,-0.01502129225355775,0.18852172321248645,7.0,-3.450866847398796,-8.581062846672884,-17.863015329175663,0.5,9.28195248250284,0.03848190584664497,-0.4470697492410061,0.22386335558259343,-1.5145163361250453,-0.38725571318149915,-0.5083643246283766,-0.6581932312068414,,0,0,0,,,,,
LIU_SAMPLE7,LIU_PATIENT7,Liu 2019,8.84,1.0,Stable Disease,,,,Male,Metastatic,1,0.3483988838439828,0.2369975604485059,0.2209033229283603,0.4741682115152815,8.0,0.0174430043162741,9.604589368134858,5.590842905265261,0.6320708220290558,4.013746462869576,0.43276405054878636,0.14094063009242538,0.31891858067724543,-0.10559356299498456,0.07998301488127924,-0.16651355667967419,-0.4551556210686824,,0,1,0,,,,,
LIU_SAMPLE72,LIU_PATIENT72,Liu 2019,12.98,0.0,Progressive Disease,0.0,,,Male,Metastatic,1,0.24239786414111872,0.39798567064390816,0.5595397588147696,0.5807747770225461,5.0,0.365870191858244,9.654344944699126,11.955376647009416,0.4467593394818845,-2.3010317023102904,0.612557987008393,0.3481121230384467,0.21668986228002254,0.33213122617383006,0.2944384364657625,-0.2406836699839761,0.25635498525099265,,1,0,0,,,,,
LIU_SAMPLE73,LIU_PATIENT73,Liu 2019,27.79,1.0,Progressive Disease,0.0,,,Male,Metastatic,1,0.14737111140851555,0.025995952146132536,-0.20445829110982533,-0.12183239206350113,7.0,-0.1765858758440563,8.62812669137451,3.8661586187535772,0.6905658448811313,4.761968072620929,-0.09799766723241364,-0.15131190035490008,0.2107949547387483,-0.012897837914021373,-0.20106151953596849,-0.16461372827700688,0.05597084924034133,,0,0,0,,,,,
LIU_SAMPLE75,LIU_PATIENT75,Liu 2019,29.27,0.0,Partial Response,1.0,,,Male,Metastatic,1,0.8996977807782599,0.6848555451746472,0.8302199521176672,0.811654568404842,4.0,0.4371267369072682,-19.003297903473083,-10.79771434183234,0.5,-8.205583561640754,0.7484408968763233,0.1992171926040643,-0.5983205654236786,0.9939751516696482,0.7864932731968193,-0.0806879117446528,-0.33840000435178075,,0,1,1,,,,,
LIU_SAMPLE77,LIU_PATIENT77,Liu 2019,14.59,1.0,Progressive Disease,0.0,,,Female,Metastatic,1,0.8596982126284801,0.6427731513113061,0.5839700239422683,0.7971453939411027,7.0,0.4273171408976712,8.435610304524102,9.319612496827613,0.47510585470557404,-0.884002192303537,0.7067225430037771,0.2802069695524893,0.39071334245762945,0.21373605765695639,-0.06867856116240612,0.19613943513775423,-0.17701647257630965,,1,0,0,,,,,
LIU_SAMPLE78,LIU_PATIENT78,Liu 2019,11.7,1.0,Progressive Disease,0.0,,,Female,Metastatic,1,0.7109255378595734,0.536626596432291,0.35480941366422114,0.44199092301396825,5.0,0.3146312699491759,14.35670091916929,15.946339605965195,0.47377097051569134,-1.5896386867958758,0.42443482137102484,0.6570410446687344,0.5117900493990325,0.3392936743725146,0.6572493020657381,0.4678098884213716,1.1770999262540034,,1,0,0,,,,,
LIU_SAMPLE79,LIU_PATIENT79,Liu 2019,27.89,0.0,Progressive Disease,0.0,,,Female,Metastatic,1,0.8374810847894473,0.7255893800795097,0.5240006180112509,0.7466275867688165,9.0,0.5997404140135615,11.510245674528344,14.158257330946968,0.44841904773617336,-2.6480116564186256,0.6639831406840532,0.41710078190332206,0.6976499254269806,0.20266182637390914,0.41733737132416804,0.6868054843758943,0.6485025413255409,,1,0,0,,,,,
LIU_SAMPLE8,LIU_PATIENT8,Liu 2019,33.02,1.0,Stable Disease,,,,Male,Metastatic,1,-0.2812132823996666,-0.0868982935519856,-0.18883349813473468,-0.2280567670345213,8.0,0.1550366727423243,6.277877670821959,3.694603190513739,0.6295201523185586,2.5832744803082224,-0.1207393654341046,-0.006125841588019636,0.19460180408237637,0.14506993912237065,-0.11891513283273203,-0.471715447347134,-0.11605276291772927,,0,1,0,,,,,
LIU_SAMPLE82,LIU_PATIENT82,Liu 2019,4.3,1.0,Progressive Disease,0.0,,,Male,Metastatic,1,-1.1004137849639182,-1.32717823427325,-1.5843366889726958,-0.4412032978982563,11.0,0.057228633784886,-7.235527952444198,-8.434503015300837,0.5,1.1989750628566433,-1.0317567668072467,-1.556930170900909,-1.1649323093740438,-0.6411063950706958,-1.4193627212783506,-0.11698062081673513,-1.0782331933854485,,1,0,1,,,,,
LIU_SAMPLE83,LIU_PATIENT83,Liu 2019,2.33,1.0,Progressive Disease,0.0,,,Male,Metastatic,1,-1.0262773988255935,-1.040626451926823,-0.7765178551931362,-0.6695817110344636,7.0,-0.0572448671172106,5.615130832161326,-3.4508749733027,2.594485679305313,9.06600580546403,-0.8512411534487448,-0.8062483268380477,-0.29359909878984036,-0.5729464317178795,-0.37705846385269853,-0.3824114156574304,-0.3490874241920916,,0,1,0,,,,,
LIU_SAMPLE86,LIU_PATIENT86,Liu 2019,43.59,0.0,Stable Disease,,,,Male,Metastatic,1,1.1958882766094665,0.9438968809446574,0.9465569871269265,1.1615573306157077,5.0,0.6675572297601562,6.217832808335946,18.23504328802514,0.25427817913252515,-12.017210479689158,1.1336949734843984,0.7789385873766586,0.9579883856111767,1.343326876442676,0.8819985188108868,0.3759256344273025,0.7848810287744105,,1,0,0,,,,,
LIU_SAMPLE87,LIU_PATIENT87,Liu 2019,41.49,0.0,Partial Response,1.0,,,Female,Metastatic,1,0.7130609722220407,0.6498755263741757,0.7758121208435248,0.7431297132347952,9.0,0.5612709421659855,11.139681115778869,10.630607777586114,0.511691928864295,0.5090733381927571,0.8542050632275514,0.803355725626263,0.5389402767817882,1.262512581710151,0.6740341296040611,0.3259097329075381,-0.3062290600622337,,0,0,1,,,,,
LIU_SAMPLE9,LIU_PATIENT9,Liu 2019,31.64,0.0,Progressive Disease,0.0,,,Female,,1,-0.5503095178955868,-0.25388127822741813,-0.3335060434020095,-0.24597427103475267,7.0,-0.197852203305221,11.46762761042756,2.1668089836378677,0.8410782162732708,9.300818626789681,-0.15098044804270266,-0.18524965648872463,0.18488574813441203,-0.06740198178745928,-0.16682061384242522,-0.35255647295612114,0.48445197305624876,,0,1,0,,,,,
LIU_SAMPLE94,LIU_PATIENT94,Liu 2019,1.31,1.0,Progressive Disease,0.0,,,Female,Metastatic,1,0.8271321291498087,0.6433325338912292,0.6962382914280266,0.562987256278803,6.0,0.7867553905318088,13.486650772592094,13.404744283912354,0.5015229125991351,0.08190648867976026,0.5487987455582668,0.21522951552965264,0.5399552048109472,-0.4643389340837823,0.5228561579012103,0.5371315629643565,-0.13387964991469847,,1,0,0,,,,,
LIU_SAMPLE96,LIU_PATIENT96,Liu 2019,29.99,0.0,Complete Response,1.0,,,Male,Metastatic,1,-0.6182239025404686,-0.21658077793824684,0.17531342297780422,-0.41674319476077726,7.0,-0.058990575504226,4.360256881899946,2.875030047238719,0.6026377287595723,1.4852268346612316,-0.32298583316993823,0.09531875919676269,0.473954445951658,0.583395967141301,-0.1587697143871995,-0.14812032324133875,-0.42568852545241215,,1,0,0,,,,,
LIU_SAMPLE98,LIU_PATIENT98,Liu 2019,22.44,1.0,Progressive Disease,0.0,,,Female,Metastatic,1,1.2654555422298934,0.9245600525513195,0.666713035717611,0.7951953084939897,9.0,0.7217232622255287,12.223911266300117,19.313564927371687,0.38759954002764885,-7.08965366107156,0.8025980880908885,0.5535941545726796,0.6637542074048796,0.8215539185238095,0.7288055342181738,0.19208893368034863,0.05219801015275856,,0,1,0,,,,,
LIU_SAMPLE99,LIU_PATIENT99,Liu 2019,30.26,0.0,Partial Response,1.0,,,Male,Metastatic,1,0.2965887079751362,0.3723216522610231,0.3124105486845331,0.24721235491510168,9.0,0.5454548458075311,7.49079042137811,4.829535443758409,0.6080026213085158,2.661254977619703,0.23633900381362832,0.5556546626162572,0.08803893131469222,0.38874583300603627,0.40958294805980683,0.46294564773125774,0.5556364776443006,,1,0,0,,,,,
HUGO_PT1,HUGO_PT1,Hugo 2016,19.94,1.0,Progressive Disease,0.0,66.0,,Female,,1,0.4328646743994324,0.4243949350819637,0.37958394595106326,0.3995773488157295,6.0,0.1201425503483247,8.248767249755698,7.795754487301628,0.5141173657238958,0.4530127624540623,0.4339445633529625,0.8835412076336965,0.1600220204252654,0.6228805728557064,0.5823349392285235,0.2742875205923376,1.1535712169128998,,0,1,0,,,,,
HUGO_PT10,HUGO_PT10,Hugo 2016,12.71,0.0,Progressive Disease,0.0,60.0,,Male,,1,-1.619501622541842,-1.8164854341702144,-1.9774292853135476,-1.7936853777673702,4.0,-2.510305939192173,13.348858555008634,4.880117166240089,0.7322879112427831,8.468741388768537,-2.246285508418551,-1.7860844314183373,-0.13400130173722222,-1.2339913194632102,-0.33895074824997523,0.2598310963869883,0.8009777859220402,,0,0,0,,,,,
HUGO_PT12,HUGO_PT12,Hugo 2016,10.74,1.0,Progressive Disease,0.0,59.0,,Male,,1,-1.4657157215247496,-1.350230151036049,-0.6193428296692656,-2.0183378815688178,7.0,-1.4535050566742231,-0.7304961699315548,-6.5080180104303915,0.5,5.777521840498835,-1.6762979966162481,-0.6360983237983274,-0.46970040097105265,-1.13909280399152,-0.7130383017671994,0.07864566051111566,0.5328268927410506,,1,0,0,,,,,
HUGO_PT13,HUGO_PT13,Hugo 2016,30.12,0.0,Complete Response,1.0,53.0,,Female,,1,0.8848917776704471,0.809104665294529,0.7516038918861252,0.8840486851269744,9.0,0.5148654872117162,3.563695248370131,12.509749937089676,0.22171321749949938,-8.9460546887195,0.774099801964089,1.2191804155352026,0.6741212144070304,0.1134613852386005,0.36138299365141374,0.7651491330068699,0.7423291869844437,,1,0,0,,,,,
HUGO_PT14,HUGO_PT14,Hugo 2016,1.77,0.0,Progressive Disease,0.0,27.0,,Female,,1,0.31889349685769924,0.1753279309015625,0.16856087313350265,-0.3028133055738558,8.0,1.984414478485647,7.93685550239103,4.2880059918846944,0.6492388896272937,3.648849510506334,-0.30951635458046256,0.1564786026617463,-0.41012512988407973,-0.8110841533546628,0.23306568091159638,0.6525022237140041,0.4588974419123332,,1,0,1,,,,,
HUGO_PT15,HUGO_PT15,Hugo 2016,32.19,1.0,Partial Response,1.0,70.0,,Male,,1,0.4394377288178124,0.34550530409418656,0.2646130540428726,0.523471095478985,10.0,-0.3802467959588004,7.987469307902436,3.954882825318078,0.6688355207416281,4.03258648258437,0.4229575054031369,-0.3306308622785523,-0.6965140698318747,0.9867795977573212,0.5172090150145574,-0.19019032909482042,-0.6180762319417132,,0,1,1,,,,,
HUGO_PT16,HUGO_PT16,Hugo 2016,6.11,1.0,Progressive Disease,0.0,19.0,,Male,,1,-0.2799495712524691,-0.38847580287361516,-0.09404721159010998,-0.40572765797046006,10.0,0.1387405874871642,3.940996226367351,2.513251430326734,0.6106050520512502,1.4277447960406142,-0.41822597164280817,0.12835239072301455,-0.44576186967582815,0.026395907372727765,-0.6978951203878577,0.5416557927336793,0.16807974323131078,,1,0,0,,,,,
HUGO_PT19,HUGO_PT19,Hugo 2016,34.82,0.0,Partial Response,1.0,45.0,,Male,,1,-0.3690859666193386,-0.10094279947209735,-0.0447046104553394,0.3424964920193211,8.0,-0.4012909924422477,-8.815995698647777,-13.22422872678549,0.5,4.4082330281377615,0.40334259274260387,0.09744890063736848,-0.2664583323597552,0.6964593010392474,-0.06409253048591963,-0.40984078122312495,0.5275022799492594,,0,1,0,,,,,
HUGO_PT2,HUGO_PT2,Hugo 2016,30.45,0.0,Partial Response,1.0,55.0,,Male,,1,0.7132779616455066,0.35579015004621517,-0.20632878056482595,0.451192992861956,8.0,0.6570365031790446,-9.508820809063774,0.153659726943864,0.5,-9.662480536007633,0.355211874380607,-0.13686014349647976,0.012006814463030016,-0.12654674001702992,0.4231741558070256,0.5884757671644308,-1.4940653489119455,,0,0,1,,,,,
HUGO_PT20,HUGO_PT20,Hugo 2016,11.07,1.0,Progressive Disease,0.0,63.0,,Female,,1,1.3399594474102887,1.3955766129586404,1.7063059823619406,1.5523387005468294,9.0,1.1667741506976657,-9.40836044518078,7.5359916213692015,0.5,-16.944352066549943,1.4273493524967427,0.7474602105969317,0.8037623163390003,1.3564914970538158,0.8375406229162495,0.4660792857938292,-0.9643477215258197,,0,1,0,,,,,
HUGO_PT22,HUGO_PT22,Hugo 2016,5.98,1.0,Progressive Disease,0.0,55.0,,Male,,1,0.8551430750687764,0.7141306711937135,0.6737000881444057,0.6820366691196276,9.0,0.5869160064452815,10.113238459189322,13.637038754077627,0.4258155965244923,-3.523800294888293,0.6880037866805693,1.072997533887096,0.899977912562747,0.9831617156713724,0.6319793932040062,1.0079101814701792,1.6373809070739114,,1,0,0,,,,,
HUGO_PT23,HUGO_PT23,Hugo 2016,3.38,1.0,Progressive Disease,0.0,63.0,,Male,,1,0.8005154652697231,0.515502161119268,0.7373501844416338,0.7518242483881462,9.0,0.4289733632463612,11.431243216490023,10.84726250873897,0.5131063706640282,0.5839807077510194,0.5782805467950448,0.3812688528995043,0.27061912897718715,-0.2859878354707368,0.9243439816103294,0.6559793736454756,0.9105243684326367,,1,0,0,,,,,
HUGO_PT25,HUGO_PT25,Hugo 2016,8.61,1.0,Progressive Disease,0.0,74.0,,Male,,1,0.5823519295475322,0.8301822952565484,1.1568540540563663,0.9965299023549468,10.0,-0.1364378598090111,0.45982436420512507,-5.626813607485208,0.5,6.086637971690326,0.9745913207315884,0.4904177649263754,0.5469097828357801,0.7472061089173833,0.2703435421671919,-0.14019479665397866,-0.429482745699952,,0,0,0,,,,,
HUGO_PT27,HUGO_PT27,Hugo 2016,18.0,0.0,Complete Response,1.0,83.0,,Male,,1,0.9782934398996413,0.6930653561857275,0.5387863760979182,0.5497675053563189,7.0,0.6588657373605737,-5.0489377490252085,-0.8716613984518783,0.5,-4.177276350573343,0.4663057304468312,0.269818504686363,0.49929864965238074,0.5503047365889252,0.4105129002153788,0.39224035652702904,0.15098932689107916,,0,1,1,,,,,
HUGO_PT28,HUGO_PT28,Hugo 2016,14.42,1.0,Partial Response,1.0,82.0,,Male,,1,-0.8450263959817667,-0.3149111850364029,-1.1015206695204816,-1.164435809448885,9.0,1.3160239755521022,-4.778239701529961,2.2250970706898494,0.5,-7.003336772219796,-0.3239534115037902,0.21059972704482297,-0.8575703270394763,-0.03752032552436667,0.4892579277749009,-0.8003299343251193,-0.32580012547541964,,0,0,1,,,,,
HUGO_PT29,HUGO_PT29,Hugo 2016,8.84,1.0,Progressive Disease,0.0,84.0,,Male,,1,0.6324667301595842,0.5108495036369612,0.5347121983381248,0.8752370755071586,10.0,0.340506161996983,7.70496025884893,7.768649464674813,0.4979420055512625,-0.06368920582588745,0.7740830676943576,0.62382057073811,0.7639407213397873,0.6428209747682622,0.5699813177029401,0.6145894554667859,0.04677222109094878,,0,0,0,,,,,
HUGO_PT31,HUGO_PT31,Hugo 2016,23.13,0.0,Progressive Disease,0.0,47.0,,Male,,1,-0.3843560941071571,-0.027761452256952163,0.38999972649293485,0.002430568753745005,8.0,0.0193769144872962,4.76367830322147,-0.11856911601307467,1.025525582119703,4.882247419234529,0.12076976982697019,0.3418845328788677,0.36847622606118563,0.14710452229433701,0.11390926653032778,-0.6037489517980948,1.0419254739695978,,1,0,0,,,,,
HUGO_PT32,HUGO_PT32,Hugo 2016,5.62,1.0,Progressive Disease,0.0,47.0,,Male,,1,-0.4467460141128829,-0.4357601605884027,-0.11730083933788332,-0.3255627632040969,6.0,-1.6866884050961175,-4.537309586589955,2.101243814843173,0.5,-6.638553401433116,-0.19729868614375587,-0.13465532800408278,0.685760329120419,-0.25785409416371213,-1.115146676689759,-0.11179210441508425,1.0000269827208315,,1,0,0,,,,,
HUGO_PT35,HUGO_PT35,Hugo 2016,14.03,0.0,Partial Response,1.0,65.0,,Female,,1,0.15597567207473406,-0.03924207742034673,-0.032397021781801545,0.3219273655137308,5.0,0.1935584274470502,-5.189277417155475,-10.800994901706842,0.5,5.611717484551376,0.13018994328538191,-0.8928880698309154,-0.13068211660720816,-0.9163554119181677,-0.08305622285532747,-0.6749909732228835,-0.268388976034044,,1,0,0,,,,,
HUGO_PT37,HUGO_PT37,Hugo 2016,11.96,0.0,Partial Response,1.0,70.0,,Female,,1,-0.3937862931571356,0.1632128606562429,0.26571932738956017,0.3669036422161053,6.0,-0.0226992175212917,-12.384752180907403,-15.030651896126349,0.5,2.645899715218904,0.39882081761322286,-0.6280896262843432,-0.03949789366245407,0.4673995471063918,-1.495838500766414,-1.3549350230082449,-1.845672042722482,,1,0,0,,,,,
HUGO_PT38,HUGO_PT38,Hugo 2016,14.72,0.0,Partial Response,1.0,57.0,,Female,,1,0.9207322569776109,1.1236517100247296,1.0230786983396802,0.9468313199409137,12.0,1.274066436920067,-2.179709966527772,13.972686781219252,-0.18483119239345305,-16.15239674774709,1.1252338206597272,1.7855920915366843,0.8423836889224403,1.846701815881061,1.0535885956695838,-0.9413463633255276,-0.7503897031215647,,1,0,0,,,,,
HUGO_PT4,HUGO_PT4,Hugo 2016,31.14,0.0,Partial Response,1.0,62.0,,Male,,1,0.05991503184453726,-0.03388543329844244,0.1343387382261807,0.1663952955592704,7.0,0.433969563134562,3.706995299089888,-5.055023338500123,0.5,8.762018637590039,0.16084982576758503,-0.31847425999463824,0.4910943516968144,0.4295341059200681,-0.23737067003994353,-0.1828143215488027,-1.1092908756946533,,1,0,1,,,,,
HUGO_PT5,HUGO_PT5,Hugo 2016,14.42,0.0,Partial Response,1.0,61.0,,Male,,1,-2.399964318927157,-2.1408780771500555,-2.851074063710525,-2.1604691569911245,6.0,-1.2680083526819537,-19.685605177546726,-30.441238192451767,0.5,10.755633014905094,-2.3462524055512164,-1.268231111255299,-2.5215090468173673,-2.211930417254582,-1.7721006827345867,-1.0095222032747384,-1.022688007274099,,1,0,0,,,,,
HUGO_PT6,HUGO_PT6,Hugo 2016,28.98,0.0,Partial Response,1.0,51.0,,Male,,1,-0.8969026751517285,-1.056139304044705,-0.9924385376950556,-1.7089692797493936,5.0,-1.0301032430149413,3.0975608752551445,-3.016989451237914,38.444906653166704,6.114550326493052,-1.519917049845897,-0.3939933418236677,-0.17743945236529782,-1.5050183013013567,-0.6895786574252047,0.8969714294004651,0.15826373426905835,,1,0,0,,,,,
HUGO_PT7,HUGO_PT7,Hugo 2016,21.75,1.0,Progressive Disease,0.0,55.0,,Female,,1,-0.35865267335251216,-0.6675306412725792,-0.7479642355189237,-0.3720384778126586,5.0,-1.025555428597889,-9.861098359364503,-13.834335469579948,0.5,3.973237110215417,-0.551449798425204,-1.3369704669935256,-1.263699997217609,-0.9691675135785243,-0.2694208614665699,-0.7030844148178023,-0.831652377931041,,0,0,0,,,,,
HUGO_PT8,HUGO_PT8,Hugo 2016,,0.0,Complete Response,1.0,69.0,,Male,,1,-0.04115767355680977,-0.06206973665121618,-0.3412265440892366,-0.1114905535768019,9.0,0.0752708070029967,1.0044128108785568,2.8226367153382363,0.2624509570618134,-1.8182239044596702,-0.1804461006034411,-0.5804405989595112,0.013066388850682953,-1.000898958564643,-0.2486440684452919,-0.13273950378869617,0.34706574785410244,,1,0,1,,,,,
HUGO_PT9,HUGO_PT9,Hugo 2016,34.63,0.0,Complete Response,1.0,68.0,,Male,,1,0.3861263326422218,0.3780180988207872,0.40056749034464184,0.5505213561037041,9.0,0.0053401399857869,4.8200475844972175,7.522495812713142,0.3905230412709455,-2.7024482282159106,0.5356089634899588,0.03455525775191564,0.3815203925154795,0.8787460861372929,0.30650870891000304,0.061212424083722836,-0.017279153622782477,,1,0,0,,,,,
RIAZ_PT101_ON,RIAZ_PT101,Riaz 2017,27.4,0.0,Partial Response,1.0,47.0,White,Female,,1,0.9213767037431296,0.9943204105718176,0.7390120524594701,0.8786547526242049,9.0,1.0071387926304822,-0.7662903686931798,13.012686066419942,-0.0625727265072304,-13.778976435113128,1.0792353795727763,1.3472607692202583,0.7892010248252449,1.7213923429129305,1.0411451357982264,-0.7647183773335496,-0.15286085964972637,,0,0,0,,,,,
RIAZ_PT101_PRE,RIAZ_PT101,Riaz 2017,27.4,0.0,Partial Response,1.0,47.0,White,Female,,1,0.8784197247729403,0.9669954523756384,0.7117032525589293,0.8696469361579627,9.0,0.8366181281460181,-2.7240922061988067,10.565022230074144,-0.34741952777336976,-13.28911443627294,1.0871533829937117,1.2492638237850642,0.6693857139092599,1.7738672376907967,1.065216347992678,-0.7565843396928844,-0.9744871918206877,,0,0,0,,,,,
RIAZ_PT103_ON,RIAZ_PT103,Riaz 2017,15.9,0.0,Progressive Disease,0.0,52.0,Asian,Female,,1,-0.8586277507376079,-0.4672883652542701,-0.4469516637071187,-0.42413999525549784,7.0,-1.6276450065547945,7.789634917022048,1.2377906153432443,0.8628855357592822,6.551844301678777,-0.30532291011569124,-0.26240001819777453,-1.0170067602717323,-0.2775243480505569,0.08974615559858043,-0.40845853633226675,0.5666358805130446,,0,0,0,,,,,
RIAZ_PT103_PRE,RIAZ_PT103,Riaz 2017,15.9,0.0,Progressive Disease,0.0,52.0,Asian,Female,,1,0.5769397094227814,0.8239397656307423,0.7914420403697934,0.6723960742410946,9.0,-0.1599949241697673,3.3133182715072897,2.458018099203056,0.5740989709631984,0.8553001723042235,0.8142675418504937,0.7327802859354314,0.3973409803897788,1.086912248390797,1.032937566142752,0.8814059928700815,0.9825155098744514,,0,0,0,,,,,
RIAZ_PT105_ON,RIAZ_PT105,Riaz 2017,,,,,,,,,1,0.9899306825895676,0.8725299241291441,0.9769309260397064,0.8927144565999259,9.0,1.5102500814191653,-2.5306743286043023,6.5807839107499975,-0.6248409523930916,-9.111458239354297,0.8756046412208596,0.4267883240518076,0.74348598082851,0.5359180941978637,0.36679331749282934,0.0008652757254148602,-0.13951863658730754,,0,0,0,,,,,
RIAZ_PT106_ON,RIAZ_PT106,Riaz 2017,2.99,1.0,Progressive Disease,0.0,53.0,White,Male,,1,0.3627639372957681,0.16697521921623504,0.38153383265279683,0.2012249263645016,3.0,-0.1755273627466793,3.87539968163137,-3.254078854113615,6.237356788945929,7.129478535744987,0.23048126622062137,-0.09170532346426201,-0.15533821450186003,-0.42905680776499205,0.30012439654342354,-0.3747734481244145,0.6650333156672897,,0,0,0,,,,,
RIAZ_PT106_PRE,RIAZ_PT106,Riaz 2017,2.99,1.0,Progressive Disease,0.0,53.0,White,Male,,1,0.2967290327500847,0.1741302641726931,0.3600314651563574,0.37298372142397274,9.0,-0.8727300879522791,7.716864437280787,-0.3161617340328705,1.0427205019185701,8.033026171313667,0.3146164877244339,0.28797545185399004,-0.4829803991307226,-0.1971020014642699,-0.25917584912060676,-0.15082208870926855,0.9282564671376023,,1,0,0,,,,,
RIAZ_PT108_ON,RIAZ_PT108,Riaz 2017,29.99,0.0,Stable Disease,,37.0,White,Female,,1,-0.09237563184259484,0.0999310097032103,-0.02069482929502109,0.04052162454038435,4.0,-0.1635531738327044,-2.484137045930491,-1.8231224917808426,0.5,-0.6610145541496507,0.13078775785232016,0.2540237442933194,-0.6716698192876832,0.22064716450665425,-0.22143237978317395,0.6066729282728701,-0.0032457695732510325,,0,0,0,,,,,
RIAZ_PT10_ON,RIAZ_PT10,Riaz 2017,8.41,1.0,Stable Disease,,81.0,White,Female,,1,0.13962533059947738,-0.07130363199309536,-0.062276067766262246,-0.22591313300142848,8.0,0.595347622463216,6.599210859243045,-0.2139980046992695,1.0335146234861985,6.813208863942315,-0.22556710912612243,0.14889939929194176,0.3255311082296131,-0.1331817902097012,0.4108220738359242,0.4621959313782983,0.6120165499352523,,0,1,0,,,,,
RIAZ_PT10_PRE,RIAZ_PT10,Riaz 2017,8.41,1.0,Stable Disease,,81.0,White,Female,,1,-1.3114518529137635,-1.353850242308245,-3.593703674564509,-2.566775330189843,10.0,-1.154692340751263,-38.128257071175184,-45.151922873996895,0.5,7.023665802821638,-1.9213343118846113,-2.4860810360930206,-1.566429199184143,0.29397653852631306,-0.692122209662757,-1.0972579842866792,-1.0239842511116486,,0,1,0,,,,,
RIAZ_PT11_ON,RIAZ_PT11,Riaz 2017,27.5,1.0,Progressive Disease,0.0,61.0,White,Female,,1,0.988370452328899,0.6235898241282779,0.5267008989296857,0.5045523880308057,12.0,0.8566364206511623,4.720044140334618,11.382992317091405,0.2931151620263481,-6.662948176756815,0.5162795195597719,0.35212018508114656,0.791266836519899,0.015281718027434313,0.5941021289424231,0.6836976109516688,0.028110774039820596,,1,0,0,,,,,
RIAZ_PT11_PRE,RIAZ_PT11,Riaz 2017,27.5,1.0,Progressive Disease,0.0,61.0,White,Female,,1,0.9130430618485343,0.5443901221932832,0.3854385675955818,0.5617513062873835,8.0,0.5357420058630497,8.07893320854467,13.809772282081703,0.3690914116416979,-5.730839073537034,0.4897574912917655,0.35573991389615395,0.6272918096235385,-0.7210463928871453,0.381827415896477,0.8281926899598175,0.15633440558410208,,1,0,0,,,,,
RIAZ_PT13_ON,RIAZ_PT13,Riaz 2017,9.2,1.0,Progressive Disease,0.0,67.0,White,Male,,1,1.0243136398805317,0.7618405760362472,0.7364958891588997,0.7815043623935084,9.0,1.0133450067269487,-4.861416043450353,3.5381795424891247,0.5,-8.399595585939469,0.7182715467674363,0.3409772244194424,0.7797632800643437,0.012321303247125465,0.3722077061291933,0.05961995439149688,0.22947376713361314,,1,0,0,,,,,
RIAZ_PT16_ON,RIAZ_PT16,Riaz 2017,,,,,,,,,1,-2.1380762504548376,-2.27042566446289,-1.8390834109804266,-2.59645498028008,7.0,-1.810087454558273,2.706733936383917,-13.090589725437269,0.5,15.797323661821158,-2.6641878611455487,-1.5839462731719187,-0.9531027810261055,-1.7443922281338267,-0.7500011296880371,-0.5994223143672788,-0.46224143032205356,,0,0,0,,,,,
RIAZ_PT17_ON,RIAZ_PT17,Riaz 2017,1.87,1.0,Progressive Disease,0.0,48.0,White,Female,,1,-1.436843550353266,-1.5443583194788433,-1.3040678540976214,-1.799100500618168,6.0,0.1854186761922245,-6.459681270114594,-17.59526055122921,0.5,11.135579281114612,-1.9534988742980752,-2.6622365664968792,-0.5311037549918282,-2.7199922753207115,-1.1501064752317738,-1.557074310110144,-2.0420771638432518,,0,0,0,,,,,
RIAZ_PT17_PRE,RIAZ_PT17,Riaz 2017,1.87,1.0,Progressive Disease,0.0,48.0,White,Female,,1,-1.5311663146199883,-1.5976603933409077,-1.5345440351830655,-1.9551753561215592,4.0,0.2647601093682548,-0.0024519803887039808,-13.525399719821612,0.5,13.522947739432865,-2.042654602939447,-1.538393102190988,-1.0060369069165243,-2.453437938715276,-0.7797682298048587,-1.320241794285851,-0.978297523582693,,0,0,0,,,,,
RIAZ_PT18_ON,RIAZ_PT18,Riaz 2017,35.25,0.0,Partial Response,1.0,53.0,White,Male,,1,0.5711796637559498,0.8405188555620139,0.9142218414550187,1.021131117721008,11.0,0.7298816463888605,2.828475582718788,11.841289693774273,0.1928098731921197,-9.012814111055505,1.0924543058075395,1.1622697990726338,0.5700864070678815,1.7250923789341757,0.863726082261142,0.14540032276443665,0.1814457099850112,,0,0,0,,,,,
RIAZ_PT18_PRE,RIAZ_PT18,Riaz 2017,35.25,0.0,Partial Response,1.0,53.0,White,Male,,1,0.4647429220606328,0.48707755568412514,0.5438334288264965,0.6215527243141216,11.0,0.7375402609903895,3.2154689146589304,5.907450599680246,0.3524605154747816,-2.6919816850213207,0.7130220355621344,0.7400959513128229,0.8217720120318427,1.4903194844856633,0.5420657340353288,-0.18972738570440814,-0.45501560600322866,,1,0,0,,,,,
RIAZ_PT1_ON,RIAZ_PT1,Riaz 2017,5.26,1.0,Progressive Disease,0.0,,,,,1,0.076791288912117,-0.056789797556575344,0.003426645741310297,0.0475933145487098,7.0,0.3811455919150964,1.083134513606045,-3.806633643981344,0.5,4.889768157587386,0.06627662311962662,-0.10361499938690237,-1.5028250211017438,0.013415746045776597,0.06829627526402451,-0.25422039989232215,-0.9671548813775295,,0,0,0,,,,,
RIAZ_PT1_PRE,RIAZ_PT1,Riaz 2017,5.26,1.0,Progressive Disease,0.0,,,,,1,0.39888569260926765,0.3463145275649153,0.4073029722282646,0.3705107217957865,5.0,0.3720048928830082,-24.431002686841076,-20.145392416211166,0.5,-4.285610270629905,0.43208139691494235,0.2425830370979349,-0.1329537099129694,0.44938185445417256,-0.030070329297339958,-0.055339269019096714,-0.5453023179913757,,0,0,0,,,,,
RIAZ_PT23_ON,RIAZ_PT23,Riaz 2017,1.71,1.0,,,53.0,White,Female,,1,0.49034048204774333,0.44638648804975345,0.8078568240727984,0.6477465258391999,3.0,0.4589886331789866,-0.42222745011940127,1.6973929244193282,-0.33111581095089365,-2.119620374538731,0.655204535579616,0.3075128542263507,0.5658680750171651,0.43023100354021776,-0.07331077652479248,0.040067703484830755,0.1117470572396667,,1,0,0,,,,,
RIAZ_PT23_PRE,RIAZ_PT23,Riaz 2017,1.71,1.0,,,53.0,White,Female,,1,0.35584792164042134,0.2572715928124942,0.4866280859495134,0.40805751376321586,1.0,0.6592257927262727,4.493124704983643,8.902723028741493,0.33541174805024365,-4.4095983237578364,0.3705543317333093,0.420441009206541,0.6451618177206172,0.062439438712197294,0.5507037842981254,0.5570403177690999,1.1447550805902817,,1,0,0,,,,,
RIAZ_PT24_PRE,RIAZ_PT24,Riaz 2017,4.89,0.0,Progressive Disease,0.0,63.0,White,Male,,1,0.10679796198434598,0.3660977911886421,0.31996820844038837,0.39467059351239764,9.0,0.7722961903933877,3.230652071483632,2.7782341920506712,0.537645734965772,0.45241787943296063,0.41740487656664516,0.5494605495009388,0.4064377524169524,0.974615332626075,0.7812530346319951,1.136521981724712,0.9739008083542463,,1,0,0,,,,,
RIAZ_PT26_ON,RIAZ_PT26,Riaz 2017,31.27,0.0,Stable Disease,,22.0,White,Female,,1,-0.4876850142759394,-0.889755320651933,-1.0756603612301814,-0.7019417923138968,5.0,-0.980269692686376,-7.91694858959031,-5.1524244650290925,0.5,-2.7645241245612184,-0.8047762446737636,-0.8851119210285571,-0.6222718861220695,-0.3048434420547503,-0.5970199376165629,-1.227569339353213,-1.2138538407347554,,0,1,0,,,,,
RIAZ_PT26_PRE,RIAZ_PT26,Riaz 2017,31.27,0.0,Stable Disease,,22.0,White,Female,,1,-0.09451172049834677,-0.47858708579768894,-0.7571245099029528,-0.24365157495344658,6.0,-0.8422048703225324,-8.914686121247616,-6.140550459980003,0.5,-2.7741356612675987,-0.3302156108162553,-0.6867770915484921,-0.6454650558895675,0.18129596135416048,-0.30026630197008986,-1.329748959211645,-1.3258446769615237,,0,1,0,,,,,
RIAZ_PT27_ON,RIAZ_PT27,Riaz 2017,15.6,1.0,Progressive Disease,0.0,65.0,White,Male,,1,-0.10627288588212024,0.03508135132284448,0.1403565559190624,0.0364034161197839,7.0,0.1948342478537276,7.1308786348367095,0.1229702950656758,0.9830475798084576,7.00790833977104,0.033098607021320205,0.7048290441512494,0.20717874380917242,0.2467603397365086,0.021555069210231433,0.6005900793433284,0.4312389514658971,,1,0,0,,,,,
RIAZ_PT27_PRE,RIAZ_PT27,Riaz 2017,15.6,1.0,Progressive Disease,0.0,65.0,White,Male,,1,-0.5364948464345868,-0.36114198186780627,-0.016397394282999293,-0.14735678451652384,4.0,-0.7826559426158777,-9.153715906577235,-12.559216622723515,0.5,3.4055007161462703,-0.23317764618125633,0.30439248212235726,0.3529918700993287,0.40167958509292473,-0.31376780324817444,-0.0878447122859359,-0.9562495951340064,,1,0,0,,,,,
RIAZ_PT28_ON,RIAZ_PT28,Riaz 2017,24.31,1.0,Progressive Disease,0.0,79.0,White,Female,,1,0.767705772337631,0.727410290528481,0.9639733502540822,0.846409681065553,9.0,0.7742878262836459,6.376228858888588,6.914961173613139,0.47973348084681816,-0.5387323147245527,0.8149876881792458,0.4492286630108138,0.8452407237751478,0.7298477844018154,0.5816688303690545,0.1515855212862559,0.642202627296023,,0,0,0,,,,,
RIAZ_PT28_PRE,RIAZ_PT28,Riaz 2017,24.31,1.0,Progressive Disease,0.0,79.0,White,Female,,1,-0.02117112930731498,-0.10814366909929275,0.0867876091305318,0.20716581930517097,12.0,-0.3165115421987433,-4.0189621824160975,-7.202724117591596,0.5,3.1837619351754882,0.11597289145810796,-0.1346776301861897,0.4479985196258456,0.7161092258166742,-0.4510689995016011,-0.5553902296933487,0.08445763910560489,,0,0,0,,,,,
RIAZ_PT29_PRE,RIAZ_PT29,Riaz 2017,8.97,1.0,Progressive Disease,0.0,57.0,White,Female,,1,0.15887987779412144,0.014310624728880264,-0.09370319205654244,-0.0687271370246753,5.0,-0.0618354491465154,9.627548903060166,1.722087560891476,0.848269363837237,7.90546134216867,-0.060222939903745575,0.12442320757387147,0.4524372707538243,0.469492734931748,0.11778487215838014,0.16743716648408385,-0.5825460718332618,,0,1,0,,,,,
RIAZ_PT2_ON,RIAZ_PT2,Riaz 2017,9.03,1.0,Stable Disease,,,,,,1,0.69063863330131,0.525588475221795,0.5329279898179164,0.34088434998002565,8.0,0.8209894593300884,-2.2700702163491697,0.04580707765224133,0.5,-2.315877294001412,0.36234517030041824,0.28009928117067845,-0.40845250165879876,-1.352958545427734,-0.23006439932741762,0.32030906318281493,-0.05889867218101766,,0,0,0,,,,,
RIAZ_PT2_PRE,RIAZ_PT2,Riaz 2017,9.03,1.0,Stable Disease,,,,,,1,0.7151095014851689,0.5724721422719151,0.4998841222373253,0.4097323022221182,6.0,0.8695735041544037,2.89160832553342,4.8866383516144944,0.371755801217878,-1.9950300260810794,0.46547371289778855,0.6394096308665986,-0.41189597084992696,-0.49944038100529947,0.6537621681584055,0.6452356001840841,0.6327363375562683,,0,0,0,,,,,
RIAZ_PT30_ON,RIAZ_PT30,Riaz 2017,34.59,0.0,Complete Response,1.0,89.0,White,Female,,1,0.9900970907429532,1.1073890363007004,1.2251422387174709,1.0216609819357043,7.0,1.2523139144806714,-5.013739174785627,9.708354972947584,-1.067976462897904,-14.722094147733218,1.0701021393559493,1.0485219665460306,0.6718156299727926,0.7244040918845608,0.7855394887875226,1.2590115813891845,1.2639259607413897,,0,0,0,,,,,
RIAZ_PT30_PRE,RIAZ_PT30,Riaz 2017,34.59,0.0,Complete Response,1.0,89.0,White,Female,,1,-0.37082481656475125,-0.6621884033185802,-0.6559982196729037,-0.2370268576148883,9.0,-1.085196229909762,7.904042429215494,-3.9366541941286353,1.9922533316284963,11.840696623344138,-0.2740177442881208,-0.5197355367889841,-0.648790944246333,0.20205199666713547,0.3324100092439538,-0.5523973786798443,-1.0306650303939247,,0,0,0,,,,,
RIAZ_PT31_ON,RIAZ_PT31,Riaz 2017,31.57,0.0,Progressive Disease,0.0,56.0,White,Female,,1,0.8760039350490493,0.7912971799744044,0.6262901399483217,0.6580540237418347,10.0,1.085978957634998,-0.13392162636655672,5.1539386268367675,-0.02667752446934197,-5.287860253203319,0.6996737286093264,0.9258020380578404,-0.360221533920831,0.899766086452332,0.5759711076530427,0.7386625463484764,-1.4880003991067974,,0,1,0,,,,,
RIAZ_PT31_PRE,RIAZ_PT31,Riaz 2017,31.57,0.0,Progressive Disease,0.0,56.0,White,Female,,1,0.5158500281795545,0.40203987290521376,0.2314465332890755,0.3522296769048544,8.0,0.2780356079469404,-0.7021437961372857,2.888848990000142,-0.32109668834550825,-3.5909927861374302,0.3798782717344619,0.38360585979307976,-0.6029135467543645,0.7711711713068997,0.3138511329906097,-0.14521881008699827,-0.5260357731204832,,0,1,0,,,,,
RIAZ_PT32_ON,RIAZ_PT32,Riaz 2017,3.75,0.0,Progressive Disease,0.0,34.0,White,Male,,1,0.1292320600323783,0.18575776900290064,0.06346026886735205,-0.2965769287762765,10.0,2.632215392133386,-55.1929024618893,0.8493922991533912,0.5,-56.04229476104279,-0.12649397205653887,0.15436140873047696,0.16227668421996122,0.49006091272722446,-0.01109622484135384,0.7488018656198181,-1.7415158686593388,,0,0,0,,,,,
RIAZ_PT34_ON,RIAZ_PT34,Riaz 2017,27.4,0.0,Partial Response,1.0,71.0,White,Male,,1,0.3782191904595704,0.7882345253485383,0.9019752016330063,0.8990936977534822,9.0,0.5254631125303102,-9.329845137563527,-2.600608702393151,0.5,-6.729236435170367,0.8747294363742835,0.7299848308515134,-0.08303703464289784,0.13045053132836917,0.5985307984184818,0.7535175656421098,1.1940838409454195,,0,0,0,,,,,
RIAZ_PT34_PRE,RIAZ_PT34,Riaz 2017,27.4,0.0,Partial Response,1.0,71.0,White,Male,,1,0.7983896808022463,0.9150115545677918,0.8523880768630447,0.8577611718721416,10.0,0.8629068957751453,-4.718899095671647,-1.8929527871822758,0.5,-2.825946308489367,0.8251266980223518,0.8526984139522571,-0.07156316305002748,0.0023258314985014996,0.4985204963046212,0.8666436431465268,0.8049660108821594,,1,0,0,,,,,
RIAZ_PT35_ON,RIAZ_PT35,Riaz 2017,,,,,,,,,1,0.8574639710202056,0.8640918318510883,0.8331905588586785,0.8786959320420431,8.0,0.7315513651532138,-5.408991734349516,-2.65967203405802,0.5,-2.7493197002914913,0.8366385985063993,0.6722225611972689,0.5181326571277333,-0.05869679249258156,-0.1541505606175101,-0.1381162046940788,-0.6055586988198922,,0,0,0,,,,,
RIAZ_PT36_ON,RIAZ_PT36,Riaz 2017,35.51,0.0,Stable Disease,,58.0,White,Male,,1,0.2693026212216129,0.46683167380068175,0.6804472077868493,0.44057739345081975,9.0,0.8460086412678753,12.543725403939241,6.3309191437285826,0.6645807486472195,6.212806260210657,0.43139333755204273,0.37430134320926056,-0.15530566081275743,0.8113884138225412,0.33226318497981516,0.6579690997942045,0.5347792486140306,,0,0,0,,,,,
RIAZ_PT36_PRE,RIAZ_PT36,Riaz 2017,35.51,0.0,Stable Disease,,58.0,White,Male,,1,-1.17381279662121,-0.5770490547894864,-0.37243310128751295,-0.8092084639753334,8.0,-0.6381661350519215,2.9501159063718116,2.2318559037833885,0.5693037350358444,0.7182600025884175,-0.7649246074809828,-0.49789331595718744,0.16484629523083258,-0.4237343508943228,-0.4056450100795657,1.3062036863328106,1.8205554073525643,,0,0,0,,,,,
RIAZ_PT37_ON,RIAZ_PT37,Riaz 2017,21.22,1.0,Stable Disease,,63.0,White,Male,,1,0.31352438230549634,0.22302037481088527,0.2389833734251653,-0.05441876220068115,3.0,-0.1934878216400197,-2.4268328588064514,1.5609409206371039,0.5,-3.987773779443555,0.24411545547282038,-0.2017055148390888,-0.021852133498179327,-0.5213056570324556,0.16158949918959828,0.23466913732724604,-0.20788845818723373,,0,1,0,,,,,
RIAZ_PT37_PRE,RIAZ_PT37,Riaz 2017,21.22,1.0,Stable Disease,,63.0,White,Male,,1,-0.3587097235647428,-0.2314588378578283,-0.40255999670207543,-0.3231762515299481,5.0,-0.9567871710265424,5.835439596062138,2.664189691636138,0.6865522481678012,3.171249904426015,-0.1819428274746711,-0.08190106367514448,-0.421917811240762,-0.8368898048811771,0.03745346189194554,-0.34641908807522614,0.5698009591675562,,0,1,0,,,,,
RIAZ_PT38_ON,RIAZ_PT38,Riaz 2017,5.49,1.0,Stable Disease,,54.0,White,Female,,1,-0.8047385743310751,-0.9604235009516776,-1.125793642161347,-0.7735164932099584,4.0,-1.706714390773431,-3.255293624943891,-13.849860737469479,0.5,10.594567112525649,-1.0410338892034563,-1.3122063833306357,-1.440161285193307,-1.1205991039229144,-1.3231874819355238,-0.7373001744284745,-0.9861976545242983,,0,0,0,,,,,
RIAZ_PT38_PRE,RIAZ_PT38,Riaz 2017,5.49,1.0,Stable Disease,,54.0,White,Female,,1,-1.0791999679076216,-1.0955559356010869,-1.459386248605477,-1.013571850537638,3.0,-1.3960575393859354,1.1985897719733416,-12.802870558584177,0.5,14.001460330557512,-1.2800081790147453,-1.3545200240431274,-1.1429068085571885,-1.4644573319720695,-1.293974723403351,-0.8196491462398956,-1.106896601180333,,0,0,1,,,,,
RIAZ_PT39_PRE,RIAZ_PT39,Riaz 2017,5.45,1.0,Progressive Disease,0.0,,,,,1,-2.1975912053835605,-2.835360455038864,-2.4612678467329605,-3.3520183742360414,10.0,-3.295771002980899,-8.964977278318162,-31.639604316397882,0.5,22.674627038079766,-3.801147920861984,-2.0208857415161483,-0.6828545855075333,-3.210398562434093,-1.7876125049052507,-1.4693041770146458,-1.026460271660713,,0,0,0,,,,,
RIAZ_PT3_ON,RIAZ_PT3,Riaz 2017,37.58,0.0,Partial Response,1.0,52.0,White,Male,,1,0.21635480736634582,0.22498761206930668,0.29596010010002954,0.2176528378374328,7.0,0.3011680855594831,10.676737928659836,11.624933786134036,0.4787415968273533,-0.948195857474191,0.2460282293264633,0.1625468694660363,0.3855731420183943,0.687958112714458,0.3507571556438674,-0.07327591939260228,0.564601463966643,,0,1,1,,,,,
RIAZ_PT3_PRE,RIAZ_PT3,Riaz 2017,37.58,0.0,Partial Response,1.0,52.0,White,Male,,1,-0.6519612826203386,-0.8716032643332282,-1.1740468833022373,-0.8501155946556355,7.0,-1.0497158104982645,4.761568758409753,-4.2625463162833475,9.541792826230479,9.024115074693087,-0.8332398880119883,-0.42047325784160794,-0.05286996726070441,-1.2620935789321024,-0.022845056307754553,-0.37948969626088236,0.3898473693785267,,0,1,1,,,,,
RIAZ_PT44_ON,RIAZ_PT44,Riaz 2017,35.91,0.0,Partial Response,1.0,61.0,White,Male,,1,0.2769527657688233,0.5316962145931485,0.7676453028748906,0.7237382651140369,7.0,-0.1246689069997681,-4.430834488629623,2.8984344291645048,0.5,-7.329268917794135,0.6865905137342192,0.2721630291037672,0.2934961062671883,0.649958639020701,0.11653090075231362,0.6059679098683514,2.1524252943547646,,0,0,0,,,,,
RIAZ_PT44_PRE,RIAZ_PT44,Riaz 2017,35.91,0.0,Partial Response,1.0,61.0,White,Male,,1,0.8277180015633157,0.5375093898233191,0.6240660545245549,0.5677129267586727,11.0,0.3504663044896677,6.652705320125459,10.176270672828455,0.3953125444418522,-3.523565352703,0.5340200760968091,0.4457574586033635,0.7316308293210967,0.3591554814051692,0.6647002289048363,0.7049688581074797,0.74776905296895,,1,0,0,,,,,
RIAZ_PT46_ON,RIAZ_PT46,Riaz 2017,7.46,1.0,Progressive Disease,0.0,79.0,White,Male,,1,0.5779213630480454,0.6632605383205409,0.6316732329012338,0.32968954166947373,8.0,0.9481173752330136,-4.333546974917476,-1.3028154642358596,0.5,-3.030731510681628,0.4039639307967285,0.7456771401473921,0.425984566321398,-0.7589872425241562,0.28572772518876854,0.7478071841229624,1.1610979658648906,,0,0,0,,,,,
RIAZ_PT46_PRE,RIAZ_PT46,Riaz 2017,7.46,1.0,Progressive Disease,0.0,79.0,White,Male,,1,0.27274367126685745,0.6051315110136725,0.6037040881984097,0.3121864360346073,7.0,0.7656331681737525,1.193264038517617,1.0787747508296592,0.5251952757639425,0.1144892876879557,0.4361550705077144,0.8775670244376822,0.46528311288304,0.3238597833724495,0.5452481466551474,1.085257516849113,1.320311368220715,,1,0,0,,,,,
RIAZ_PT47_ON,RIAZ_PT47,Riaz 2017,23.59,1.0,Progressive Disease,0.0,52.0,White,Male,,1,0.28154744768394907,0.08535973104545884,-0.039404382826095444,0.02500323345317565,4.0,0.4182707902382122,11.894679765257479,12.563199417630033,0.48633324567159736,-0.6685196523726014,0.02204884352619935,0.6304342288931547,0.0337936841946572,-0.9711167707542234,0.35682019071110255,0.6300365027943209,0.6892396030283945,,1,0,0,,,,,
RIAZ_PT47_PRE,RIAZ_PT47,Riaz 2017,23.59,1.0,Progressive Disease,0.0,52.0,White,Male,,1,0.16834780137911554,0.03807027573717603,-0.04663912885661495,-0.1086685407158163,5.0,0.3683285194480665,9.975619255185483,11.063731397935332,0.47414102363020305,-1.0881121427498817,-0.029359191430812427,0.7068242611180008,-0.006254794328470634,-0.19793500015380774,0.6256349062972595,0.6030000057217557,0.9768860306152611,,0,0,0,,,,,
RIAZ_PT48_ON,RIAZ_PT48,Riaz 2017,34.36,0.0,Complete Response,1.0,44.0,White,Male,,1,-0.9006853929135242,-0.23059534072080448,0.007691120177126254,-0.0287221842723968,10.0,-0.6247758073321077,-12.769590322336716,1.555888095116114,0.5,-14.325478417452805,-0.07991763811070213,0.031777764690776755,0.5872920129480903,0.5025042611238929,-0.42573413142576805,0.8344845602550117,-0.21527454055211923,,0,0,0,,,,,
RIAZ_PT48_PRE,RIAZ_PT48,Riaz 2017,34.36,0.0,Complete Response,1.0,44.0,White,Male,,1,0.2900683622800034,0.1926739726571436,0.18882870731818574,0.29630702004455395,11.0,-0.1620157502248947,-3.593271812564722,6.714612720040569,-1.1511949252190186,-10.30788453260526,0.23114747374369532,0.23736789728849397,0.603591439900878,0.6176633404890167,0.2622511373059938,0.969141619981912,0.299020284032095,,0,0,0,,,,,
RIAZ_PT49_ON,RIAZ_PT49,Riaz 2017,27.17,0.0,Partial Response,1.0,52.0,White,Female,,1,1.406766732167166,1.261253193042407,1.2896735444576657,1.126894467446395,8.0,1.127243494170747,5.104875495955372,16.000573995470035,0.24187475836652278,-10.895698499514662,1.1170342085368528,0.8748072779812892,0.7027499718051837,0.8331668695706385,0.6815602746862659,1.3710847637474586,0.7113897805373652,,0,0,0,,,,,
RIAZ_PT49_PRE,RIAZ_PT49,Riaz 2017,27.17,0.0,Partial Response,1.0,52.0,White,Female,,1,1.068924048270097,0.857282357203001,0.7607329919688675,0.7233920092255219,8.0,0.7619858254163661,7.310871755971059,13.683015742079782,0.34823811248154163,-6.372143986108714,0.7549616650737562,0.8159849071660693,0.18905688664737588,1.0583102971190423,0.546558565749355,0.3296291749208423,0.898947266803532,,0,1,0,,,,,
RIAZ_PT4_ON,RIAZ_PT4,Riaz 2017,20.8,1.0,Stable Disease,,62.0,White,Female,,1,1.105547459406029,1.008916499256974,1.101414549709041,1.0774921068051952,8.0,1.1047722669037672,2.1613618752961044,14.292849505856235,0.13135615103206102,-12.131487630560127,1.0411424857242708,0.7680193498749638,0.7946418026974097,0.9956137357622143,0.5204693017893822,0.6843770253738344,0.8927607312934098,,0,0,0,,,,,
RIAZ_PT4_PRE,RIAZ_PT4,Riaz 2017,20.8,1.0,Stable Disease,,62.0,White,Female,,1,-0.3211135440726199,-0.1929649545533708,0.26494078092990364,0.32969154020166214,5.0,-0.8184970097124872,1.2090577742184203,-2.3695601528979653,0.5,3.5786179271164014,0.252690444850006,-0.1801415611970177,0.4388179243786983,0.5458386787297022,-0.5435563846731211,-0.29729114412931984,-1.348974704094077,,0,1,0,,,,,
RIAZ_PT52_ON,RIAZ_PT52,Riaz 2017,15.64,1.0,Progressive Disease,0.0,45.0,White,Female,,1,-0.06404984174426834,-0.12226801711853989,-0.0025307078157943003,-0.07420882309267555,5.0,-0.0530445311977759,12.132515003501565,11.228221663689544,0.519354983378629,0.9042933398120139,-0.10329746260575592,0.07097985113772996,0.6626274693055633,-0.09164001674260792,-0.27821146566739124,0.5664093670266326,0.41770581024869685,,1,0,0,,,,,
RIAZ_PT52_PRE,RIAZ_PT52,Riaz 2017,15.64,1.0,Progressive Disease,0.0,45.0,White,Female,,1,-0.5653878179002196,-0.1877824972529341,-0.09477537082070636,-0.0947652819048425,7.0,-0.2985389519763561,3.2165064028497015,5.221184969974223,0.3812069274315259,-2.0046785671245315,-0.0367724281918313,-0.027480560195518366,0.28757765192071677,0.003184149239385666,-0.4038813539873848,0.5217592789619421,0.18911647655382038,,1,0,0,,,,,
RIAZ_PT58_ON,RIAZ_PT58,Riaz 2017,16.39,1.0,Stable Disease,,53.0,White,Female,,1,1.0719172512951831,0.7808398574445855,0.6818817744287327,0.7227284616755247,5.0,0.8336647867721219,-2.315523304674681,4.879299817520324,-0.903168935776147,-7.194823122194994,0.6849911169793796,0.5140400162556434,0.39822169434905824,0.2578767766343989,0.490357685540366,0.07182603442868726,-0.211567088170872,,1,0,1,,,,,
RIAZ_PT59_PRE,RIAZ_PT59,Riaz 2017,23.26,1.0,Stable Disease,,49.0,White,Female,,1,0.716998156885282,0.647866299204747,0.7377613457090964,0.5951565287995034,8.0,0.8294280270009594,7.884505828794977,6.524180779103383,0.5472050328635057,1.3603250496915902,0.5642690135781022,0.42162897100150404,0.4844143300303725,0.6972958432619487,0.4778183077507979,0.5131154155109314,0.5209737688154403,,0,1,0,,,,,
RIAZ_PT5_ON,RIAZ_PT5,Riaz 2017,7.29,1.0,Progressive Disease,0.0,58.0,White,Female,,1,0.23378914918333282,0.23727965582512928,0.34289826044704863,0.33527935946121984,8.0,0.4788974121150225,-2.253320092067943,-4.146994045346644,0.5,1.8936739532787,0.27909870649360136,-0.147740072298492,-1.114886526423895,-0.4392442709554238,-0.024939898112010295,0.5548335462088371,-1.0515408714173264,,0,0,0,,,,,
RIAZ_PT5_PRE,RIAZ_PT5,Riaz 2017,7.29,1.0,Progressive Disease,0.0,58.0,White,Female,,1,0.34173651237648234,0.42277623283033927,0.6180117371607271,0.5397773507179567,9.0,0.1223298251085286,-3.809352432635286,-3.2333033508077165,0.5,-0.5760490818275597,0.5310420688337023,0.34009801985927335,0.27581289297444345,0.5939735941630255,0.1755113630161596,0.04800215315358127,-1.128354119804716,,0,0,0,,,,,
RIAZ_PT62_ON,RIAZ_PT62,Riaz 2017,15.51,1.0,Progressive Disease,0.0,,,,,1,-0.3129399489882931,-0.5482971080102766,-0.4424718613543216,-0.5762975884872711,8.0,0.0055030705138656,-1.5568135003155863,-7.9704103390420125,0.5,6.413596838726424,-0.6307490588863358,-1.1821287482174565,-0.853450070920231,-0.8739095846817712,-0.2897847804577415,-0.10669442345822806,-0.9878431597981352,,0,0,0,,,,,
RIAZ_PT62_PRE,RIAZ_PT62,Riaz 2017,15.51,1.0,Progressive Disease,0.0,,,,,1,-0.5229077660782594,-0.5103956669905194,-1.0994296673050419,-0.31626565038711985,8.0,-0.332662510332902,-9.258827895450978,-18.843860548821873,0.5,9.585032653370924,-0.3790732041432801,-1.0540007155587132,-0.2405101725175951,-0.8938537172678965,-0.14540462827446773,-1.11483261455765,-1.8053210161810178,,0,0,0,,,,,
RIAZ_PT65_ON,RIAZ_PT65,Riaz 2017,22.73,0.0,Stable Disease,,63.0,White,Female,,1,0.9097542088583302,0.5623392872730891,0.46364069789493,0.46348255730391985,6.0,0.5196067928687402,2.1282337264433173,6.9972283663398365,0.23321928301323228,-4.86899463989653,0.48042065199163453,0.47483110183328964,-0.3019916024148897,0.5603112103467259,0.33867009910341705,-0.22932064210504616,0.4962205220587413,,0,0,0,,,,,
RIAZ_PT65_PRE,RIAZ_PT65,Riaz 2017,22.73,0.0,Stable Disease,,63.0,White,Female,,1,0.7063978944072105,0.45008489946557784,0.1689100764892348,0.4013020552397524,8.0,0.3098287222902959,10.278020407925194,8.675559825757704,0.5422732951350192,1.6024605821674653,0.43315942590629664,0.5100778842124128,0.3300821914569792,0.919247226540017,0.5348305455538357,-0.31059067581595334,0.6875699028648166,,0,0,0,,,,,
RIAZ_PT66_PRE,RIAZ_PT66,Riaz 2017,17.81,1.0,Progressive Disease,0.0,49.0,White,Female,,1,-0.5671028694245411,-0.71442516666132,-0.5456882946231412,-0.17355355830559527,9.0,-0.3028070194744304,8.065615279275447,4.697691732451248,0.6319377314879996,3.367923546824201,-0.49989949552594515,-0.8935423925778475,-0.08955250254033058,-0.3586013638192708,-0.2156932410668965,-0.3722094983548699,-1.3338669357850255,,1,0,0,,,,,
RIAZ_PT67_ON,RIAZ_PT67,Riaz 2017,33.9,0.0,Stable Disease,,33.0,White,Female,,1,-0.4449244586560351,-0.2436462993610767,0.18679402889069885,0.30437213923346945,10.0,-0.7704038754882218,-17.0955562986613,-9.325235014105454,0.5,-7.7703212845558465,0.30990860471216924,-0.7819654683421046,-0.050524010486479254,0.395369946588824,-1.268300381071481,-1.4503567204058174,-1.2581452193965794,,0,0,0,,,,,
RIAZ_PT67_PRE,RIAZ_PT67,Riaz 2017,33.9,0.0,Stable Disease,,33.0,White,Female,,1,-0.6829169848496693,-0.162893200088453,0.1979753125521609,0.34724323407064117,8.0,-0.8981205191241626,-4.886165458419402,-0.24443779080540604,0.5,-4.641727667614004,0.31033352941080905,-0.34626355203491294,-0.1261101872263711,0.8346179981879076,-0.8657012078149618,-1.1357215240951992,-0.9618302762934191,,0,0,0,,,,,
RIAZ_PT68_ON,RIAZ_PT68,Riaz 2017,27.66,0.0,Partial Response,1.0,69.0,White,Male,,1,-1.3598897625813828,-0.9589629501908119,-0.8584965327600567,-0.8430292554430632,6.0,-0.8701472097590666,-5.768673653879941,-16.138994786862877,0.5,10.370321132982928,-0.7255340527252662,-0.5834221409278908,-0.6190927746009681,0.4035287999250488,-0.4220437148721336,-0.7065803929295447,-0.405939756493576,,0,0,0,,,,,
RIAZ_PT69_ON,RIAZ_PT69,Riaz 2017,,,,,,,,,1,0.820562607841547,1.06565077132628,1.0910977068338619,0.9871940062523288,10.0,0.7163362424875751,-6.610640388284354,1.69026935400928,0.5,-8.300909742293644,1.0109607918221266,0.9131375088923844,0.41160793259015066,0.9786405222049703,0.38732725370004756,0.960852356585379,1.2945746515953462,,0,0,0,,,,,
RIAZ_PT72_PRE,RIAZ_PT72,Riaz 2017,25.3,1.0,Partial Response,1.0,43.0,White,Female,,1,-1.067615547053412,-1.2516439958801533,-1.6507642687097297,-2.959459871832164,5.0,-0.8262653448112776,-12.879395943570442,-20.219653147348634,0.5,7.3402572037782186,-2.2685626369057115,-1.3397182787532327,-1.660621611310079,-1.570388595361097,-1.762982963556448,-0.6122312272422022,-1.0564538268769912,,1,0,0,,,,,
RIAZ_PT76_PRE,RIAZ_PT76,Riaz 2017,0.33,1.0,,,60.0,White,Male,,1,-1.7786508468376627,-1.0685139219758888,-0.24622390699440216,-0.8187504693905971,3.0,1.1262194172820323,-14.393324108277513,-8.009416535434335,0.5,-6.383907572843194,-0.8925484510125103,-2.382545612432424,-1.0811454121735296,-1.7761740654798743,-0.8986709275416718,-1.0576056147510884,0.22130927375676118,,0,1,0,,,,,
RIAZ_PT77_ON,RIAZ_PT77,Riaz 2017,15.47,1.0,Stable Disease,,56.0,White,Female,,1,0.6544996933313548,0.8855210774492583,0.8431227626454705,0.8962070530506256,8.0,0.6469278902945259,3.881526902828962,15.243137985303461,0.2029592113395721,-11.361611082474502,1.0280890731764998,1.2425729378082087,0.6198663575216979,1.60726435648862,0.9546450812076221,-0.10073880052000976,1.1852512215202373,,0,0,0,,,,,
RIAZ_PT77_PRE,RIAZ_PT77,Riaz 2017,15.47,1.0,Stable Disease,,56.0,White,Female,,1,0.6044254426217651,0.6489965110761848,0.5227380274848172,0.7739952877640385,7.0,1.247768521295424,-0.22596996443856524,6.09037935018336,-0.03853243346002634,-6.316349314621911,0.8275211266071373,0.824690840143523,0.9399130379502987,1.433095662013061,0.8577083267781338,-0.32020769884406947,0.2593291852942175,,1,0,0,,,,,
RIAZ_PT78_ON,RIAZ_PT78,Riaz 2017,2.56,1.0,Progressive Disease,0.0,,,,,1,-0.06145972158411019,-0.03685236136508508,0.09306247650268874,0.10797322051779021,7.0,-0.4008257547491674,0.5156942679218225,0.5621059741936557,0.4784692448292934,-0.046411706271836065,0.05232344898672693,0.16638193103147828,0.8943936162067342,-0.4749576020703657,-0.5272945070211791,0.315024299977688,0.4541097158830438,,0,0,0,,,,,
RIAZ_PT78_PRE,RIAZ_PT78,Riaz 2017,2.56,1.0,Progressive Disease,0.0,,,,,1,-2.154990926700967,-2.493606233899319,-2.976055310600338,-1.6812909866755894,6.0,-3.105584663552027,-10.735565473512954,-32.50400539882577,0.5,21.768439925312776,-1.5505354591355691,-0.5061598318844929,-0.04969183037613034,-1.386346683282967,-2.3232063377390153,-1.9224417502308249,-0.8199537681801028,,0,0,0,,,,,
RIAZ_PT79_ON,RIAZ_PT79,Riaz 2017,7.16,1.0,Stable Disease,,64.0,White,Male,,1,0.4792341975410732,0.14634907812165382,-0.013054277587157603,0.2500563168779209,9.0,-0.2003454179782111,10.5610723622164,9.586070159951891,0.5241970344229137,0.9750022022645037,0.18456484861012484,-0.1797906860780787,0.2578576312870234,-0.30528975043027473,0.025927087780831682,-0.16863780107542314,-0.25054050256958627,,0,0,0,,,,,
RIAZ_PT79_PRE,RIAZ_PT79,Riaz 2017,7.16,1.0,Stable Disease,,64.0,White,Male,,1,0.19488964582424786,-0.035164038121115626,-0.1515065574019774,0.008158170426485799,7.0,-0.5573777158638497,-1.6196171534750468,-2.832362452095236,0.5,1.2127452986201936,-0.07312849099126009,-0.7543521781868514,-0.3329682356137125,-1.1169622478334642,-0.26349805513821606,-0.9720448346118621,-0.6390224249148688,,0,0,0,,,,,
RIAZ_PT80_ON,RIAZ_PT80,Riaz 2017,,,,,,,,,1,0.6149116382726951,0.5534701795796193,0.5812451152191946,0.7087401374536043,11.0,0.6156306522334862,18.258233607944508,11.396612240357777,0.6156914017136857,6.861621367586732,0.6505582895966531,0.31063792529023887,0.623323176230527,0.14223814790702624,0.5493087073811699,0.15379541330407032,-0.3036374752581805,,0,0,0,,,,,
RIAZ_PT81_ON,RIAZ_PT81,Riaz 2017,,,,,,,,,1,1.0216707176139728,1.0116171999517687,1.0609159078835488,0.9528420080761644,6.0,0.5409461056880646,3.8669063139518283,11.051710243724546,0.25920006047491795,-7.184803929772721,0.9965720753089726,0.4660661231387186,0.5102464594292608,-0.0280190090762534,0.23534658175483467,0.28214222886226326,0.5289710674823079,,0,0,0,,,,,
RIAZ_PT82_ON,RIAZ_PT82,Riaz 2017,14.09,1.0,Stable Disease,,60.0,White,Female,,1,0.7389665288955575,0.6748460149633575,0.6007761520894563,0.6217156223260649,5.0,0.7860126002093558,7.706921277930475,9.953342169328316,0.436398998290523,-2.246420891397862,0.6272129305407389,0.642309259949162,0.30393913891184554,0.5913960510353452,0.5725739450590601,0.5736667488014516,0.003333371747632319,,0,0,0,,,,,
RIAZ_PT82_PRE,RIAZ_PT82,Riaz 2017,14.09,1.0,Stable Disease,,60.0,White,Female,,1,0.27978600978970175,0.1708087026569098,0.0032231812671302124,0.2562267390986273,9.0,0.1349605555788974,4.242592278689663,0.43869750249074757,0.9062870441700944,3.8038947761989172,0.26573461352411776,0.26113300777545717,0.09494543805175659,0.3353398884437255,0.34997797129635383,0.31758460769765395,0.27881036579675644,,0,0,0,,,,,
RIAZ_PT84_ON,RIAZ_PT84,Riaz 2017,4.96,1.0,Progressive Disease,0.0,48.0,White,Female,,1,-2.311492737867963,-1.7930180357971142,-2.0161973086962863,-2.9168065541959924,7.0,-1.424040867899921,3.6839620653088816,-16.81492303954361,0.5,20.498885104852544,-2.7723408109215435,-1.7175708953405,-0.148492884323589,-0.840945586687214,-1.4665125085816333,-1.1837823212016936,0.17422351109226464,,0,0,0,,,,,
RIAZ_PT84_PRE,RIAZ_PT84,Riaz 2017,4.96,1.0,Progressive Disease,0.0,48.0,White,Female,,1,-3.1023820342768897,-2.1920854454181953,-2.484514899143044,-2.3265582160514926,6.0,-1.2575926849576513,-0.35869884548741626,-19.58705520174367,0.5,19.22835635625626,-2.4915229774212104,-1.6970811567630772,-0.8906421833848842,-1.1954803775685214,-2.03113261929023,-1.4368098088486,-0.18474610780785322,,0,0,0,,,,,
RIAZ_PT85_ON,RIAZ_PT85,Riaz 2017,29.7,0.0,Progressive Disease,0.0,66.0,White,Male,,1,-1.0300790189862752,-0.9050260996111212,-0.8310280602661799,-0.84310420594108,6.0,-1.9886011219739692,-0.9577441621397669,-6.365203616048277,0.5,5.407459453908486,-0.7194939471044621,-0.4884760777676318,-1.4440411326961158,0.42046452186676797,-0.5256366350211219,-0.46971045471327677,-0.04963738409448104,,0,0,0,,,,,
RIAZ_PT85_PRE,RIAZ_PT85,Riaz 2017,29.7,0.0,Progressive Disease,0.0,66.0,White,Male,,1,-1.471437155148979,-2.1705513653726793,-2.867839931855033,-3.0727363331046083,6.0,-2.695131382490569,-15.570578400359501,-22.433258313444913,0.5,6.862679913085349,-2.9119247018376244,-1.6306846309108078,-3.1321409331493957,-0.809478906583664,-0.7980990325961888,-0.6080444151071825,-1.2023268818777166,,0,1,0,,,,,
RIAZ_PT87_ON,RIAZ_PT87,Riaz 2017,32.0,0.0,Stable Disease,,68.0,White,Male,,1,1.4501776278167198,1.219084234312875,1.092611693486709,1.095431183539679,7.0,1.509899227197261,-3.836359650599379,13.962558170043161,-0.37885487265858037,-17.798917820642526,1.0731063397746885,1.0948915832407242,1.0908584571954754,1.0529418719998043,0.9225155537488909,1.3936912457392299,0.22640109935016622,,0,0,0,,,,,
RIAZ_PT89_ON,RIAZ_PT89,Riaz 2017,27.73,1.0,Stable Disease,,56.0,White,Male,,1,0.5714543320593856,0.3056623033216739,0.33086461087069363,0.19246903972503565,7.0,0.2170748451293578,14.224436707736878,12.905346193450006,0.5243107458524698,1.3190905142868838,0.2123500130678152,0.26495944582010994,0.35265167428315136,0.12396891665229899,0.6028524019653634,0.5934633372286401,0.9731229595146236,,0,0,0,,,,,
RIAZ_PT89_PRE,RIAZ_PT89,Riaz 2017,27.73,1.0,Stable Disease,,56.0,White,Male,,1,-0.35266627851505494,-0.3878470533297633,-0.2784518821428153,-0.3021846195475533,7.0,-0.9139292332202904,11.463084008926193,8.798468699885643,0.5657554568333181,2.664615309040563,-0.2722088187085122,-0.06350774391712992,0.06052692599936187,-0.16519925313149086,0.08139592320309715,0.10449239677840864,1.1126705807263888,,0,0,0,,,,,
RIAZ_PT8_ON,RIAZ_PT8,Riaz 2017,8.51,1.0,Progressive Disease,0.0,40.0,White,Male,,1,0.2847438592844297,0.1694774744512198,0.19239379022436584,0.3235769530327115,6.0,-0.0874603966631117,-1.3479997233971566,-0.7143174612092673,0.5,-0.6336822621878927,0.2333808643658754,-0.2031154769159281,0.24187270536145763,-0.12895267274658337,0.15000452238133202,-0.3431321643829467,-0.13264638760814496,,0,0,0,,,,,
RIAZ_PT8_PRE,RIAZ_PT8,Riaz 2017,8.51,1.0,Progressive Disease,0.0,40.0,White,Male,,1,0.06749305427145542,0.11608419238614032,0.2569952609394743,0.26504734932842233,6.0,-0.525806027687504,4.854857094890091,5.308254025282518,0.4776939893192506,-0.4533969303924225,0.24299407047016255,0.07396204855956033,0.30367513066154433,0.6282560789787216,0.34682265875954993,0.17307343046081436,1.2804865848614184,,0,0,0,,,,,
RIAZ_PT90_PRE,RIAZ_PT90,Riaz 2017,5.72,1.0,Progressive Disease,0.0,60.0,White,Female,,1,0.20458419558512939,0.34186533298192,0.6034416330371171,0.5157379714052954,7.0,0.5604687424786842,2.2152844921255133,4.2600530868538,0.342111042877042,-2.0447685947282963,0.4782729754977155,0.31713611719328955,0.4995470921875691,0.3108435946934854,0.2886315051712869,0.4812299235535459,-0.37043223856650187,,0,1,0,,,,,
RIAZ_PT92_ON,RIAZ_PT92,Riaz 2017,10.94,1.0,Stable Disease,,58.0,White,Male,,1,1.3528369631493364,1.2953120078855427,1.3110393895809564,1.2156324359670503,8.0,1.406586556780607,-3.979856180135524,10.12893702877279,-0.6472278179620169,-14.108793208908308,1.2027134770964076,0.8111837263340324,0.8378624123708214,0.9157216216718416,0.8422786946831152,0.3119759515748621,-0.3271661154640203,,1,1,0,,,,,
RIAZ_PT92_PRE,RIAZ_PT92,Riaz 2017,10.94,1.0,Stable Disease,,58.0,White,Male,,1,0.841887848889979,0.8024058727409776,0.8337158404203253,0.7135493843689296,7.0,1.0075720188120896,4.313615932700466,7.133372577087694,0.3768341279465733,-2.8197566443872226,0.7025847571796064,0.36879735094263877,0.6028487056016096,0.5756380567672438,0.6803318606387844,0.040052389208674974,0.3459555822955439,,1,1,0,,,,,
RIAZ_PT93_ON,RIAZ_PT93,Riaz 2017,27.89,0.0,Progressive Disease,0.0,52.0,White,Male,,1,-0.41651522947675623,-0.5588639016102506,-0.4590688078855214,-0.5255224326378197,3.0,-0.8168577852257808,-5.898172358170542,-15.225791324632116,0.5,9.327618966461563,-0.6856491955468842,-0.4001712151331224,-0.8846933598716848,-1.335910660135446,-1.2184686921332626,-0.7423880627936217,-0.32423983226120895,,0,1,0,,,,,
RIAZ_PT94_ON,RIAZ_PT94,Riaz 2017,32.23,0.0,Complete Response,1.0,41.0,White,Male,,1,0.2794881958092336,0.21535408538627077,0.43708716075009324,0.3620914322565856,10.0,-0.0781513377227736,3.900698364803441,0.6304616093359516,0.860860880451325,3.270236755467479,0.27076010928219846,0.13961029231581032,0.2719788336147405,-0.4461317674546532,-0.13066885981986318,0.5364196721983705,0.402836936349914,,0,0,0,,,,,
RIAZ_PT94_PRE,RIAZ_PT94,Riaz 2017,32.23,0.0,Complete Response,1.0,41.0,White,Male,,1,-0.5503360118017183,-0.06472493767594556,0.29733965120037475,0.25741191002697483,7.0,-0.8950354687085572,13.529114869149133,1.9053825940704474,0.8765503963694979,11.623732275078718,0.3578360584254797,0.22360234742278048,0.5167973283135051,0.8322958794170175,0.173570167522839,0.1413745654737614,0.792376454005718,,1,0,0,,,,,
RIAZ_PT98_ON,RIAZ_PT98,Riaz 2017,24.54,1.0,Stable Disease,,74.0,White,Male,,1,0.5340245145893302,0.5410593965178784,0.5394471973614463,0.45202961934484176,7.0,1.0299710624596297,0.11556654845133403,2.095635956741782,0.05226411790865848,-1.980069408290449,0.4389835730938669,0.17491244916756496,0.14521570312686302,-0.14877896586862982,-0.05467208046933212,0.19895288859201526,-0.5872669877654042,,0,0,0,,,,,
RIAZ_PT98_PRE,RIAZ_PT98,Riaz 2017,24.54,1.0,Stable Disease,,74.0,White,Male,,1,-0.6832543752664302,-0.4751428217324559,-0.43700014304645096,-0.6125459755907541,7.0,-0.2344547371335141,-0.3996078390020582,-9.791284290192479,0.5,9.391676451190445,-0.5283400137788808,-0.45676992076118844,-0.15655519112698935,-0.7951377430087955,-0.29569212784305937,-0.624306457919902,-0.8106824601510177,,0,0,0,,,,,
RIAZ_PT9_ON,RIAZ_PT9,Riaz 2017,3.02,1.0,Progressive Disease,0.0,46.0,White,Male,,1,-1.084149038250896,-0.9948625223303441,-0.9134454317622982,0.017969265352651753,7.0,-1.2945979270070849,18.337222725953033,10.568379598105826,0.6343830002355807,7.768843127847202,-0.4358814879033039,0.09153153713833055,-0.3249998299489525,-0.8424918636598396,-0.1630887127854481,0.24482550816061638,0.5161386003605177,,1,0,0,,,,,
RIAZ_PT9_PRE,RIAZ_PT9,Riaz 2017,3.02,1.0,Progressive Disease,0.0,46.0,White,Male,,1,-1.4271750360763864,-0.928660184800711,-0.7448217589289126,0.06429802475161164,7.0,-0.7547737726404534,14.691065174737592,9.317060903796925,0.6119205275197535,5.374004270940663,-0.40200768970748263,0.010721177237406213,-0.325794958610312,-1.0870714167798219,-0.2769704220723631,0.15940798476451296,0.643451163322969,,1,0,0,,,,,
TCGA-3N-A9WB-06,TCGA-3N-A9WB,TCGA-SKCM,17.02995036,1.0,,,71.0,White,Male,Metastatic,0,-1.5873901559349013,-1.6247423893765867,-1.4412044711685992,-1.7827788087456082,6.0,-0.6788811055354842,-2.68019715845276,-11.958111573605459,0.5,9.277914415152694,-1.8547185426435646,-1.9201228011881406,-0.9489365993974289,-1.1322313433132887,-0.888244270073287,-0.7960100607433125,-0.45222458285316697,,1,1,0,,,,,
TCGA-3N-A9WC-06,TCGA-3N-A9WC,TCGA-SKCM,66.47598383,0.0,,,82.0,White,Male,Metastatic,0,1.477135320391745,1.2995986417017176,1.0971475469150644,1.3044725158751342,8.0,1.9141298573542744,-2.8823983245379874,10.324282234009624,-0.38732105466862005,-13.206680558547575,1.1594073327177945,0.776381246691058,0.7719478303924591,0.6507550255378334,0.40413775835825866,0.18008399125209423,-0.255481134056237,,1,1,0,,,,,
TCGA-3N-A9WD-06,TCGA-3N-A9WD,TCGA-SKCM,12.98615906,1.0,,,82.0,White,Male,Metastatic,0,0.46378192740505986,0.4174448359408492,0.4648205147452148,0.5905397126041745,10.0,0.2025425654104398,9.291615578520924,14.901850487350748,0.38405475070097833,-5.610234908829839,0.6593610670246626,0.3545838802362349,0.20564948309134432,1.424844388210383,0.5398865055767581,-0.3754165033101995,0.16498061701648573,,0,1,0,,,,,
TCGA-BF-A1PU-01,TCGA-BF-A1PU,TCGA-SKCM,12.72314824,0.0,,,46.0,White,Female,Primary,0,-1.7782210705574306,-1.5572394682016113,-1.5433947211924006,-1.7603248025365545,7.0,-1.4087653000471247,-2.670058184687403,-11.181019885773795,0.5,8.510961701086396,-1.8424221180638818,-1.5268926685055326,-0.906849116424647,-1.0041059540702724,-1.1530290379679244,-1.9472824432221152,0.49975686508784384,,1,0,0,,,,,
TCGA-BF-A1PV-01,TCGA-BF-A1PV,TCGA-SKCM,0.460268929,0.0,,,74.0,White,Female,Primary,0,-1.3484818938593008,-1.2866352786217579,-1.710171799129529,-1.5630266621944866,5.0,-1.1450964580131957,-7.8115750167388365,-16.040235970217307,0.5,8.2286609534785,-1.3425880555111034,-1.30249313071147,-0.8538249066849208,-0.9486576565435808,-0.9749028844550427,-0.9326765986367705,-0.44396207890861894,,0,1,1,,,,,
TCGA-BF-A1PX-01,TCGA-BF-A1PX,TCGA-SKCM,9.271131275,1.0,,,56.0,White,Male,Primary,0,0.9547892568281728,1.1153918051397513,1.4998772051708578,1.362738946876001,9.0,0.8749917964837741,7.660962025857134,11.1834326809741,0.4065379729644475,-3.5224706551169587,1.2907253120542879,0.5709736095431187,1.1316678173230459,0.2455283930821246,0.6730662354638256,0.7272681955088752,0.9770238695957901,,1,0,0,,,,,
TCGA-BF-A1PZ-01,TCGA-BF-A1PZ,TCGA-SKCM,28.04352829,0.0,,,71.0,White,Female,Primary,0,-0.1816865058980023,-0.24922148011850093,-0.1833669769275194,-0.3098063240101574,11.0,-0.1737789879026239,-2.2282287746994354,-5.893058214847615,0.5,3.6648294401481665,-0.29398587793384934,-0.6316259138557183,-0.4120283513461273,-0.7129562098197931,0.1969053342575745,-0.7186816680225968,-1.0373567757649567,,0,1,1,,,,,
TCGA-BF-A1Q0-01,TCGA-BF-A1Q0,TCGA-SKCM,27.32024855,0.0,,,80.0,White,Male,Primary,0,0.598178068055892,0.36365236661281586,-0.0187789329685409,0.0750363098218971,8.0,1.686768216621361,5.8034317557967885,4.352507163498598,0.5714323217098894,1.450924592298188,0.12699037183999395,0.02899466716345746,0.32660636573643403,0.1821364397255144,0.008306838904158582,-0.18490693004644604,-0.608578819169584,,0,0,0,,,,,
TCGA-BF-A3DJ-01,TCGA-BF-A3DJ,TCGA-SKCM,15.25462735,0.0,,,36.0,White,Female,Primary,0,0.1403299678292357,0.05502265762864923,-0.1646043801996772,-0.27485246159743604,6.0,0.426233357792636,3.5618546080467053,5.940975289042346,0.3748204110375361,-2.379120680995639,-0.2721507479368417,-0.08727896860318463,0.07507956593370395,-0.79597892931392,0.3352131090601179,1.2032350697863226,-0.5615999742618889,,1,0,0,,,,,
TCGA-BF-A3DL-01,TCGA-BF-A3DL,TCGA-SKCM,25.28191472,0.0,,,84.0,White,Female,Primary,0,-1.0556924935501362,-0.7399200054997073,-0.3115285390572609,-0.7765080412532249,8.0,-0.6934040839078356,-6.806582585368802,-16.944714256615498,0.5,10.13813167124665,-0.7674514583363625,-1.0181334513838907,-0.6650027063397919,-1.3485508951355898,-0.5905769738025386,-1.3865573109833114,0.6337887353647572,,1,0,0,,,,,
TCGA-BF-A3DM-01,TCGA-BF-A3DM,TCGA-SKCM,19.75868758,0.0,,,63.0,White,Male,Primary,0,-0.6016041352637633,-1.08063511558758,-1.6159724740827945,-0.896234328308195,8.0,-0.5158570987926704,3.196330243166612,1.0532552240680964,0.7521510669243061,2.1430750190985157,-1.205536670553244,-0.610958056809459,-0.4567969683873275,-0.7986201867818253,-0.5123293789181275,-0.3633881462016363,-0.5572573089042098,,1,0,0,,,,,
TCGA-BF-A3DN-01,TCGA-BF-A3DN,TCGA-SKCM,23.57234441,0.0,,,81.0,White,Female,Primary,0,-0.6931581580596485,-0.69103954841203,-0.9017534712435591,-0.9204735327740545,8.0,0.1594673818126661,1.2951552975659322,-1.8952548138401109,0.5,3.190410111406044,-0.9012802456853721,-0.8603826099452277,1.150431632309614,-1.254738045737439,-0.5279297692828504,-0.38583627937237763,0.5285667193277946,,1,0,0,,,,,
TCGA-BF-A5EO-01,TCGA-BF-A5EO,TCGA-SKCM,23.11207548,0.0,,,65.0,White,Male,Primary,0,-0.38007716044071893,-0.00047610562371814706,0.09661373849258979,0.14969718552968309,5.0,-0.3462439581599503,-1.7026640238672615,-2.9643420489683376,0.5,1.2616780251010709,0.3063918289968405,-0.4448320019466305,0.6387538864288321,-0.42941597651998314,0.0027828276874262868,-0.464982247482778,-0.08010675241840755,,0,1,0,,,,,
TCGA-BF-A5EP-01,TCGA-BF-A5EP,TCGA-SKCM,11.01357793,0.0,,,75.0,White,Female,Primary,0,-0.9744078378802284,-0.9736109364642935,-0.833980596361947,-0.7861771204322265,6.0,-0.5649653828303565,0.24907841168029385,-9.395806847916603,0.5,9.64488525959688,-0.8964340008682999,-1.4007701902790373,-0.25209534810801654,-1.264975965573868,-0.5709509484823028,-0.7189266271970116,-0.1960948809387295,,0,0,0,,,,,
TCGA-BF-A5EQ-01,TCGA-BF-A5EQ,TCGA-SKCM,10.61906171,0.0,,,63.0,White,Male,Primary,0,0.3560201699454533,0.40462091517831994,0.5090397276749294,0.5371950431044918,8.0,0.1739240924458245,3.9643837447754224,2.143263677037708,0.6490852321659633,1.8211200677377044,0.5022083675271525,0.31338649598546453,0.3975932921824081,0.9060462578406862,0.42742005796981913,-0.14868940497657515,0.6519592170656097,,1,0,0,,,,,
TCGA-BF-A5ER-01,TCGA-BF-A5ER,TCGA-SKCM,10.75056712,0.0,,,63.0,White,Male,Primary,0,-1.557347453378565,-1.0698562658804036,-1.1280659129478594,-1.4970630355396708,7.0,-0.5034713976567444,-9.694426369513112,-20.742804861381785,0.5,11.048378491868673,-1.1783807497462946,-1.3940508264828353,-1.2930897095199614,-1.243429282809151,-0.5571368449548907,-0.7991334310310833,0.10033152441498147,,1,0,0,,,,,
TCGA-BF-A5ES-01,TCGA-BF-A5ES,TCGA-SKCM,16.1094125,0.0,,,76.0,White,Female,Primary,0,-0.1452883361865154,0.010275185325669428,-0.3372107292886648,-0.29721938097274664,5.0,-0.2381774107235969,-9.746894123853416,-10.92067120995218,0.5,1.1737770860987722,-0.11237602377689519,0.05052955063923914,-0.7345246143164773,-0.6011001241957791,-0.24147377759322355,-0.38788003254263737,0.45865386934502383,,0,0,0,,,,,
TCGA-BF-AAP0-06,TCGA-BF-AAP0,TCGA-SKCM,14.92586383,0.0,,,40.0,White,Female,Metastatic,0,1.2214296714964605,1.178699359608061,1.2304777198435344,1.3534738505758388,8.0,0.8256079378886432,9.707846465698955,13.599217321177047,0.41651949616945555,-3.8913708554781157,1.3955262116109564,1.1444214626541205,1.2277063900104295,1.6856340799487468,1.1640245154399704,0.30499978351169854,0.8242414050390348,,1,0,0,,,,,
TCGA-D3-A1Q1-06,TCGA-D3-A1Q1,TCGA-SKCM,16.56968143,1.0,,,79.0,White,Female,Metastatic,1,-1.1162821594566292,-1.2911306632731747,-1.1116645505135732,-1.0973600049953023,7.0,-1.102713239933363,1.161392912139621,-15.053798363251607,0.5,16.215191275391167,-1.3295321418934785,-1.7999739256248695,-0.5800509813651574,-1.0537284192489436,-0.7919724125311184,-0.33553140600362813,-0.8551550107710129,,0,1,0,,,,,
TCGA-D3-A1Q3-06,TCGA-D3-A1Q3,TCGA-SKCM,16.66831048,1.0,,,64.0,White,Male,Metastatic,0,0.3396871063494136,0.4559212153271449,0.20614828664077917,0.4659223134315056,8.0,0.5783971701671758,-3.340064465677403,-0.8634939541323906,0.5,-2.476570511545022,0.5920261343715255,0.8479685358681563,-0.36476235107524424,1.0166409230973252,0.00020087572847727887,0.05924191818202421,-0.2008087978904692,,0,0,0,,,,,
TCGA-D3-A1Q4-06,TCGA-D3-A1Q4,TCGA-SKCM,112.0426078,0.0,,,53.0,White,Female,Metastatic,0,-0.4713852120467888,-0.3267857135139724,-0.31766419637871024,-0.5745989596052071,8.0,-0.4774198213313145,12.32610132335202,8.773635656522941,0.5841827002444968,3.5524656668290877,-0.5027251342043657,0.051332380152186476,0.008250304487859536,0.5377141048472378,0.3475994668829986,0.47311335521422865,2.1027014724124746,,1,0,0,,,,,
TCGA-D3-A1Q5-06,TCGA-D3-A1Q5,TCGA-SKCM,112.5686294,1.0,,,60.0,White,Male,Metastatic,0,-1.144525388207983,-1.2406668947594073,-0.5645600659506238,-0.612146512840373,6.0,-1.338230462606978,2.623680902396753,10.768526663292755,0.19591100940807968,-8.144845760896004,-0.8395749920367991,-1.141608334333375,0.7392150422051077,-0.5264929312800001,-0.524188557384735,-0.7127160108741016,0.7524148088140237,,1,0,0,,,,,
TCGA-D3-A1Q6-06,TCGA-D3-A1Q6,TCGA-SKCM,71.80195286,1.0,,,55.0,White,Male,Metastatic,1,-0.1778223593969739,-0.4622661383224254,-0.4044384737949454,-0.503143447183437,10.0,-0.8882212865738859,-6.241786050310529,1.2998287702608913,0.5,-7.541614820571435,-0.3687140765115152,0.19772798108300346,-0.30974143807036025,-0.6432667915005473,-0.18658626780541426,0.15577156922809438,-1.0580797593446278,,1,0,0,,,,,
TCGA-D3-A1Q7-06,TCGA-D3-A1Q7,TCGA-SKCM,133.2478548,0.0,,,42.0,White,Female,Metastatic,0,1.7104283898584438,1.4477128111759459,1.7175994281677673,1.4717256345215808,6.0,1.6724359629835512,5.2807667901296345,16.174533851768174,0.24612877154549764,-10.893767061638458,1.3068660658851485,1.18387317640963,1.0943200003103473,0.8974090423566053,0.9377702227833339,0.9106467561590973,0.7205405921295838,,1,0,0,,,,,
TCGA-D3-A1Q8-06,TCGA-D3-A1Q8,TCGA-SKCM,28.07640464,1.0,,,33.0,White,Male,Metastatic,0,-0.5108579847078102,-0.31033073734726163,-0.4760543800348628,-0.34498931020791956,8.0,-1.2274357181798752,7.958836734328488,4.59204101142834,0.6341259070122958,3.3667957229001657,-0.20002432834522496,0.6752113372561316,-0.32591399228776924,0.689802744743889,-0.5967298999708739,1.3112748397584313,1.5632172648925067,,0,1,0,,,,,
TCGA-D3-A1Q9-06,TCGA-D3-A1Q9,TCGA-SKCM,31.59417431,1.0,,,72.0,White,Male,Metastatic,0,0.18986250525621196,0.17862429003096902,0.37030619780233576,0.4152965131864968,6.0,1.162848365312457,-3.514291209044607,-1.912732450073635,0.5,-1.601558758970971,0.2867269159175997,-0.16387232884883918,-0.03212161258411169,-0.0370112111519183,-0.16392414604702094,-0.06850463068114986,-0.5012805827224842,,1,0,0,,,,,
TCGA-D3-A1QA-06,TCGA-D3-A1QA,TCGA-SKCM,90.90311339,0.0,,,55.0,White,Male,Metastatic,0,0.029025448706687662,-0.061071958958781446,-0.3211173954576265,-0.0877065147739354,10.0,1.2250395937638543,-10.64678379899329,-9.308718767633106,0.5,-1.338065031360196,-0.23358419609232042,-0.24154943932242842,-0.8985784882885562,-0.3638905170137732,-0.5107748410709123,-0.037185391820038806,-0.913374908026784,,1,0,0,,,,,
TCGA-D3-A1QB-06,TCGA-D3-A1QB,TCGA-SKCM,95.73593714,0.0,,,75.0,White,Female,Metastatic,0,1.5238939629339512,1.3673250303182762,1.6037572102850066,1.612627665809328,7.0,1.1819628531995323,-1.7748322700061079,7.555459495488801,-0.3070310886303356,-9.330291765494929,1.5061212430315858,0.8846737531865516,0.540438903357393,0.8577069125364969,1.4142981617348664,0.0440452723251669,-0.6863745101503893,,0,1,0,,,,,
TCGA-D3-A2J6-06,TCGA-D3-A2J6,TCGA-SKCM,43.42966105,1.0,,,65.0,White,Male,Metastatic,0,0.5405366832888863,0.49013237756820505,1.0980732434559886,0.8941922969073286,9.0,0.0024343964454406,2.8977291155732927,-3.5900449124360603,0.5,6.4877740280093565,0.6907790171279862,-0.6302657740201093,-0.2976349931973595,-1.0277712453447114,-0.06710074598259368,-0.7033958068706009,-0.07080667589227636,,0,0,0,,,,,
TCGA-D3-A2J7-06,TCGA-D3-A2J7,TCGA-SKCM,103.10024,1.0,,,67.0,White,Male,Metastatic,0,0.5040961200012494,0.4374158189650429,0.4104870249553348,0.5394330493183919,5.0,1.026807409188124,-5.2455573803835795,0.8521207516949464,0.5,-6.097678132078523,0.47655974553812713,0.4158165153262166,-0.3594958379557016,0.483680227391671,0.4607283704234636,-0.06492605757172494,0.2921989678295758,,1,0,0,,,,,
TCGA-D3-A2J8-06,TCGA-D3-A2J8,TCGA-SKCM,65.48969326,1.0,,,48.0,White,Male,Metastatic,0,1.3035619169055528,1.3506992265666762,1.4589667097353205,1.2793055178411312,8.0,2.124489314079705,2.3309510467984977,11.899130997497831,0.16380446996317807,-9.568179950699331,1.2445657277654283,1.1272078569605097,0.37873807130702114,1.0844287097996492,1.1790939247931747,0.7909924088663693,0.491168995929828,,0,1,0,,,,,
TCGA-D3-A2J9-06,TCGA-D3-A2J9,TCGA-SKCM,23.76960253,1.0,,,75.0,White,Male,Metastatic,0,1.608531085496092,1.6331806211001922,1.8899120515534678,1.916707584887325,6.0,1.2135752561704871,-2.242134759283444,16.649460783870964,-0.15562462843257802,-18.89159554315437,1.8766542713293979,1.4796486220750396,1.07320462640497,1.6018751669976625,1.0244743719433984,0.6148672920603019,0.2308945115650317,,0,0,0,,,,,
TCGA-D3-A2JA-06,TCGA-D3-A2JA,TCGA-SKCM,115.5275011,0.0,,,68.0,White,Male,Metastatic,0,0.6549354270201301,0.3993669375155073,0.2347386769219624,0.23963927728277296,5.0,0.9098899292327972,6.347972379930615,12.22490981469171,0.34178714501127005,-5.876937434761073,0.19911926694410656,0.9374255120812941,0.786338989578972,-0.6090526283303224,0.18264556487082678,0.6509503107510798,1.3348134795932929,,1,0,1,,,,,
TCGA-D3-A2JB-06,TCGA-D3-A2JB,TCGA-SKCM,,,,,70.0,Black or African American,Female,Metastatic,0,0.8463518764812199,0.9805844825760145,0.996272957175429,0.8953415150478199,12.0,0.0729578878252943,6.485860805348217,14.996013134075465,0.3019224870063743,-8.510152328727239,1.1904956133494924,1.4738046977486867,0.8460203980963783,2.1903246363373507,1.3020981930965647,-0.08370980842406406,-0.5007970353848479,,1,0,0,,,,,
TCGA-D3-A2JC-06,TCGA-D3-A2JC,TCGA-SKCM,86.76069303,0.0,,,53.0,White,Female,Metastatic,1,0.9026185847826228,0.6284861557574796,0.5007782044546119,0.6536898917148881,5.0,0.8242983487674862,0.7286580959524558,7.673266043656104,0.08672514579337816,-6.944607947703664,0.5771008920431987,0.49272887169324475,0.31813732817913015,-0.2449380527875525,0.3965243172269376,0.22993886401071673,-0.2389625650363636,,0,0,1,,,,,
TCGA-D3-A2JD-06,TCGA-D3-A2JD,TCGA-SKCM,11.86836309,1.0,,,58.0,White,Male,Metastatic,0,-0.7289089771923979,0.11422450384839475,-0.10208435966170099,0.2460388328616937,9.0,-0.3748218668788415,1.7157172395293168,-3.431930827553839,0.5,5.147648067083168,0.6559268493174233,1.0261175028251615,0.1588876021360315,1.735779364504489,-0.033884094928247024,-0.638976574694543,0.512581450845913,,1,0,1,,,,,
TCGA-D3-A2JE-06,TCGA-D3-A2JE,TCGA-SKCM,27.64901207,1.0,,,75.0,White,Female,Metastatic,0,-1.1737292236989578,-1.245295558157143,-1.3613919946702604,-1.3341597014059863,5.0,-2.1995665078709736,-5.093396114612216,-17.697830975656586,0.5,12.604434861044362,-1.101544434747969,-1.6131244925282224,-0.8106250092532655,0.14588819369920994,-0.7716636109292446,-0.8970074793318442,-0.7358560085817737,,1,0,0,,,,,
TCGA-D3-A2JF-06,TCGA-D3-A2JF,TCGA-SKCM,62.07055265,0.0,,,74.0,White,Male,Metastatic,0,1.0600126951268567,0.8971166179584925,0.7880380704499786,0.7811790039063944,8.0,0.7372106790773187,-5.7281451692071235,11.34337871472616,-1.020108090388901,-17.07152388393333,0.8353725904220741,0.5472795146886212,0.817565059619064,1.3617740657222486,0.3363056801851424,-0.002924843299297131,-0.6647431895078817,,0,0,1,,,,,
TCGA-D3-A2JG-06,TCGA-D3-A2JG,TCGA-SKCM,113.5220436,1.0,,,30.0,White,Female,Metastatic,0,-0.604453354182476,-0.6597552750113457,-1.007636215360133,-0.525368727544605,4.0,-0.7596637955905474,-3.7302344487172308,-9.383353759502782,0.5,5.65311931078556,-0.5264559593197069,-0.5993461372626162,-0.8899117853937991,-0.3499160532926944,-1.1508877821192907,-0.35450409030809976,-0.2596456247832446,,1,0,0,,,,,
TCGA-D3-A2JH-06,TCGA-D3-A2JH,TCGA-SKCM,42.08173061,0.0,,,68.0,White,Male,Metastatic,1,1.3611973899403889,1.3677887862063631,1.7987055945292216,1.8067001230729047,6.0,1.060514100992037,2.5319734542007444,11.519302056685335,0.1801952749584281,-8.987328602484615,1.600047387220795,0.6517388082618935,0.5589283275612246,0.12301325049885513,0.42487415551888946,0.49321199882417766,-0.30956763184771524,,1,0,0,,,,,
TCGA-D3-A2JK-06,TCGA-D3-A2JK,TCGA-SKCM,12.09849755,1.0,,,24.0,White,Male,Metastatic,0,-1.585418795116943,-0.9816226630879589,-0.8706972127605727,-1.5622664384396294,6.0,-1.3577336016694197,-13.715392735870003,-21.347487269942032,0.5,7.632094534072021,-1.0623984935296613,-0.19280229102007485,-0.879193943322988,-0.5471908742690431,-0.20231671756511585,-0.2723920125527032,0.7925534566789958,,1,0,0,,,,,
TCGA-D3-A2JL-06,TCGA-D3-A2JL,TCGA-SKCM,171.5816813,0.0,,,43.0,White,Female,Metastatic,0,0.9611567772159398,0.9284919259094379,1.043550633124561,1.2746580936161749,11.0,0.0791697147422481,-3.154911874672716,2.0340371434399125,0.5,-5.188949018112619,1.2798231781627682,0.3482876150335355,0.18034997915928172,0.8180141675765945,0.04227223509823599,-0.3884527969759482,-0.5345779651425575,,0,1,0,,,,,
TCGA-D3-A2JN-06,TCGA-D3-A2JN,TCGA-SKCM,66.47598383,1.0,,,46.0,White,Female,Metastatic,1,0.4819021498325154,0.48983017365429377,1.0077250376358644,0.8741579255378875,7.0,-1.1360953018248574,7.043375190237128,7.660252092128995,0.4790229686170133,-0.6168769018918686,0.867106361206758,0.18783955267011274,0.7382850031081588,1.259574210996256,0.05276918690953197,-0.029931634455361057,1.1426599265768413,,1,0,0,,,,,
TCGA-D3-A2JO-06,TCGA-D3-A2JO,TCGA-SKCM,66.0814676,0.0,,,50.0,White,Female,Metastatic,0,1.0991035751173268,1.0914966448417753,1.3986360123289072,1.1823910060391836,9.0,1.3495349064721838,0.1965180317323103,1.9086198765181055,0.0933516188949525,-1.7121018447858003,1.083733473515072,0.702722543214521,0.2081696809826117,0.5857831378691409,0.6081451724361255,0.7702632359539129,0.04933441528972486,,0,1,1,,,,,
TCGA-D3-A2JP-06,TCGA-D3-A2JP,TCGA-SKCM,59.5719499,0.0,,,37.0,White,Male,Metastatic,1,0.5396076912329687,0.6412181924387423,0.9112808550693821,0.7596025931768002,4.0,-0.4323526944707908,3.5004762375787486,2.6309083927463286,0.570911213148466,0.8695678448324279,0.7888219968009667,0.4926952647880509,0.39033650317583984,-0.11830879465149678,-0.2527958498807611,0.2740075529836808,-0.18879281042455748,,1,1,0,,,,,
TCGA-D3-A3BZ-06,TCGA-D3-A3BZ,TCGA-SKCM,130.7163757,0.0,,,63.0,White,Male,Metastatic,0,0.7862237922781842,0.8159676358447735,0.8145785234128113,0.9662688615155326,10.0,0.5460358346798755,9.711221988465427,14.139119441516133,0.407173290033397,-4.427897453050731,1.0134334675912156,0.9202668903623491,0.31210172392178387,1.1099351318742585,0.902467579087379,0.33525888008826704,2.0097092856231673,,0,0,0,,,,,
TCGA-D3-A3C1-06,TCGA-D3-A3C1,TCGA-SKCM,,0.0,,,,White,Male,Metastatic,0,-0.9988520350078192,-0.2136064836125358,-0.21389728675723205,-0.07311439666996075,6.0,-0.6800444807729176,-11.158271930499362,-4.468333381467197,0.5,-6.689938549032168,-0.07165163356940643,-0.23462339658650855,0.3389663055548399,0.5565509542563011,-0.6479320638121974,-0.8551467532525324,-0.008045381795148077,,1,0,0,,,,,
TCGA-D3-A3C3-06,TCGA-D3-A3C3,TCGA-SKCM,,0.0,,,,White,Female,Metastatic,0,0.11793230206340881,0.2488820151897631,0.5304696736405777,0.47778706720171604,10.0,-0.5430603258653228,0.07866770798167459,-1.384590506480283,0.5,1.4632582144619588,0.5546439408485341,0.22654366201029252,-0.04498381531760911,0.7763871528544853,-0.019384107353213498,0.06456444173052242,-0.793927854471389,,1,0,0,,,,,
TCGA-D3-A3C6-06,TCGA-D3-A3C6,TCGA-SKCM,58.0596377,1.0,,,54.0,White,Female,Metastatic,0,-0.5269250069174433,-1.1629247953977977,-1.412634076468059,-1.6093177115767996,5.0,-1.281462138173613,0.6467381808335235,-9.255419481966653,0.5,9.902157662800201,-1.5734725473525497,-1.2603367633957747,-0.3016005376024968,-1.065327133241906,-0.42789435010207033,-0.2977526776449576,0.1836615932934651,,1,0,0,,,,,
TCGA-D3-A3C7-06,TCGA-D3-A3C7,TCGA-SKCM,46.98030707,0.0,,,57.0,White,Female,Metastatic,1,0.28609485290598263,0.4618019746874668,0.6970076694229137,0.6925822247510971,5.0,-0.9086945761161128,0.9997034884881909,6.802104531998233,0.12813741197721268,-5.802401043510056,0.6138674171436319,0.5152565067085241,0.7814094098205852,0.009864979898121759,0.7190089888528604,0.7878994243151649,0.22599855509979383,,1,0,0,,,,,
TCGA-D3-A3C8-06,TCGA-D3-A3C8,TCGA-SKCM,46.32278002,0.0,,,58.0,White,Female,Metastatic,0,2.120780505457289,2.0268566081118955,2.1852025371128008,2.2106504347717104,7.0,1.90841701036425,-1.3814094286669873,18.728512521829902,-0.07963343627164168,-20.10992195049691,2.0944310657577434,1.6394418345848465,0.4559974089311754,0.8840917943528869,1.6400894926203347,0.4310800427300583,0.22731454362855144,,0,0,0,,,,,
TCGA-D3-A3CB-06,TCGA-D3-A3CB,TCGA-SKCM,166.5187231,0.0,,,39.0,White,Male,Metastatic,0,1.0198692340843214,1.437044373662954,1.3556651731141751,1.620643443026485,9.0,3.5956465194281995,3.6842014377674253,11.420844729249305,0.2439053411046317,-7.73664329148184,1.4598386401939007,1.6906451456266105,0.9889736683442579,1.5960389613938677,0.6185331678668458,0.9154280510535168,-0.018007507911316584,,1,0,0,,,,,
TCGA-D3-A3CC-06,TCGA-D3-A3CC,TCGA-SKCM,86.92507479,0.0,,,69.0,White,Female,Metastatic,0,-0.7820594783545235,-0.8411993315149429,-1.1052288244448998,-1.0535609584383747,6.0,-1.5613750771814738,6.928403883837064,-0.8689375597913153,1.143401664985432,7.7973414436283415,-1.0024160683280812,-0.47326355754194854,-0.0878599390629451,-0.4111465749529464,-0.4450944039758711,0.28559070649941454,0.8791215661811504,,0,0,0,,,,,
TCGA-D3-A3CE-06,TCGA-D3-A3CE,TCGA-SKCM,60.22947694,1.0,,,74.0,White,Female,Metastatic,0,0.7853444605233325,0.7076061879402683,0.9119256338152759,0.9975219223566422,10.0,0.6488891422930555,4.139702347747999,7.387157679877876,0.35913530118580184,-3.24745533212987,0.8179116347872983,0.4617027561754332,1.0054347528475236,0.9909107513951181,0.304409141520933,0.7253628660423895,-0.09116854483060455,,1,0,1,,,,,
TCGA-D3-A3CF-06,TCGA-D3-A3CF,TCGA-SKCM,24.52575862,1.0,,,61.0,White,Female,Metastatic,0,0.5641734325877182,0.540266642805359,0.4392688768900975,0.4571838708356427,10.0,0.1541548918423821,7.131223740900131,6.0172110874349185,0.542362937794866,1.11401265346523,0.6984950129791794,1.3340344469884722,0.49369376571746604,1.6038478040460964,0.8516790898970756,0.47661852728904186,0.17466402440434164,,0,0,0,,,,,
TCGA-D3-A3ML-06,TCGA-D3-A3ML,TCGA-SKCM,13.87382056,1.0,,,70.0,White,Male,Metastatic,0,-1.0969299830428552,-1.4552600780110783,-1.6606607362422294,-1.5575802216108512,4.0,-1.715641508449087,-15.642200138399971,-23.106506234285607,0.5,7.464306095885643,-1.5612328909141278,-2.2089131563847477,-1.2515779784469099,-1.1633483529782132,-1.210976326821677,-1.7401933023153162,-0.8307587014191127,,0,1,0,,,,,
TCGA-D3-A3MO-06,TCGA-D3-A3MO,TCGA-SKCM,9.336883979,1.0,,,47.0,White,Male,Metastatic,0,-1.6844245169357208,-1.5378741885829308,-0.4043437581001229,-1.9969877030946104,6.0,-2.198157066713464,3.665355103221347,-0.9664115981828125,1.3580703324758976,4.631766701404162,-1.7173657648355536,-0.6623897998718157,-0.27959200020423397,-1.2437052957502603,-1.5972249351186307,-0.2776400116128589,0.28465818320731917,,1,0,0,,,,,
TCGA-D3-A3MR-06,TCGA-D3-A3MR,TCGA-SKCM,103.5933853,0.0,,,42.0,White,Male,Metastatic,0,0.9535654609646369,1.0648133537685276,1.3891286958270914,1.3539770735646028,6.0,0.5873088603424671,2.8578949178481237,14.060049489916338,0.16892684175841702,-11.202154572068233,1.3641224256288258,1.0353595338821522,0.7596184548562,1.4429463266481761,0.8586197845678998,0.17899273737522164,0.5361591095643717,,1,0,0,,,,,
TCGA-D3-A3MU-06,TCGA-D3-A3MU,TCGA-SKCM,39.74750962,0.0,,,53.0,White,Male,Metastatic,0,0.1406173714666191,0.04423855780729444,-0.40900298223101883,-0.2034106305473363,5.0,0.3028801823923533,-1.1641670653479086,-0.7420396744225293,0.5,-0.42212739092537876,-0.12197785613676249,0.42759983196928775,0.20819107393017985,0.30817631467021217,0.007683174302073463,-0.10947992366462275,1.3668129209530708,,1,0,0,,,,,
TCGA-D3-A3MV-06,TCGA-D3-A3MV,TCGA-SKCM,45.30361311,0.0,,,38.0,White,Female,Metastatic,1,-0.9821145194650859,-0.9983878829443701,-0.7934163050370571,-0.6270421092444753,7.0,-1.160941038024724,6.556895406310715,-2.292193859846411,1.537480486001835,8.849089266157124,-0.8395354475583233,-0.9570956349600873,0.08161044178435312,-1.332744081893842,-0.42245244766365564,0.349494669955367,-0.09483852636086697,,0,1,0,,,,,
TCGA-D3-A51E-06,TCGA-D3-A51E,TCGA-SKCM,174.8364402,0.0,,,39.0,White,Female,Metastatic,0,1.08450586419475,0.757501230939846,0.7681624860914003,0.6867570695783249,8.0,0.7468678502975072,-5.330778008601048,3.4875430977583095,0.5,-8.818321106359381,0.5560362635430615,0.11695684810018277,-0.37502466947354435,0.10227451155342833,0.7561092339851749,0.16363488088617598,-1.036132461861469,,0,1,0,,,,,
TCGA-D3-A51F-06,TCGA-D3-A51F,TCGA-SKCM,55.72541671,0.0,,,51.0,White,Male,Metastatic,0,1.7322836526737067,1.801129144528365,2.064422354221408,2.042385933512165,7.0,1.1592658822937982,2.0704230875235248,21.914914959794146,0.08632036302507165,-19.84449187227065,1.9092139356283253,1.1186127709784994,1.5079747789273277,0.8460413457370297,1.2798543752620446,1.1970971436896372,1.2081010057278545,,0,0,0,,,,,
TCGA-D3-A51G-06,TCGA-D3-A51G,TCGA-SKCM,,,,,,White,Male,Metastatic,0,0.46148898616417133,-0.007284513806358502,0.2159768470881692,0.36317738089834106,4.0,0.0098856232270579,1.438031327752736,-0.30958493397325854,1.2743461591794125,1.7476162617259963,0.13650091037115358,-0.5864008666423182,-0.568096651480476,-1.0857773400846658,-0.6618710547194848,-0.1409172692832966,0.6192271993344838,,0,1,0,,,,,
TCGA-D3-A51H-06,TCGA-D3-A51H,TCGA-SKCM,56.3500674,0.0,,,60.0,White,Male,Metastatic,0,0.9228588227400114,1.1706649049447275,0.9677184088024433,0.7433485627017201,10.0,0.2540176263540044,5.71511024545617,20.73130349521579,0.2161015214197794,-15.016193249759594,1.2303511804544442,1.747542963791968,0.719102793291898,2.670671215375609,1.5987826114866421,0.47396327117613046,-0.06464932469173168,,0,0,0,,,,,
TCGA-D3-A51J-06,TCGA-D3-A51J,TCGA-SKCM,145.1162179,0.0,,,19.0,White,Male,Metastatic,0,1.039823136960237,1.0889766430202186,1.3396071022600973,1.3685941896741731,6.0,0.7606590467161765,2.2317107018011813,7.507886825531231,0.22913787715953254,-5.276176123730046,1.2414331673913703,1.1371776463887109,1.1227255158007379,0.8495699506796469,0.4278109093328001,0.43597919113247735,-0.37050108646809965,,1,0,0,,,,,
TCGA-D3-A51K-06,TCGA-D3-A51K,TCGA-SKCM,32.94210474,0.0,,,51.0,White,Male,Metastatic,0,-0.1618602294400495,0.41318402473211713,0.47474508672409077,0.45029657991608385,8.0,-1.4919180643723864,-3.1287518239300445,-6.601356576139302,0.5,3.4726047522092705,0.6240229619667836,-0.4832250984828164,-0.07750874100874887,0.9969171142122338,0.26270206564410364,-0.873427504263104,-1.2239080213168074,,0,0,0,,,,,
TCGA-D3-A51N-06,TCGA-D3-A51N,TCGA-SKCM,22.6189302,0.0,,,56.0,White,Female,Metastatic,0,0.772851425549765,0.32746750952033776,-0.16529177985390325,-0.11628780515013915,8.0,0.5406827506732603,0.8616741207545908,9.814633872601977,0.08070899802541998,-8.952959751847352,0.08192578237667628,0.2915450730054658,0.35329292415717123,0.8191545785507439,0.3538059664707425,0.43426448603041495,-0.598251163301478,,1,0,0,,,,,
TCGA-D3-A51R-06,TCGA-D3-A51R,TCGA-SKCM,63.81299931,0.0,,,60.0,White,Male,Metastatic,0,-1.6061213190222678,-1.9222916477192187,-1.7765475521897145,-1.7628712768768893,6.0,-2.3012923573967368,6.680420334199009,-5.324464681568384,4.926724794604192,12.004885015767373,-1.8031602352337512,-1.638979769468276,-0.6927454167414863,-1.2861716668856242,-1.1334646077005963,-1.2523208795567276,0.3815274578055622,,0,1,1,,,,,
TCGA-D3-A51T-06,TCGA-D3-A51T,TCGA-SKCM,26.89285597,0.0,,,59.0,White,Female,Metastatic,0,0.13216699490411257,0.11844920467350259,-0.18123711041631946,-0.0644085529285996,5.0,0.0409598484310137,-6.450367490243368,-1.3231840050102732,0.5,-5.127183485233078,0.034513866005135556,-0.03717375089083667,-0.6484017825048691,0.8306272714871383,-0.16593746484221286,-0.014188755421677173,-0.45679026832981334,,1,0,0,,,,,
TCGA-D3-A5GL-06,TCGA-D3-A5GL,TCGA-SKCM,125.7849229,0.0,,,74.0,White,Male,Metastatic,0,-1.1850656641782453,-1.2051912711150696,-1.1509768748682245,-1.0184303474385445,5.0,-0.2521399848771359,-5.017348131279521,-15.315321660002581,0.5,10.297973528723096,-1.104852792651259,-1.5246991884461731,-1.189598267362565,-1.4075882396954806,-1.086728831829719,-0.7271010154337735,-0.3146798489875889,,0,0,0,,,,,
TCGA-D3-A5GN-06,TCGA-D3-A5GN,TCGA-SKCM,135.7464576,0.0,,,15.0,White,Female,Metastatic,0,0.7422341790092456,0.35065831951906934,0.38378586057054886,0.5550456447427239,7.0,0.598031188758955,3.769838916610149,3.6876696428568674,0.5055091638915367,0.08216927375328487,0.3564623432609745,0.05792280116628087,0.35734295968372015,0.17567024357845593,0.1497253413565307,-0.21062954231883477,0.28175196967786653,,1,0,0,,,,,
TCGA-D3-A5GO-06,TCGA-D3-A5GO,TCGA-SKCM,137.9162968,0.0,,,61.0,White,Male,Metastatic,0,0.9882949355162944,0.5568448625931202,0.41660931408777013,0.3398875329718441,6.0,-0.1262417642679967,-7.193893253712283,-0.15880077530100278,0.5,-7.03509247841127,0.3330582604037161,-0.003559673675162837,-0.5197310996397136,-0.8144266643478494,0.6492262646422811,-0.1691656113688786,-0.3995308636560248,,0,1,0,,,,,
TCGA-D3-A5GR-06,TCGA-D3-A5GR,TCGA-SKCM,178.3213335,0.0,,,23.0,White,Female,Metastatic,0,0.6433642267883403,0.47482063596667234,0.28067810876462035,0.3969548499369674,9.0,0.6391117545526044,8.998710204475435,11.655569961159046,0.4356825864814157,-2.656859756683614,0.5286033409489853,1.098503468125938,1.001478609750735,1.6908860440496907,0.629403531008475,0.12797525213299427,0.3640235417926603,,1,0,0,,,,,
TCGA-D3-A5GS-06,TCGA-D3-A5GS,TCGA-SKCM,18.18062268,0.0,,,58.0,White,Male,Metastatic,0,0.7778831629987247,0.4053731983869586,0.31707387551492383,0.5914694584152518,4.0,0.1531150151353515,-0.6233952545274771,2.6604707641486542,-0.3060246179305382,-3.2838660186761293,0.48499118747423414,-0.14866659246360853,0.18920883777727834,-0.9351764870377856,0.703108861222882,-0.2625043598867704,0.19738140772361368,,1,0,0,,,,,
TCGA-D3-A5GT-01,TCGA-D3-A5GT,TCGA-SKCM,16.01078344,0.0,,,43.0,White,Male,Primary,1,-1.7604145406518088,-1.5640845902446319,-1.6734153591624075,-1.9900400619708116,6.0,-2.6111235569306808,-8.506369548001885,-15.751256938854365,0.5,7.244887390852488,-1.6743607347208305,-1.5657620808300718,-0.5476684694677615,-1.315814653445848,-1.2550668886199723,-1.3279844295435423,-0.7689847121768492,,1,0,0,,,,,
TCGA-D3-A5GU-06,TCGA-D3-A5GU,TCGA-SKCM,125.1931486,0.0,,,36.0,White,Male,Metastatic,0,0.659496078582336,0.43482756430756536,0.3102464862703559,0.6446796332778444,6.0,-0.4229939622163764,-0.1842669057169682,1.1937274371214202,-0.18253998049889036,-1.3779943428383952,0.49552629626775946,0.09940714104994354,1.0657405908161721,-0.06559148890959163,0.04599955758108291,-0.2727974828404966,-0.3781140478128727,,1,0,0,,,,,
TCGA-D3-A8GB-06,TCGA-D3-A8GB,TCGA-SKCM,30.83801821,1.0,,,48.0,White,Male,Metastatic,1,1.0409636711241663,1.0259242330788274,0.9833925073113654,1.1381567049389671,8.0,0.0545062506335562,10.599076676966208,21.156091233016774,0.3337748585367782,-10.557014556050515,1.1916605156196365,0.7400570267277841,0.6661410224316305,1.5686693938289424,0.8275524723235532,0.7257130658028383,1.159839756588474,,1,0,0,,,,,
TCGA-D3-A8GC-06,TCGA-D3-A8GC,TCGA-SKCM,79.59364829,1.0,,,48.0,White,Male,Metastatic,0,-0.32232602966769686,-0.2930395691383508,-0.5569705609148308,-0.5325210911708007,8.0,0.6150240344031905,1.5331337661650093,-3.2478394747397084,0.5,4.780973240904726,-0.5593435819979383,0.14060446213786174,-0.701846853558008,0.054957855613878094,-0.1676124493237628,0.31096009037734673,-0.48370913190558523,,0,1,0,,,,,
TCGA-D3-A8GD-06,TCGA-D3-A8GD,TCGA-SKCM,23.60522077,0.0,,,63.0,White,Female,Metastatic,0,1.2779109346821704,1.3609578799082802,1.5519668474654655,1.1887411801860601,7.0,1.0365073264937823,1.5772527781916241,16.52748020615043,0.08711825684232499,-14.950227427958763,1.3155053076481975,1.414682871065648,1.0272751129679272,1.7274785179057064,0.8884052672448668,0.3071425475812616,-0.39690764821120683,,1,0,0,,,,,
TCGA-D3-A8GE-06,TCGA-D3-A8GE,TCGA-SKCM,26.43258704,0.0,,,26.0,White,Male,Metastatic,0,0.4982862017244009,0.3572156728361232,0.5842806669892966,0.35171942991273253,8.0,-0.0633319546367751,-2.7262963345851983,10.70361994863414,-0.341755765026743,-13.429916283219322,0.47288384885739965,0.62812988663417,0.41454683514290114,-0.250039827771658,0.4690671779376793,0.17854336492060977,2.041430608225116,,0,0,0,,,,,
TCGA-D3-A8GI-06,TCGA-D3-A8GI,TCGA-SKCM,58.51990663,1.0,,,68.0,White,Male,Metastatic,0,-1.1503692563244101,-0.9865538269174399,-0.5585829262586917,-1.4497907545056066,6.0,-1.2681959100459836,-1.2972469032890834,-12.678686191375478,0.5,11.381439288086366,-1.31985876631907,-0.9482610899340423,-0.6271825141587444,-1.039965416390046,-0.4129215992002192,0.20712837205734264,1.570856393108733,,0,1,1,,,,,
TCGA-D3-A8GJ-06,TCGA-D3-A8GJ,TCGA-SKCM,241.3781767,0.0,,,18.0,White,Male,Metastatic,0,1.7703443903673508,1.554825789935391,1.918066527776575,1.6227338651285934,11.0,1.433091513621392,-1.8026711348840179,12.930502255735961,-0.16199662946951748,-14.733173390619994,1.5394116004573308,0.48849464919758584,1.0124576134784327,0.5848187143790446,0.6980381687188576,0.6211838236984109,-0.17857970164800052,,1,0,0,,,,,
TCGA-D3-A8GK-06,TCGA-D3-A8GK,TCGA-SKCM,170.2008745,0.0,,,45.0,White,Male,Metastatic,0,-1.7306000265175798,-1.4899944432912127,-1.7724831870600848,-1.4097418529649137,7.0,-1.5017056285983488,-4.167275557430754,-16.64893266894757,0.5,12.481657111516807,-1.4929278490256874,-1.692352394215656,-0.6045749109854447,-0.806494066334709,-0.6137416195447443,-0.976056482603946,-1.5017457922262825,,0,1,0,,,,,
TCGA-D3-A8GL-06,TCGA-D3-A8GL,TCGA-SKCM,89.12779038,1.0,,,43.0,White,Male,Metastatic,0,-1.4572365741031519,-1.6496444703801239,-2.116717506550719,-2.087453631803029,7.0,-0.6954314893128258,-9.334889603663266,-15.399679018766557,0.5,6.064789415103333,-2.199288152072056,-1.780982364389442,-0.8450801617578246,-1.2926759430098012,-0.8068440389056282,-1.0874095496478422,-0.9948887597226941,,0,1,0,,,,,
TCGA-D3-A8GM-06,TCGA-D3-A8GM,TCGA-SKCM,107.1440313,1.0,,,73.0,White,Male,Metastatic,0,0.5198300844652769,0.27071946241384703,0.24954368659010484,0.3153850162263882,8.0,0.9250781372170276,0.6909401939365619,2.0084032930277242,0.2559660144302723,-1.3174630990911609,0.2404581610536361,-0.0370977411144652,-0.40014092732582845,0.6671611622530663,0.5226627779428211,-0.03531064326608387,-0.4484468919258714,,1,0,0,,,,,
TCGA-D3-A8GN-06,TCGA-D3-A8GN,TCGA-SKCM,160.9954959,0.0,,,27.0,White,Female,Metastatic,1,1.1047740943279891,0.9184102521360765,1.010553884421864,1.0307625034532073,6.0,0.8249708890057613,-0.1930885616070132,11.528275106600663,-0.01703444057498053,-11.721363668207719,0.9446259268225683,0.43120050512226343,0.39001713350161066,1.1315393378255385,0.23221233485597667,0.3758221546997144,0.4672839979662592,,1,0,0,,,,,
TCGA-D3-A8GO-06,TCGA-D3-A8GO,TCGA-SKCM,,1.0,,,,White,Female,Metastatic,0,-0.2592023918883321,0.20534092275420182,0.029859345007812566,0.12734014577138958,7.0,-0.4190464396958011,4.629090978803167,10.52235665518946,0.3055213660520261,-5.8932656763863,0.42085112982229467,0.06619685700745252,0.7162791627037075,1.766293996747903,0.3199565200581115,-0.5334029950331642,-0.2081446761170287,,1,0,0,,,,,
TCGA-D3-A8GP-06,TCGA-D3-A8GP,TCGA-SKCM,152.7435316,0.0,,,77.0,White,Male,Metastatic,0,-0.551835476366365,-0.6781376876588241,-0.4942152484519072,-0.3566293051888718,3.0,-1.2063082640144147,-11.437333946751911,-14.601041260738763,0.5,3.163707313986862,-0.5499373911089007,-1.7567641145624908,-1.1240855156066043,-1.1480238723805523,-1.003587576097848,-1.4735369624217902,-0.8674981086756242,,0,0,0,,,,,
TCGA-D3-A8GQ-06,TCGA-D3-A8GQ,TCGA-SKCM,29.0626952,1.0,,,66.0,White,Male,Metastatic,0,-0.43071459413205465,-0.4942494371261225,0.054412472816828455,-0.32634350770266635,6.0,-0.8759927204976913,4.401721731633363,1.6579284877158271,0.7263986488160881,2.7437932439175357,-0.34972953116626565,-0.5647005269413867,0.03771424546854011,-0.22347312184283705,-0.5149385763587089,0.2879530140491486,0.01021380217009063,,0,1,1,,,,,
TCGA-D3-A8GR-06,TCGA-D3-A8GR,TCGA-SKCM,,,,,54.0,White,Female,Metastatic,0,-1.3155721676956487,-0.9775258246614873,-0.9143679539380275,-1.0903166134311713,7.0,-0.2118124069556438,-1.6290361735696208,-6.432819215114837,0.5,4.803783041545206,-1.081163390366127,-0.9345734529457431,-1.2793243722308916,-0.8556894639788616,-0.7048789752545872,-0.5639850770703329,-0.3785573792393992,,0,1,0,,,,,
TCGA-D3-A8GS-06,TCGA-D3-A8GS,TCGA-SKCM,117.1713187,1.0,,,52.0,White,Male,Metastatic,0,0.7726658261713285,0.8758754266415106,1.2700682098713991,0.8656851594227711,9.0,0.3506837733830835,-0.3373827784095944,8.971911430166431,-0.03907367640050026,-9.309294208576008,0.8902715487951315,0.3263941824372876,-0.22266464242277473,1.0026482739348905,-0.008631762234322382,0.21032167824316228,-1.549049732977278,,1,0,0,,,,,
TCGA-D3-A8GV-06,TCGA-D3-A8GV,TCGA-SKCM,167.7022718,1.0,,,25.0,White,Male,Metastatic,0,-0.8370947927109809,-0.7581392144340489,-0.37273432383373706,-0.7027243691761875,5.0,-0.3637107024349946,-1.9229948399037988,-12.990890290493814,0.5,11.06789545059003,-0.8159275759804745,-1.5710722883851584,-1.2188613594872468,-0.7604603099481047,-0.7612170687644754,-0.6685804821617531,-0.4164288089975528,,1,0,0,,,,,
TCGA-D9-A148-06,TCGA-D9-A148,TCGA-SKCM,151.5271066,0.0,,,40.0,White,Male,Metastatic,1,0.20439356515212267,0.022395632547624507,0.029995344820790353,0.2944252913198943,7.0,1.031184481822658,-2.022203356255348,-1.2915596139616272,0.5,-0.7306437422937228,0.11289518219629585,-0.08457039065551442,-0.29801218089271503,0.011155419177510029,0.39232758254742484,-0.6545636677346679,-0.0507819278001168,,1,0,0,,,,,
TCGA-D9-A149-06,TCGA-D9-A149,TCGA-SKCM,54.67337344,0.0,,,65.0,White,Female,Metastatic,0,0.6181153834819105,0.5546339195804187,0.42745725419487046,0.513121625096489,7.0,0.616521095923767,-8.3439408339777,-0.44834987819924954,0.5,-7.895590955778478,0.4060605632474752,0.4889340560170235,-0.1358808703548817,0.4515523170171309,0.023672410972613796,0.02983685754465052,-0.4237079691448357,,0,0,1,,,,,
TCGA-D9-A1JW-06,TCGA-D9-A1JW,TCGA-SKCM,3.649275076,0.0,,,82.0,White,Male,Metastatic,0,0.5488623945109071,0.7438909340475016,0.6617478522894263,0.7398798770820973,9.0,0.8474406408359064,-3.3319363386667047,-1.740283526410757,0.5,-1.5916528122559608,0.7554679669553104,1.0291671510326514,0.5763687911099501,0.8840733298784539,0.5363392129510116,0.15804569822922482,-0.7095577297928919,,1,0,0,,,,,
TCGA-D9-A1JX-06,TCGA-D9-A1JX,TCGA-SKCM,7.101292041,1.0,,,80.0,White,Female,Metastatic,0,0.648769148088634,0.6785660682190068,0.9964122205350878,1.0778327249556199,4.0,0.4695438543681547,-1.3149171488647735,2.5633068594974127,-1.0532906012165228,-3.8782240083621864,0.8691535248146253,0.23304626788522328,1.017439676066774,-0.21754987528376288,0.15446441884891385,0.5749619472779053,-0.3794079704947516,,1,0,0,,,,,
TCGA-D9-A1X3-06,TCGA-D9-A1X3,TCGA-SKCM,18.11486997,0.0,,,63.0,White,Male,Metastatic,0,-1.793815456525561,-1.733840466028843,-2.09778700574915,-2.023155271302306,10.0,-1.0410072840956612,-6.588572952420811,-10.119205818610032,0.5,3.530632866189188,-2.179680591071609,-1.4822261944652293,-1.2134767639309536,-0.8561548878279157,-1.4402262665082979,-0.6303082340358025,-0.3974978692052813,,0,0,0,,,,,
TCGA-D9-A3Z1-06,TCGA-D9-A3Z1,TCGA-SKCM,15.38613276,1.0,,,66.0,White,Male,Metastatic,0,0.7792904216064551,0.8063365236181307,1.209413885279199,0.9461889415794833,8.0,0.4235795797984143,-2.016259086715768,2.2545431243998015,-8.461578485543981,-4.270802211115568,0.8680151810301948,0.1572654247107768,0.5281322478473017,1.0023369499731845,0.23016037731862077,0.2736222515707028,-0.19040138608680637,,0,1,0,,,,,
TCGA-D9-A3Z3-06,TCGA-D9-A3Z3,TCGA-SKCM,22.29016668,0.0,,,39.0,White,Female,Metastatic,0,0.3076132371518051,0.5043414853757296,0.44421715407019297,0.29809282344553345,11.0,0.4604089932676306,3.963364236715942,4.222926285906362,0.48414654058067347,-0.2595620491904218,0.4889217367069638,0.7139371413862938,0.1216956242377184,1.5606390735858937,0.6423555074851588,0.03985822212589781,0.7405027513871526,,1,0,0,,,,,
TCGA-D9-A3Z4-01,TCGA-D9-A3Z4,TCGA-SKCM,17.06282671,1.0,,,54.0,White,Male,Primary,0,0.5553225898259971,0.16356979873834382,0.035590508488478306,0.2134944146116545,6.0,0.2097407871371617,2.499488423645831,4.8196731808639575,0.3414992807517382,-2.320184757218123,0.20005320018121314,0.2800486378018516,0.12379555688448908,0.2700494838832273,0.4611604089456519,0.2152431885634237,-0.11417422537797076,,0,1,0,,,,,
TCGA-D9-A4Z2-01,TCGA-D9-A4Z2,TCGA-SKCM,6.246506888,1.0,,,50.0,White,Male,Primary,0,-0.7267415395863984,-0.8249162009934496,-0.9737585155623205,-0.9598881851709617,7.0,-0.8447927329342453,3.4253202188339773,1.2012938419000232,0.7403514046923894,2.2240263769339554,-0.9271642395223009,-0.6052357676248658,-0.9623935167339392,-1.0363628646561047,-0.06182399120099171,-0.0517934540865845,0.20373543546394224,,1,0,0,,,,,
TCGA-D9-A4Z3-01,TCGA-D9-A4Z3,TCGA-SKCM,16.60255778,0.0,,,73.0,White,Female,Primary,0,-0.7652551822693061,-0.5990708095631289,-0.2302437166977519,-0.3208405042395942,12.0,-1.0230882218295383,-5.0753565062594355,-14.334008985614393,0.5,9.258652479354994,-0.4873907006864786,-0.6811568654181507,-0.5723754871754129,-1.0668722012576601,-0.12678877121061255,0.12779735614790694,-0.4258298604056645,,0,1,0,,,,,
TCGA-D9-A4Z5-01,TCGA-D9-A4Z5,TCGA-SKCM,7.167044745,0.0,,,68.0,White,Male,Primary,0,-0.6873241893530727,-0.6586912521760543,-0.9198771437288898,-1.2169694292558386,6.0,-0.5546980734261363,-9.175251803941318,-3.3920109057100323,0.5,-5.783240898231272,-1.1335702871441122,-0.37999554628750776,0.03326864512247737,-1.202111484421074,-0.13071210425785207,0.4708494678430634,0.16523826878317474,,1,0,0,,,,,
TCGA-D9-A4Z6-06,TCGA-D9-A4Z6,TCGA-SKCM,18.44363349,1.0,,,54.0,White,Male,Metastatic,0,-0.7917866498487683,-0.854755066951901,-0.5308823702647918,-0.42140909264926435,7.0,-0.2223605878303613,2.6711433934385416,-3.463886718102525,0.5,6.135030111541089,-0.673197964339225,-0.8227730370475741,0.9151953222525387,-0.9145660306724531,-0.5599191506215591,-1.042863229284887,0.09925553482393529,,1,0,0,,,,,
TCGA-D9-A6E9-06,TCGA-D9-A6E9,TCGA-SKCM,9.895781964,0.0,,,75.0,White,Female,Metastatic,0,1.3453870182084557,1.7096966016464283,1.9817796902137377,1.8987420276970313,7.0,1.76800231628373,-4.39528461991941,6.366865664943679,-2.2293197791751482,-10.762150284863068,1.7826115169980126,1.0143755863828594,1.2308059620867817,0.8181715329384277,0.8554069557836591,0.7670986056610711,-0.01126341176045309,,1,0,0,,,,,
TCGA-D9-A6EA-06,TCGA-D9-A6EA,TCGA-SKCM,25.18328566,0.0,,,70.0,White,Male,Metastatic,0,-0.5436843063330602,-0.8202079401827357,-0.7568203178650881,-1.0680603400836466,9.0,-0.4293512571281142,-3.614027474436943,-8.516202065894621,0.5,4.902174591457673,-0.9883296998594646,-0.9740789246564661,-0.47324590714302867,-0.26633475927986155,-0.6785418773931071,-0.38425607495998976,-1.5307069855927808,,0,1,0,,,,,
TCGA-D9-A6EC-06,TCGA-D9-A6EC,TCGA-SKCM,77.55531446,0.0,,,56.0,White,Male,Metastatic,0,-0.32810040706044136,-0.7180590735517965,-1.3485757508623868,-1.2260906125995161,6.0,-0.2812928514147254,-4.052314314053829,-5.373889352068101,0.5,1.3215750380142661,-1.1661559732183757,-0.9162868686943354,-0.4522989555769214,-1.2216580416098126,-0.4842634736022996,-0.6953565272950527,-1.3459543579719748,,1,0,1,,,,,
TCGA-D9-A6EG-06,TCGA-D9-A6EG,TCGA-SKCM,22.94769372,1.0,,,56.0,White,Male,Metastatic,0,-1.6031138345509417,-1.6467146585941415,-1.1605374031882048,-1.9768525512657225,8.0,-1.3645775172090264,-5.713239313339261,-13.19263755542578,0.5,7.479398242086506,-1.9428828967475518,-0.9056416360095657,-1.511531034345299,-0.9174504984743287,-0.6650334569260321,-0.4647655270047849,-0.09297289517647456,,1,0,0,,,,,
TCGA-DA-A1HV-06,TCGA-DA-A1HV,TCGA-SKCM,76.5690239,0.0,,,75.0,White,Female,Metastatic,0,1.2960879368709903,1.0366608551154997,0.8601769014405412,1.0330255960258978,8.0,0.5593930540010806,3.63842656587342,12.032928273595571,0.2321705176829947,-8.394501707722169,0.9120808444447811,0.5726243650267013,0.6266398446458609,0.8451091564051355,0.7671044549728585,0.543552590827449,-0.7097911441286536,,0,1,0,,,,,
TCGA-DA-A1HW-06,TCGA-DA-A1HW,TCGA-SKCM,26.95860867,0.0,,,37.0,White,Female,Metastatic,0,1.1027776703179746,0.8955297068441803,1.2379316515216208,1.0589773346424223,6.0,1.0136925720807266,4.344713687520225,6.460845793843261,0.4020813262851978,-2.116132106323027,0.9890035773612572,0.9092568673119442,1.1103769000817052,0.909824676239486,0.6386148186763659,0.43602494764735733,-0.532715466767032,,1,0,0,,,,,
TCGA-DA-A1HY-06,TCGA-DA-A1HY,TCGA-SKCM,144.8860834,0.0,,,42.0,White,Male,Metastatic,0,-0.6716035246157084,-0.8883533404803924,-1.0133756392591045,-1.164702824107716,5.0,0.3311510817000752,-2.977409617153716,-0.37176857181763584,0.5,-2.605641045336078,-1.1894187371958727,-0.9925853037646991,-0.731596221443305,-1.0530831175941273,-0.8849696424755666,-0.467417617772177,0.7676299753773704,,1,0,0,,,,,
TCGA-DA-A1I0-06,TCGA-DA-A1I0,TCGA-SKCM,20.38333827,1.0,,,63.0,White,Male,Metastatic,0,-0.9163767175203105,-0.02924061207765637,-0.3804358634452244,0.006993219076121701,7.0,-1.061246625977092,-7.731782165161864,-13.409329522974788,0.5,5.6775473578129185,0.3920756240806512,0.8158454964101711,0.02916380615528145,0.9228454307349757,-0.22730492832383384,-0.28902743930547126,0.8162914773210654,,1,0,1,,,,,
TCGA-DA-A1I1-06,TCGA-DA-A1I1,TCGA-SKCM,222.5071506,0.0,,,55.0,White,Male,Metastatic,1,0.9816976099464488,0.7048585348340161,0.43909917550121846,0.4217733284470142,6.0,1.0550381463579477,-1.9493083980563544,7.087248658214664,-0.379394913010587,-9.03655705627102,0.41451317197890514,0.7242413988885271,0.1986378072096745,0.44206762774322755,0.7777175231686572,0.5140372648106869,0.14416445879528228,,1,1,0,,,,,
TCGA-DA-A1I2-06,TCGA-DA-A1I2,TCGA-SKCM,176.5460105,1.0,,,45.0,White,Male,Metastatic,0,0.8535963798820875,0.14888553376802088,-0.20382324042970976,-0.006146785989453099,6.0,0.1667334832238176,-3.5745492762029087,3.503799461339709,0.5,-7.078348737542605,-0.020731381522320798,-0.04977960629043631,0.4672927008216809,0.2322966925075055,0.07634680693863571,-0.5467590407164155,0.04643950912104523,,1,0,0,,,,,
TCGA-DA-A1I4-06,TCGA-DA-A1I4,TCGA-SKCM,35.93385278,1.0,,,51.0,White,Male,Metastatic,0,-0.5257405346586738,-0.2862012857659847,-0.2781339504606869,-0.5514675108486325,9.0,0.1530813704336513,10.807757646825042,-0.7024796432492925,1.069516112570156,11.510237290074347,-0.4713955822202935,0.2653040925015027,-0.26193920825505446,-1.0640290792535911,0.23415320630215017,0.9395310568434511,1.3038576058348692,,1,0,0,,,,,
TCGA-DA-A1I5-06,TCGA-DA-A1I5,TCGA-SKCM,135.0231778,0.0,,,27.0,White,Female,Metastatic,0,0.699451755435847,0.7531926330579648,0.6159241987460207,0.7456526834031734,7.0,1.410634638713929,10.668100010193227,8.200914520988697,0.5653766386455262,2.4671854892045446,0.8019754012269976,0.97388239481707,0.17232853867364004,0.8319749553119324,0.4331399481378215,0.675929157649426,0.6251856100543076,,1,0,0,,,,,
TCGA-DA-A1I7-06,TCGA-DA-A1I7,TCGA-SKCM,88.86477956,0.0,,,62.0,White,Male,Metastatic,0,-0.056805276034584684,-0.2480105105653147,-0.32445645653187116,-0.0456602861784082,7.0,-0.745454450783052,-2.5744100051327132,-0.1302097731433894,0.5,-2.4442002319893223,-0.19984492598964881,-0.39102929350194765,-0.08276814210010575,-0.7373492563231497,-0.44924197143826855,0.21042564252263948,0.7059016889604977,,1,0,0,,,,,
TCGA-DA-A1I8-06,TCGA-DA-A1I8,TCGA-SKCM,53.91721735,1.0,,,63.0,White,Female,Metastatic,0,-0.9182937434111601,-1.0010593167657271,-0.9861604574867447,-1.3564555193046626,7.0,-0.7187480309831796,4.604056060799327,5.837624444819556,0.44093056269264225,-1.2335683840202452,-1.3716375573090966,0.05715288967960045,-0.5783853424568114,-1.2159621577466726,-0.5455147792750743,0.6150907783955664,0.024904831056861032,,1,0,0,,,,,
TCGA-DA-A1IA-06,TCGA-DA-A1IA,TCGA-SKCM,65.91708584,1.0,,,32.0,White,Female,Metastatic,0,-1.4998059298511006,-1.1106574428235896,-1.145274498886924,-0.8140564033526484,7.0,-0.0442846207273214,-11.437384365592353,-19.020577132471296,0.5,7.583192766878968,-0.9896795453583539,-0.7308762206273581,-0.21805213239761814,-0.9456395243413978,-0.7192172154912029,-0.7079119858443901,-1.3023626051196526,,0,0,0,,,,,
TCGA-DA-A1IB-06,TCGA-DA-A1IB,TCGA-SKCM,27.12299043,0.0,,,69.0,White,Female,Metastatic,0,1.27628124875654,1.418110583049788,1.3459360412616033,1.373943115429356,10.0,1.1365850776581954,6.446403094112521,21.63781638283933,0.22953826790176432,-15.1914132887268,1.5312232245049673,1.9296872838430705,1.1447963182082852,2.2254241298410595,1.4268556267836314,0.8183516286273911,0.6278491104465557,,1,0,0,,,,,
TCGA-DA-A1IC-06,TCGA-DA-A1IC,TCGA-SKCM,68.08692508,1.0,,,81.0,White,Male,Metastatic,0,-0.23359976191988943,-0.25792591557180666,-0.288119183356496,-0.1519657451941684,8.0,0.4233900490874265,-2.5658271082738997,-6.326327529917976,0.5,3.7605004216440783,-0.14120187699758097,-0.2425229344749719,-0.6310595545342529,-0.6755481710887951,0.16245863902717045,0.2874468072740767,-0.17216938293148754,,0,0,1,,,,,
TCGA-DA-A3F2-06,TCGA-DA-A3F2,TCGA-SKCM,33.92839531,1.0,,,55.0,White,Male,Metastatic,1,0.5086759428623994,1.6182742816319489,2.3132697586555273,1.9347626885414795,8.0,-0.0938644709143395,-6.366936197638961,2.319285734707857,0.5,-8.686221932346834,1.967985514054293,1.7669711431688864,0.9670941605073203,1.4447852433982036,1.078211432316906,1.2228527252949797,2.5191064277442643,,0,0,0,,,,,
TCGA-DA-A3F3-06,TCGA-DA-A3F3,TCGA-SKCM,10.4875563,1.0,,,52.0,White,Male,Metastatic,0,-0.11706978241902415,-0.330984177459024,-0.7530089965458162,-0.28053120270280013,6.0,0.54168186430788,-3.92201180808718,-5.678252778313855,0.5,1.756240970226667,-0.4354258046703068,-0.509028232177465,-0.3085909072020299,-0.368379655428414,-0.1475537784641737,-0.5810001610816662,-1.099691610173175,,0,1,0,,,,,
TCGA-DA-A3F5-06,TCGA-DA-A3F5,TCGA-SKCM,225.9591676,1.0,,,45.0,White,Male,Metastatic,1,-1.072214650513972,-0.8373829645787881,-0.38707905685896243,-0.5675375502068274,3.0,-0.4358764137830248,0.8691523597244234,-2.575769426253779,0.5,3.444921785978208,-0.6684250120729514,-0.4917070280086369,-0.4150040268362402,-1.3581840631879707,-0.572625729841468,0.24451479905932,0.18910271788716507,,1,0,0,,,,,
TCGA-DA-A3F8-06,TCGA-DA-A3F8,TCGA-SKCM,43.36390834,0.0,,,39.0,White,Male,Metastatic,0,1.6283154499226455,1.6502000453122276,1.9787077729644502,1.802239454604442,8.0,2.099155642292021,-6.877678390283853,12.802597510787853,-1.1608054473659728,-19.680275901071692,1.6867777912742918,1.03051960327689,0.6759539207299463,0.9846889221399885,0.6997755345785431,0.801195249456149,-0.14171408907348765,,1,0,0,,,,,
TCGA-DA-A95V-06,TCGA-DA-A95V,TCGA-SKCM,72.09784002,0.0,,,83.0,White,Female,Metastatic,0,0.4103079794244568,0.6910743130275738,0.5458199226360685,0.7536661663350047,8.0,1.4305999331234494,-5.838143229379681,-0.9954789124697846,0.5,-4.842664316909893,0.7440347280897979,0.06019782393858539,0.6729024126192981,1.0268740511410963,0.4426129840267038,-0.2347484981341113,-0.40898380392428557,,0,0,1,,,,,
TCGA-DA-A95W-06,TCGA-DA-A95W,TCGA-SKCM,37.34753592,0.0,,,52.0,White,Male,Metastatic,0,0.0940464242102677,0.08780157735606184,0.2559530458211416,0.2987336725451256,5.0,0.2023800020487644,-1.710137399713671,-5.442126039670436,0.5,3.7319886399567674,0.21843423611095533,-0.8738399855406609,0.1741080441845668,-0.22480389588981675,-0.13176656999971317,-0.08508100256481035,-1.3471755851445872,,1,0,0,,,,,
TCGA-DA-A95X-06,TCGA-DA-A95X,TCGA-SKCM,73.93891574,0.0,,,62.0,White,Male,Metastatic,0,0.2929323782144569,0.043334470516235436,-0.22879158913047198,-0.011878440188410354,6.0,0.8763242087473918,-0.014313907300661987,2.064555701166205,-0.006981570341356874,-2.07886960846687,-0.09915180998736264,0.33732173938208526,0.17009996548067774,-0.9186780116951813,0.27512429316562736,0.5596257696123886,0.0670244345956356,,0,1,1,,,,,
TCGA-DA-A95Y-06,TCGA-DA-A95Y,TCGA-SKCM,14.13683138,1.0,,,68.0,White,Male,Metastatic,0,-1.0887089653543753,-0.9677945628315634,-0.9748133471638529,-1.0528288814982012,11.0,-0.7912785763420819,-4.24660143973021,-12.359296269650084,0.5,8.11269482991984,-0.814902739783768,-0.708193796798691,-0.9652275416565863,-0.33951859081678765,-0.7301318936743824,-0.8613017719666456,-0.9919895961748781,,1,0,0,,,,,
TCGA-DA-A95Z-06,TCGA-DA-A95Z,TCGA-SKCM,13.01903541,0.0,,,87.0,White,Male,Metastatic,0,-0.27339928982066214,-0.3984329739820286,-0.21498674198353024,-0.5416505897783346,6.0,-0.3096481003776996,-7.756767751613881,-13.582231509289633,0.5,5.8254637576757595,-0.548487751735875,-1.1708002038206613,-0.5877509456865643,-1.12541391491475,-0.7942700292555982,-0.01936414447274055,-0.4235684293961016,,1,1,1,,,,,
TCGA-EB-A1NK-01,TCGA-EB-A1NK,TCGA-SKCM,34.15852977,0.0,,,48.0,White,Male,Primary,0,-0.5600599850275282,-0.3735074748049198,-0.30005296690223227,-0.5502948503675293,7.0,-0.6134841648888743,1.5822255021257732,-5.352831993380463,0.5,6.935057495506246,-0.4456343080305535,-0.36144960362241935,-0.6204198566630378,-0.6780143297137552,-0.2312834343685941,0.0710394445582061,0.7275375456073458,,0,1,0,,,,,
TCGA-EB-A24C-01,TCGA-EB-A24C,TCGA-SKCM,20.77785449,0.0,,,56.0,White,Male,Primary,1,-0.9753424810803232,-1.1600508638684408,-1.7246691175040536,-1.7052251434456909,8.0,-0.8023049442817675,-4.567787438696147,-3.4083086976000714,0.5,-1.159478741096085,-1.5748414671230226,-1.160819352951716,-0.735036591787723,-0.9991323276805965,-0.7036018791984725,0.1279601044489384,0.5165147248125874,,1,0,0,,,,,
TCGA-EB-A24D-01,TCGA-EB-A24D,TCGA-SKCM,21.20524707,0.0,,,72.0,White,Male,Primary,1,-0.08098204432498629,-0.10250505153516677,-0.1359716559303537,-0.5786822633394584,9.0,-0.5582868300093969,-4.043098919957154,-4.531876449225114,0.5,0.4887775292679573,-0.33630519284137733,-0.0888269165366193,0.09098130583355574,0.48103812641086785,-0.3903689231475963,-0.4513562742437733,0.04012212145315272,,1,0,0,,,,,
TCGA-EB-A299-01,TCGA-EB-A299,TCGA-SKCM,12.42726107,0.0,,,63.0,White,Male,Primary,0,0.035209864914170746,0.061821847931628225,0.19157089964245275,0.16294351990265105,6.0,-0.598435207123401,8.959143203278938,17.117221147251474,0.3435733249791282,-8.158077943972504,0.19683119417438247,-0.25168696377978855,-0.32154385870922647,-0.6995691082162456,0.6121186070738878,0.6783712698489095,0.10489680422609843,,1,0,0,,,,,
TCGA-EB-A3HV-01,TCGA-EB-A3HV,TCGA-SKCM,1.28217773,0.0,,,37.0,White,Male,Primary,0,-0.850111164515719,-0.3408067381883968,-0.4390875543723466,-0.7012654820347891,7.0,-0.7195442095150812,4.610191993257817,0.5002579153546304,0.9021107878365924,4.1099340779031905,-0.4873954576188838,-0.022427109967108838,0.09722774130769452,-1.2315137929984135,-0.5364637347259972,0.8773691492816363,0.8973359359052488,,1,0,0,,,,,
TCGA-EB-A3XB-01,TCGA-EB-A3XB,TCGA-SKCM,26.16957622,0.0,,,63.0,White,Male,Primary,0,-0.09315590411195142,-0.004511819551575936,-0.12401996145886984,-0.10278299148179965,6.0,0.8151033248683763,0.21244625122509345,-3.2129561266545426,0.5,3.4254023778796387,-0.10720598084823173,-0.41479642971444264,0.14576051114514227,-0.36666364568795623,-0.420113173249878,-0.15437104597110757,-0.44011513881155234,,1,0,0,,,,,
TCGA-EB-A3XC-01,TCGA-EB-A3XC,TCGA-SKCM,21.36962883,0.0,,,74.0,White,Male,Primary,0,-0.03642042475186495,-0.2898372111537918,-0.30827641008671713,-0.4085546920053287,9.0,-1.1765672968130907,7.1070298577377455,-0.5946818814671773,1.0913160481648179,7.70171173920492,-0.3619666076550571,-0.48193406782797915,-0.7730397281519252,-0.12906354780919724,0.37000388444810056,0.34782755954135486,0.25603042078458416,,1,0,0,,,,,
TCGA-EB-A3XD-01,TCGA-EB-A3XD,TCGA-SKCM,38.13656837,0.0,,,53.0,White,Female,Primary,0,0.1718206824383459,0.5532666381644906,0.4492718445380506,0.5508776738978914,11.0,0.2769819508099917,7.399680192013196,10.807588172520095,0.40641352913912915,-3.4079079805068813,0.7105487985176945,1.1958698188085968,0.1983736923653251,0.21065261425685947,0.5892522496771317,1.2672429849622142,1.0871642129026642,,1,0,0,,,,,
TCGA-EB-A3XE-01,TCGA-EB-A3XE,TCGA-SKCM,5.917743367,0.0,,,77.0,White,Female,Primary,0,0.1450292641969842,0.2865924536358296,0.09812171079126214,0.3036048112985429,7.0,-1.59203738807541,1.537568798166543,4.688188980257397,0.24696893982852328,-3.150620182090871,0.4293703755168119,0.1649703991271957,-0.3175199168364236,-0.3719587853123918,0.26706441584606605,0.4436007429141525,0.5950555570677011,,1,0,0,,,,,
TCGA-EB-A3XF-01,TCGA-EB-A3XF,TCGA-SKCM,9.139625867,0.0,,,57.0,White,Male,Primary,0,0.8823015587526707,0.15636391000751207,-0.1961563827159301,-0.5355909284448704,8.0,0.8987452316742852,-4.177182842689857,2.7768518885142575,0.5,-6.954034731204119,-0.5004887252762437,-0.2090617544647938,-0.9133519893924742,-1.269015229769586,0.4977643504690093,0.08954623424551905,-0.2220684735806389,,1,0,0,,,,,
TCGA-EB-A3Y6-01,TCGA-EB-A3Y6,TCGA-SKCM,4.142420357,0.0,,,56.0,White,Female,Primary,0,0.15718820771567324,-0.1034573524598988,-0.078752931820959,-0.04151546615796925,8.0,-0.0008022818638471,3.65955029030411,-0.8795622828955095,1.3163906752660435,4.5391125731996445,-0.12808070313522196,-0.5311606596319011,-0.798062167336949,-1.1100554396544122,-0.03152611066922808,0.008808170075762822,0.7250392588233574,,1,0,0,,,,,
TCGA-EB-A3Y7-01,TCGA-EB-A3Y7,TCGA-SKCM,10.71769077,1.0,,,86.0,White,Female,Primary,0,-1.5253548815691744,-0.9052178685675201,-1.4042952389291812,-1.3153641730217887,9.0,-0.126717407224845,-7.233585705968761,-15.490343683130236,0.5,8.256757977161424,-1.139262362770961,-0.8863384807443255,-0.8705417689904261,-0.44495179460048995,-0.0166984031690224,-1.5238492234001084,-0.20411346844440284,,0,0,1,,,,,
TCGA-EB-A41A-01,TCGA-EB-A41A,TCGA-SKCM,8.613604235,0.0,,,90.0,White,Male,Primary,0,-0.4465979579618932,-0.5671813684687945,-0.8152745290094638,-0.657431410392247,8.0,-1.0970913948184755,-5.918620752078877,-6.274011213532906,0.5,0.3553904614540287,-0.6114018017171476,-0.8515634950441183,-0.6392494650755326,-0.2976708897425645,-0.3697387026259694,-0.4234296152653217,-0.54730013262187,,0,0,1,,,,,
TCGA-EB-A41B-01,TCGA-EB-A41B,TCGA-SKCM,9.567018444,0.0,,,76.0,White,Female,Primary,0,-0.2696457511536945,-0.31717159516631754,-0.09091005149530905,0.13423297232464865,9.0,-0.0479757684941192,2.3234875496143945,-3.0351991893374035,0.5,5.358686738951791,0.053163406427256,-0.8693789750125297,-0.7681819734262638,-0.8606274768538142,0.33120992604312627,-1.047917492356044,-1.4741918875139448,,0,0,0,,,,,
TCGA-EB-A42Y-01,TCGA-EB-A42Y,TCGA-SKCM,23.70384982,1.0,,,73.0,Asian,Female,Primary,0,-0.42296186501393773,-0.3719359715033631,-0.5294714248221957,-0.5641527281858765,7.0,-0.3342062286812077,2.761842548380439,-4.863820890249585,0.5,7.625663438630009,-0.6410480217495502,-0.5857659693076114,-1.0291951319555048,-1.1610104000098447,-0.4400454181618484,0.11190927504523089,0.4743765469908218,,0,0,0,,,,,
TCGA-EB-A42Z-01,TCGA-EB-A42Z,TCGA-SKCM,14.49847125,0.0,,,49.0,Asian,Male,Primary,0,-0.09884377407794886,-0.18171990684107195,-0.4101512410890269,-0.2874011678481847,6.0,-0.2519835726288104,-1.8303416469398108,-5.576574772239313,0.5,3.7462331252994887,-0.3030377463733889,-0.657895460256363,0.094285756723265,-1.1671797184324098,-0.1953740209432999,-0.19745437985921455,0.561452092359686,,1,0,0,,,,,
TCGA-EB-A430-01,TCGA-EB-A430,TCGA-SKCM,0.0,0.0,,,83.0,White,Male,Primary,0,0.2568119903660047,0.0477432450904055,0.27149122158051414,0.3420001874873288,5.0,-0.0508907520115995,-1.4455085832514898,-2.8497724094855093,0.5,1.4042638262340164,0.23638300154721192,-0.8148519413190239,-0.7820199560709598,-0.1642121427858506,1.0515863139573385,-1.0000237442551156,-1.251303623927552,,1,0,0,,,,,
TCGA-EB-A431-01,TCGA-EB-A431,TCGA-SKCM,18.67376796,0.0,,,34.0,White,Male,Primary,0,-0.44773575480406597,-0.6933916406942432,-0.8534094336298003,-0.8059105339923968,6.0,0.1385092945147367,0.8741116020699604,-2.305013795878559,0.5,3.179125397948515,-0.7857465876742116,-0.6102954817516737,-0.744939042573896,-0.8565832698100754,-0.3033816074789869,-0.9249365530757986,-1.0483957368773507,,1,0,0,,,,,
TCGA-EB-A44N-01,TCGA-EB-A44N,TCGA-SKCM,6.739652168,1.0,,,59.0,White,Male,Primary,0,0.09598487833712155,0.12198012218848582,0.0341670868164169,0.0538841210429891,7.0,-0.085424602470883,10.223690093153824,12.352091011951197,0.452860968378275,-2.128400918797385,0.24087072796729203,0.4043209995971015,-0.1396553663176244,1.0515820195772183,0.2139197530806662,0.6351385691850329,0.527982769616867,,1,0,0,,,,,
TCGA-EB-A44O-01,TCGA-EB-A44O,TCGA-SKCM,2.662984515,0.0,,,69.0,White,Male,Primary,0,-0.5627444583553992,-0.7543212071003191,-0.7086963460444562,-0.8274200008572501,5.0,0.445187876164422,-2.4425390915870437,-9.579893100229661,0.5,7.137354008642622,-0.9035766875197195,-0.9083750807870824,-0.5091463955167309,-1.050945305605755,-0.3146922498964223,-0.12068105856960076,-0.24367685869037206,,0,1,0,,,,,
TCGA-EB-A44P-01,TCGA-EB-A44P,TCGA-SKCM,24.36137686,0.0,,,58.0,White,Female,Primary,0,0.0047453757625078126,-0.11456560903828507,-0.14221953039045684,-0.15888500884695259,4.0,1.023112852269213,-3.7235941184658006,1.7332966342785892,0.5,-5.456890752744393,-0.2088300213429619,-0.617164349175825,0.17558666243996046,-0.8573224082088348,-0.4347005354972911,-0.45587251066750156,-0.6156362514494884,,1,0,0,,,,,
TCGA-EB-A44Q-06,TCGA-EB-A44Q,TCGA-SKCM,13.87382056,0.0,,,51.0,Asian,Female,Metastatic,0,1.2016601783643501,1.0001664513387791,0.9235604932101888,0.977660183091528,8.0,0.8111090248171566,0.1210619986765755,6.82909007545987,0.017418611475723343,-6.708028076783292,0.9260304161223654,0.9168253754904866,0.030685671818935407,0.8960136034646137,1.2959645363200292,0.1067619446470602,-0.6020778601583826,,0,1,0,,,,,
TCGA-EB-A44R-06,TCGA-EB-A44R,TCGA-SKCM,10.35605089,1.0,,,52.0,Asian,Male,Metastatic,0,0.24944399105943385,0.3570061946579533,0.7693670478721313,0.9876664732272333,9.0,-0.6666222202628906,8.352903109062197,5.649703785494868,0.5965248594037902,2.7031993235673255,0.7701530884660924,-0.2905225048937436,0.15495023901591917,0.18279037238244666,0.2986083015684488,-0.2173510868661957,0.07473857035365411,,0,1,0,,,,,
TCGA-EB-A4IQ-01,TCGA-EB-A4IQ,TCGA-SKCM,20.9093599,1.0,,,42.0,Asian,Female,Primary,0,-1.3045307450888972,-0.9774024106433388,-1.0767459512265547,-1.1333485978396898,6.0,-0.3907275750554158,2.3699191931396166,-1.5273375258802808,2.8126878203370476,3.897256719019888,-1.0320261147964938,-0.9155597366190275,-0.4880092500843154,-1.0931718757866138,-0.0456768385930086,-0.3419534589048747,-0.04770838684315744,,0,0,0,,,,,
TCGA-EB-A4IS-01,TCGA-EB-A4IS,TCGA-SKCM,25.44629648,0.0,,,77.0,White,Male,Primary,0,1.0659991636870705,0.9564265184033965,0.8275371679103324,1.0328302626626933,8.0,0.8176803402160459,6.67963888583089,15.183344851059504,0.30552274868869045,-8.503705965228617,0.9655736625337983,0.8826504706783562,0.2646261540538937,1.6593480772190228,1.2941905426292133,0.14601029303634752,0.5652772544677037,,1,0,1,,,,,
TCGA-EB-A4OY-01,TCGA-EB-A4OY,TCGA-SKCM,32.12019594,0.0,,,65.0,White,Female,Primary,0,-0.8354820625997922,-0.0444884151468805,0.2975013589598818,0.2729910324726825,8.0,-1.590315691830145,-0.7996007428204299,-9.286439112696032,0.5,8.48683836987562,0.33821594370321717,-0.5133016118326837,-0.9920469425262578,-0.025426270756222686,0.11243450113939743,-1.1600500930274755,-0.6524744720983469,,0,0,0,,,,,
TCGA-EB-A4OZ-01,TCGA-EB-A4OZ,TCGA-SKCM,20.38333827,0.0,,,41.0,White,Female,Primary,0,0.7402415234496349,1.0310481550623571,1.2416840998898782,1.0963697897102327,5.0,-0.337318013936337,-1.3621030489397192,8.324155778060637,-0.19564675849729002,-9.686258827000346,1.1963030298979216,0.5551955614189973,-0.14731659404288036,-0.09200807265756766,0.5942060636526918,0.5021386176719569,-0.1003608767820389,,0,0,0,,,,,
TCGA-EB-A4P0-01,TCGA-EB-A4P0,TCGA-SKCM,10.71769077,1.0,,,82.0,White,Male,Primary,0,-0.2018116898948914,-0.060771329723277534,-0.20200738957080028,-0.0289084130149069,8.0,-0.7032245079398605,-5.01018978536247,-5.320027640064632,0.5,0.3098378547021492,-0.10254204192850858,-1.1661408653050647,-0.7522793271285648,-0.9316828024218106,-0.11797628127936999,-0.22391721370986942,0.3203105496588424,,1,0,0,,,,,
TCGA-EB-A4XL-01,TCGA-EB-A4XL,TCGA-SKCM,25.54492554,0.0,,,56.0,White,Female,Primary,0,0.5426972161059125,0.1939281969183826,0.10330174171291136,0.25987051160085184,6.0,-0.1164133533136021,6.529538741737905,10.518631740385075,0.38300524672632164,-3.9890929986471764,0.25342583192590307,0.12502634141008828,-0.1873211587885275,0.10824926634267397,0.5276081277987993,0.5974581113545219,0.1846815001503891,,0,1,0,,,,,
TCGA-EB-A551-01,TCGA-EB-A551,TCGA-SKCM,19.3970477,0.0,,,78.0,White,Female,Primary,0,1.300267114720443,1.1415041076981989,1.3062280249315772,1.1916383257483334,7.0,1.7204475953493783,-1.4549033168700907,11.641992243967339,-0.14281835834377632,-13.09689556083747,1.0736429132163687,0.548677697129811,0.43808341862132966,0.5762096991025332,0.3527016535998809,0.30040961604688454,0.24735409451249032,,0,1,0,,,,,
TCGA-EB-A553-01,TCGA-EB-A553,TCGA-SKCM,7.430055561,0.0,,,62.0,White,Male,Primary,0,-0.3648018074930695,-0.02303377315426033,0.05879697452438348,-0.0164491910583285,7.0,-0.9736091365276276,0.7825972469643043,-2.4002062904179167,0.5,3.182803537382224,0.15608016356337878,-0.014466646041435402,-0.21726942593837498,0.12017816441083777,0.4254413270188867,-0.4935495073464313,0.5316975057459902,,1,0,0,,,,,
TCGA-EB-A57M-01,TCGA-EB-A57M,TCGA-SKCM,15.51763816,1.0,,,56.0,Asian,Male,Primary,1,-0.6115686594430568,-0.11087026200019758,-0.07569394037766435,-0.5547381260909046,8.0,-1.123228919993956,4.804659369277288,5.280253241963103,0.47642052583798644,-0.4755938726858137,-0.22626268620089285,0.3929527651654509,-0.06814712647641123,-0.07153280754778457,-0.11235447918686796,0.272079470342943,1.576326655665385,,0,0,0,,,,,
TCGA-EB-A5FP-01,TCGA-EB-A5FP,TCGA-SKCM,14.92586383,1.0,,,65.0,White,Female,Primary,0,-1.2525598430458111,-1.397524459642531,-1.2778674290407026,-1.6017669796557306,7.0,-0.341519123960453,-6.584804598259535,-10.504666194412987,0.5,3.9198615961534715,-1.5491307452200351,-1.672565790550763,-0.594509208081366,-1.3297480455882373,-0.9899478160010405,-0.7533623673070601,-0.584398639488095,,1,0,0,,,,,
TCGA-EB-A5KH-06,TCGA-EB-A5KH,TCGA-SKCM,20.35046191,1.0,,,55.0,Asian,Male,Metastatic,1,-1.3931415270868888,-1.0003768479925417,-1.171755546418756,-1.262151168437431,5.0,-1.977994019698457,-9.228509566088372,-20.834900212979996,0.5,11.606390646891624,-0.8573191174730954,-0.20564364055242468,-0.6841081558273755,0.39260577532685725,-0.3860531369505379,-0.7767958898025099,0.47641406480510184,,0,0,0,,,,,
TCGA-EB-A5SE-01,TCGA-EB-A5SE,TCGA-SKCM,13.18341717,1.0,,,73.0,White,Male,Primary,0,-0.6437399862955938,-0.6535927853998877,-0.41475321284950684,-0.5399912957727564,9.0,0.0874065939241475,-3.0333916867445243,-7.750356068637226,0.5,4.716964381892709,-0.6295215124142213,-1.3445687772131747,-0.5654361174498921,-0.7214887288933461,-0.8483378846615484,-0.6484354894387417,-0.11323325255720007,,1,0,0,,,,,
TCGA-EB-A5SF-01,TCGA-EB-A5SF,TCGA-SKCM,12.1313739,1.0,,,78.0,White,Female,Primary,0,-1.7278907343157552,-1.176433969056959,-1.7275434133481227,-1.4040868901759502,6.0,-1.216638554839391,-7.693639818059529,-11.364908222656165,0.5,3.67126840459663,-1.3126784564863752,-1.161467437677712,-0.870774844487397,-1.285750854649205,-0.5762959650078343,0.2681295867244221,0.9966877236667917,,0,0,0,,,,,
TCGA-EB-A5SG-06,TCGA-EB-A5SG,TCGA-SKCM,68.25130684,0.0,,,57.0,White,Female,Metastatic,0,1.901567297441371,1.7366160174939063,1.9904073676454779,1.8559226063802907,8.0,1.353850366831465,-0.017901547980913736,11.556164109938683,-0.0015514942466239275,-11.574065657919567,1.6910291460082556,0.8736381320881431,1.166388241669574,1.4016661280631952,1.153612238380847,0.9712721983570651,0.4046842616690374,,0,1,0,,,,,
TCGA-EB-A5SH-06,TCGA-EB-A5SH,TCGA-SKCM,54.0158464,0.0,,,60.0,White,Female,Metastatic,1,-0.8306721917453793,-0.33857443692590977,-0.45433723892961086,-0.1209088681159056,8.0,-1.242018331853645,-7.339151583517909,-16.70572193060232,0.5,9.366570347084416,0.19405916621826572,0.14083142009975871,0.6984097021185981,0.9176573338650279,-0.5690945560429554,-0.9542646289743208,-0.8267717673906093,,0,0,0,,,,,
TCGA-EB-A5UL-06,TCGA-EB-A5UL,TCGA-SKCM,29.29282967,0.0,,,71.0,White,Male,Metastatic,0,0.7302714724924676,0.5184137649421711,0.7438385855792862,0.7591366808936864,9.0,0.0278449863837187,5.9476955541849055,5.897937656812706,0.5021002632989684,0.04975789737219934,0.691778528821748,0.19086784985222868,0.2723903979677143,1.2342938753464143,0.4640199590855226,-0.5969556050851945,-0.7128769066698559,,0,1,0,,,,,
TCGA-EB-A5UM-01,TCGA-EB-A5UM,TCGA-SKCM,25.61067824,0.0,,,48.0,White,Female,Primary,0,0.3964582889914208,0.5099400404873753,0.5655134786622528,0.7236375406800197,9.0,-0.361326554686957,3.9974199764978278,5.478181071944729,0.42186452933820573,-1.4807610954468966,0.826897543976349,0.501841698006011,0.16669310328171053,0.9832120510198057,0.5690955335497875,-0.047868785244089974,-0.1773090225477567,,0,0,0,,,,,
TCGA-EB-A5UN-06,TCGA-EB-A5UN,TCGA-SKCM,58.91442286,0.0,,,49.0,White,Male,Metastatic,0,-0.30991589544774817,-0.41444976681257467,-0.16186100380054785,-0.33621946795569124,6.0,1.0277347229190192,-4.92578544028713,-0.7971024332046555,0.5,-4.128683007082461,-0.36780976584484,-0.8528759642880884,-0.9373036970872741,-0.9224089754798904,-0.7001894373166502,-0.9366120734106559,-1.0047479109128017,,1,0,0,,,,,
TCGA-EB-A5VU-01,TCGA-EB-A5VU,TCGA-SKCM,10.55330901,1.0,,,56.0,Asian,Male,Primary,0,-0.5902229620370952,-0.9273056960247992,-0.9661899985901932,-0.8964545871430211,8.0,-0.9962032253810956,8.262943506006781,-0.32370099378017453,1.040772276861636,8.58664449978695,-1.010383643598762,-0.5267667863713288,0.22801977442586807,-0.496045188381316,0.18408749943350022,0.6653347180779642,-0.26627356012828324,,0,1,0,,,,,
TCGA-EB-A5VV-06,TCGA-EB-A5VV,TCGA-SKCM,7.035539337,0.0,,,74.0,White,Female,Metastatic,0,0.9851556301382715,1.3462555890233947,1.4569880615923316,1.2843295400681938,11.0,0.7941686182381622,-1.6991114493458603,21.63136596965477,-0.08524431832910026,-23.330477419000587,1.7894204403754985,2.1632218842358637,1.0184385650676886,2.549761156976462,2.488152762225962,0.24514619497387238,-0.16013770394533494,,0,0,0,,,,,
TCGA-EB-A6L9-06,TCGA-EB-A6L9,TCGA-SKCM,36.45987441,0.0,,,55.0,Asian,Male,Metastatic,0,0.3835226374707434,0.9262787005722114,0.8119320550389773,1.0181175080821885,9.0,0.4073870526403097,4.682171922505433,10.06758128486154,0.31744069590038,-5.385409362356079,1.3185723738405397,1.525615651782675,0.7311130264024671,1.9062647091754608,1.2740724049386718,-0.22948605278848055,0.3138746555837619,,0,0,0,,,,,
TCGA-EB-A6QY-01,TCGA-EB-A6QY,TCGA-SKCM,12.55876648,0.0,,,71.0,White,Male,Primary,1,-0.5104680265300271,-0.668069701802572,-0.7351455461010887,-0.721259695173565,7.0,-0.4317233096044741,4.00402406907526,-0.9545235965770646,1.31300982084948,4.958547665652315,-0.5875470881675732,-0.7224018601814128,-0.9449094809458796,-0.6765395499324748,-0.8104671195777872,0.02783429409339284,-0.3268354818839312,,1,0,0,,,,,
TCGA-EB-A6QZ-01,TCGA-EB-A6QZ,TCGA-SKCM,11.57247592,1.0,,,76.0,White,Female,Primary,0,-1.0808535275093798,-1.046790240217841,-1.1708965511394693,-1.3655017359156743,7.0,-1.0585742622910117,2.117864727745933,-4.650337722229696,0.5,6.768202449975622,-1.3284344748102164,-1.0871629878890217,-0.9830604276523474,-1.2387238637094897,-0.31212941825053625,-0.5214076276105295,-0.30860114167769914,,1,0,0,,,,,
TCGA-EB-A6R0-01,TCGA-EB-A6R0,TCGA-SKCM,19.98882204,1.0,,,58.0,White,Female,Primary,0,1.375200605645107,0.9783088861370468,0.8768565356780644,0.8608995194715241,6.0,1.8732673575119647,-5.477116572337645,7.589411163606331,-2.5929700312530652,-13.066527735943984,0.6824234417756855,-0.281891712278008,0.4619015034964673,-0.3235468830590065,0.4793691991281118,-0.20387685668317398,-0.958429221137932,,1,0,0,,,,,
TCGA-EE-A17X-06,TCGA-EE-A17X,TCGA-SKCM,29.8188513,1.0,,,54.0,White,Male,Metastatic,0,-1.0672418386351057,-0.7010745206846108,-0.616749071490509,-0.632546139457502,8.0,-0.4799888516711903,-4.413374328721372,-15.737618511890519,0.5,11.324244183169137,-0.6896100313682105,-0.5915398449738835,-1.2442321838330328,-0.6085829527457488,-0.542278893788985,-0.4048923637175674,-0.033461559383383334,,0,1,1,,,,,
TCGA-EE-A17Y-06,TCGA-EE-A17Y,TCGA-SKCM,27.22161949,1.0,,,69.0,Asian,Male,Metastatic,0,-1.03135652268079,-1.3016376824722242,-0.9330252411737203,-1.1976719075296518,3.0,-1.4634841017826408,1.0529701960389029,-4.529391262371428,0.5,5.582361458410321,-1.438751108519283,-1.4727337563234808,-0.5821088015978763,-1.1132462192892139,-0.4968698787698377,-0.28748280464866593,0.4569253098346096,,1,0,0,,,,,
TCGA-EE-A17Z-06,TCGA-EE-A17Z,TCGA-SKCM,8.646480587,1.0,,,57.0,White,Male,Metastatic,0,-1.6369029984739978,-1.5202154853420933,-1.7194900812476872,-1.5371377844672838,5.0,-1.8896534843627104,2.9854926588184374,-15.202221395319315,0.5,18.187714054137825,-1.5942973896646782,0.251554252600556,-0.30564293640363616,-0.6373991171330379,-1.2044135569464978,-1.2021096046148663,-0.2764608899221015,,0,1,0,,,,,
TCGA-EE-A180-06,TCGA-EE-A180,TCGA-SKCM,94.97978104,1.0,,,69.0,White,Male,Metastatic,0,-0.2679129013022638,-0.4559277685250447,-0.673539553608046,-0.5129622140315822,7.0,0.2596708198132006,-9.649318380224868,-12.15724915793332,0.5,2.5079307777084794,-0.6078286374167562,-0.6704163434035334,-0.5774435172989164,-0.8557613872301723,-0.6437344378842338,-0.5400908484639622,-0.37335840457276553,,0,0,1,,,,,
TCGA-EE-A181-06,TCGA-EE-A181,TCGA-SKCM,33.73113719,1.0,,,82.0,White,Female,Metastatic,0,1.1148540357127728,0.8702650661698541,0.7612919191448824,0.9413738293934159,10.0,0.9051707911422846,-1.6103082058690767,5.844487501134945,-0.3803117661241986,-7.454795707004019,0.8354380424778929,0.4871524076354847,0.47669229007253916,1.1567834279945683,0.7967174031163441,0.30259021218265375,-1.0789647613532467,,1,0,1,,,,,
TCGA-EE-A182-06,TCGA-EE-A182,TCGA-SKCM,14.69572936,1.0,,,84.0,White,Female,Metastatic,0,-1.0203551953407601,-0.17090602001946756,0.3820528102050746,-0.06998427439674194,6.0,-0.9670568321905438,-2.631177737673781,-12.766803361692393,0.5,10.1356256240186,0.001989581384241962,0.2712194847864336,-0.40310085593258305,-0.6424955436736598,0.25439501131315356,0.29322007210680556,1.195126697056256,,0,0,1,,,,,
TCGA-EE-A183-06,TCGA-EE-A183,TCGA-SKCM,,,,,48.0,White,Male,Metastatic,0,-0.3124927968779087,0.4052343482133211,0.3613956862628675,0.467842966178072,7.0,0.0241622648760555,5.741429017533079,0.08285951791306795,0.985773452429633,5.658569499620008,0.8160409717953823,1.2352232333890252,0.28290368315975134,1.6013957170704625,0.6559109616441416,-0.2178995310911275,0.42646230130209906,,1,0,0,,,,,
TCGA-EE-A184-06,TCGA-EE-A184,TCGA-SKCM,68.15267778,1.0,,,72.0,White,Male,Metastatic,0,0.06584082056607703,0.2694230340537302,0.5758496579114071,0.488147087862254,6.0,0.4088981712787591,-3.661163462167515,-5.397399403993961,0.5,1.7362359418264501,0.3714001732184326,-0.06449715997114562,-0.23563295657677386,0.2643754996879103,-0.0543321626246561,-0.23733232168708165,-0.6378770678361886,,0,1,0,,,,,
TCGA-EE-A185-06,TCGA-EE-A185,TCGA-SKCM,4.964329158,1.0,,,55.0,White,Female,Metastatic,0,-1.9357043738632964,-1.9287701506853143,-1.969256375040405,-2.030721980107276,5.0,-1.454448753591634,-8.165741242143955,-18.40547240697089,0.5,10.239731164826946,-2.1851939150693207,-1.6901765759640164,-1.5492185655216997,-1.110619497690737,-1.7230264192203777,-1.3940979983592066,-0.775670598962835,,0,1,0,,,,,
TCGA-EE-A20B-06,TCGA-EE-A20B,TCGA-SKCM,133.8067528,0.0,,,66.0,White,Female,Metastatic,0,0.2781609091427806,0.23379659489384105,0.5777766257548117,0.5210240714859875,7.0,-0.4418591498067752,3.4246564678975333,4.923290653492922,0.41023935802400174,-1.498634185595385,0.415052072166911,-0.0873985485750205,0.7284532366014709,0.42224439419938786,-0.2457482821236307,0.575381404377948,0.5814067144177754,,1,0,0,,,,,
TCGA-EE-A20C-06,TCGA-EE-A20C,TCGA-SKCM,,,,,59.0,White,Male,Metastatic,0,-1.3160079350047529,-1.5928388697672187,-1.863762715436545,-1.820522906530331,8.0,0.1004822132299555,-11.392742377722282,-12.617196067873103,0.5,1.224453690150807,-1.9177749186010375,-1.244804320761201,-0.49874477019966695,-1.1433101430658104,-0.8983703298945149,-0.9523621221189078,-1.885769527820985,,0,1,1,,,,,
TCGA-EE-A20F-06,TCGA-EE-A20F,TCGA-SKCM,91.56064043,0.0,,,53.0,White,Male,Metastatic,0,0.5520241923525352,0.4878029893779168,0.5573014088179724,0.5643236560550551,10.0,0.1138529991822165,3.830515208108587,3.9719226058382695,0.49093825538238084,-0.14140739772968688,0.4603706784758845,0.21463951073008428,-0.2547773011840519,0.24352344492729303,0.07230113712260156,0.124230574755952,-0.22832960271822406,,1,0,0,,,,,
TCGA-EE-A20H-06,TCGA-EE-A20H,TCGA-SKCM,168.2611697,1.0,,,56.0,White,Male,Metastatic,0,-0.5020331552747094,-0.801016981099829,-0.8220015192907579,-0.7487940301152574,7.0,-1.2678482608835826,7.74272226801275,-0.32447787725054833,1.043740521363062,8.06720014526331,-0.8603165976094572,-0.5675105020064551,-0.9201936560975329,-1.1846156408093487,-0.17842457487738156,-0.5351239667462375,-0.2270164883727827,,1,0,0,,,,,
TCGA-EE-A20I-06,TCGA-EE-A20I,TCGA-SKCM,13.54505704,1.0,,,79.0,White,Male,Metastatic,0,0.18175227251418755,0.055708408343149524,-0.056022312570751895,0.13286050469959146,4.0,0.598600663236848,-3.168167473657821,-6.037636657321587,0.5,2.8694691836637816,0.032887641140226555,-0.18378066883429367,-0.8534523977557805,-0.18513964036235028,-0.007297914754146229,-0.351296813408862,0.16026410173954558,,0,0,0,,,,,
TCGA-EE-A29A-06,TCGA-EE-A29A,TCGA-SKCM,63.35273038,1.0,,,68.0,White,Male,Metastatic,0,-1.039318041470026,-1.2109576174804546,-1.2964737218667977,-1.328224624627032,7.0,-0.0312416482922864,-0.47203908944310713,-7.6245422274065815,0.5,7.152503137963485,-1.5326699271824897,-1.6038897504475147,-0.9694142686760561,-1.2348541020292905,-0.6383333870610123,-0.3777714153993917,0.6159486147379081,,1,0,0,,,,,
TCGA-EE-A29B-06,TCGA-EE-A29B,TCGA-SKCM,85.08399908,1.0,,,67.0,White,Male,Metastatic,0,-0.8540208689647285,-0.5835949318702314,-0.3710402742971376,-0.7903043407977877,4.0,-0.6005133184673705,-6.101198770846651,-18.2621337403458,0.5,12.160934969499122,-0.8052503314206823,-0.8824398907796803,-0.7471833282310326,-1.1513268407134511,-0.8993624136516901,0.32331194835234867,-0.7096059153788699,,0,0,0,,,,,
TCGA-EE-A29C-06,TCGA-EE-A29C,TCGA-SKCM,78.9689976,1.0,,,20.0,White,Male,Metastatic,1,-0.76508983224512,-0.4896793079524838,-0.3029911518563446,-0.78508081632143,9.0,-0.4779692448168962,9.157072607648965,-4.038107323259206,1.7888522580087387,13.195179930908147,-0.597560830341452,0.10343682563155256,-0.4274429184503085,0.010985277886043731,0.16586070141967235,0.09143839671886321,1.3616443160871392,,1,0,0,,,,,
TCGA-EE-A29D-06,TCGA-EE-A29D,TCGA-SKCM,13.97244962,1.0,,,87.0,White,Male,Metastatic,0,-1.200261684863983,-1.1621355262054651,-1.1745601284563296,-1.6089918334120383,9.0,-0.3799861640222169,-1.893280417809664,-5.409038972425935,0.5,3.5157585546162564,-1.445432710598886,-0.5800785859951215,-0.00389582349804668,-1.0085980882127579,-0.5427443448872593,-0.5893958352155817,-0.5281917127778466,,0,0,0,,,,,
TCGA-EE-A29E-06,TCGA-EE-A29E,TCGA-SKCM,63.78012296,0.0,,,54.0,White,Male,Metastatic,0,-0.7760630053388091,-1.454085955406003,-1.617009865462506,-1.8850076238060016,7.0,-2.6111235569306808,-9.113979663383322,-17.609829843645127,0.5,8.495850180261801,-1.9331429908420292,-0.3517628260566661,-1.4241737264869634,-1.2483473022118277,-1.496663053463169,-1.6964237115614655,-1.0690266004189641,,1,0,0,,,,,
TCGA-EE-A29G-06,TCGA-EE-A29G,TCGA-SKCM,72.06496367,1.0,,,53.0,White,Male,Metastatic,0,-0.07375507333403823,-0.029273359578386754,-0.0386048899871345,-0.1840088203598909,10.0,-0.4004838863724704,11.414937288890476,12.609317766283784,0.4751421953635964,-1.1943804773933244,-0.1256510848368724,0.533896590573306,0.5293855271551731,0.010878217537845567,0.43045270339384656,0.9585681915118277,0.3503706037398249,,0,1,0,,,,,
TCGA-EE-A29H-06,TCGA-EE-A29H,TCGA-SKCM,64.63490811,0.0,,,59.0,White,Female,Metastatic,0,0.019359821958975704,-0.026587858545598118,-0.1959156681153752,0.0028782141093274503,6.0,0.2222168810938193,-0.7072952383000847,-4.335846174816815,0.5,3.6285509365167252,0.06893393231297998,0.29782893704945185,-0.5030016324119672,1.0983084803613776,-0.12421540841897624,-0.24528895612489002,-1.3399284758679186e-05,,1,0,0,,,,,
TCGA-EE-A29L-06,TCGA-EE-A29L,TCGA-SKCM,2.597231811,1.0,,,78.0,White,Male,Metastatic,0,-1.4733055236723729,-1.614883665988175,-2.0251044122981834,-1.8278793179638406,6.0,-1.1822655340182795,-12.195794901008167,-23.915811160560413,0.5,11.720016259552295,-1.6531405504446937,-1.7268357336518487,-0.7288224670729946,-0.13551864204382172,-1.4866481236671345,-2.4353277986804347,-1.2687251070781946,,0,1,1,,,,,
TCGA-EE-A29M-06,TCGA-EE-A29M,TCGA-SKCM,56.84321268,0.0,,,33.0,White,Female,Metastatic,0,0.6901911195011555,0.47589100395352474,0.7996584809123225,0.6553894189344462,11.0,0.7986413816069287,2.8143962697708678,2.1196306923438524,0.5704055310967778,0.6947655774270117,0.6185882851886862,0.4892568215894733,-0.03259913269682177,0.9682342949932151,-0.05299248450331058,-0.1974286453426553,-1.4867102547124038,,1,0,0,,,,,
TCGA-EE-A29N-06,TCGA-EE-A29N,TCGA-SKCM,18.60801526,1.0,,,78.0,White,Male,Metastatic,0,0.5598520357804523,0.674769324367721,0.5294556262996608,0.5116420125774384,7.0,1.0207544334329326,8.564502518504412,10.4466817172075,0.45049810744647156,-1.8821791987030712,0.6675278677688332,1.2159107669298592,0.08656488256163318,1.3510343790595807,0.553997337423624,0.5372064790602855,0.37984866200426287,,1,0,1,,,,,
TCGA-EE-A29P-06,TCGA-EE-A29P,TCGA-SKCM,56.4158201,0.0,,,73.0,White,Female,Metastatic,0,1.800671058393385,1.3877747942570835,1.4527490519770176,1.5124048577375744,6.0,0.9348313999472844,-0.46354527907028825,9.768067986444873,-0.04981935061568405,-10.231613265515172,1.3565140120768406,0.8281131855887806,0.5232128708991286,0.25334612803003265,0.8669157944913606,0.797214528645098,0.26039981154904324,,1,0,0,,,,,
TCGA-EE-A29Q-06,TCGA-EE-A29Q,TCGA-SKCM,66.73899464,1.0,,,70.0,White,Female,Metastatic,0,-1.125223140537222,-0.9612071460098767,-1.0248804632623527,-1.1074172669878117,9.0,-0.09079689445349,3.825589808282736,-3.4192377431030736,9.414471184221268,7.244827551385796,-1.0216660705832354,-0.8580251265025484,-0.05252416773034404,-0.10152477895334659,-0.10923217866495863,-0.7090612390485106,-0.46211991345194176,,0,1,0,,,,,
TCGA-EE-A29R-06,TCGA-EE-A29R,TCGA-SKCM,14.4655949,0.0,,,48.0,White,Female,Metastatic,0,-0.7965474376217552,-0.8111212743264451,-1.054394360722509,-0.635704448688797,3.0,-1.0222171674653195,1.29474897968563,-2.078024210812801,0.5,3.372773190498437,-0.7379965183098567,-0.7313493251887322,0.042403236105318515,-0.5616540693381685,-0.4952305916983681,-0.43275116915526335,0.029106317077872812,,0,1,0,,,,,
TCGA-EE-A29S-06,TCGA-EE-A29S,TCGA-SKCM,61.2815202,1.0,,,79.0,White,Male,Metastatic,0,-0.026745798196201973,0.1982391102732537,0.13750077198478178,0.35409337045858114,7.0,-0.315088698269877,-0.7916968729814433,-7.23050668707418,0.5,6.438809814092748,0.37416651373264426,0.3886603073771809,-0.462913599745104,-0.24971086048367322,-0.4008367327341606,0.13445554478048147,0.920303781856852,,0,1,0,,,,,
TCGA-EE-A29T-06,TCGA-EE-A29T,TCGA-SKCM,369.9247132,0.0,,,51.0,White,Female,Metastatic,0,0.5750942937631979,0.6442455799768452,0.6195475581696278,0.6950306855665352,11.0,0.9999966911343834,0.03163795698796441,3.080363102020731,0.010166435161189324,-3.048725145032765,0.6092064518248708,0.4510761781713195,0.18449867271496645,0.7812209071526018,-0.08948832473653963,1.09174299353718,0.40313154328081346,,1,0,0,,,,,
TCGA-EE-A29V-06,TCGA-EE-A29V,TCGA-SKCM,25.87368906,1.0,,,85.0,White,Male,Metastatic,0,-1.3927537887582941,-1.0749836979263883,-1.5140209289259503,-1.3641995881141051,8.0,-0.3684356132488345,1.2625207011168877,-11.988231939360604,0.5,13.25075264047751,-1.3209269399216315,-1.2290864035704987,-1.230330174210077,-0.9312346279923367,-0.678907475971404,-1.225540849096285,0.24277626765101767,,0,1,1,,,,,
TCGA-EE-A29W-06,TCGA-EE-A29W,TCGA-SKCM,,,,,42.0,White,Male,Metastatic,0,-1.2818087245629366,-1.043274967124722,-0.5179379303461722,-0.8414372964814552,7.0,-2.1823564652376004,5.915451362972324,-2.500855142802362,1.7324014265668817,8.416306505774687,-0.8787607065806176,-0.9295078299902731,0.3193465723397599,-1.2747717163859904,-0.7046140358882285,-0.06554106689913361,1.2376536306834376,,1,0,0,,,,,
TCGA-EE-A29X-06,TCGA-EE-A29X,TCGA-SKCM,17.91761186,1.0,,,58.0,White,Female,Metastatic,0,0.0942502455015925,0.45477744158467825,0.6606024383109861,0.2374882272458977,6.0,0.9434506208278056,1.4804886251369056,-0.7964243290697467,2.1642536142414843,2.2769129542066557,0.32653685644958796,0.5212579937362422,-0.054956078634150064,0.5052480562021616,0.07551634079307071,0.16196418460504775,-0.1755197413180973,,0,1,0,,,,,
TCGA-EE-A2A0-06,TCGA-EE-A2A0,TCGA-SKCM,46.81592531,1.0,,,77.0,White,Female,Metastatic,0,0.6754899795579621,0.5323308612273875,0.5351672884445297,0.5978632875174199,11.0,0.5585571552438158,-4.708686825520329,4.3536487867725695,0.5,-9.062335612292893,0.6782374628741019,0.8291560195922926,1.2394611940826872,1.0881418949498718,0.14256223181553354,0.9511242176270546,1.8640496975956258,,1,0,0,,,,,
TCGA-EE-A2A1-06,TCGA-EE-A2A1,TCGA-SKCM,115.9548937,0.0,,,46.0,White,Male,Metastatic,0,0.8386555984552962,0.9127014058026123,0.7087276423400033,0.7675884867047744,10.0,1.06197051607587,7.933141561690406,11.14875893290815,0.4157416900866877,-3.2156173712177525,0.8044603682077491,1.0690245440143908,1.0091847210585152,1.452123489835645,0.9896424244613344,0.7940533171509919,1.2090886102840888,,0,1,0,,,,,
TCGA-EE-A2A2-06,TCGA-EE-A2A2,TCGA-SKCM,59.6377026,0.0,,,71.0,White,Male,Metastatic,0,0.1710854221690601,0.016628010214141446,-0.03811880839245425,0.09026364274222876,11.0,0.1762380528137905,0.8600819090267632,-2.6633315551511876,0.5,3.523413464177948,0.25530606073937284,0.36681604323446176,-0.08236215344348562,1.194240056953544,-0.021549254458950128,-0.2029028578000398,-0.9997266588231102,,0,1,1,,,,,
TCGA-EE-A2A5-06,TCGA-EE-A2A5,TCGA-SKCM,39.28724069,1.0,,,43.0,White,Male,Metastatic,0,-0.8635286620027607,-0.7925389336417312,-0.6641726230400318,-0.929796331602479,4.0,-0.7283335009114933,7.462274828424939,-5.078230608173462,3.13009077811392,12.54050543659838,-0.8121910904130876,-0.5636585509499842,0.16163076661414907,-0.5469464854957521,-0.5551397125295829,-0.012254104519845977,0.43956438620150723,,0,1,0,,,,,
TCGA-EE-A2A6-06,TCGA-EE-A2A6,TCGA-SKCM,86.13604235,0.0,,,43.0,White,Male,Metastatic,0,0.6842376830623325,0.6166206153105852,1.034580796337265,1.025546696026694,7.0,0.3875610155263855,0.21233793236878382,4.811511440108557,0.04226598303923204,-4.599173507739787,0.9237598591074229,0.3383275264886712,0.6755848870145177,1.2992349793986528,0.27564162901257927,-0.24381344889899417,-0.8762668069290321,,1,0,0,,,,,
TCGA-EE-A2GB-06,TCGA-EE-A2GB,TCGA-SKCM,59.27606273,0.0,,,51.0,White,Male,Metastatic,0,0.001729195885720523,-0.335406664765643,-0.5539132425688706,-0.381923778204679,12.0,-0.2297614416378529,1.148346096694397,-0.8820798750216825,4.312774220779327,2.030425971716081,-0.46622628114994913,-0.3904446779299164,-0.816855748791832,-0.04053787698362004,-0.25697456363579274,-0.17407715285816358,-0.6444616896371235,,1,0,0,,,,,
TCGA-EE-A2GC-06,TCGA-EE-A2GC,TCGA-SKCM,67.42939803,0.0,,,82.0,White,Male,Metastatic,0,1.3729566969622484,0.8396767272924818,0.7371103712203354,1.0030641070424144,8.0,0.7083179174079255,-8.177484457741777,3.0318524790455115,0.5,-11.209336936787327,0.7701213728134968,0.44784873153474175,0.7134655546372809,0.6623168715774088,-0.11944055636532638,0.5917430252620584,-0.026309517577779024,,1,0,1,,,,,
TCGA-EE-A2GD-06,TCGA-EE-A2GD,TCGA-SKCM,340.1387382,1.0,,,58.0,White,Female,Metastatic,0,-0.24070318277705038,-0.15852203684475072,-0.4534511560517971,-0.875419716229503,9.0,0.4692570599713696,-3.6639183798806068,1.0999638103624716,0.5,-4.76388219024307,-0.5349241172962271,0.19668079438682026,0.5082112657063723,-0.10152462036174603,-0.21670349811648518,1.0223326848749674,1.5361089225391147,,0,1,0,,,,,
TCGA-EE-A2GE-06,TCGA-EE-A2GE,TCGA-SKCM,173.7843969,0.0,,,44.0,White,Male,Metastatic,0,1.1511295002081725,1.172277544119832,1.3001653256892594,1.331704582525139,7.0,1.0370515623304557,9.157122330823574,15.948118251168678,0.3647494355179329,-6.790995920345074,1.1986423624875915,0.9142573943980441,0.4563716965020111,1.1477489336700273,1.0275024474835381,1.055405491207884,1.5413485366136075,,1,0,0,,,,,
TCGA-EE-A2GH-06,TCGA-EE-A2GH,TCGA-SKCM,220.2386823,0.0,,,34.0,White,Male,Metastatic,0,1.1786283130789512,1.2087372341551017,1.6966476314744066,1.4327306541203535,12.0,0.1381273266409971,6.855525956436736,13.959410053671641,0.32935609089105444,-7.103884097234919,1.4065305145067195,0.8294657781277435,0.7598069028044935,1.0562143599315756,0.8268424433120473,0.7440406371785151,1.1395075212833297,,1,0,0,,,,,
TCGA-EE-A2GI-06,TCGA-EE-A2GI,TCGA-SKCM,48.72275372,0.0,,,39.0,White,Male,Metastatic,0,0.9315552389789526,0.8176493720105152,0.9355404607805632,1.0107572152623925,5.0,0.4288884387769551,2.613963178417548,4.409624389636439,0.37216923019609965,-1.79566121121889,0.9487737928832103,0.2378440139645193,0.48561351583651,1.0082821010137393,0.16848013948528628,-0.4483157647435981,0.028234225266506985,,0,0,1,,,,,
TCGA-EE-A2GJ-06,TCGA-EE-A2GJ,TCGA-SKCM,107.3741658,1.0,,,83.0,White,Male,Metastatic,0,0.7569949788496523,0.6316472494310632,0.4876872649934533,0.7151806868668109,6.0,0.652785935279018,-1.938172968246097,-2.294478924870426,0.5,0.3563059566243239,0.5481114579032768,0.3378061833940768,0.47346854157038587,-0.19999225489915953,0.11470610899501961,0.14947997388977133,-0.2577897200344379,,1,1,0,,,,,
TCGA-EE-A2GK-06,TCGA-EE-A2GK,TCGA-SKCM,54.73912615,0.0,,,46.0,White,Female,Metastatic,0,0.6194849518986164,1.138104555548812,1.0897971404732285,1.1669984488580465,9.0,0.1814581068271595,5.857969355217285,20.040889078316695,0.22618639235590224,-14.182919723099351,1.5672100400808602,2.1119773148770977,1.0072918804064501,2.6255921436193983,1.6426342314074163,0.28951056023799243,0.3687218597491537,,0,0,0,,,,,
TCGA-EE-A2GL-06,TCGA-EE-A2GL,TCGA-SKCM,79.65940099,0.0,,,40.0,White,Female,Metastatic,0,0.26507261232324086,0.635248580677454,0.3727541329121601,0.8123715124018195,8.0,0.3633309247505124,7.102987022786897,8.81881744938613,0.4461169608759474,-1.7158304265992175,1.0438896978208552,1.3833613130416962,0.657447262302978,1.8940854845009618,1.0395444541721999,-0.28962514792815713,-0.2164802785560585,,0,1,0,,,,,
TCGA-EE-A2GM-06,TCGA-EE-A2GM,TCGA-SKCM,75.48410428,0.0,,,70.0,White,Female,Metastatic,0,-0.3416262326342807,-0.47758196937111014,-0.2578279184327632,-0.06334154176198845,7.0,-0.2668477002961553,-2.6600892549752415,-11.41530116172898,0.5,8.755211906753722,-0.3022756926588742,-0.823262226759347,-0.31330983349335073,-1.1527562460522123,-0.03565107507954786,-0.45163665609151293,-0.3696749884744848,,1,1,0,,,,,
TCGA-EE-A2GN-06,TCGA-EE-A2GN,TCGA-SKCM,102.1139494,1.0,,,67.0,White,Male,Metastatic,0,-0.40829990628059365,-0.49579985041604224,-0.7503800384236116,-0.6122263880910677,6.0,-0.8227560554795981,4.023697875295264,-3.7588343950408514,15.191591802049604,7.782532270336114,-0.6811322293765657,-0.30705745247624566,-0.0567595207485457,-0.5139082446957165,-0.21361783764506112,-0.31531831346054173,0.44419993585387946,,0,1,0,,,,,
TCGA-EE-A2GO-06,TCGA-EE-A2GO,TCGA-SKCM,126.8040898,0.0,,,66.0,White,Female,Metastatic,0,-1.1244564593567998,-1.1424632720637176,-0.7359126706739194,-1.2750264608255673,4.0,-0.1553521476357941,-1.0814410662926834,-6.38403802574997,0.5,5.30259695945729,-1.2990528152119685,-1.0688853689125069,-0.20671979278411168,-1.1967883612059191,-0.3628223767807667,0.07652086273820934,0.6297465649139239,,1,0,1,,,,,
TCGA-EE-A2GP-06,TCGA-EE-A2GP,TCGA-SKCM,13.90669691,1.0,,,80.0,White,Male,Metastatic,0,-0.11108465760323234,-0.06250490486914918,-0.3878306796153386,-0.4815524943497273,8.0,0.3740942426741334,9.198337617172811,4.804174157170355,0.6569062583490874,4.394163460002469,-0.3027031463949936,0.521251321852176,0.43423384338429755,-0.359600975167304,-0.20654129371862018,0.6783683545535697,1.007084816434549,,0,1,0,,,,,
TCGA-EE-A2GR-06,TCGA-EE-A2GR,TCGA-SKCM,42.772134,1.0,,,78.0,White,Male,Metastatic,0,-1.3016880543118967,-1.5913859489745774,-1.7656637326735718,-1.6992377932344325,4.0,-2.6111235569306808,-10.112564820519918,-16.99862704099815,0.5,6.8860622204782596,-1.7657038157557312,-1.7172526795021954,-1.4446373615608223,-1.0109035235941535,-1.0019004280688062,-1.4649470579871293,-0.5552819156291612,,0,0,1,,,,,
TCGA-EE-A2GS-06,TCGA-EE-A2GS,TCGA-SKCM,81.20458954,1.0,,,28.0,White,Female,Metastatic,1,0.4534113879428702,0.027916158726543055,-0.1188314401995077,-0.048414070106687496,8.0,-0.1422969121009359,4.21467283594279,2.6716433835108564,0.6120359131978952,1.5430294524319366,-0.10589228913511953,-0.017508671257925063,0.09910490899108938,-0.714382768748855,0.2349121774315594,-0.2811938223353162,0.07459395124453823,,1,0,0,,,,,
TCGA-EE-A2GT-06,TCGA-EE-A2GT,TCGA-SKCM,44.87622054,0.0,,,77.0,White,Male,Metastatic,0,-0.3023767277730918,0.39978164132803345,0.2247029009251541,0.3766422255124045,7.0,-0.6337540970015835,0.6157177531313237,-0.7046549599918298,0.5,1.3203727131231506,0.8667508207898099,1.483450464187868,0.21464697744382263,1.6878209365135657,0.46820817088037164,0.00943527810170285,0.20342073427030666,,1,0,0,,,,,
TCGA-EE-A2GU-06,TCGA-EE-A2GU,TCGA-SKCM,94.81539928,0.0,,,65.0,White,Female,Metastatic,0,1.0030122648458455,0.9001319850191482,1.1629337115487606,1.1937064316060235,7.0,0.8654589676919675,-2.3583371132852236,1.7775407484233492,0.5,-4.135877861708568,0.9605562104308403,0.36103498127386774,0.76672706167626,0.4076242982421698,0.7032650624083836,0.3844537601445951,-2.8318545569982914,,0,1,0,,,,,
TCGA-EE-A2M5-06,TCGA-EE-A2M5,TCGA-SKCM,21.66551599,1.0,,,49.0,White,Male,Metastatic,0,0.2062630108515127,0.3945384237630519,0.7762969465433563,0.5939563551025764,10.0,2.6234220335405074,-2.451475838656019,-4.423382902919378,0.5,1.9719070642633525,0.4665405256842281,-0.5058064627339436,0.489208039753717,-0.595499170771252,-0.46037398934346274,0.6748037335397437,0.23745887950749017,,1,0,1,,,,,
TCGA-EE-A2M6-06,TCGA-EE-A2M6,TCGA-SKCM,129.2698162,0.0,,,61.0,White,Male,Metastatic,0,-0.17390167275935567,-0.22891745274153893,-0.17155797262982705,-0.23881243449206457,7.0,-0.3566117461805337,2.7887834404852923,-11.393950335623895,0.5,14.182733776109197,-0.34837715289199384,0.4929322280923126,0.6969698988797655,-0.3219112265064417,-0.36244472673259037,0.17989332068584996,-0.9728659435302041,,1,0,0,,,,,
TCGA-EE-A2M7-06,TCGA-EE-A2M7,TCGA-SKCM,28.83256074,1.0,,,66.0,White,Male,Metastatic,0,-0.4097978780857267,-0.08490128261161045,-0.16470918219795755,0.16635731312811355,9.0,-0.5882852331777548,-3.0722001590825867,4.675178543586731,-1.9165574463020114,-7.7473787026693275,0.4066850305480577,0.6359352551863093,0.8257105951721386,1.365584297256689,-0.25097072441507995,-0.09533278973353639,0.10857234686655154,,1,0,0,,,,,
TCGA-EE-A2M8-06,TCGA-EE-A2M8,TCGA-SKCM,19.75868758,1.0,,,54.0,White,Female,Metastatic,0,1.7242426452268305,1.6651208989351445,1.7324575532270534,1.8731310744839633,8.0,1.4936529112371406,-2.29594996638204,13.539603100121992,-0.20419964392999226,-15.835553066504033,1.7382244800636864,1.5236780874832363,1.6874617166372958,1.0798763842276986,1.0899464598633763,0.9944373762355726,0.37902977661799275,,1,0,0,,,,,
TCGA-EE-A2MC-06,TCGA-EE-A2MC,TCGA-SKCM,61.51165467,1.0,,,73.0,White,Male,Metastatic,0,1.1442731868008416,1.1215633440739228,1.3620342942161638,1.2151162048033786,10.0,1.359508665147261,2.3582597923834547,16.081487005117232,0.12789003115287312,-13.723227212733763,1.1199171095352463,1.010516216516845,0.5079304014729374,0.516541467321484,0.7111749508975245,1.2292703819694897,0.9893275240119801,,0,1,0,,,,,
TCGA-EE-A2MD-06,TCGA-EE-A2MD,TCGA-SKCM,47.27619423,1.0,,,52.0,White,Male,Metastatic,0,-0.06399981096015307,-0.1091831763098439,-0.14372301014031613,-0.08998167512865796,6.0,-0.1180164458105929,1.5268789296060723,-2.8996107873344448,0.5,4.426489716940532,0.020341581967137472,0.3631239137393367,0.004135453356072127,0.7981887168072538,-0.3036767130271396,-0.3695416177249182,-0.2995360587846021,,0,1,0,,,,,
TCGA-EE-A2ME-06,TCGA-EE-A2ME,TCGA-SKCM,103.2646218,1.0,,,51.0,White,Male,Metastatic,0,1.5542422273010947,1.484508013758691,1.3959145015014935,1.6742821999991444,8.0,1.3231631738277654,-0.0641640388992376,17.471492648346814,-0.003686035941460512,-17.535656687246092,1.6743737734921105,1.9801114202552386,1.5431135260882851,1.7982383987004977,1.1487211156418013,0.8624004561193568,1.3673609822845125,,1,0,0,,,,,
TCGA-EE-A2MF-06,TCGA-EE-A2MF,TCGA-SKCM,268.7313016,1.0,,,39.0,White,Female,Metastatic,0,0.14445379727186622,0.12200980441992978,0.054432497463668204,0.1350375547346887,9.0,-0.0618894380654498,-8.034799398506635,-6.321014326940117,0.5,-1.7137850715664955,0.021171867629518226,0.18776185828415023,0.3540943080139359,0.04061305606660736,-0.6129799070875701,-0.03791266733835118,-1.0615514938332442,,0,1,0,,,,,
TCGA-EE-A2MG-06,TCGA-EE-A2MG,TCGA-SKCM,103.1988691,1.0,,,23.0,White,Male,Metastatic,0,0.5856233114040793,0.8541366676825545,0.5814322330336387,0.9579582284297523,8.0,0.5577362232675461,8.069557810166131,15.360465159642725,0.3444110072177178,-7.290907349476611,1.20806890748898,1.6344950327421681,0.6280835010963749,1.8913547034067468,1.388077644480639,0.35887104260879293,0.8881422143976152,,1,0,0,,,,,
TCGA-EE-A2MH-06,TCGA-EE-A2MH,TCGA-SKCM,16.96419765,1.0,,,66.0,White,Male,Metastatic,0,0.49257570087288444,0.6602094098754797,0.6084093477861395,0.7343232587297908,6.0,-0.3676554488802713,7.9148542460740945,7.8052782449363285,0.5034852123924664,0.1095760011377538,0.9228186803206814,0.9771947039354165,0.32582251944939006,1.5887953204265133,0.6675343652816407,-0.06854237722391754,-0.40932259185920555,,1,0,0,,,,,
TCGA-EE-A2MI-06,TCGA-EE-A2MI,TCGA-SKCM,204.6552915,1.0,,,43.0,White,Male,Metastatic,0,0.8197167716000879,0.608819661740726,0.15368986340273463,0.5028232064964676,6.0,0.7783766253458231,-0.46958275278645123,4.073229674301613,-0.1303076475064361,-4.54281242708808,0.4301229946629997,0.48697081272889015,0.6280514047471631,-0.6526050087488412,0.013580705550928074,0.41464922329328163,0.1528879557854969,,0,0,1,,,,,
TCGA-EE-A2MJ-06,TCGA-EE-A2MJ,TCGA-SKCM,96.22908242,1.0,,,60.0,White,Male,Metastatic,0,1.2173989749074283,1.1176408313417556,1.2680339687712763,1.337278950514602,8.0,0.9695443280546704,4.7125137254876,12.160065348151747,0.2793001416629977,-7.4475516226641565,1.2871484259580808,1.1216701381407022,0.5915562662729396,1.6394652742234725,0.8640746563603162,0.5402656217300942,0.0007666206001091733,,0,0,1,,,,,
TCGA-EE-A2MK-06,TCGA-EE-A2MK,TCGA-SKCM,180.3925436,0.0,,,18.0,White,Female,Metastatic,0,1.0916362490188927,0.786614824643073,0.647578312143555,0.8625922510635831,8.0,1.0526367088519617,-11.886202519272938,2.1509221377175316,0.5,-14.037124656990477,0.7199527006802853,0.4909300899402716,0.8607543351706836,0.17617080954268807,0.05643550351496836,0.4671775244023884,-0.2712515642885993,,1,0,0,,,,,
TCGA-EE-A2ML-06,TCGA-EE-A2ML,TCGA-SKCM,216.6551599,1.0,,,35.0,White,Male,Metastatic,1,0.43002572624203567,0.5696285563395845,0.5173057413346168,0.6999521616908462,9.0,0.97587812800494,-7.560299588322591,-1.3292599392826574,0.5,-6.231039649039921,0.6804406614412256,0.3955795038503349,0.5062813816530107,0.5845194162177265,0.17995829446948908,0.30575764647871995,-1.2110473746911008,,0,1,0,,,,,
TCGA-EE-A2MM-06,TCGA-EE-A2MM,TCGA-SKCM,167.8995299,1.0,,,63.0,White,Female,Metastatic,0,-0.02825453785783749,-0.255998994411373,-0.712165761822131,-0.5004351561659128,6.0,-0.0867089371710029,-4.245202463202174,-2.443391465195075,0.5,-1.8018109980070998,-0.4799304941053193,-0.19265680606248278,-0.11076432955601119,0.06287741185489357,-0.19183798991530882,0.058911362888211694,-0.7688690428458722,,0,1,0,,,,,
TCGA-EE-A2MN-06,TCGA-EE-A2MN,TCGA-SKCM,47.53920505,1.0,,,58.0,White,Male,Metastatic,0,0.8173847985202395,0.7459337921466678,0.6012944228282024,0.8554327529478243,6.0,0.3712775895059511,-6.908718427156644,-2.0248716682898196,0.5,-4.883846758866807,0.7241704348299282,0.7144800590415977,0.22469276205341693,0.5031185193797941,-0.010764039570579708,-0.07852813424000779,-0.9322979194138368,,0,1,0,,,,,
TCGA-EE-A2MP-06,TCGA-EE-A2MP,TCGA-SKCM,248.6438505,0.0,,,34.0,White,Female,Metastatic,0,0.6051590287085398,0.7431324814719698,0.8963697916498872,0.820638412337668,9.0,0.3357639895764041,5.357618969828063,5.503143482557415,0.4933004467519042,-0.14552451272935807,0.6683260818267738,0.0984471696635646,-0.36688565629975445,-0.8808855826077745,-0.03501625626744048,0.2682926103155315,-0.35872933908818294,,1,0,0,,,,,
TCGA-EE-A2MQ-06,TCGA-EE-A2MQ,TCGA-SKCM,43.23240293,1.0,,,70.0,White,Female,Metastatic,0,-0.14991136630566104,-0.3206276128121235,-0.24238077780213263,-0.24059204660548794,6.0,0.7153139321637245,2.042998506160829,-5.99557406101964,0.5,8.038572567180488,-0.3256153145739987,-0.0722495572645049,0.29815666341175606,-0.3226143022280092,-0.12667830561153806,-0.09170867403797056,0.5635652233946592,,1,0,1,,,,,
TCGA-EE-A2MR-06,TCGA-EE-A2MR,TCGA-SKCM,134.3985271,0.0,,,61.0,White,Male,Metastatic,0,0.8710333202021142,1.0428966349118807,0.6541489298961343,1.1778153231918822,11.0,2.0888026397675503,7.256254889379573,13.371251638472243,0.35177566806642296,-6.114996749092647,1.2732959649142563,1.8547576675890542,1.2787727556167747,1.7250295166791865,1.1247186496444606,0.6538423429860103,0.5385675066264445,,0,0,0,,,,,
TCGA-EE-A2MS-06,TCGA-EE-A2MS,TCGA-SKCM,162.4749318,0.0,,,72.0,White,Male,Metastatic,0,0.09230270036438716,0.09544594100571854,0.33841818911199245,0.33831991943106676,8.0,-0.3718765727574255,6.367634439929069,5.618076255558584,0.5312688251624776,0.7495581843704943,0.2816688406807853,-0.39386210944720806,0.4206428900901282,0.37476743066345125,-0.22424221221057392,-0.1472785330054042,-0.9326432366391433,,0,0,1,,,,,
TCGA-EE-A2MT-06,TCGA-EE-A2MT,TCGA-SKCM,71.21017852,0.0,,,45.0,White,Male,Metastatic,0,-0.2761779814556871,-0.4484102863498829,-0.3613064174285927,-0.37403907173137074,8.0,-0.1834463579894275,-0.7075254414953056,-4.8392174212129895,0.5,4.131691979717687,-0.41470676722900385,-0.7728860666269343,-0.18353690978553142,-0.033902415219541515,0.7213216652982656,-0.6040058505008631,-1.3750158622691129,,0,0,1,,,,,
TCGA-EE-A2MU-06,TCGA-EE-A2MU,TCGA-SKCM,53.25969031,0.0,,,71.0,White,Male,Metastatic,0,1.2741199192246575,1.1458512706823052,1.067311238806599,0.9659106456640254,11.0,1.3387146201796292,4.862480245997884,6.705076342740018,0.42035499966621853,-1.8425960967421113,0.9537794073208286,0.8612226532234718,-0.007263516603971491,0.34610173734078126,1.252144798056537,0.5987502686311066,0.7239133257646319,,0,1,0,,,,,
TCGA-EE-A3AA-06,TCGA-EE-A3AA,TCGA-SKCM,124.3054871,0.0,,,47.0,White,Male,Metastatic,0,0.3995270246384189,0.46988476310334737,0.13873622689377124,0.4675260821327231,9.0,0.2504536625888843,-0.293190901307611,2.234925295977493,-0.1509943389334961,-2.528116197285112,0.6297729594687154,0.9424467248273101,0.12436059789851235,1.454630310792625,-0.05341047307290424,0.043640297619596743,-0.2820848963387766,,1,0,0,,,,,
TCGA-EE-A3AB-06,TCGA-EE-A3AB,TCGA-SKCM,122.7274222,0.0,,,30.0,White,Male,Metastatic,0,-0.34143857954575,-0.027735810307020468,0.12967384404752136,-0.11692183745138875,8.0,-0.6432055977376563,5.349209952014428,6.986556392306508,0.43363418232034395,-1.6373464402920908,-0.10158001766049382,0.8805065162154113,-0.4093730912887299,-0.008113400874723195,-0.039094903491586216,1.0669350944067608,0.265079523794727,,1,0,0,,,,,
TCGA-EE-A3AC-06,TCGA-EE-A3AC,TCGA-SKCM,64.04313377,0.0,,,47.0,White,Male,Metastatic,0,0.5999349027600408,0.3789983718359914,0.44638773852635266,0.5959224587759085,7.0,0.6027688682422703,-1.9103261831218066,-0.2284912622770561,0.5,-1.681834920844754,0.4476090578367596,0.3316894404676707,-0.15367330860743092,0.5894530223555561,-0.1674241921452911,0.1452812685970457,-1.0505287224738344,,0,1,0,,,,,
TCGA-EE-A3AD-06,TCGA-EE-A3AD,TCGA-SKCM,28.76680804,1.0,,,50.0,White,Male,Metastatic,0,-1.3258997484961583,-1.3870194652622148,-1.5880081896183877,-1.493422441075325,5.0,-0.8695502108554265,-4.945886133025486,-5.322941044572232,0.5,0.3770549115467367,-1.6077612451638008,-1.3710456437569976,-1.281427834256122,-1.3227378579565734,-0.8414464910120995,-1.4107704827558851,-1.025601011940444,,1,0,0,,,,,
TCGA-EE-A3AE-06,TCGA-EE-A3AE,TCGA-SKCM,54.50899168,0.0,,,52.0,White,Female,Metastatic,0,0.8780166337468288,0.5544699625850151,0.5270082109768134,0.6168579222849995,10.0,0.8134821593638245,-2.410748973694048,3.8108546367821163,-1.7218335995991245,-6.221603610476169,0.5352822622021627,0.05507521070513385,0.1466924638645185,0.6524960386521689,0.6969564771863982,-0.2594157833675543,-1.1890689170221085,,0,0,1,,,,,
TCGA-EE-A3AF-06,TCGA-EE-A3AF,TCGA-SKCM,13.80806786,1.0,,,48.0,White,Female,Metastatic,0,0.06446045846630198,0.1375078086360638,0.1788429686823787,0.36589061665863387,7.0,-0.2773699489789522,-0.7845847424587865,-7.993820053297452,0.5,7.209235310838647,0.28168139160850103,0.1580548347952507,-0.10916593150288934,-0.7006544592008765,-0.13360116643924488,0.30325662233565104,-0.0880635619100777,,1,0,0,,,,,
TCGA-EE-A3AG-06,TCGA-EE-A3AG,TCGA-SKCM,41.58858533,1.0,,,25.0,White,Male,Metastatic,0,-1.0950019574720942,-1.4393500840248028,-1.329125097749157,0.1355361295121134,6.0,-1.819795457977604,9.395551335647516,-1.8998674328099043,1.253461519647417,11.295418768457454,-0.8262009607463088,-0.6427095653582434,-0.43175724874145954,-1.4836819977603575,-0.2426011167217163,0.003162480488777197,-0.9035938563869593,,1,0,0,,,,,
TCGA-EE-A3AH-06,TCGA-EE-A3AH,TCGA-SKCM,138.8039583,1.0,,,30.0,White,Male,Metastatic,0,-0.9628729306932496,-1.1322592169536372,-1.5103390778759622,-1.314327901049457,7.0,-0.6626833550175829,-0.5947826849830183,-6.655845974339828,0.5,6.061063289356797,-1.1138536918414954,-1.0171658318534724,1.0111237734049008,0.03450204258233991,-1.1633885600226168,-0.2743276264817896,-0.5604921756147799,,1,0,0,,,,,
TCGA-EE-A3J3-06,TCGA-EE-A3J3,TCGA-SKCM,172.1734556,1.0,,,42.0,White,Male,Metastatic,0,0.1739258323776175,0.09601642720061773,-0.08394187508077085,-0.041255721876415505,7.0,-0.5518516320346525,7.277070399252019,6.151085650896999,0.5419262609158659,1.125984748355039,-0.010457905784385378,0.2364348233962208,0.7902701730344162,0.3379386760716507,0.5758210008783811,0.025934390964031682,0.9238562680299538,,1,0,0,,,,,
TCGA-EE-A3J4-06,TCGA-EE-A3J4,TCGA-SKCM,127.198606,1.0,,,72.0,White,Male,Metastatic,0,0.3059384036987424,-0.20440673833256767,-0.36428648379212797,-0.3000152743412428,5.0,0.3672289900416822,-7.303494239182215,-11.589296822751002,0.5,4.28580258356881,-0.3392189975517764,-0.2939878431907786,-1.0182011486533125,-0.8389750232996552,-0.29833009867739174,-0.6566500385416548,-0.1700704332821172,,1,0,0,,,,,
TCGA-EE-A3J5-06,TCGA-EE-A3J5,TCGA-SKCM,36.95301969,1.0,,,71.0,White,Male,Metastatic,0,0.9236184156235177,0.614252931394606,0.5102344814345333,0.7493137605854476,7.0,0.7402712601958261,2.4805836279474285,1.5703231948124308,0.6123526747172676,0.9102604331349902,0.6017044342215638,0.39939862553986183,0.452583733156626,0.567355233204507,0.4055988098502293,0.09195140396008356,0.31415116325665127,,0,0,1,,,,,
TCGA-EE-A3J7-06,TCGA-EE-A3J7,TCGA-SKCM,64.07601013,0.0,,,43.0,White,Male,Metastatic,0,-0.13815878786674773,-0.3034395819647902,0.0810427999227472,0.12889974054224265,8.0,-0.7009506768912099,3.679317755704349,-3.4498197544457336,16.032025270486866,7.129137510150074,-0.08183718103238445,-1.0374293317024514,0.043713543692906594,-1.0366871499836792,-0.5893157604278599,-0.016217695493523355,-0.9643812559213347,,0,1,0,,,,,
TCGA-EE-A3J8-06,TCGA-EE-A3J8,TCGA-SKCM,34.32291153,1.0,,,59.0,White,Male,Metastatic,0,-1.2294720080619959,-1.6766735895207907,-2.393154206732185,-1.7169844618812924,6.0,-0.9811631041512814,-6.848484094479091,-12.931447293631084,0.5,6.082963199151959,-1.7971487404686215,-1.1199033635722158,-0.8251686950543964,-1.4114994550058562,-1.0978705099079789,-0.08179509813797992,-1.2338347978197368,,0,1,0,,,,,
TCGA-EE-A3JA-06,TCGA-EE-A3JA,TCGA-SKCM,53.1939376,1.0,,,44.0,White,Male,Metastatic,0,0.550688049274778,0.2753554240934954,0.25131652502901214,0.6213508627650637,9.0,0.2993963172965747,-16.76672567702016,-8.474402205945642,0.5,-8.29232347107446,0.4885536872584468,-0.02749738544768972,0.4244611478916276,0.3659311245418356,0.273973898905735,-0.4216701690292776,-0.38790146886454996,,0,1,0,,,,,
TCGA-EE-A3JB-06,TCGA-EE-A3JB,TCGA-SKCM,201.7950488,0.0,,,60.0,White,Female,Metastatic,0,0.1545960254916381,-0.07249849922825195,-0.37196784425785945,-0.5451708516968616,8.0,0.1068774449630595,8.932878955103039,2.1969168021954046,0.8026094233800507,6.735962152907683,-0.3714940467050437,0.7678918697504066,-0.07693738038226654,-0.898891673993505,0.28523850732544914,0.9774242788300249,0.6367917794403681,,1,0,0,,,,,
TCGA-EE-A3JD-06,TCGA-EE-A3JD,TCGA-SKCM,27.3531249,1.0,,,70.0,White,Male,Metastatic,0,1.31827436810614,1.2061440538051809,1.027322630021946,1.0922735018418903,12.0,1.03295115488529,-1.4808317012806353,10.377535154372655,-0.16644723622500615,-11.85836685565331,1.3520726742844056,1.4737048486795408,0.35563508273035965,1.9323729993736138,0.3304334688125629,0.7697163954443591,-0.4365405382228206,,1,0,1,,,,,
TCGA-EE-A3JE-06,TCGA-EE-A3JE,TCGA-SKCM,51.35286189,0.0,,,75.0,White,Male,Metastatic,0,1.6731959891731272,1.5459804551620417,1.5240822839303614,1.693661478580375,10.0,1.9343727553007704,-0.07809513340208532,14.872392936748499,-0.005278732011493002,-14.950488070150554,1.5819213017099636,1.2024163408090842,1.4195277852135213,1.3069056076748695,1.1671993095960058,0.8114533691856745,1.1863200990530585,,1,0,0,,,,,
TCGA-EE-A3JH-06,TCGA-EE-A3JH,TCGA-SKCM,134.3327744,0.0,,,54.0,White,Male,Metastatic,0,1.2580961401270827,1.4570532328090786,1.5537218844017686,1.4996131260173882,7.0,1.3436711742694123,2.6181887259567156,12.758080691596462,0.1702746391116076,-10.139891965639729,1.491856884604629,1.7618595231596037,1.0838225203055223,1.6624357952709135,1.1839762692044764,0.8296425612150877,0.5661502628397462,,1,0,0,,,,,
TCGA-EE-A3JI-06,TCGA-EE-A3JI,TCGA-SKCM,152.8092843,1.0,,,48.0,White,Male,Metastatic,1,-0.32605078497500634,-0.4924866074330931,-0.6218940156461029,-0.5442506206809274,10.0,-0.1498489587782316,-12.04591684361452,-10.745124824148036,0.5,-1.3007920194664353,-0.56306452032045,0.18249361669456987,-0.7919732298294794,-0.6927948093497146,-0.6743189605692184,-0.02396508402041576,-1.473237930542823,,0,1,0,,,,,
TCGA-ER-A193-06,TCGA-ER-A193,TCGA-SKCM,31.3969162,1.0,,,62.0,White,Male,Metastatic,0,1.2915501663562545,0.9395297269208251,0.812197778838173,0.9295140225307219,7.0,1.737259375921825,4.529310949395583,8.720050303239628,0.3418512683767856,-4.190739353844063,0.7988161983095443,0.47201736152999135,0.2362755818757294,0.16357087250897834,0.6098713537594025,0.45123254576272487,0.8279789242366496,,1,0,0,,,,,
TCGA-ER-A194-01,TCGA-ER-A194,TCGA-SKCM,44.51458066,1.0,,,77.0,White,Male,Primary,0,-0.22231455096745067,0.5044249323345158,0.5929877128955107,0.5426994058973584,7.0,-0.501544939020924,-14.799403075709735,-13.184407765294031,0.5,-1.6149953104156969,0.7516382792221623,-0.12115133590219185,0.18005466014984658,-0.766116412528237,0.09871083017461157,-0.797599387814594,0.45956209902437783,,0,0,1,,,,,
TCGA-ER-A195-06,TCGA-ER-A195,TCGA-SKCM,35.4407075,1.0,,,46.0,White,Male,Metastatic,1,0.8170576151765764,0.9182461301445608,1.0574158825501698,0.9256959193895614,4.0,0.6902312469595279,7.465201187103345,13.32123388689378,0.3591381187071355,-5.8560326997904495,0.820296002315432,1.031916065153956,1.1514297073162207,0.12048574544731479,0.7767367414439406,0.9783871342505901,1.291045995133308,,0,1,0,,,,,
TCGA-ER-A196-01,TCGA-ER-A196,TCGA-SKCM,58.68428839,0.0,,,64.0,White,Female,Primary,0,-0.8875717277883401,-0.8429022286891891,-1.4061348330270498,-1.9065833339386031,5.0,0.320483511714903,-4.507270284568901,-0.9037098350179982,0.5,-3.6035604495509,-1.3860467734925705,-0.17229483710106716,-1.076506952917483,-0.19985802445328874,-0.3525526881931411,-0.6087766200279608,0.2234679897283639,,0,0,0,,,,,
TCGA-ER-A197-06,TCGA-ER-A197,TCGA-SKCM,13.93957327,1.0,,,83.0,White,Female,Metastatic,0,0.9897168846419052,1.0180914071158953,1.2834293989114691,1.1011603092699156,8.0,0.2839153823255438,8.814982269326753,12.02630484748839,0.42295767146812435,-3.2113225781616364,1.0271108697214608,0.5680361997520837,0.3623238787572037,-0.8226222519726596,0.7029050600879119,1.1747737419183257,0.506951575718666,,0,0,0,,,,,
TCGA-ER-A198-06,TCGA-ER-A198,TCGA-SKCM,50.76108755,1.0,,,45.0,White,Male,Metastatic,0,0.29846527408734885,0.242863331234979,0.46469954411866077,-0.4031776894286534,7.0,0.3044913567429617,-2.4629301670082064,-8.248658212039107,0.5,5.78572804503091,-0.14769812737845248,-0.03723293031995944,-0.7500172870570072,-0.41019064117588594,-0.013604508367239542,0.3610035040262673,-0.503245958670947,,1,0,0,,,,,
TCGA-ER-A199-06,TCGA-ER-A199,TCGA-SKCM,9.172502219,1.0,,,86.0,White,Female,Metastatic,0,0.6728405853808953,0.9622412477026371,1.0567392211143192,1.1484446426317043,10.0,0.6902373408022262,4.376829818410605,5.237775082099409,0.4552272156475648,-0.8609452636888176,1.206317066203205,1.2776255742802591,0.683263916851173,1.7179858136320025,0.3348293468608972,0.33446557902263085,-0.4441888864746684,,0,1,0,,,,,
TCGA-ER-A19A-06,TCGA-ER-A19A,TCGA-SKCM,77.75257258,0.0,,,79.0,White,Male,Metastatic,0,1.4826659135578655,1.4069169792428764,1.3969484871678115,1.2024219271583951,7.0,1.6853525088246013,8.11796596323707,20.266486678249088,0.28600044065574165,-12.148520715012031,1.1730679251782443,1.8874308226825027,1.1537535125231213,0.39699306135363394,1.5097123641134482,2.2863945828334895,1.7344750732725636,,0,0,1,,,,,
TCGA-ER-A19B-06,TCGA-ER-A19B,TCGA-SKCM,98.39892166,1.0,,,42.0,White,Male,Metastatic,0,-0.8912813320769447,-0.7521809848243309,-0.34660128471806206,-0.1385345846727293,9.0,0.2089439626046387,4.209442306909263,0.27787575726293806,0.9380753150792757,3.9315665496463246,-0.449375283719084,-1.3486239869625838,0.1890255332718077,-1.1967579372244959,-0.6404424702241107,-0.31671628547275044,-0.1991499591243746,,1,0,1,,,,,
TCGA-ER-A19C-06,TCGA-ER-A19C,TCGA-SKCM,48.88713548,1.0,,,77.0,White,Male,Metastatic,0,-0.9573178142740728,-0.8206225695997528,-0.9358000932067788,-1.0151555782281254,7.0,-0.508269356701523,2.5217097403977005,-3.1908534858351745,0.5,5.712563226232863,-0.9848531580323244,-0.5098457500601629,-0.5252169233590039,-1.2219493635627037,-0.5088111901447737,-0.021399906115455697,0.5340118464686261,,1,0,0,,,,,
TCGA-ER-A19D-06,TCGA-ER-A19D,TCGA-SKCM,12.59164283,1.0,,,46.0,White,Female,Metastatic,0,0.3839725213605456,0.26758895315420467,0.11334973278870795,0.33087803590332876,5.0,-0.2313577820571682,9.170416516417806,8.715109227210633,0.512728373091559,0.4553072892071738,0.29497288899619184,0.8850419759810779,0.6920560072367287,0.6096107625495542,0.6430540106935789,0.7820789195969415,1.2460576709118187,,0,1,0,,,,,
TCGA-ER-A19E-06,TCGA-ER-A19E,TCGA-SKCM,13.01903541,1.0,,,36.0,White,Female,Metastatic,0,-0.30891979359431576,-0.49314583586509025,-0.45507934446017057,-0.5271567986539177,5.0,-0.912169678328953,5.099627111530778,-3.4984996723326054,3.185022620113622,8.598126783863371,-0.4975886877764177,-0.07262380970934013,0.05577515419651902,0.02909046622297223,-0.8150197422068161,0.15164267707344284,0.4259421571374294,,1,0,0,,,,,
TCGA-ER-A19F-06,TCGA-ER-A19F,TCGA-SKCM,26.36683434,1.0,,,82.0,White,Male,Metastatic,0,-0.2134102588334906,-0.3692966406469355,-0.53424547042022,-0.3758800049888713,6.0,-0.9212845149266872,-5.379067565080897,-9.634845241418862,0.5,4.255777676337947,-0.414091704085155,-0.4934656821195597,-0.9453785757710983,-0.5385645218040029,-0.054735314357821606,-0.47632941147138164,-0.4489958673386928,,1,0,1,,,,,
TCGA-ER-A19G-06,TCGA-ER-A19G,TCGA-SKCM,302.0679225,0.0,,,48.0,White,Female,Metastatic,0,1.0687193771740129,0.7864361885324657,0.9961890346114382,0.2421438836327098,9.0,1.8285904405432032,-0.6808149185505837,5.00547564190652,-0.15742620337215066,-5.686290560457081,0.33219957830411717,0.7130126986970818,1.1798502408309999,0.5286423290588408,0.11587092664898993,0.6116504603884548,-0.2538539373823362,,1,0,0,,,,,
TCGA-ER-A19H-06,TCGA-ER-A19H,TCGA-SKCM,152.3490154,1.0,,,40.0,White,Male,Metastatic,0,0.5438079369327943,0.39348417147588144,0.712369043697004,0.7284499787276506,7.0,0.1965645066800904,2.9932201415783486,1.0333546167085266,0.7433663401922849,1.9598655248698194,0.5800186914572175,0.3254454851032278,1.3345401602157445,0.4414277608666212,0.02484117601481861,0.3265588790623023,0.17739092871263018,,1,0,0,,,,,
TCGA-ER-A19J-06,TCGA-ER-A19J,TCGA-SKCM,6.443765,1.0,,,54.0,White,Male,Metastatic,0,-0.6769861173689685,-0.5266611323084482,-0.6048804202663713,-0.257821502454588,5.0,0.1253530863921297,2.0740751815716814,-2.0100794798161923,32.40960134316806,4.084154661387868,-0.4660461216158508,-0.5628973046226164,-0.09236257251334963,-1.0412438253078153,-0.5786664098683472,0.5557469539775003,1.0953278313914172,,1,0,0,,,,,
TCGA-ER-A19K-01,TCGA-ER-A19K,TCGA-SKCM,15.41900911,1.0,,,79.0,White,Female,Primary,0,0.17872075086462938,-0.0007364387220027763,-0.06771530325546654,-0.15832584437288288,6.0,0.4429736185884709,0.7655014662434741,-0.9745283420316045,0.5,1.7400298082750767,-0.13337511185306128,-0.21158501820044814,-0.5191226513931192,-1.0427432954179476,-0.3053131535183642,0.6647192634594001,-0.29878719968536255,,1,0,0,,,,,
TCGA-ER-A19L-06,TCGA-ER-A19L,TCGA-SKCM,131.5054082,1.0,,,35.0,White,Male,Metastatic,0,-0.5975176920632302,-0.6518381806706243,-0.820607525107912,-1.117390151220965,5.0,-0.5161650394412588,-3.5267836595248747,-1.1502592476301603,0.5,-2.376524411894722,-0.950895177616909,-0.32954198860966627,0.7610456756172002,-0.8021921502424032,-0.6440475227815787,0.09645716036522975,0.43995579039983035,,0,0,0,,,,,
TCGA-ER-A19M-06,TCGA-ER-A19M,TCGA-SKCM,61.05138574,1.0,,,36.0,White,Male,Metastatic,1,1.5116205025088483,1.142947694129136,1.1003310193638614,1.0861349612082098,9.0,2.837226024621931,2.4016641221751844,4.557220602555337,0.3451219868091991,-2.15555648038016,0.8947855222368167,0.4207753924697068,0.23247470965847353,-0.5361507771904218,0.2050177835568226,0.6385289657815939,0.8392521732002991,,1,0,0,,,,,
TCGA-ER-A19N-06,TCGA-ER-A19N,TCGA-SKCM,44.08718809,1.0,,,47.0,White,Male,Metastatic,1,0.7268014821366838,0.9437226827685704,0.9253548881743809,0.978595502807422,7.0,0.7526117019691291,6.594954002467562,6.059605543640291,0.5211523939998342,0.5353484588272835,0.9698868174785957,1.2122221206254038,0.021746299399664437,0.8370953622969891,0.9282668746836139,1.005415814525306,0.9269274621120489,,0,1,0,,,,,
TCGA-ER-A19O-06,TCGA-ER-A19O,TCGA-SKCM,,1.0,,,56.0,White,Male,Metastatic,1,0.005634076282609257,0.8124182669111083,1.077709225228991,0.6704835776808452,8.0,-0.2924406938494854,-8.143713723010826,-2.533690017899148,0.5,-5.610023705111666,0.8399801233178118,1.2676322942592166,-0.404531022120916,0.8145998462710592,0.6189221182416095,1.1749920810292307,1.6906321221556166,,1,0,0,,,,,
TCGA-ER-A19P-06,TCGA-ER-A19P,TCGA-SKCM,162.0804156,1.0,,,47.0,White,Female,Metastatic,0,1.5255644582858847,1.5263203295040275,1.5652651958375763,1.7726499787262844,10.0,1.214185117591765,5.464559383000887,21.519122801396076,0.20251348002314942,-16.05456341839516,1.726716408797772,1.9630312030326074,1.112763566903001,1.755296545999623,1.4341189743918936,0.9259497515428914,0.4362977015926094,,1,0,1,,,,,
TCGA-ER-A19Q-06,TCGA-ER-A19Q,TCGA-SKCM,50.89259296,1.0,,,37.0,White,Female,Metastatic,1,0.7274092752272708,0.6722459631183139,0.690408664787524,0.5056772913511343,8.0,0.8391616646195744,2.413994083421274,3.244774261441378,0.4265935511590315,-0.8307801780201076,0.48552930264717276,0.8274481656425174,-0.3549387867971147,-0.5559970125443331,1.0199688703815497,0.991179690469818,0.4405016157272873,,1,0,0,,,,,
TCGA-ER-A19S-06,TCGA-ER-A19S,TCGA-SKCM,49.47890982,0.0,,,81.0,White,Female,Metastatic,0,1.9284695883718246,1.692748918250573,1.843896310657866,1.8935151099849847,7.0,1.5640214370501448,-5.183717418586658,13.046007244970088,-0.659313957263658,-18.229724663556773,1.700356123240911,1.0693594087244673,0.9755957199297999,1.154996772587397,0.7408004862753673,1.097068818349769,-0.9762513156272928,,1,0,0,,,,,
TCGA-ER-A19T-01,TCGA-ER-A19T,TCGA-SKCM,8.876615051,1.0,,,51.0,White,Male,Primary,0,-1.7778124487207823,-1.8563692031389518,-2.1506671349288,-1.613163819807075,9.0,-1.797193795354379,0.0729341360894685,-5.896547051211333,0.5,5.96948118730079,-1.9828935974331028,-0.6097967967182114,-0.8763282699324145,-1.2649339198226695,-0.660838230236146,-0.04899604565743778,0.2098574585592734,,0,0,0,,,,,
TCGA-ER-A19T-06,TCGA-ER-A19T,TCGA-SKCM,8.876615051,1.0,,,51.0,White,Male,Metastatic,0,-0.03705614594650094,-0.04931042486768359,-0.1586782541287308,-0.1786157393445578,4.0,-1.3931038137528944,-3.1574680266018,-5.26206603015215,0.5,2.104598003550345,-0.0483610874549894,0.4872289601581549,-0.24767320311710594,-0.1863534344826797,-0.6337998299513989,0.06383851797125215,0.5117570240749356,,0,0,1,,,,,
TCGA-ER-A19W-06,TCGA-ER-A19W,TCGA-SKCM,148.1737186,1.0,,,48.0,White,Female,Metastatic,0,1.7891332969557248,1.476800043284549,1.6854128756515199,1.559456761238039,8.0,1.9170639454773384,0.9648711932096015,10.365137134225327,0.08516067820296516,-9.40026594101572,1.4600655394600195,1.457385078238154,1.2686024184043978,0.897607526494828,1.1273484786706764,0.958155464593388,0.09242253625126672,,0,1,0,,,,,
TCGA-ER-A1A1-06,TCGA-ER-A1A1,TCGA-SKCM,105.0728211,0.0,,,58.0,White,Male,Metastatic,1,0.4783263583411968,1.0414059790214407,0.7569760648713445,0.6266313609669942,8.0,0.7000313891818447,8.896167588384083,17.500230772946033,0.3370220234824417,-8.60406318456196,1.1593694054013968,2.1254863826607835,1.1979286216529677,2.46924969009479,1.4062949219837395,0.6330892058596435,0.1956341760641095,,0,0,0,,,,,
TCGA-ER-A2NB-01,TCGA-ER-A2NB,TCGA-SKCM,28.1750337,1.0,,,57.0,White,Male,Primary,0,-0.051997638014920244,0.6140648147569533,1.089254165168024,0.7577824624409342,5.0,-0.3085661792879066,-9.096454452726293,-3.2338551044875,0.5,-5.862599348238788,0.8538745999045,0.2842241384009098,0.39184077907539905,-0.6525321130964249,0.21876444986579693,0.5118442450998014,0.21583562910679804,,0,1,0,,,,,
TCGA-ER-A2NC-06,TCGA-ER-A2NC,TCGA-SKCM,43.82417727,1.0,,,50.0,White,Male,Metastatic,0,-0.25428356913130035,-0.04836939435502284,-0.30390783882227196,-0.16857628843953334,6.0,1.168215167713073,9.98773731250791,6.378406252149895,0.6102682206745472,3.609331060358,-0.25977167010723656,0.2657688625287297,0.4626865318222908,-0.7559608673155881,0.06782946149248455,0.5524344640214067,0.7560643894231981,,1,1,0,,,,,
TCGA-ER-A2ND-06,TCGA-ER-A2ND,TCGA-SKCM,23.34220995,1.0,,,57.0,White,Female,Metastatic,0,-0.17164291036339016,-0.2243448602591628,-0.3386094526069557,-0.1718455460352761,10.0,-0.6595557200044053,0.1698199703269926,-0.9424352815435201,0.5,1.1122552518705096,-0.20582064296185648,-0.6093045882567756,-0.5135956320066852,-0.8304952277832133,-0.15957575141136515,-0.5436897535221913,-0.44461435459655857,,1,0,0,,,,,
TCGA-ER-A2NE-06,TCGA-ER-A2NE,TCGA-SKCM,,,,,39.0,White,Male,Metastatic,0,-1.664573951270107,-1.832790978070041,-1.1920825555724366,-2.0041228280096814,6.0,-0.920929480657092,-4.448142834778124,-11.020591224824456,0.5,6.572448390046323,-2.0630504430823624,-1.6971024596842181,-1.2298572214862615,-1.1925472589748163,-1.2982200780482855,-1.6953724057349207,-0.9710913910464207,,0,1,0,,,,,
TCGA-ER-A2NF-01,TCGA-ER-A2NF,TCGA-SKCM,28.83256074,1.0,,,53.0,White,Male,Primary,1,0.34472713317336695,0.6123092320666595,0.48795281703409776,0.7336201218037508,8.0,0.5257212039261837,0.9334881334203612,1.9152615415370966,0.3276834541224833,-0.9817734081167336,0.7724816951898124,0.8223232880513063,0.2646626405030577,1.1543509894946609,0.4352864964685882,0.45378261013258614,0.37989671644674455,,0,0,0,,,,,
TCGA-ER-A2NF-06,TCGA-ER-A2NF,TCGA-SKCM,28.83256074,1.0,,,53.0,White,Male,Metastatic,1,-0.28297979401149903,0.2602461766527955,0.36704898707080585,0.7047767194315183,9.0,0.7656815904511376,-13.40063667077431,-8.194870662047943,0.5,-5.205766008726378,0.6141641878037243,0.17273691268790767,-0.01114677203820121,0.7660230236702564,-0.44547767266654714,-0.7934971593222294,-1.6144117010176573,,0,0,0,,,,,
TCGA-ER-A2NG-06,TCGA-ER-A2NG,TCGA-SKCM,48.98576454,1.0,,,43.0,White,Female,Metastatic,1,1.3643640146180538,1.2573359562683908,1.4980496603674056,1.3443119743448348,7.0,1.548309238003973,-0.6192327597775722,7.062852301140569,-0.09610014306440383,-7.682085060918115,1.1976407596584453,0.9305006918298558,0.08126848040130315,-0.21205753378965708,0.28770753100775553,0.8789879844762186,0.10181992196898643,,1,0,0,,,,,
TCGA-ER-A2NH-06,TCGA-ER-A2NH,TCGA-SKCM,41.55570898,0.0,,,49.0,White,Male,Metastatic,0,1.5732057742774999,1.5365605607314476,1.885739614735416,1.7739917186727236,7.0,1.3855301309448087,4.2041697837724366,16.06787530283969,0.20738755097525485,-11.86370551906723,1.5589410177216196,1.0398131685350167,1.4559366996962932,0.3970430372992387,1.1455922219517238,0.7986598964698232,0.7659597786933074,,0,1,0,,,,,
TCGA-ER-A3ES-06,TCGA-ER-A3ES,TCGA-SKCM,247.0329092,1.0,,,25.0,White,Male,Metastatic,0,-1.781599123060878,-1.6465412075709263,-1.8978845573523833,-1.551684116913632,13.0,-0.6585025088418942,-21.877209674133944,-23.271868632082604,0.5,1.394658957948635,-1.6617409743851175,-1.5288373617958133,-0.9678204885459473,-1.2912974554033594,-1.6715441874706847,-2.1197656504947293,-1.2809310864065582,,0,0,0,,,,,
TCGA-ER-A3ET-06,TCGA-ER-A3ET,TCGA-SKCM,93.00719992,1.0,,,64.0,White,Female,Metastatic,0,-0.06490631700393795,-0.061533442938818336,-0.7806673720487157,-0.5299993560834119,8.0,0.54464968179367,3.557186194616466,5.01796775545388,0.41482476178603,-1.460781560837429,-0.3753272854236785,0.8512782176488732,-0.8520075219970362,0.7002416355313711,0.4042461254821082,1.0331424789485313,0.7792948676499227,,0,0,0,,,,,
TCGA-ER-A3EV-06,TCGA-ER-A3EV,TCGA-SKCM,46.98030707,1.0,,,55.0,White,Male,Metastatic,0,-0.057436771024931714,0.10629603370887099,0.25224926089900007,0.5552430279926162,10.0,-0.6208200868198975,5.915624516788351,0.24298364364227001,0.9605456886828013,5.672640873146089,0.4636115647311282,-0.08746151781712391,0.3798215651871877,0.22318236065501215,0.25283521419972355,-0.5180036700703008,-0.5092976456305172,,0,0,0,,,,,
TCGA-ER-A3PL-06,TCGA-ER-A3PL,TCGA-SKCM,33.20511556,0.0,,,30.0,White,Male,Metastatic,0,-0.245817880955464,-0.47581705194720736,-0.37078060465829277,-0.41647426719596603,6.0,-0.015883013283445,-0.7009205387325711,-0.41075286198088196,0.5,-0.29016767675168537,-0.497462474521961,-0.5467324467074388,0.9367908956928019,-1.118770489715217,-0.2067505472818759,-0.18636424275835678,0.870800176401024,,1,0,0,,,,,
TCGA-ER-A42H-01,TCGA-ER-A42H,TCGA-SKCM,14.00532597,1.0,,,76.0,White,Male,Primary,0,-0.9674686071423458,-1.0991689330419585,-1.5664854357685716,-1.387557452368623,8.0,-1.1678025885740635,2.740714596495199,-7.421174400815904,0.5,10.161888997311113,-1.404785302394981,-0.5741897357904197,0.7672302910574539,-1.2728912915160462,-0.8415678411773799,-0.08447602728201878,0.39601869692986,,0,0,0,,,,,
TCGA-ER-A42K-06,TCGA-ER-A42K,TCGA-SKCM,12.9532827,1.0,,,40.0,White,Female,Metastatic,0,-0.5794413079931199,-0.7897539805852154,-0.951696221391402,-1.0930485412459143,8.0,-0.4968639742164521,2.474118919819759,1.3845171083119936,0.6411900220134679,1.0896018115077697,-0.9497604259097909,-0.7494122284996564,0.42577873034633057,0.010993903594420762,-0.7772469941004293,-0.8063667783041838,-0.3747683787294201,,1,0,0,,,,,
TCGA-ER-A42L-06,TCGA-ER-A42L,TCGA-SKCM,149.0285038,0.0,,,49.0,White,Male,Metastatic,0,0.8311030452092895,0.9792555144523659,1.4362331753785342,1.1883202926687306,7.0,0.857187782789003,8.900661322419673,13.876155436755777,0.3907772282899943,-4.9754941143361,1.1236900351457688,0.659447460947006,1.0369874978588116,0.7189785825636617,0.44939232206395435,1.0254043540747084,0.3919542171817163,,1,0,0,,,,,
TCGA-FR-A2OS-01,TCGA-FR-A2OS,TCGA-SKCM,12.09849755,1.0,,,49.0,White,Female,Primary,0,-1.1604011483504688,-1.1326265713701726,-1.627126144585545,-2.0677651042296707,8.0,-1.1034305523554733,3.3338559143551034,-5.827440458335306,0.5,9.161296372690405,-1.6554300043274537,-0.23809509412174454,-0.7092039501602092,-1.4187844041583422,-0.5144802343731983,0.053241095893486655,0.20449775333442516,,0,0,0,,,,,
TCGA-FR-A3R1-01,TCGA-FR-A3R1,TCGA-SKCM,22.52030115,0.0,,,69.0,White,Male,Primary,0,0.9900342968081572,0.4610721502887536,0.38947210734459903,0.3036724866497082,5.0,1.4752937958335832,-12.978900441174234,-6.9036422027627875,0.5,-6.075258238411431,0.1998790741355607,-0.6547335217137239,-0.7813548563364222,-0.3248617245158547,-0.3950153469061661,-0.2936358893717631,-0.9468639998386372,,0,0,1,,,,,
TCGA-FR-A3YN-06,TCGA-FR-A3YN,TCGA-SKCM,92.97432357,0.0,,,44.0,White,Male,Metastatic,1,0.6334998236498302,0.38907659478586964,0.3588435238099703,0.7611131937785898,12.0,0.9490352040740824,-7.612430797961151,-1.5213655767116265,0.5,-6.091065221249529,0.5548242418803611,0.22664156532804855,0.1482707435663628,0.25721891231509675,0.012487435719051709,-0.18507102109114873,-1.076744424300435,,0,1,0,,,,,
TCGA-FR-A3YO-06,TCGA-FR-A3YO,TCGA-SKCM,,0.0,,,,White,Female,Metastatic,0,-1.7942349081360345,-1.1349259626908774,-0.2508293032721583,-1.6889457724214485,7.0,-1.0153777677666602,-7.298378711302526,-16.014620587855774,0.5,8.716241876553239,-1.4391508500300372,-0.5608893283094729,-0.3418870577724853,-1.288563950622626,-0.20674864845758756,-0.0791695927184671,0.7459880393652223,,1,0,0,,,,,
TCGA-FR-A44A-06,TCGA-FR-A44A,TCGA-SKCM,174.2117895,0.0,,,29.0,White,Female,Metastatic,1,1.8258033150204345,1.5503789005343471,1.8755941310473156,1.47838679405434,8.0,1.6964473171480898,-1.0727559854936015,13.24713709551831,-0.08811585375869874,-14.319893081011942,1.428050951327071,0.8954877736878641,0.8213302982096374,-0.1171341406782322,0.7286045208162921,1.0062211662544842,0.17861441930478386,,1,0,0,,,,,
TCGA-FR-A69P-06,TCGA-FR-A69P,TCGA-SKCM,15.71489628,0.0,,,34.0,White,Female,Metastatic,1,-0.7050111860290853,-0.8133750898410294,-0.719228349093104,-0.6399442901249182,3.0,-0.9122990216385302,1.442823260905691,-7.609641451128163,0.5,9.052464712033856,-0.7358323346584762,-0.7125310336254476,-0.4097634242692325,-0.8049584746863073,-0.4889782635295924,-0.12404229672968503,0.5646264722137011,,0,1,0,,,,,
TCGA-FR-A726-01,TCGA-FR-A726,TCGA-SKCM,10.02728737,1.0,,,90.0,White,Male,Primary,0,-0.9282719204960393,-1.0494396486001925,-1.035597982113185,-1.3966811338877907,8.0,-0.8241186091538446,7.523756316347287,5.178571282204525,0.5923132007085905,2.3451850341427516,-1.3981783015828155,-0.6344844085864157,-0.39170416623869037,-1.306532925011698,0.055269954938371856,-0.2651991334821602,0.7941890310200895,,0,0,1,,,,,
TCGA-FR-A728-01,TCGA-FR-A728,TCGA-SKCM,19.16691324,0.0,,,54.0,White,Female,Primary,0,0.8586907063925698,0.82140470589879,0.840935211947186,0.9471949909608204,7.0,0.5897703078142741,6.315829707521561,9.172697881153294,0.4077747010722742,-2.8568681736317396,0.9043217138252803,0.6704126475349906,-0.055914810151903714,-0.6548607363530176,0.8796262120612294,0.31068505564637994,0.6484683708115004,,1,0,0,,,,,
TCGA-FR-A729-06,TCGA-FR-A729,TCGA-SKCM,220.7975803,0.0,,,38.0,White,Female,Metastatic,1,1.1667932169147455,1.0710659362931314,1.1798749549741943,1.2461577899711844,7.0,0.7314553080706209,8.234761320239055,15.698850962392918,0.3440667970632589,-7.464089642153844,1.1748443278944514,1.0147962545268807,0.7374490563829994,1.2740342239023026,0.46761540547329705,0.508394511099113,-0.2516138235063117,,1,0,0,,,,,
TCGA-FR-A7U8-06,TCGA-FR-A7U8,TCGA-SKCM,27.84627018,0.0,,,50.0,White,Male,Metastatic,1,-0.6791672564641017,-0.9635247340302451,-1.1142483333766227,-1.2106763379058405,5.0,-1.342277360039936,4.709335202169242,-10.023522010484731,0.5,14.732857212653975,-1.3116672702951842,-1.3170428060732096,-0.32751324861265746,-1.2585989087288931,-0.23858858749523323,-0.24608907984220493,-0.5907820370194701,,0,1,0,,,,,
TCGA-FR-A7U9-06,TCGA-FR-A7U9,TCGA-SKCM,18.77239702,0.0,,,63.0,White,Female,Metastatic,1,0.45099428145294934,0.6402547085389153,0.5293150591055571,0.227676455989474,7.0,1.1129777014835298,8.218682040663262,5.184918581367723,0.6131697200194498,3.033763459295541,0.3623573391743488,0.9009769249939984,0.6842773162290388,0.27072341640496345,0.3889559443514852,1.0852043330065448,1.3539593264669574,,0,0,1,,,,,
TCGA-FR-A7UA-06,TCGA-FR-A7UA,TCGA-SKCM,38.26807378,0.0,,,65.0,White,Female,Metastatic,0,1.8382005368276753,1.9140673176314145,2.172469623199337,2.191737563252061,7.0,2.1042052666204536,-4.593347486600219,20.255644845584253,-0.2932741845796609,-24.848992332184476,2.053283554815279,1.367762405885929,0.8341365705762902,1.566930896610164,0.7119331410125544,1.624385706554938,0.45121777462652035,,1,0,0,,,,,
TCGA-FR-A8YC-06,TCGA-FR-A8YC,TCGA-SKCM,34.81605681,1.0,,,78.0,White,Male,Metastatic,0,-0.13964517833342324,0.02159870248336358,0.05298300171527785,0.4303227645171772,5.0,-0.7270896486971541,-3.8502899376997286,-1.0941252387377454,0.5,-2.7561646989619835,0.2237133526679397,-0.499890407487303,0.19804755407374505,-0.12149596496130029,-0.6993191858232848,-0.03517398429600843,-1.0159021034114184,,0,0,1,,,,,
TCGA-FR-A8YD-06,TCGA-FR-A8YD,TCGA-SKCM,36.2626163,1.0,,,56.0,White,Female,Metastatic,1,-0.7507943784332705,-0.4629653897643367,-0.7853439781238423,-0.48950309449117735,7.0,-0.4909076995887084,3.651041569114136,-6.5705752257291525,0.5,10.22161679484325,-0.38951509418298574,-0.42595840563842824,-0.21627592373520196,0.0077481312702551985,-0.32058598185153175,-0.5103385327277427,-0.5553868682936611,,0,0,1,,,,,
TCGA-FR-A8YE-06,TCGA-FR-A8YE,TCGA-SKCM,104.4152941,0.0,,,41.0,White,Male,Metastatic,0,0.35960772185999507,0.6842233498386405,0.3465266715673829,0.5049578307088038,10.0,0.6356184142575743,7.7990476302374185,18.471008377889838,0.2968797488602461,-10.671960747652435,0.9792300508781019,1.9046203957934926,1.3391551827297807,1.7272217593394787,1.2675795126852794,0.6956664707021311,0.7024465890871532,,1,0,0,,,,,
TCGA-FS-A1YW-06,TCGA-FS-A1YW,TCGA-SKCM,216.9181708,1.0,,,52.0,White,Male,Metastatic,0,-0.5780607719019062,-0.5100963957712578,-0.8264955311483653,-0.6467966032713134,7.0,-0.3346334853512607,-8.600573222076966,-2.2886565874760922,0.5,-6.311916634600883,-0.41062647158811255,0.010250081291342994,0.11709119922604742,0.4620953032053436,0.13404812436862218,-0.40757685830539614,-0.7156598093375461,,0,1,0,,,,,
TCGA-FS-A1YX-06,TCGA-FS-A1YX,TCGA-SKCM,48.59124832,1.0,,,39.0,White,Female,Metastatic,0,-0.5589401329252174,-0.5051947075253148,-0.7525241686316537,-0.5635239533787032,5.0,-0.8990774331145178,0.5176411169875527,-2.465329770748162,0.5,2.9829708877357133,-0.5857365527772034,-0.4124567397529484,0.251538587114583,-0.6974931729242885,-0.25678264041664545,0.010699624684951036,0.608387818255827,,1,0,0,,,,,
TCGA-FS-A1YY-06,TCGA-FS-A1YY,TCGA-SKCM,228.5892757,1.0,,,55.0,White,Female,Metastatic,0,-1.4674578125864288,-1.2767539146238265,-1.1091879643294016,-1.230926592548638,5.0,-0.9738587780947436,-0.08549220755192713,-13.631811645663118,0.5,13.546319438111178,-1.2773980170687578,-1.4648881073155227,-0.8030955894403187,-1.0316370263593122,-1.1862188396489775,-0.22361678832242965,0.7210662484423968,,1,0,0,,,,,
TCGA-FS-A1Z0-06,TCGA-FS-A1Z0,TCGA-SKCM,202.649834,1.0,,,32.0,White,Female,Metastatic,0,1.078969970652504,0.7007115203038177,0.8347320090567962,0.829838670460072,7.0,0.7441936909616262,1.1670353131012061,2.2129360867234396,0.3452796414673072,-1.0459007736222365,0.688488220511315,0.464277780165274,0.9725776980993889,0.21797497914416356,0.3689029943652229,0.32168307110648736,-0.18250987773529515,,0,1,0,,,,,
TCGA-FS-A1Z3-06,TCGA-FS-A1Z3,TCGA-SKCM,20.9093599,1.0,,,72.0,White,Female,Metastatic,0,-0.6971414200302929,-0.7477221951590275,-0.862010826524081,-0.8982240744202384,7.0,-0.6676523940179921,2.428107874949864,-3.738527946083337,0.5,6.166635821033206,-0.7849291851394025,-0.5548613921168636,0.09657511638928395,-0.8928859846865652,-0.1475673913376855,-0.7760535688097082,-0.17411333469824608,,0,1,1,,,,,
TCGA-FS-A1Z4-06,TCGA-FS-A1Z4,TCGA-SKCM,28.07640464,1.0,,,62.0,White,Male,Metastatic,0,0.7593591761125484,0.8070224579654848,0.607914173834092,0.4007818846425325,10.0,0.5381624460672393,8.599660418566009,10.54612392138525,0.4491673083677856,-1.9464635028192443,0.7468936537066766,1.5004582601425784,1.044902005540335,1.7868160585918067,0.8190335444643274,0.3108806085559432,0.6087974215608725,,0,0,0,,,,,
TCGA-FS-A1Z7-06,TCGA-FS-A1Z7,TCGA-SKCM,7.791695434,1.0,,,19.0,White,Male,Metastatic,0,-0.512914824917524,-0.4936547891526092,-0.6890906270638544,-0.6758869569507093,5.0,-0.8230201249483855,10.198134688737591,4.541991932679406,0.6918620816947381,5.656142756058154,-0.6204469064603039,0.03508242659882286,0.6486785358471173,-0.7143134432674088,-0.13341278303115162,0.7392222531938428,1.731762668764151,,1,0,0,,,,,
TCGA-FS-A1ZA-06,TCGA-FS-A1ZA,TCGA-SKCM,27.71476477,1.0,,,45.0,White,Female,Metastatic,0,0.3843373516125556,0.09374976044359619,0.0866790411744133,0.12118123120303864,6.0,0.2514708487888116,4.40020072616484,5.126770935901572,0.46186772483906297,-0.7265702097367309,0.016916195571691772,-0.04962649564952223,-0.4131236678145897,0.42367975080298,0.14608647462480015,-0.12879428987236963,-0.20233776493050035,,0,0,1,,,,,
TCGA-FS-A1ZB-06,TCGA-FS-A1ZB,TCGA-SKCM,48.85425913,1.0,,,57.0,White,Male,Metastatic,0,-0.177322259053178,-0.08777383840919002,-0.3044846352442174,-0.5170392420966772,5.0,-0.3910095807294155,12.026738965212143,5.610847773443209,0.6818812087740884,6.415891191768909,-0.24823910740028324,0.6384530823424799,-0.40317925220861267,-0.5511609906883526,0.6023578333176001,1.3017535134783937,1.3918101435458587,,1,1,0,,,,,
TCGA-FS-A1ZC-06,TCGA-FS-A1ZC,TCGA-SKCM,357.3659467,1.0,,,51.0,White,Male,Metastatic,0,-1.4794168782833739,-1.793058078032296,-2.053686090693655,-1.2323473201988955,6.0,-1.883890192714514,5.236308456722816,-7.69546431586105,0.5,12.931772772583855,-1.5952272954941287,-0.9725645857838257,-0.3535049229013752,-1.4197132775849177,-0.762235435729117,-0.2764122766522388,-0.2776712616433028,,1,0,0,,,,,
TCGA-FS-A1ZD-06,TCGA-FS-A1ZD,TCGA-SKCM,53.52270112,1.0,,,63.0,White,Male,Metastatic,0,-1.32464969595032,-1.1502664166817635,0.25329735140883,-0.3861205654881879,5.0,-1.135433513301258,5.2307220685524936,-0.41844349598652486,1.0869532986664578,5.649165564539011,-0.8797153544360443,-0.7164597376760269,1.0443771686027785,-0.9910427264453482,-0.6269960634463375,-0.006933270943974812,0.3950156541569928,,1,0,0,,,,,
TCGA-FS-A1ZE-06,TCGA-FS-A1ZE,TCGA-SKCM,46.45428543,1.0,,,40.0,White,Male,Metastatic,0,-0.9275692530844136,-1.080876586566156,-1.3591011194715716,-1.1830847055790135,5.0,-1.83252496906605,-2.749236905729007,-9.25319630911245,0.5,6.503959403383464,-1.1152059842675677,-0.9022880193300168,-0.5963888949140932,-1.3099760701682301,-0.6523177147644906,-0.6265659124534156,2.9377193294238824e-06,,0,1,0,,,,,
TCGA-FS-A1ZF-06,TCGA-FS-A1ZF,TCGA-SKCM,15.45188546,1.0,,,78.0,White,Female,Metastatic,0,-0.6605256646497514,-0.6186323118646134,-0.678881190210878,-0.34790076848859414,9.0,-0.2922170344636144,5.431500350651239,-5.5421702094791465,0.5,10.97367056013038,-0.45634601088108184,-0.750187793977359,-0.5590370456728804,-1.0570673000343465,-0.22110086284821798,-0.539099798655837,0.9873505887753009,,1,0,0,,,,,
TCGA-FS-A1ZG-06,TCGA-FS-A1ZG,TCGA-SKCM,9.698523852,1.0,,,60.0,White,Female,Metastatic,0,-0.9804435060445803,-1.0275985535496108,-1.1356560593942784,-1.32988360804501,7.0,-1.3658222910269038,-13.738149865166253,-20.522153000742446,0.5,6.784003135576182,-1.3482099141845973,-0.3054928360576426,-1.2601569630218499,-0.5843372973051416,-1.2001457906722102,-0.5130799207494421,-1.682899689174404,,0,0,0,,,,,
TCGA-FS-A1ZH-06,TCGA-FS-A1ZH,TCGA-SKCM,32.74484663,1.0,,,71.0,White,Female,Metastatic,0,0.6407227631613138,0.7200082153910023,1.0695144540620616,0.7339082898529674,4.0,0.307304523507116,10.21514259199621,15.54531489883902,0.3965435239506302,-5.330172306842787,0.7454183095357763,1.0197295751275564,0.655868903121502,1.2024868984961923,0.1811029493002793,0.8418032655046966,1.532064824550671,,1,0,0,,,,,
TCGA-FS-A1ZJ-06,TCGA-FS-A1ZJ,TCGA-SKCM,47.37482329,1.0,,,75.0,White,Female,Metastatic,0,-0.1269008737260034,-0.22119087303794333,0.14178606945636502,0.06791801746765966,3.0,-1.0545383275250857,1.8244953444610008,-8.170841774869249,0.5,9.995337119330282,-0.004771646705719994,-0.4726781651558456,-0.09513169808688715,-0.7045252717025109,-0.2517400268643603,-0.49802460730402787,-0.2077626372397362,,0,0,0,,,,,
TCGA-FS-A1ZK-06,TCGA-FS-A1ZK,TCGA-SKCM,23.93398429,1.0,,,68.0,White,Male,Metastatic,0,-1.3435797773959728,-1.4807213259384306,-2.129084941113322,-1.8293558284009377,9.0,-0.8562866048037808,4.311760455287093,-7.060359949803727,0.5,11.37212040509079,-1.9027844064451098,-1.1121884333444332,-0.712345619149135,-0.6443998782238797,-0.5368350401669331,-0.9689062913177529,-0.5194052567833192,,0,0,0,,,,,
TCGA-FS-A1ZM-06,TCGA-FS-A1ZM,TCGA-SKCM,101.2591643,0.0,,,74.0,White,Male,Metastatic,0,0.7924289759706206,0.7135688686883691,1.080660731780758,0.9392359010564059,6.0,0.1883581329931703,6.407539777491268,12.724070279407403,0.3349190035984855,-6.316530501916137,0.7721895622056979,0.3486672832254328,0.9370880987090701,-0.7544184706795655,0.8459106445581306,0.6855800937369183,1.0358958667390403,,1,0,0,,,,,
TCGA-FS-A1ZN-01,TCGA-FS-A1ZN,TCGA-SKCM,23.99973699,1.0,,,43.0,White,Male,Primary,0,-0.7067041381031772,-0.8724479665546077,-1.0911711826969834,-1.0185966094602477,4.0,0.1181069676499853,-3.475380530021385,-2.2667790872287035,0.5,-1.2086014427926817,-1.06029203758269,-1.0923556590627834,-1.437095277368292,-0.861590954643738,-0.8336647365871939,0.09011402509685178,-0.38198855273119703,,1,0,0,,,,,
TCGA-FS-A1ZP-06,TCGA-FS-A1ZP,TCGA-SKCM,74.72794819,1.0,,,52.0,White,Male,Metastatic,0,-0.2498480615127848,-0.03553460856939017,-0.2614551382805192,0.10265544749903485,9.0,0.5384076027439163,-4.799565147608864,-4.7063406070135345,0.5,-0.09322454059531582,0.26015460341789703,0.47210464683009223,0.7005840482472653,0.7153661513817502,-0.09725160542899954,0.26115434553450767,0.17743452109254787,,0,1,1,,,,,
TCGA-FS-A1ZQ-06,TCGA-FS-A1ZQ,TCGA-SKCM,133.543742,1.0,,,31.0,White,Male,Metastatic,0,-0.6294972513900798,-0.29592802287421066,-0.7432591835314883,-0.39693015861624786,10.0,-0.1615660896342708,8.94774878702232,2.1074109156821033,0.8093730916282859,6.840337871340176,-0.2836672851460138,0.19385100281453835,-0.10022424273428042,0.26674886061247666,-0.3210659482879595,-0.4856935141734186,-0.5846779704678962,,0,1,1,,,,,
TCGA-FS-A1ZR-06,TCGA-FS-A1ZR,TCGA-SKCM,11.40809416,1.0,,,36.0,White,Male,Metastatic,0,0.2554168442399613,-0.005448110173134966,-0.20519313546085843,-0.11125039052752915,8.0,0.1018602753933061,6.128453123052277,3.616898735395474,0.6288590922183925,2.5115543876568136,-0.17027026343259,0.11519590301117123,0.21770400493583578,-0.7249942723800138,0.1793995737720297,-0.39895480010233747,0.4157271447667752,,1,0,1,,,,,
TCGA-FS-A1ZS-06,TCGA-FS-A1ZS,TCGA-SKCM,148.7983693,0.0,,,54.0,White,Male,Metastatic,1,-0.7118783621640202,-0.6904276316606782,-0.9548238818393864,-1.0721750100980918,8.0,-0.1521573338641534,-5.4476305911462815,-3.798467343826662,0.5,-1.6491632473196327,-0.8854466926331548,-0.115690355986042,-0.772378410920913,-0.7811104501091245,-0.7482281161162208,0.7509046177581009,0.7584649118093398,,1,0,0,,,,,
TCGA-FS-A1ZT-06,TCGA-FS-A1ZT,TCGA-SKCM,53.16106125,0.0,,,55.0,White,Male,Metastatic,1,0.6252763393841515,0.538979646178005,0.5507572416308849,0.746612363730345,9.0,1.1037675948088483,-0.6574827069928906,2.147082440732016,-0.4413821324621934,-2.8045651477249227,0.6807300106713425,0.5741277649917443,0.6150151727179942,1.0955994747851177,0.04741275364915655,0.2759170783217956,-0.23734130099883857,,0,1,0,,,,,
TCGA-FS-A1ZU-06,TCGA-FS-A1ZU,TCGA-SKCM,26.56409245,1.0,,,70.0,White,Female,Metastatic,0,-1.201731090974848,-1.5893502163905864,-1.7134427571044206,-1.6256130336385075,8.0,-1.6359985126954184,1.5709088004407545,-17.058594410492137,0.5,18.629503210932967,-1.813266324681528,-1.4949643968100261,-1.154840271344036,-1.359705033602709,-0.07944285315477898,-0.10325894602071828,-0.7255648106229172,,0,0,0,,,,,
TCGA-FS-A1ZW-06,TCGA-FS-A1ZW,TCGA-SKCM,49.47890982,0.0,,,65.0,White,Male,Metastatic,1,1.08195959385412,0.6473414714102182,0.46882343990132935,0.8364270446604223,10.0,1.1178481578310897,-9.535394500231378,1.0654139361070945,0.5,-10.600808436338449,0.6643276671754412,0.23979554778250647,0.1303123998692776,1.4816920947123104,0.08895557451563757,0.6046732251182848,-0.8427844015940253,,0,1,0,,,,,
TCGA-FS-A1ZY-06,TCGA-FS-A1ZY,TCGA-SKCM,27.09011408,1.0,,,71.0,White,Male,Metastatic,0,-1.436360482093525,-1.596050608570651,-1.6697992365229108,-1.4553886147010484,8.0,-1.8922320291120784,-7.549015760144816,-17.767779682577213,0.5,10.218763922432396,-1.6806578843237236,-0.9910285274111176,-1.5381627107009936,-1.1312992405754476,-1.1684003235296494,-1.1760215767280153,-0.242810097208801,,0,1,0,,,,,
TCGA-FS-A1ZZ-06,TCGA-FS-A1ZZ,TCGA-SKCM,27.02436138,1.0,,,54.0,White,Female,Metastatic,0,-0.48406574026143123,-0.8598571797493609,-1.2192394021918942,-1.0702752889329705,5.0,-0.3033883200453769,-12.705495991438164,-12.33007874760357,0.5,-0.3754172438346008,-1.1460846163350757,-1.2884942352442799,-0.5550254324487315,-0.4033709107029635,-1.1651086613789132,-1.1773641348055608,-1.334603424324178,,1,1,1,,,,,
TCGA-FS-A4F0-06,TCGA-FS-A4F0,TCGA-SKCM,77.81832528,0.0,,,67.0,White,Female,Metastatic,1,-0.7042316861910801,-1.092519109465186,-1.6319662417199172,-1.635933782059639,8.0,0.5966976179433343,-15.161236547683213,-9.172113451530523,0.5,-5.98912309615269,-1.802541940090986,-1.6860889376111805,-1.595953188929774,-1.255696024463502,-1.0401012944094195,-0.9814743967602745,-1.5808634869612588,,0,0,0,,,,,
TCGA-FS-A4F2-06,TCGA-FS-A4F2,TCGA-SKCM,50.13643686,1.0,,,46.0,White,Female,Metastatic,0,-1.1417041663557712,-1.076463428726734,-1.077466013048826,-1.8411105514701331,9.0,-1.1501846983032802,5.722963061936093,-4.641126018968306,5.290041692634573,10.364089080904357,-1.4204799928779734,-0.36566313029415065,-0.6947864850264459,-0.34872496534288167,-0.3953478923364144,0.3711962236759322,-0.4972103283984983,,0,0,0,,,,,
TCGA-FS-A4F4-06,TCGA-FS-A4F4,TCGA-SKCM,66.67324194,1.0,,,64.0,White,Male,Metastatic,0,-0.3446323501538433,0.24946348553525566,0.4889576696666623,0.5229816523284361,6.0,-0.8489693091903302,0.8413397630998344,-3.1531098010540988,0.5,3.994449564153933,0.5165284325793711,0.1449979439765419,-0.944906286006288,-0.7985761779696178,-0.04092276795359709,-0.31969014340480073,1.2738378197679716,,0,0,1,,,,,
TCGA-FS-A4F5-06,TCGA-FS-A4F5,TCGA-SKCM,28.73393168,1.0,,,77.0,White,Female,Metastatic,0,-0.19654018887080196,-0.7964532835198612,-1.0579250460260843,-1.2719558649340947,3.0,-0.3012002977911184,-1.7635648164328284,-4.9991620449944625,0.5,3.2355972285616352,-1.2065716978221226,-1.0812235717851637,-0.20309933510133052,-1.225260594022327,-0.37941807343408107,-0.8581518194495217,0.23288047542817925,,0,1,0,,,,,
TCGA-FS-A4F8-06,TCGA-FS-A4F8,TCGA-SKCM,174.8364402,1.0,,,52.0,White,Male,Metastatic,0,0.5305931017366606,0.7717436225699026,0.8541994741852583,0.9686390802523899,8.0,0.0793966012965029,6.910795911109385,13.753659145203915,0.33442913893817067,-6.842863234094525,1.1740420093684443,1.5286158900710929,0.7994521321426898,1.7247675751147575,0.8972157055694371,0.3982758136759007,1.3030734901525824,,1,0,0,,,,,
TCGA-FS-A4F9-06,TCGA-FS-A4F9,TCGA-SKCM,34.02702436,0.0,,,80.0,White,Male,Metastatic,0,-0.8969453564585597,-0.968477380326147,-0.42370340851823385,-0.9620762281674324,5.0,-1.429312271300008,-3.6475350045824615,-13.75683499813866,0.5,10.109299993556213,-0.9726442854879667,-1.1688988920278935,-0.8782920223805792,-0.8488426405712827,-1.0416489722407694,-0.21822159188548168,-0.49780098402352757,,0,1,0,,,,,
TCGA-FS-A4FB-06,TCGA-FS-A4FB,TCGA-SKCM,26.72847421,1.0,,,46.0,White,Female,Metastatic,0,-1.3990006861600028,-1.463912643536356,-1.6437454084423329,-1.738122144143754,7.0,-2.341100663050135,-0.0690674630499773,-10.908962977416476,0.5,10.839895514366516,-1.8575743280615258,-0.9733679070013846,-1.2916146440470555,-0.9382724808806898,-1.084781334147411,-0.6230636923405914,0.2284954904074314,,1,0,0,,,,,
TCGA-FS-A4FC-06,TCGA-FS-A4FC,TCGA-SKCM,54.41036263,1.0,,,75.0,White,Female,Metastatic,0,0.02892376509893388,-0.11512036177776788,-0.1942857232406806,-0.17546249632364486,8.0,0.2670899382432387,2.9090093929734935,3.5658053343123775,0.44928071543336645,-0.6567959413388866,-0.25044349608962313,0.07725138160436512,-0.03712621113169486,-0.5258923719740319,-0.038586810602953006,0.6637625176576624,0.33778239090389467,,0,1,0,,,,,
TCGA-FS-A4FD-06,TCGA-FS-A4FD,TCGA-SKCM,80.67856791,1.0,,,39.0,White,Male,Metastatic,0,-0.10487377574094266,-0.24072251997798985,-0.1607254642381945,0.093911737675661,3.0,-0.0979071507201796,2.990438073347751,-5.009537940695195,0.5,7.999976014042967,-0.10492253669527977,-0.46835799852495147,-0.47814426686368333,-0.01005447858077746,0.20439548650509848,-0.20634089476543735,0.43232832654896136,,0,1,0,,,,,
TCGA-FW-A3I3-06,TCGA-FW-A3I3,TCGA-SKCM,17.45734293,0.0,,,59.0,White,Female,Metastatic,0,-0.7691130980816862,-0.8132661334353432,-0.5616666789022025,-0.3048175068062509,10.0,-0.1661364531381938,4.00421911818784,3.8784668980762165,0.5079764828798308,0.1257522201116277,-0.5127449390004913,-0.9028694422505067,-0.5199272101492499,-0.23388695763119996,-0.7994745587040937,-0.6535961137205774,-1.0417520419898878,,0,0,1,,,,,
TCGA-FW-A3R5-06,TCGA-FW-A3R5,TCGA-SKCM,36.95301969,0.0,,,68.0,White,Male,Metastatic,1,0.12298960698566301,-0.10142252446239615,-0.28788356454249714,-0.3382285820311447,9.0,-0.1105596305437734,3.815255612612681,-4.965506315389842,0.5,8.780761928002505,-0.16156007132826566,0.26125640710602527,-0.637182864531393,0.8382328095024851,0.05709647512300646,-0.2769696652345288,0.4033773564691286,,1,0,1,,,,,
TCGA-FW-A3TU-06,TCGA-FW-A3TU,TCGA-SKCM,55.5939113,1.0,,,72.0,White,Female,Metastatic,0,-0.6327719982202978,-0.13796358574036754,-0.34179026769717014,-0.0156483966440589,6.0,-1.239247823985528,-1.881344480346643,-7.223618361094701,0.5,5.34227388074807,0.062710688640018,-0.1044343166394232,-0.43388180562393935,-0.13453087644516024,-0.3182847767766052,-0.5285912494967352,-1.3745691278612855,,0,0,0,,,,,
TCGA-FW-A3TV-06,TCGA-FW-A3TV,TCGA-SKCM,13.51218069,0.0,,,57.0,White,Female,Metastatic,1,-0.18495260437659267,-0.05928972948806564,-0.1474204635052723,0.19238098157717487,7.0,-0.1975902265982803,-0.7099215365392094,-1.698682971977759,0.5,0.9887614354385493,0.15359895732758408,-0.03521820362272456,-0.5346680843818032,0.8690664498497696,-0.4473402884559331,0.14606414146861635,0.21800573169373674,,1,0,0,,,,,
TCGA-FW-A5DX-01,TCGA-FW-A5DX,TCGA-SKCM,21.04086531,0.0,,,71.0,White,Male,Primary,0,-0.6241516530488435,-0.9938100949865396,-0.6035107595334466,-0.9549224812809198,7.0,-0.6191790318513029,-0.8430142789719167,-8.595106590740711,0.5,7.752092311768781,-1.0705997354016104,-0.6384284554726524,-0.3582109211616025,-0.4646607653298053,-0.7972217751096962,-0.8287399993424887,-0.523435903930146,,1,0,0,,,,,
TCGA-FW-A5DY-06,TCGA-FW-A5DY,TCGA-SKCM,19.29841865,0.0,,,48.0,White,Female,Metastatic,0,0.3853201913407416,0.7098303837243272,0.6152887639871547,0.7564555477444592,10.0,0.2825229381188366,7.008329809625376,12.546485115545606,0.3583940751392255,-5.5381553059202275,1.0122360310317042,1.4427862470958839,0.5615789689738987,2.1512438434559087,0.69735566443452,0.2752884009163168,-0.15795223210871695,,0,0,0,,,,,
TCGA-GF-A2C7-01,TCGA-GF-A2C7,TCGA-SKCM,0.690403393,0.0,,,48.0,White,Male,Primary,0,-1.5058787340377402,-1.2513809446343003,-1.2400319344336217,-1.829296500095237,9.0,-0.7758340701971281,5.483675410660503,-5.45481820535907,190.02794461139916,10.93849361601954,-1.5817369781825312,-1.1122340091661467,-1.038144664399698,-1.3418131447433694,-1.0812958156872483,0.36938905905954195,0.25790239254854996,,1,0,0,,,,,
TCGA-GF-A3OT-06,TCGA-GF-A3OT,TCGA-SKCM,9.895781964,0.0,,,58.0,White,Female,Metastatic,1,0.48530830327112756,0.45947854442926894,0.4304025321069004,0.302697224661139,8.0,2.694984256371193,-3.9934596223332335,-1.7308780596653304,0.5,-2.262581562667908,0.16291754553457719,0.20444746185468335,-0.30571982762233957,-0.9343676353692789,0.2497535411908319,0.7506420208015837,1.657990616856533,,0,1,0,,,,,
TCGA-GF-A4EO-06,TCGA-GF-A4EO,TCGA-SKCM,19.42992406,0.0,,,74.0,White,Female,Metastatic,0,1.4691850804565247,1.417408026619958,1.4503083318957428,1.588060530321855,10.0,1.48460028853141,0.9037248421344393,15.890326367067289,0.05381219997943522,-14.986601524932803,1.462547630763826,1.549628203366508,1.133131450931497,1.5332099751429367,0.7663362053340235,0.9270531124199406,-0.721405240694049,,1,0,1,,,,,
TCGA-GF-A6C8-06,TCGA-GF-A6C8,TCGA-SKCM,2.038333827,0.0,,,62.0,White,Female,Metastatic,0,0.5383244360158024,0.33499850092502415,0.6865548183760138,0.5030778238377488,5.0,0.2984109597192497,2.6757115486704497,0.045502291734656815,0.983278678412174,2.6302092569357898,0.4107487718338994,-0.09261513068924325,-0.36999681777653254,0.4442188857372551,-0.11680605741002333,0.11306212257386923,-0.22901916904563907,,1,0,0,,,,,
TCGA-GF-A6C9-06,TCGA-GF-A6C9,TCGA-SKCM,15.78064898,0.0,,,78.0,White,Male,Metastatic,0,0.9681794292348368,1.0678714079789309,0.7478163536477145,0.5713097048767486,8.0,-0.1239974435331134,9.004923003094378,15.664163648374453,0.3650286340276085,-6.6592406452801,0.8392755858332821,1.4101335142648423,0.1939867632753589,1.9511100311449205,1.0913154913083312,1.3698824456445582,0.6234207536180223,,1,1,0,,,,,
TCGA-GF-A769-01,TCGA-GF-A769,TCGA-SKCM,35.17769668,1.0,,,39.0,White,Male,Primary,0,-0.9856591603345578,-1.1573263194394239,-1.1374915301893047,-1.1570225754861199,10.0,0.2191455468242399,1.8568515799871534,-6.4921243105232795,0.5,8.348975890510436,-1.3465834601850772,-1.0475790760444421,-0.0596050962758418,-1.2555317273011015,-0.5175005239519189,0.23507986713337123,-1.1576183726545672,,1,0,0,,,,,
TCGA-GN-A262-06,TCGA-GN-A262,TCGA-SKCM,139.8888779,0.0,,,47.0,White,Female,Metastatic,0,-1.557257674469249,-2.123239518569923,-2.2701967642927614,-2.2625831777925045,7.0,-2.1665044003758056,-4.621018264061014,-15.609739198294939,0.5,10.988720934233907,-2.3602579378967237,-0.06979042764095993,-0.5255186194026468,-1.0360893494878443,-0.8439238947651294,-2.3235387388494684,-1.1872300358051822,,1,1,1,,,,,
TCGA-GN-A263-01,TCGA-GN-A263,TCGA-SKCM,15.3532564,1.0,,,24.0,White,Male,Primary,0,0.11236522376762466,-0.18117425914386193,-0.3361227143227504,-0.18763741752193136,9.0,0.5438567121080852,-9.538870016348222,-5.34632372280181,0.5,-4.192546293546396,-0.06815500071819165,-0.5090227508868788,0.3172886655265778,-0.528453582599323,-0.2709710359386617,-0.4450241724922487,0.5995889574195632,,1,0,0,,,,,
TCGA-GN-A264-06,TCGA-GN-A264,TCGA-SKCM,117.9274748,1.0,,,60.0,White,Male,Metastatic,1,-0.9620015429442894,-0.8489670406913893,-0.9505174520422888,-0.8610728267239433,9.0,-0.888086859102074,-1.7549150952881167,-8.990466633347353,0.5,7.235551538059233,-0.8747160874231247,-0.5979136972568835,0.5046122708662156,-1.0146523886146521,-1.0424422409992764,-0.20142362712231124,0.9156121067976108,,0,0,0,,,,,
TCGA-GN-A265-06,TCGA-GN-A265,TCGA-SKCM,96.91948581,0.0,,,53.0,White,Male,Metastatic,0,0.9859021115598113,0.8734302915030835,0.7817674951713318,0.6166087495158248,9.0,0.8743807591176428,8.1665669267622,15.586431878562037,0.34381203795335785,-7.419864951799833,0.7730129373694611,1.6343067667746416,1.0881213333564423,0.9747167430724405,1.108954950206097,1.3381668694706583,1.7526038018153907,,1,0,0,,,,,
TCGA-GN-A266-06,TCGA-GN-A266,TCGA-SKCM,10.12591643,1.0,,,45.0,White,Male,Metastatic,0,1.220187725087059,0.9729508583865241,0.4915015058913641,0.6420161946298841,9.0,1.4375538355754138,7.448759528082111,11.264937631523257,0.3980378363801197,-3.8161781034411617,0.6451352453071931,1.281611819168255,0.36612472956475545,0.27512726930319653,0.379887892948721,1.176231852486612,1.2303547515241917,,0,0,1,,,,,
TCGA-GN-A267-06,TCGA-GN-A267,TCGA-SKCM,64.43765,1.0,,,38.0,White,Male,Metastatic,0,0.16976763042498796,0.2628775261826468,0.3146918469630386,0.8679328713806715,5.0,-0.867644235898688,1.221072744821717,-2.73735313608437,0.5,3.9584258809060895,0.763357407984359,-0.3651750682504697,-0.16492773162106186,-0.08823054795861503,0.14898393088821116,-0.5699774649777825,0.18500865929878196,,0,1,0,,,,,
TCGA-GN-A268-06,TCGA-GN-A268,TCGA-SKCM,62.7938324,1.0,,,83.0,White,Female,Metastatic,0,-0.8296275801254919,-0.9993383713252916,-0.7296251674092513,-0.8967544438378401,5.0,-0.9420964168763624,-5.019987106288905,-16.15251559937026,0.5,11.132528493081352,-1.06320823844927,-1.4059922769243702,-1.3058266575433644,-1.0381841798993816,-0.6898171201264518,-0.3770513651749253,-0.6794637027646206,,0,1,0,,,,,
TCGA-GN-A26A-06,TCGA-GN-A26A,TCGA-SKCM,32.48183582,1.0,,,63.0,White,Female,Metastatic,0,0.6296471527771283,0.45842557030905773,0.6712442162921579,0.28720848573385926,8.0,0.4105817201286399,1.596072817183925,8.903027090744688,0.15201996658576583,-7.30695427356076,0.21130472193495545,0.9068884633155898,0.3076884285718361,-1.2247745475769736,0.27701755095991687,0.49789052536092465,0.5290036460788231,,1,0,0,,,,,
TCGA-GN-A26C-01,TCGA-GN-A26C,TCGA-SKCM,26.99148503,1.0,,,77.0,White,Male,Primary,0,1.418238234337376,1.4261138430137175,0.9535034557935519,1.233772299692851,8.0,2.530135902200421,-0.5047955759465307,10.528327732661047,-0.050361047189176784,-11.033123308607525,1.2458281626959367,1.0650378809336127,0.407992503060071,0.9778838504254722,-0.2790511738093125,0.6840971575326797,0.282359673708914,,1,0,1,,,,,
TCGA-GN-A26D-06,TCGA-GN-A26D,TCGA-SKCM,47.99947398,1.0,,,72.0,White,Female,Metastatic,0,-0.6822467064301082,-0.7058102616270742,-0.8615635042309964,-0.7690317167398153,7.0,-0.9247216237013824,-3.343758107936183,-5.834869578294347,0.5,2.4911114703581445,-0.6930262987169197,-0.6132404990694077,0.2385663702031269,0.3415965091891228,-0.5225413644921666,-0.7345066773854404,-0.5718766868933863,,0,0,0,,,,,
TCGA-GN-A4U3-06,TCGA-GN-A4U3,TCGA-SKCM,121.9055134,0.0,,,30.0,White,Male,Metastatic,1,-1.1082514851402536,-1.0732938999842154,-0.8734380577336861,-0.8704687778919158,8.0,-0.0084938760485062,-7.341521211626539,-9.045865121851575,0.5,1.7043439102250202,-0.9454034456100384,-1.1210228815840249,-1.3077032516952312,-0.5138875124226335,-0.6021441768856954,-0.35203314369911237,-1.2068326253975656,,0,1,0,,,,,
TCGA-GN-A4U4-06,TCGA-GN-A4U4,TCGA-SKCM,39.35299339,0.0,,,73.0,White,Male,Metastatic,1,-0.697771856096279,-0.7145381820010046,-0.8431144057342405,-0.41264454600387335,5.0,-0.4638854237425067,-7.781602973174138,-11.984228015669384,0.5,4.2026250424952565,-0.27933772789668515,-0.617862926313224,-0.7453020280273098,0.5419389872955346,-0.9555183596172002,-0.8040749216859562,-1.20647916434007,,0,1,0,,,,,
TCGA-GN-A4U5-01,TCGA-GN-A4U5,TCGA-SKCM,38.00506296,0.0,,,61.0,White,Female,Primary,1,1.3297542198602563,1.178093247450556,1.0858936886683124,1.1296389738277732,7.0,1.555302406781288,2.9937976140790723,16.359927058926523,0.1546884470385587,-13.36612944484748,1.107570280904066,0.47272526256742714,0.7167645834934406,-0.7858265428822907,0.9983689055755658,0.6739441985083813,-0.2646596725791146,,1,0,0,,,,,
TCGA-GN-A4U7-06,TCGA-GN-A4U7,TCGA-SKCM,10.4218036,1.0,,,56.0,White,Female,Metastatic,0,-1.659999517141881,-1.5897684956308276,-2.048710980238861,-1.6929984868369563,9.0,-0.2932937117322837,0.8285774224572171,-11.856427208217585,0.5,12.685004630674811,-1.6055607707275836,-1.4850808285654375,-1.339735497803516,-0.6084012668431287,-0.8168780761022514,-1.293564054846684,-0.9021088093440628,,1,0,0,,,,,
TCGA-GN-A4U8-06,TCGA-GN-A4U8,TCGA-SKCM,48.88713548,0.0,,,51.0,White,Male,Metastatic,1,0.9617675344449279,0.9161130310143668,0.945943734487716,0.9664975485286654,11.0,0.7370843334139545,2.326261372279042,6.521984903589387,0.2629064901395645,-4.195723531310344,1.0419452077085807,0.6762683718663588,-0.25568956372208834,1.3062005019802443,0.6554683908553403,0.31041880258532106,-0.9479219949444951,,1,0,0,,,,,
TCGA-GN-A4U9-06,TCGA-GN-A4U9,TCGA-SKCM,22.12578492,1.0,,,71.0,White,Male,Metastatic,1,-0.2534573607069602,-0.5076749982655095,-0.4835283682448628,-0.7960158918511338,8.0,-0.625538683498334,7.351423941767534,4.35385998357022,0.6280431972994974,2.9975639581973024,-0.46612152745799207,-0.18591209479589058,0.36959204239934085,-0.4849732797554653,0.23476319108184476,-0.06341604318464326,0.619061431844653,,0,1,0,,,,,
TCGA-GN-A8LK-06,TCGA-GN-A8LK,TCGA-SKCM,50.10356051,1.0,,,70.0,White,Male,Metastatic,0,-1.5721339583277485,-1.4235013553139768,-1.3779683549522732,-1.1400936139677509,4.0,-1.2171953032658185,-5.409320565257376,-17.638828225048222,0.5,12.229507659790825,-1.2981134818796491,-1.5484992742702834,-0.9887465145910236,-0.7828058563301622,-0.955442706401994,-2.091843264164123,-1.0042633902851286,,0,0,1,,,,,
TCGA-GN-A8LL-06,TCGA-GN-A8LL,TCGA-SKCM,21.36962883,1.0,,,68.0,White,Female,Metastatic,0,-1.2076729956500516,-0.661324442915846,-0.42078693327912464,-0.30896849094901147,8.0,-1.3587076864784555,-11.936925165733697,-14.715707061152527,0.5,2.77878189541883,-0.3612723390474303,-0.8165155165925957,0.3960004090167278,-0.25626282738291395,-0.7933029180870985,-1.4847747313064144,-0.8363477325635595,,0,0,0,,,,,
TCGA-GN-A9SD-06,TCGA-GN-A9SD,TCGA-SKCM,59.40756814,1.0,,,59.0,White,Female,Metastatic,0,0.40070287032711027,0.5955524387607015,0.337519510350035,0.9309839704819287,10.0,-0.7602811220907202,8.243016861218171,11.462108811884764,0.41831841105533824,-3.219091950666634,1.1504775266056657,1.2890904554335452,0.802499407230476,1.629596161735825,0.8998948502821145,0.2536025752857352,0.47352689792719094,,1,0,0,,,,,
TCGA-HR-A2OG-06,TCGA-HR-A2OG,TCGA-SKCM,0.230134464,0.0,,,50.0,,Female,Metastatic,0,0.36658794888586543,0.40688732415346446,0.25155191838185215,0.0838567674249386,7.0,0.6953566126534746,5.119992868838461,12.61017964740388,0.28877287370712906,-7.4901867785654055,0.16620479361844415,0.8636853834843791,0.8242005225319478,0.8740659198419483,0.3013921735407866,0.6363250009439678,1.2125705938154434,,0,1,0,,,,,
TCGA-HR-A2OH-06,TCGA-HR-A2OH,TCGA-SKCM,65.88420949,1.0,,,46.0,,Female,Metastatic,1,1.8571260851642235,1.7068173146318537,1.915556424666146,1.8581922963531918,7.0,1.8199755965885316,-1.991438634800026,10.371312424573945,-0.23764542101221228,-12.362751059373954,1.6841209230849536,1.2225436640381016,1.605607085450427,0.4948063020646811,0.7418791179370358,1.151029162075065,-0.39610713052549823,,1,0,0,,,,,
TCGA-IH-A3EA-01,TCGA-IH-A3EA,TCGA-SKCM,17.22720847,0.0,,,61.0,White,Male,Primary,0,-1.1200465738126721,-0.51394528339903,-0.22325281628004248,-0.7457520873237227,7.0,-0.0974716032794587,-8.890384688495136,-19.300172959701293,0.5,10.409788271206157,-0.5903601582413678,-0.7089087541153871,-1.333199969314103,-1.0793418567056257,-0.3756934305522017,-0.22818567153329788,-0.9254343641077456,,1,0,0,,,,,
TCGA-LH-A9QB-06,TCGA-LH-A9QB,TCGA-SKCM,368.7740408,0.0,,,24.0,White,Female,Metastatic,0,-0.7780186658661149,-0.9098571676377644,-0.4266727685538936,-1.271820036677278,6.0,-0.004368899027198,-2.444840725949859,-5.143074315582609,0.5,2.6982335896327556,-1.160798080535094,-1.311392774979333,0.08027326970307548,-1.0655967593535507,-0.47401643414311173,-0.4187289497472782,-0.34935072762042224,,1,0,0,,,,,
TCGA-OD-A75X-06,TCGA-OD-A75X,TCGA-SKCM,297.8926258,1.0,,,49.0,White,Male,Metastatic,0,0.17993804157262408,-0.38288409244064053,-0.38735268827377234,-0.8536025420333019,8.0,0.3943289932934766,0.20045637864167007,-1.6444565752134448,0.5,1.8449129538551163,-0.7926491259498177,-0.5310919907906392,-0.09226395198438982,-0.7528988224335915,-0.2769973891741209,-0.10650074591977292,-0.3004628094186974,,1,0,0,,,,,
TCGA-QB-A6FS-06,TCGA-QB-A6FS,TCGA-SKCM,7.232797449,0.0,,,49.0,White,Male,Metastatic,0,0.13620000298801316,0.7526802184282348,0.8811567433781017,0.9911498154329361,7.0,-0.5106459253018922,-2.897954992492896,-5.787986804842701,0.5,2.8900318123498066,1.03931843614289,0.8610828539920711,0.41033465372973144,1.1127751517543132,0.34587893222040367,-0.2748740268770159,0.4361712046340652,,1,0,0,,,,,
TCGA-QB-AA9O-06,TCGA-QB-AA9O,TCGA-SKCM,18.04911727,1.0,,,73.0,White,Male,Metastatic,1,0.5932156867024899,0.6253550434731812,0.9133911386488869,0.8744778075038531,8.0,0.1881995250631176,-3.5308176165357894,-1.6856792601563668,0.5,-1.8451383563794244,0.8314580256356843,-0.33290419053658754,-0.6542289982348966,0.6069048182692997,0.3739755101397376,-0.019902432980247197,-0.8614292138072903,,0,1,0,,,,,
TCGA-RP-A690-06,TCGA-RP-A690,TCGA-SKCM,0.197258112,0.0,,,66.0,White,Female,Metastatic,0,-1.162279632082623,-0.931651111028688,-1.270415052723176,-1.0124629407155117,10.0,-0.5057893574528824,-12.187625546393177,-5.959781707639768,0.5,-6.227843838753407,-0.9082083115181856,-0.5747505478310526,-1.2339456625112268,-0.9257476533474965,-1.061329767365867,-0.3040040244838148,-0.9756952604865208,,0,0,0,,,,,
TCGA-RP-A693-06,TCGA-RP-A693,TCGA-SKCM,0.32876352,0.0,,,77.0,White,Male,Metastatic,0,0.7337739891624055,0.4931192060980455,0.37532305185340686,0.5791662638403589,12.0,0.2950157827515132,0.7166021449358779,4.00598546928279,0.15173930130556967,-3.2893833243469084,0.43747121113110254,0.341664523768843,0.24192868701191084,0.8555241729270356,0.46685210479917005,0.7093633390971414,0.3573768636818445,,0,0,0,,,,,
TCGA-RP-A694-06,TCGA-RP-A694,TCGA-SKCM,0.690403393,0.0,,,71.0,White,Male,Metastatic,0,0.16890523675734628,0.12541270857908357,0.1570311366661388,0.2612799539858308,6.0,-0.6699547962536777,0.41090191961705974,-2.9870947179272087,0.5,3.3979966375442765,0.18784106591628286,-0.2256440506501809,0.13280506670514206,0.21807425742475992,0.20275887003122928,0.15626691752930294,-0.0329608533405773,,0,1,0,,,,,
TCGA-RP-A695-06,TCGA-RP-A695,TCGA-SKCM,,0.0,,,,White,Male,Metastatic,0,-0.44098267968550814,-0.14564255879688828,-0.002980698627738452,0.2226946552834752,6.0,0.6832683128162922,0.1657411227775562,-8.030419830346638,0.5,8.196160953124222,0.1310146236526884,-0.6596481725347743,-0.4926753235316597,-0.25264583104968297,-0.24717790802696418,0.02800891917251023,-0.7372819104877595,,0,1,0,,,,,
TCGA-RP-A6K9-06,TCGA-RP-A6K9,TCGA-SKCM,,0.0,,,,White,Female,Metastatic,0,0.12724815477350201,0.4599472230061825,0.6851661253821784,0.7680798270181032,7.0,0.7034738891309511,-4.97018307013048,0.9304021416177598,0.5,-5.900585211748244,0.6717125482318811,0.2207780078214947,-0.2866974790098768,-0.5577550833744774,-0.13175171822328408,0.38240928931489987,0.14608976312006303,,0,0,0,,,,,
TCGA-W3-A824-06,TCGA-W3-A824,TCGA-SKCM,228.1618832,0.0,,,63.0,White,Male,Metastatic,1,1.1071033519342142,0.9464855226694714,1.082407564684886,1.0062633044528078,7.0,1.1691205212223008,-9.411202751912963,-0.22182354990784925,0.5,-9.189379202005123,0.8965710224015275,-0.3340654086268109,-0.05621908497639764,-0.029901449141797067,-0.188478546653528,0.15313771669717352,-0.7307099440196638,,0,1,0,,,,,
TCGA-W3-A825-06,TCGA-W3-A825,TCGA-SKCM,63.02396686,1.0,,,60.0,White,Female,Metastatic,1,0.5548352723306266,0.5492389677056466,0.9985790742592933,0.9063388315856848,4.0,-0.2191301725894288,14.95461999996821,19.547361650868073,0.43344234981371654,-4.5927416508998515,0.8455141983628591,1.000948382219886,0.8569144448421954,-0.14742982347513353,0.3506252186068852,0.5076175827762822,0.7830788092939616,,1,1,0,,,,,
TCGA-W3-A828-06,TCGA-W3-A828,TCGA-SKCM,121.0836046,1.0,,,66.0,White,Male,Metastatic,1,-0.3967543201977966,-0.2733538515259209,-0.22668402295817136,-0.6711708972288131,6.0,-0.3480077903480214,11.576497207776686,15.425965301316829,0.4287200548423357,-3.8494680935401266,-0.4914040564514147,0.20609659711748937,0.5067084463813739,-0.6857041789122776,0.07985574290084393,1.0337766894542217,2.3263950677931255,,0,0,1,,,,,
TCGA-W3-AA1O-06,TCGA-W3-AA1O,TCGA-SKCM,4.010914949,1.0,,,85.0,White,Male,Metastatic,0,-1.0611107870660181,-1.0383904335978864,-0.9417182450164769,-1.1898006438053625,8.0,-0.3526760038048711,0.4418403577201284,-9.037010934897971,0.5,9.478851292618106,-1.1004550298536133,-0.8514937294543853,-0.8932964754762809,-0.6020666184660476,-0.6664687748673221,-0.49256318797956206,-0.10841201838197964,,1,0,0,,,,,
TCGA-W3-AA1Q-06,TCGA-W3-AA1Q,TCGA-SKCM,69.07321564,1.0,,,57.0,White,Male,Metastatic,1,0.46615222373421705,0.39717598593213765,0.2509483090652411,0.4857177000023223,9.0,0.9970168147009348,-5.069810111581766,-6.220482226812719,0.5,1.150672115230956,0.4677900981741362,0.2996498220159167,-0.29653583444889103,0.3020118404796524,-0.06377912243937285,-0.42585587328817026,-0.743662664780295,,1,0,0,,,,,
TCGA-W3-AA1R-06,TCGA-W3-AA1R,TCGA-SKCM,111.0891935,1.0,,,71.0,White,Male,Metastatic,1,0.3467831359588976,0.06437047033869134,0.18641443367067806,0.2361577041243783,7.0,0.1301274292400077,-2.3097813549930954,-4.053034888715735,0.5,1.7432535337226436,0.12051917023495602,-0.6753426613645637,-0.459447592731492,0.0008054475469021402,0.003696589528706107,-0.5473728976989216,-1.3875092978578976,,1,0,0,,,,,
TCGA-W3-AA1V-06,TCGA-W3-AA1V,TCGA-SKCM,42.08173061,1.0,,,63.0,White,Male,Metastatic,1,-0.030942426318300065,0.230964083924409,0.8317511842036377,-0.27365598150817294,8.0,2.3297218706048457,2.5473751893510865,2.0260486926495327,0.5569952086393425,0.5213264967015504,-0.25439910013962974,0.3454752439194378,0.865920320801703,-0.9166864803427703,0.14414841851412744,0.8821757444458831,0.1907197412544277,,1,0,1,,,,,
TCGA-W3-AA1W-06,TCGA-W3-AA1W,TCGA-SKCM,219.1537627,0.0,,,64.0,White,Male,Metastatic,1,1.831545386101055,1.7488323908856374,1.9700745761521765,1.8778054947497411,8.0,1.6954525662744706,-3.9016917735867542,13.197963264353973,-0.41970501587241715,-17.099655037940725,1.7459121471378678,1.4057418969451814,0.8836703797002675,0.997323174251814,0.592712527266402,0.8785304900753597,-0.7801424711688721,,1,0,0,,,,,
TCGA-W3-AA21-06,TCGA-W3-AA21,TCGA-SKCM,105.0399448,1.0,,,26.0,White,Male,Metastatic,1,-0.6754987703092356,-0.44704803622755596,-0.773682574555469,-0.14342223152674716,5.0,-1.5962374496366627,-9.778028429630735,-11.832822850695804,0.5,2.054794421065074,-0.03788484586937047,-0.9882124709651139,-0.1493268298308962,0.18876993178020393,-0.5208728870685109,-1.6788156546188815,-0.7341441117573098,,1,0,0,,,,,
TCGA-WE-A8JZ-06,TCGA-WE-A8JZ,TCGA-SKCM,24.03261334,0.0,,,70.0,,Male,Metastatic,0,-0.2073461338335041,-0.5003272380336176,-0.6375104884872802,-0.19334880024216916,6.0,-0.3502022340368971,-1.748480601144638,-2.291594821190889,0.5,0.543114220046252,-0.3178034894177774,-0.5017341575114213,-0.888549534978008,0.07487565094713201,-0.17244305648983377,-0.6767004144830924,-0.19144198929450545,,0,1,0,,,,,
TCGA-WE-A8K1-06,TCGA-WE-A8K1,TCGA-SKCM,49.05151724,0.0,,,74.0,White,Male,Metastatic,0,0.8767154224648968,0.7798396916871789,0.9423141027658624,0.995210847310175,6.0,0.6139738663430745,2.2530161431868474,5.521577120010152,0.2897921559256441,-3.268560976823317,0.945694786091833,0.5565614901077431,0.12155611708724869,0.6954433374720349,1.0368221961893755,-0.28930134222282494,-0.05247035073655298,,0,1,0,,,,,
TCGA-WE-A8K5-06,TCGA-WE-A8K5,TCGA-SKCM,61.15001479,1.0,,,65.0,White,Male,Metastatic,0,0.5846207744410955,0.2314493207026184,0.056418839825981476,0.287293582370355,8.0,-0.239700022993724,1.6587056532083648,-2.1818346985351553,0.5,3.84054035174353,0.23668885414841262,-0.0711060175209144,0.25367080185934937,-0.47763969134903167,0.27075137876893773,-0.2878525126298513,0.9560595666866505,,1,0,0,,,,,
TCGA-WE-A8K6-06,TCGA-WE-A8K6,TCGA-SKCM,17.95048821,0.0,,,79.0,White,Male,Metastatic,0,-0.7180966246798217,-0.8334986377479559,-0.8421355056574465,-0.9384283414845922,8.0,-1.346441028510713,-4.870054095599885,-3.401256463303743,0.5,-1.46879763229614,-0.9769938454856816,-0.9280245238083512,-0.5970520421256267,-0.9172777752471252,-0.26334934820572553,-0.0176778346044275,0.045920577530063594,,1,0,1,,,,,
TCGA-WE-A8ZM-06,TCGA-WE-A8ZM,TCGA-SKCM,101.324917,0.0,,,70.0,White,Male,Metastatic,1,-1.734124172330336,-1.5006108708980763,-1.9483664219867527,-0.1990524436651137,8.0,-1.3650031405131846,6.994369788351636,8.424535913984878,0.45362296931952445,-1.4301661256332505,-0.9287566987460222,-1.255003099933333,-0.5405972589946683,-0.6781100086009207,-1.0515405410998053,-0.08356830669816424,0.4758428891541564,,0,0,1,,,,,
TCGA-WE-A8ZN-06,TCGA-WE-A8ZN,TCGA-SKCM,58.98017556,0.0,,,57.0,,Male,Metastatic,0,0.5253349969905104,0.846050497372259,0.9392900601179954,1.0576586288276273,8.0,-0.1202709999234161,4.643732225600569,1.899497499177481,0.7097003194027529,2.7442347264230955,1.0585453355794756,-0.08714021271566692,0.07383434576782977,0.35435407786273965,0.7446103420543615,-0.041144623346540066,1.1912647307653468,,0,1,0,,,,,
TCGA-WE-A8ZO-06,TCGA-WE-A8ZO,TCGA-SKCM,70.51977513,0.0,,,73.0,,Female,Metastatic,0,0.8950303225495175,0.5444145913943915,0.4834623757686197,0.5101656759615817,5.0,0.6307705288384945,-3.4382919228805684,0.6158729052908736,0.5,-4.0541648281714355,0.37917169907748793,0.25784616691951157,0.41605633023447935,-0.47102467572586154,-0.1552799793722887,0.5107048537203881,-1.0923013665789867,,0,1,0,,,,,
TCGA-WE-A8ZQ-06,TCGA-WE-A8ZQ,TCGA-SKCM,63.22122497,0.0,,,48.0,,Male,Metastatic,0,-1.3359427951631468,-1.5938947194534947,-2.3587057820652677,-2.0668769570401766,9.0,-1.3440135460341474,4.10743166065226,1.1566519884559074,0.7802747703958189,2.950779672196348,-2.083374306004485,-1.1233805544754312,-0.45315688080193545,-1.2094869234469663,-0.8988045847619631,-0.5335079531229628,0.07557374107920846,,1,0,0,,,,,
TCGA-WE-A8ZT-06,TCGA-WE-A8ZT,TCGA-SKCM,11.80261038,0.0,,,25.0,White,Female,Metastatic,0,-0.7648045654839736,-0.7038408933419924,-0.9122412849252117,-0.6839041336428566,7.0,0.762761302428412,-9.870309956816806,-9.308936180309768,0.5,-0.5613737765070459,-0.5398011329632649,-0.3723588419342376,-0.9961183217329671,0.3792126255646568,-0.9567685839285908,-0.4511008769650425,-0.7643737812886947,,1,0,0,,,,,
TCGA-WE-A8ZX-06,TCGA-WE-A8ZX,TCGA-SKCM,35.80234737,0.0,,,45.0,White,Male,Metastatic,0,0.7475661439994323,0.6096063017779281,0.9459558342934263,0.8668829565386786,7.0,0.0178691516206545,9.713093228675271,4.328849667246478,0.6917200348034658,5.3842435614288116,0.761906687261417,0.056911628078482344,0.48630326309936317,0.565624083436315,0.019817228944799602,0.5886313590711685,-0.3172553011564433,,1,0,0,,,,,
TCGA-WE-A8ZY-06,TCGA-WE-A8ZY,TCGA-SKCM,49.51178617,1.0,,,62.0,White,Male,Metastatic,0,-0.33086563935005403,-0.4289091863930407,-0.38748135382607596,-0.7758102273715785,7.0,0.3187311496385507,2.277703468365033,-2.435897478615245,0.5,4.713600946980275,-0.7735012253467091,-0.700075316067533,-1.091995849547806,-0.00872118112939746,-0.3663978600010766,-0.3484950939812916,0.12400949888341234,,0,1,0,,,,,
TCGA-WE-AA9Y-06,TCGA-WE-AA9Y,TCGA-SKCM,12.16425026,0.0,,,37.0,White,Male,Metastatic,0,-1.0073613349205779,-0.26534928712162376,-0.0368700653110774,-0.2226557169556074,10.0,-1.0360543402112976,10.75053335352796,5.174641737770109,0.675065315884805,5.57589161575785,0.0867924553182693,0.32563335362385953,0.5740830094031584,0.9744065416338984,-0.0417839273370744,-0.096032625002035,1.7381708412830337,,0,0,0,,,,,
TCGA-WE-AAA0-06,TCGA-WE-AAA0,TCGA-SKCM,40.40503666,0.0,,,47.0,White,Male,Metastatic,1,0.02071600269258043,-0.016554626640122798,-0.3841142331435239,-0.2639585168855886,8.0,-0.4223371592625373,-0.47377335662307035,0.8691656408060245,-1.1982362215339741,-1.3429389974290962,0.056291432110548364,0.21334107823167922,-0.5741486386285352,1.2710327311071008,0.053815750450362264,0.08152530270602656,-0.7408692245990184,,1,0,0,,,,,
TCGA-WE-AAA3-06,TCGA-WE-AAA3,TCGA-SKCM,21.40250518,0.0,,,84.0,White,Female,Metastatic,0,0.4450595077668531,0.6314959306528652,0.7607662530573147,0.7719433991251743,4.0,0.765913109249077,2.9922582979058325,0.4288984641243221,0.8746334956397004,2.5633598337815124,0.5900277122695523,0.027179839774064945,0.48874928241719967,-0.3320920994645153,0.15810096821317113,0.30643964294799,0.7364232849160484,,0,1,0,,,,,
TCGA-WE-AAA4-06,TCGA-WE-AAA4,TCGA-SKCM,24.98602755,0.0,,,56.0,White,Female,Metastatic,1,1.1995144582315689,1.5769002966229753,1.9260399826154941,1.6614073648914793,7.0,1.171273227618492,-5.132745430722512,4.173131278987457,0.5,-9.305876709709963,1.6164415054746768,0.9251138383029861,0.5874676310065465,0.1807728772047439,0.9465037015280384,0.9042751461856773,0.9412909095426516,,1,0,0,,,,,
TCGA-XV-AB01-06,TCGA-XV-AB01,TCGA-SKCM,13.24916987,0.0,,,54.0,White,Female,Metastatic,1,-0.6552471784196531,0.08622826995422331,0.030387954131106093,0.1202095739525269,5.0,-1.1291375199552438,-15.708389587410016,-17.121076113277834,0.5,1.4126865258678185,0.302374729806343,0.24001204831690068,-0.45436697047150787,0.6730382481480857,-0.3829186238503451,-0.76462969109745,0.6979844996568556,,0,0,0,,,,,
TCGA-YD-A89C-06,TCGA-YD-A89C,TCGA-SKCM,6.904033928,0.0,,,43.0,White,Female,Metastatic,0,-1.2590919207445144,-1.3480906746923578,-1.1076640338681756,-1.28305131477084,6.0,-2.326226528254617,-5.29145387570326,-14.777584420412042,0.5,9.486130544708809,-1.2180457904687267,-1.1718976426908088,-0.0677568597708923,-0.9325319452791184,-1.5703516251272247,-0.5824579156100129,-0.4466302000904291,,0,1,0,,,,,
TCGA-YD-A9TA-06,TCGA-YD-A9TA,TCGA-SKCM,49.18302265,0.0,,,75.0,White,Male,Metastatic,0,0.573248737155749,0.34271970461313056,0.5688715049975235,0.15081446955374767,10.0,0.3288585577125932,8.377720443779513,14.325825345995101,0.36900493523583133,-5.948104902215613,0.2148440168410306,0.4356200530888879,1.0245890204157175,0.8494274985975326,0.3303970042111267,0.6970498265149908,0.5863651019243278,,1,0,1,,,,,
TCGA-YD-A9TB-06,TCGA-YD-A9TB,TCGA-SKCM,,0.0,,,,White,Female,Metastatic,0,0.31929400041096057,0.044592152665432525,0.07265184291585901,-0.0014452896864778995,6.0,-0.7061027163017839,1.2452339883339025,1.3886060298416432,0.47278269740789836,-0.14337204150774,-0.0002548132779388746,0.13821220932421238,0.08644979157210075,-0.4407851058959862,-0.11201907407672854,0.1636952645615554,1.0445384159231343,,1,0,0,,,,,
TCGA-YG-AA3O-06,TCGA-YG-AA3O,TCGA-SKCM,37.93931025,1.0,,,62.0,,Male,Metastatic,1,-0.2933606657596113,-0.2367684280439501,-0.02264923624839635,0.10927741278105925,8.0,-0.4945065929294438,1.595357602178888,-6.21840680903804,0.5,7.81376441121696,0.044158690613546825,-0.12083513640555049,-0.16696862814195193,-0.08790796165765975,-0.4145078776342729,-0.187504417155057,0.3055327558652966,,1,0,0,,,,,
TCGA-YG-AA3P-06,TCGA-YG-AA3P,TCGA-SKCM,14.43271855,0.0,,,63.0,,Female,Metastatic,1,-0.5680485033080518,-0.991980007832054,-0.9607026467966668,-0.9356261557462129,8.0,-1.8557176299671083,-10.414100261145375,-19.12192253851134,0.5,8.70782227736601,-0.9426123360239791,-1.1433178400341555,-0.4239304237114517,-0.3699603914810152,-0.8566569101867632,-0.6183658114572017,-1.6915831204528409,,0,0,1,,,,,
TCGA-Z2-A8RT-06,TCGA-Z2-A8RT,TCGA-SKCM,27.58325936,0.0,,,42.0,White,Female,Metastatic,0,0.5830298179742236,0.5243973658784904,0.3232434660924211,0.2989189979761645,10.0,0.7276411135844165,6.261667594264941,8.29648774368404,0.43011408031500736,-2.0348201494191063,0.3858701289521735,0.7111297244136333,0.7654788054632776,0.9474684688631809,0.4803699003878165,0.38548768569963265,-0.21593079862426584,,1,0,0,,,,,
TCGA-Z2-AA3S-06,TCGA-Z2-AA3S,TCGA-SKCM,96.98523852,0.0,,,58.0,White,Male,Metastatic,0,-0.27363008643709813,-0.2016994839961019,-0.12564980933533498,0.2839184971703058,9.0,-0.5589190517510038,-6.777792919486324,-9.976615615718577,0.5,3.198822696232287,0.12196482058558278,-0.1889896289478177,0.1877127198325348,0.054739030556869156,-0.6063616892645571,-0.5449648175067462,-1.5487848088946035,,0,0,0,,,,,
TCGA-Z2-AA3V-06,TCGA-Z2-AA3V,TCGA-SKCM,15.97790709,0.0,,,57.0,White,Female,Metastatic,0,0.30922117598326987,1.066590577465837,1.4180165056870084,0.8958144712407158,7.0,0.2723077588612347,-7.164879161119202,-7.328884807537243,0.5,0.1640056464180428,1.1727896928599972,1.206413608294029,0.4094172392793822,0.805400635867087,0.3432509598369305,0.5209789853655253,0.49782929024972455,,1,0,0,,,,,
