PATIENT_ID,Cluster_ID,Phenotype_Label,P_Cluster_0,P_Cluster_1,P_Cluster_2,P_Cluster_3,P_Mutant_Driven,P_Immune_Hot,P_Immune_Cold,P_Immunosuppressive_M2_High
LIU_PATIENT1,3,Immunosuppressive M2-High (Depleted T-cells & Stromal Exclusion),1.0128247287415301e-98,0.0,0.0,1.0,0.0,0.0,1.0128247287415301e-98,1.0
LIU_PATIENT10,2,"Immune Hot (High TIS & CYT, Inflamed Microenvironment)",8.145077467487421e-39,0.0,1.0,0.0,0.0,1.0,8.145077467487421e-39,0.0
LIU_PATIENT100,3,Immunosuppressive M2-High (Depleted T-cells & Stromal Exclusion),2.1516527031176924e-82,0.0,0.0,1.0,0.0,0.0,2.1516527031176924e-82,1.0
LIU_PATIENT102,2,"Immune Hot (High TIS & CYT, Inflamed Microenvironment)",2.6886600509167033e-25,0.0,1.0,0.0,0.0,1.0,2.6886600509167033e-25,0.0
LIU_PATIENT105,2,"Immune Hot (High TIS & CYT, Inflamed Microenvironment)",4.477382874216681e-16,0.0,0.9999999999999991,0.0,0.0,0.9999999999999991,4.477382874216681e-16,0.0
LIU_PATIENT106,0,"Immune Cold (Low TIS & Infiltration, Desert)",1.0,0.0,0.0,0.0,0.0,0.0,1.0,0.0
LIU_PATIENT107,0,"Immune Cold (Low TIS & Infiltration, Desert)",0.9999999987022505,0.0,1.2977482675658127e-09,0.0,0.0,1.2977482675658127e-09,0.9999999987022505,0.0
LIU_PATIENT108,0,"Immune Cold (Low TIS & Infiltration, Desert)",0.9999963827707371,0.0,0.0,3.6172292646181262e-06,0.0,0.0,0.9999963827707371,3.6172292646181262e-06
LIU_PATIENT11,2,"Immune Hot (High TIS & CYT, Inflamed Microenvironment)",2.832855960736423e-45,0.0,1.0,0.0,0.0,1.0,2.832855960736423e-45,0.0
LIU_PATIENT112,3,Immunosuppressive M2-High (Depleted T-cells & Stromal Exclusion),3.0665111941420385e-151,0.0,0.0,1.0,0.0,0.0,3.0665111941420385e-151,1.0
LIU_PATIENT116,3,Immunosuppressive M2-High (Depleted T-cells & Stromal Exclusion),1.1490910215267693e-83,0.0,0.0,1.0,0.0,0.0,1.1490910215267693e-83,1.0
LIU_PATIENT117,3,Immunosuppressive M2-High (Depleted T-cells & Stromal Exclusion),2.8464435398636112e-161,0.0,0.0,1.0,0.0,0.0,2.8464435398636112e-161,1.0
LIU_PATIENT121,1,Mutant-Driven (NF1 Loss & High Response Subtype),9.581223210133088e-170,1.0,0.0,0.0,1.0,0.0,9.581223210133088e-170,0.0
LIU_PATIENT125,2,"Immune Hot (High TIS & CYT, Inflamed Microenvironment)",5.234966076978203e-37,0.0,1.0,0.0,0.0,1.0,5.234966076978203e-37,0.0
LIU_PATIENT126,2,"Immune Hot (High TIS & CYT, Inflamed Microenvironment)",9.053136493698666e-57,0.0,1.0,0.0,0.0,1.0,9.053136493698666e-57,0.0
LIU_PATIENT127,2,"Immune Hot (High TIS & CYT, Inflamed Microenvironment)",3.5123014519565934e-38,0.0,1.0,0.0,0.0,1.0,3.5123014519565934e-38,0.0
LIU_PATIENT13,3,Immunosuppressive M2-High (Depleted T-cells & Stromal Exclusion),1.2281969843411942e-66,0.0,0.0,1.0,0.0,0.0,1.2281969843411942e-66,1.0
LIU_PATIENT130,3,Immunosuppressive M2-High (Depleted T-cells & Stromal Exclusion),4.6076277498322646e-62,0.0,0.0,1.0,0.0,0.0,4.6076277498322646e-62,1.0
LIU_PATIENT131,0,"Immune Cold (Low TIS & Infiltration, Desert)",0.9999999998245421,0.0,0.0,1.7545785912363465e-10,0.0,0.0,0.9999999998245421,1.7545785912363465e-10
LIU_PATIENT132,2,"Immune Hot (High TIS & CYT, Inflamed Microenvironment)",7.297248855955737e-50,0.0,1.0,0.0,0.0,1.0,7.297248855955737e-50,0.0
LIU_PATIENT133,2,"Immune Hot (High TIS & CYT, Inflamed Microenvironment)",3.305215312017384e-43,0.0,1.0,0.0,0.0,1.0,3.305215312017384e-43,0.0
LIU_PATIENT134,2,"Immune Hot (High TIS & CYT, Inflamed Microenvironment)",1.0295459780958091e-35,0.0,1.0,0.0,0.0,1.0,1.0295459780958091e-35,0.0
LIU_PATIENT135,3,Immunosuppressive M2-High (Depleted T-cells & Stromal Exclusion),6.765476873559728e-129,0.0,0.0,1.0,0.0,0.0,6.765476873559728e-129,1.0
LIU_PATIENT137,3,Immunosuppressive M2-High (Depleted T-cells & Stromal Exclusion),6.8187887418621785e-136,0.0,0.0,1.0,0.0,0.0,6.8187887418621785e-136,1.0
LIU_PATIENT14,2,"Immune Hot (High TIS & CYT, Inflamed Microenvironment)",1.4753589887931526e-35,0.0,1.0,0.0,0.0,1.0,1.4753589887931526e-35,0.0
LIU_PATIENT140,1,Mutant-Driven (NF1 Loss & High Response Subtype),1.9478626745238916e-137,1.0,0.0,0.0,1.0,0.0,1.9478626745238916e-137,0.0
LIU_PATIENT141,2,"Immune Hot (High TIS & CYT, Inflamed Microenvironment)",1.2476760787713722e-141,0.0,1.0,0.0,0.0,1.0,1.2476760787713722e-141,0.0
LIU_PATIENT142,2,"Immune Hot (High TIS & CYT, Inflamed Microenvironment)",8.587108119304645e-36,0.0,1.0,0.0,0.0,1.0,8.587108119304645e-36,0.0
LIU_PATIENT143,2,"Immune Hot (High TIS & CYT, Inflamed Microenvironment)",9.144967572683092e-45,0.0,1.0,0.0,0.0,1.0,9.144967572683092e-45,0.0
LIU_PATIENT144,2,"Immune Hot (High TIS & CYT, Inflamed Microenvironment)",2.6432130431072968e-24,0.0,1.0,0.0,0.0,1.0,2.6432130431072968e-24,0.0
LIU_PATIENT145,3,Immunosuppressive M2-High (Depleted T-cells & Stromal Exclusion),1.2750410251146825e-65,0.0,0.0,1.0,0.0,0.0,1.2750410251146825e-65,1.0
LIU_PATIENT146,3,Immunosuppressive M2-High (Depleted T-cells & Stromal Exclusion),5.128894413739666e-57,0.0,0.0,1.0,0.0,0.0,5.128894413739666e-57,1.0
LIU_PATIENT147,3,Immunosuppressive M2-High (Depleted T-cells & Stromal Exclusion),2.9866379918055256e-60,0.0,0.0,1.0,0.0,0.0,2.9866379918055256e-60,1.0
LIU_PATIENT148,3,Immunosuppressive M2-High (Depleted T-cells & Stromal Exclusion),1.3173368116375502e-112,0.0,0.0,1.0,0.0,0.0,1.3173368116375502e-112,1.0
LIU_PATIENT149,3,Immunosuppressive M2-High (Depleted T-cells & Stromal Exclusion),2.6035555825855257e-62,0.0,0.0,1.0,0.0,0.0,2.6035555825855257e-62,1.0
LIU_PATIENT15,3,Immunosuppressive M2-High (Depleted T-cells & Stromal Exclusion),4.266240660655686e-54,0.0,0.0,1.0,0.0,0.0,4.266240660655686e-54,1.0
LIU_PATIENT150,2,"Immune Hot (High TIS & CYT, Inflamed Microenvironment)",1.9206761164829148e-32,0.0,1.0,0.0,0.0,1.0,1.9206761164829148e-32,0.0
LIU_PATIENT154,3,Immunosuppressive M2-High (Depleted T-cells & Stromal Exclusion),1.0939243941873533e-161,0.0,0.0,1.0,0.0,0.0,1.0939243941873533e-161,1.0
LIU_PATIENT155,2,"Immune Hot (High TIS & CYT, Inflamed Microenvironment)",7.201453326140016e-50,0.0,1.0,0.0,0.0,1.0,7.201453326140016e-50,0.0
LIU_PATIENT156,2,"Immune Hot (High TIS & CYT, Inflamed Microenvironment)",5.810547962307261e-73,0.0,1.0,0.0,0.0,1.0,5.810547962307261e-73,0.0
LIU_PATIENT158,2,"Immune Hot (High TIS & CYT, Inflamed Microenvironment)",4.243576524748773e-43,0.0,1.0,0.0,0.0,1.0,4.243576524748773e-43,0.0
LIU_PATIENT159,3,Immunosuppressive M2-High (Depleted T-cells & Stromal Exclusion),3.383941720769238e-146,0.0,0.0,1.0,0.0,0.0,3.383941720769238e-146,1.0
LIU_PATIENT162,2,"Immune Hot (High TIS & CYT, Inflamed Microenvironment)",1.2221882489689907e-43,0.0,1.0,0.0,0.0,1.0,1.2221882489689907e-43,0.0
LIU_PATIENT163,2,"Immune Hot (High TIS & CYT, Inflamed Microenvironment)",1.2487364181980118e-28,0.0,1.0,0.0,0.0,1.0,1.2487364181980118e-28,0.0
LIU_PATIENT165,3,Immunosuppressive M2-High (Depleted T-cells & Stromal Exclusion),6.272663787857806e-166,0.0,0.0,1.0,0.0,0.0,6.272663787857806e-166,1.0
LIU_PATIENT166,3,Immunosuppressive M2-High (Depleted T-cells & Stromal Exclusion),1.3303764394239442e-103,0.0,0.0,1.0,0.0,0.0,1.3303764394239442e-103,1.0
LIU_PATIENT167,3,Immunosuppressive M2-High (Depleted T-cells & Stromal Exclusion),4.0475242505175964e-125,0.0,0.0,1.0,0.0,0.0,4.0475242505175964e-125,1.0
LIU_PATIENT168,3,Immunosuppressive M2-High (Depleted T-cells & Stromal Exclusion),4.518030141305627e-165,0.0,0.0,1.0,0.0,0.0,4.518030141305627e-165,1.0
LIU_PATIENT169,3,Immunosuppressive M2-High (Depleted T-cells & Stromal Exclusion),1.091255764722707e-56,0.0,0.0,1.0,0.0,0.0,1.091255764722707e-56,1.0
LIU_PATIENT17,2,"Immune Hot (High TIS & CYT, Inflamed Microenvironment)",7.226113020934369e-38,0.0,1.0,0.0,0.0,1.0,7.226113020934369e-38,0.0
LIU_PATIENT170,3,Immunosuppressive M2-High (Depleted T-cells & Stromal Exclusion),2.119818766664529e-145,0.0,0.0,1.0,0.0,0.0,2.119818766664529e-145,1.0
LIU_PATIENT172,3,Immunosuppressive M2-High (Depleted T-cells & Stromal Exclusion),4.148856706815168e-63,0.0,0.0,1.0,0.0,0.0,4.148856706815168e-63,1.0
LIU_PATIENT173,2,"Immune Hot (High TIS & CYT, Inflamed Microenvironment)",3.2276927789090596e-35,0.0,1.0,0.0,0.0,1.0,3.2276927789090596e-35,0.0
LIU_PATIENT179,3,Immunosuppressive M2-High (Depleted T-cells & Stromal Exclusion),6.350819702540778e-11,0.0,0.0,0.9999999999364917,0.0,0.0,6.350819702540778e-11,0.9999999999364917
LIU_PATIENT18,3,Immunosuppressive M2-High (Depleted T-cells & Stromal Exclusion),2.6470381151362194e-116,0.0,0.0,1.0,0.0,0.0,2.6470381151362194e-116,1.0
LIU_PATIENT181,3,Immunosuppressive M2-High (Depleted T-cells & Stromal Exclusion),4.869504979405969e-71,0.0,0.0,1.0,0.0,0.0,4.869504979405969e-71,1.0
LIU_PATIENT183,3,Immunosuppressive M2-High (Depleted T-cells & Stromal Exclusion),1.5250536648131377e-42,0.0,0.0,1.0,0.0,0.0,1.5250536648131377e-42,1.0
LIU_PATIENT184,2,"Immune Hot (High TIS & CYT, Inflamed Microenvironment)",2.732737863931577e-49,0.0,1.0,0.0,0.0,1.0,2.732737863931577e-49,0.0
LIU_PATIENT185,2,"Immune Hot (High TIS & CYT, Inflamed Microenvironment)",1.5358086330679674e-46,0.0,1.0,0.0,0.0,1.0,1.5358086330679674e-46,0.0
LIU_PATIENT187,2,"Immune Hot (High TIS & CYT, Inflamed Microenvironment)",2.9283820002199042e-33,0.0,1.0,0.0,0.0,1.0,2.9283820002199042e-33,0.0
LIU_PATIENT188,3,Immunosuppressive M2-High (Depleted T-cells & Stromal Exclusion),2.7274316340356425e-59,0.0,0.0,1.0,0.0,0.0,2.7274316340356425e-59,1.0
LIU_PATIENT189,3,Immunosuppressive M2-High (Depleted T-cells & Stromal Exclusion),1.183048944554397e-136,0.0,0.0,1.0,0.0,0.0,1.183048944554397e-136,1.0
LIU_PATIENT191,3,Immunosuppressive M2-High (Depleted T-cells & Stromal Exclusion),1.8033713419701568e-71,0.0,0.0,1.0,0.0,0.0,1.8033713419701568e-71,1.0
LIU_PATIENT192,2,"Immune Hot (High TIS & CYT, Inflamed Microenvironment)",1.924806218239655e-44,0.0,1.0,0.0,0.0,1.0,1.924806218239655e-44,0.0
LIU_PATIENT193,3,Immunosuppressive M2-High (Depleted T-cells & Stromal Exclusion),2.686890765581072e-63,0.0,0.0,1.0,0.0,0.0,2.686890765581072e-63,1.0
LIU_PATIENT195,1,Mutant-Driven (NF1 Loss & High Response Subtype),1.0496451725793101e-139,1.0,0.0,0.0,1.0,0.0,1.0496451725793101e-139,0.0
LIU_PATIENT196,2,"Immune Hot (High TIS & CYT, Inflamed Microenvironment)",5.732106251945046e-67,0.0,1.0,0.0,0.0,1.0,5.732106251945046e-67,0.0
LIU_PATIENT197,3,Immunosuppressive M2-High (Depleted T-cells & Stromal Exclusion),2.074946551421565e-64,0.0,0.0,1.0,0.0,0.0,2.074946551421565e-64,1.0
LIU_PATIENT20,2,"Immune Hot (High TIS & CYT, Inflamed Microenvironment)",3.2919320753119325e-51,0.0,1.0,0.0,0.0,1.0,3.2919320753119325e-51,0.0
LIU_PATIENT200,0,"Immune Cold (Low TIS & Infiltration, Desert)",1.0,0.0,0.0,0.0,0.0,0.0,1.0,0.0
LIU_PATIENT201,2,"Immune Hot (High TIS & CYT, Inflamed Microenvironment)",1.1853656015679603e-39,0.0,1.0,0.0,0.0,1.0,1.1853656015679603e-39,0.0
LIU_PATIENT203,2,"Immune Hot (High TIS & CYT, Inflamed Microenvironment)",1.3281829382709942e-41,0.0,1.0,0.0,0.0,1.0,1.3281829382709942e-41,0.0
LIU_PATIENT204,2,"Immune Hot (High TIS & CYT, Inflamed Microenvironment)",5.71537880255401e-50,0.0,1.0,0.0,0.0,1.0,5.71537880255401e-50,0.0
LIU_PATIENT205,2,"Immune Hot (High TIS & CYT, Inflamed Microenvironment)",1.4973772255033886e-57,0.0,1.0,0.0,0.0,1.0,1.4973772255033886e-57,0.0
LIU_PATIENT206,1,Mutant-Driven (NF1 Loss & High Response Subtype),3.986342159128506e-174,1.0,0.0,0.0,1.0,0.0,3.986342159128506e-174,0.0
LIU_PATIENT21,3,Immunosuppressive M2-High (Depleted T-cells & Stromal Exclusion),1.5347493701551778e-50,0.0,0.0,1.0,0.0,0.0,1.5347493701551778e-50,1.0
LIU_PATIENT22,3,Immunosuppressive M2-High (Depleted T-cells & Stromal Exclusion),1.407230981892647e-109,0.0,0.0,1.0,0.0,0.0,1.407230981892647e-109,1.0
LIU_PATIENT23,3,Immunosuppressive M2-High (Depleted T-cells & Stromal Exclusion),3.5991497304913944e-49,0.0,0.0,1.0,0.0,0.0,3.5991497304913944e-49,1.0
LIU_PATIENT24,3,Immunosuppressive M2-High (Depleted T-cells & Stromal Exclusion),8.321198832205675e-125,0.0,0.0,1.0,0.0,0.0,8.321198832205675e-125,1.0
LIU_PATIENT25,3,Immunosuppressive M2-High (Depleted T-cells & Stromal Exclusion),1.857703376319883e-157,0.0,0.0,1.0,0.0,0.0,1.857703376319883e-157,1.0
LIU_PATIENT27,3,Immunosuppressive M2-High (Depleted T-cells & Stromal Exclusion),1.192768396197453e-47,0.0,0.0,1.0,0.0,0.0,1.192768396197453e-47,1.0
LIU_PATIENT30,2,"Immune Hot (High TIS & CYT, Inflamed Microenvironment)",1.9165356150147116e-28,0.0,1.0,0.0,0.0,1.0,1.9165356150147116e-28,0.0
LIU_PATIENT31,3,Immunosuppressive M2-High (Depleted T-cells & Stromal Exclusion),1.1534979260287672e-57,0.0,0.0,1.0,0.0,0.0,1.1534979260287672e-57,1.0
LIU_PATIENT32,0,"Immune Cold (Low TIS & Infiltration, Desert)",1.0,0.0,0.0,0.0,0.0,0.0,1.0,0.0
LIU_PATIENT33,3,Immunosuppressive M2-High (Depleted T-cells & Stromal Exclusion),4.148626943521556e-158,0.0,0.0,1.0,0.0,0.0,4.148626943521556e-158,1.0
LIU_PATIENT34,3,Immunosuppressive M2-High (Depleted T-cells & Stromal Exclusion),2.1169921921535956e-147,0.0,0.0,1.0,0.0,0.0,2.1169921921535956e-147,1.0
LIU_PATIENT35,3,Immunosuppressive M2-High (Depleted T-cells & Stromal Exclusion),2.4259783074502157e-113,0.0,0.0,1.0,0.0,0.0,2.4259783074502157e-113,1.0
LIU_PATIENT36,3,Immunosuppressive M2-High (Depleted T-cells & Stromal Exclusion),2.623141142013723e-83,0.0,0.0,1.0,0.0,0.0,2.623141142013723e-83,1.0
LIU_PATIENT37,1,Mutant-Driven (NF1 Loss & High Response Subtype),2.77201897803259e-168,1.0,0.0,0.0,1.0,0.0,2.77201897803259e-168,0.0
LIU_PATIENT38,2,"Immune Hot (High TIS & CYT, Inflamed Microenvironment)",1.5004791701054118e-34,0.0,1.0,0.0,0.0,1.0,1.5004791701054118e-34,0.0
LIU_PATIENT4,2,"Immune Hot (High TIS & CYT, Inflamed Microenvironment)",2.4436899489569622e-36,0.0,1.0,0.0,0.0,1.0,2.4436899489569622e-36,0.0
LIU_PATIENT40,1,Mutant-Driven (NF1 Loss & High Response Subtype),8.318581246605522e-137,1.0,0.0,0.0,1.0,0.0,8.318581246605522e-137,0.0
LIU_PATIENT42,3,Immunosuppressive M2-High (Depleted T-cells & Stromal Exclusion),3.3410952270763925e-67,0.0,0.0,1.0,0.0,0.0,3.3410952270763925e-67,1.0
LIU_PATIENT44,3,Immunosuppressive M2-High (Depleted T-cells & Stromal Exclusion),3.010636222657704e-171,0.0,0.0,1.0,0.0,0.0,3.010636222657704e-171,1.0
LIU_PATIENT45,3,Immunosuppressive M2-High (Depleted T-cells & Stromal Exclusion),7.034315809047443e-64,0.0,0.0,1.0,0.0,0.0,7.034315809047443e-64,1.0
LIU_PATIENT47,3,Immunosuppressive M2-High (Depleted T-cells & Stromal Exclusion),3.149947688743849e-39,0.0,0.0,1.0,0.0,0.0,3.149947688743849e-39,1.0
LIU_PATIENT48,3,Immunosuppressive M2-High (Depleted T-cells & Stromal Exclusion),1.1350838474171186e-88,0.0,0.0,1.0,0.0,0.0,1.1350838474171186e-88,1.0
LIU_PATIENT51,3,Immunosuppressive M2-High (Depleted T-cells & Stromal Exclusion),8.829990773988141e-119,0.0,0.0,1.0,0.0,0.0,8.829990773988141e-119,1.0
LIU_PATIENT56,3,Immunosuppressive M2-High (Depleted T-cells & Stromal Exclusion),1.3826943082659289e-149,0.0,0.0,1.0,0.0,0.0,1.3826943082659289e-149,1.0
LIU_PATIENT58,3,Immunosuppressive M2-High (Depleted T-cells & Stromal Exclusion),3.6016766853874744e-213,0.0,0.0,1.0,0.0,0.0,3.6016766853874744e-213,1.0
LIU_PATIENT6,3,Immunosuppressive M2-High (Depleted T-cells & Stromal Exclusion),3.2008664383183753e-110,0.0,0.0,1.0,0.0,0.0,3.2008664383183753e-110,1.0
LIU_PATIENT61,2,"Immune Hot (High TIS & CYT, Inflamed Microenvironment)",8.387953631575846e-58,0.0,1.0,0.0,0.0,1.0,8.387953631575846e-58,0.0
LIU_PATIENT62,1,Mutant-Driven (NF1 Loss & High Response Subtype),8.634118877437483e-181,1.0,0.0,0.0,1.0,0.0,8.634118877437483e-181,0.0
LIU_PATIENT63,1,Mutant-Driven (NF1 Loss & High Response Subtype),2.33399403400384e-133,1.0,0.0,0.0,1.0,0.0,2.33399403400384e-133,0.0
LIU_PATIENT67,3,Immunosuppressive M2-High (Depleted T-cells & Stromal Exclusion),5.504978789501037e-85,0.0,0.0,1.0,0.0,0.0,5.504978789501037e-85,1.0
LIU_PATIENT7,3,Immunosuppressive M2-High (Depleted T-cells & Stromal Exclusion),8.216344317050515e-48,0.0,0.0,1.0,0.0,0.0,8.216344317050515e-48,1.0
LIU_PATIENT72,2,"Immune Hot (High TIS & CYT, Inflamed Microenvironment)",4.7603780989647695e-32,0.0,1.0,0.0,0.0,1.0,4.7603780989647695e-32,0.0
LIU_PATIENT73,3,Immunosuppressive M2-High (Depleted T-cells & Stromal Exclusion),4.961320929353983e-131,0.0,0.0,1.0,0.0,0.0,4.961320929353983e-131,1.0
LIU_PATIENT75,1,Mutant-Driven (NF1 Loss & High Response Subtype),1.771378133052336e-81,1.0,0.0,0.0,1.0,0.0,1.771378133052336e-81,0.0
LIU_PATIENT77,2,"Immune Hot (High TIS & CYT, Inflamed Microenvironment)",1.787679123399481e-35,0.0,1.0,0.0,0.0,1.0,1.787679123399481e-35,0.0
LIU_PATIENT78,2,"Immune Hot (High TIS & CYT, Inflamed Microenvironment)",4.171650972792933e-51,0.0,1.0,0.0,0.0,1.0,4.171650972792933e-51,0.0
LIU_PATIENT79,2,"Immune Hot (High TIS & CYT, Inflamed Microenvironment)",1.5016397888145107e-43,0.0,1.0,0.0,0.0,1.0,1.5016397888145107e-43,0.0
LIU_PATIENT8,3,Immunosuppressive M2-High (Depleted T-cells & Stromal Exclusion),1.886943145131469e-56,0.0,0.0,1.0,0.0,0.0,1.886943145131469e-56,1.0
LIU_PATIENT82,2,"Immune Hot (High TIS & CYT, Inflamed Microenvironment)",5.611189916360966e-27,0.0,1.0,0.0,0.0,1.0,5.611189916360966e-27,0.0
LIU_PATIENT83,3,Immunosuppressive M2-High (Depleted T-cells & Stromal Exclusion),5.1938672855948475e-53,0.0,0.0,1.0,0.0,0.0,5.1938672855948475e-53,1.0
LIU_PATIENT86,2,"Immune Hot (High TIS & CYT, Inflamed Microenvironment)",1.3970144937055199e-42,0.0,1.0,0.0,0.0,1.0,1.3970144937055199e-42,0.0
LIU_PATIENT87,1,Mutant-Driven (NF1 Loss & High Response Subtype),1.1159973523345576e-147,1.0,0.0,0.0,1.0,0.0,1.1159973523345576e-147,0.0
LIU_PATIENT9,3,Immunosuppressive M2-High (Depleted T-cells & Stromal Exclusion),6.370678483091686e-54,0.0,0.0,1.0,0.0,0.0,6.370678483091686e-54,1.0
LIU_PATIENT94,2,"Immune Hot (High TIS & CYT, Inflamed Microenvironment)",1.805840810521902e-45,0.0,1.0,0.0,0.0,1.0,1.805840810521902e-45,0.0
LIU_PATIENT96,2,"Immune Hot (High TIS & CYT, Inflamed Microenvironment)",1.7211970209464233e-38,0.0,1.0,0.0,0.0,1.0,1.7211970209464233e-38,0.0
LIU_PATIENT98,3,Immunosuppressive M2-High (Depleted T-cells & Stromal Exclusion),7.659551465855284e-64,0.0,0.0,1.0,0.0,0.0,7.659551465855284e-64,1.0
LIU_PATIENT99,2,"Immune Hot (High TIS & CYT, Inflamed Microenvironment)",4.765870260863837e-46,0.0,1.0,0.0,0.0,1.0,4.765870260863837e-46,0.0
HUGO_PT1,3,Immunosuppressive M2-High (Depleted T-cells & Stromal Exclusion),1.143984779758638e-70,0.0,0.0,1.0,0.0,0.0,1.143984779758638e-70,1.0
HUGO_PT10,3,Immunosuppressive M2-High (Depleted T-cells & Stromal Exclusion),1.368789167699749e-160,0.0,0.0,1.0,0.0,0.0,1.368789167699749e-160,1.0
HUGO_PT12,2,"Immune Hot (High TIS & CYT, Inflamed Microenvironment)",1.2829110502588347e-72,0.0,1.0,0.0,0.0,1.0,1.2829110502588347e-72,0.0
HUGO_PT13,2,"Immune Hot (High TIS & CYT, Inflamed Microenvironment)",1.4719759900818578e-45,0.0,1.0,0.0,0.0,1.0,1.4719759900818578e-45,0.0
HUGO_PT14,2,"Immune Hot (High TIS & CYT, Inflamed Microenvironment)",1.3682805091366834e-82,0.0,1.0,0.0,0.0,1.0,1.3682805091366834e-82,0.0
HUGO_PT15,1,Mutant-Driven (NF1 Loss & High Response Subtype),1.2770700900380767e-61,1.0,0.0,0.0,1.0,0.0,1.2770700900380767e-61,0.0
HUGO_PT16,2,"Immune Hot (High TIS & CYT, Inflamed Microenvironment)",7.926595827306184e-48,0.0,1.0,0.0,0.0,1.0,7.926595827306184e-48,0.0
HUGO_PT19,3,Immunosuppressive M2-High (Depleted T-cells & Stromal Exclusion),5.548881264833017e-43,0.0,0.0,1.0,0.0,0.0,5.548881264833017e-43,1.0
HUGO_PT2,1,Mutant-Driven (NF1 Loss & High Response Subtype),1.9876960577612006e-102,1.0,0.0,0.0,1.0,0.0,1.9876960577612006e-102,0.0
HUGO_PT20,3,Immunosuppressive M2-High (Depleted T-cells & Stromal Exclusion),7.313965596137139e-70,0.0,0.0,1.0,0.0,0.0,7.313965596137139e-70,1.0
HUGO_PT22,2,"Immune Hot (High TIS & CYT, Inflamed Microenvironment)",1.080644653848684e-55,0.0,1.0,0.0,0.0,1.0,1.080644653848684e-55,0.0
HUGO_PT23,2,"Immune Hot (High TIS & CYT, Inflamed Microenvironment)",6.991436020008998e-54,0.0,1.0,0.0,0.0,1.0,6.991436020008998e-54,0.0
HUGO_PT25,3,Immunosuppressive M2-High (Depleted T-cells & Stromal Exclusion),2.1593281768152562e-133,0.0,0.0,1.0,0.0,0.0,2.1593281768152562e-133,1.0
HUGO_PT27,1,Mutant-Driven (NF1 Loss & High Response Subtype),3.3776557524666023e-88,1.0,0.0,0.0,1.0,0.0,3.3776557524666023e-88,0.0
HUGO_PT28,1,Mutant-Driven (NF1 Loss & High Response Subtype),3.280392021974622e-98,1.0,0.0,0.0,1.0,0.0,3.280392021974622e-98,0.0
HUGO_PT29,3,Immunosuppressive M2-High (Depleted T-cells & Stromal Exclusion),2.233547874817628e-118,0.0,0.0,1.0,0.0,0.0,2.233547874817628e-118,1.0
HUGO_PT31,2,"Immune Hot (High TIS & CYT, Inflamed Microenvironment)",1.646603220359775e-42,0.0,1.0,0.0,0.0,1.0,1.646603220359775e-42,0.0
HUGO_PT32,2,"Immune Hot (High TIS & CYT, Inflamed Microenvironment)",6.0259135861434814e-33,0.0,1.0,0.0,0.0,1.0,6.0259135861434814e-33,0.0
HUGO_PT35,2,"Immune Hot (High TIS & CYT, Inflamed Microenvironment)",8.486207013395777e-31,0.0,1.0,0.0,0.0,1.0,8.486207013395777e-31,0.0
HUGO_PT37,2,"Immune Hot (High TIS & CYT, Inflamed Microenvironment)",1.3657271915224988e-09,0.0,0.9999999986342729,0.0,0.0,0.9999999986342729,1.3657271915224988e-09,0.0
HUGO_PT38,2,"Immune Hot (High TIS & CYT, Inflamed Microenvironment)",1.1009101977326346e-30,0.0,1.0,0.0,0.0,1.0,1.1009101977326346e-30,0.0
HUGO_PT4,2,"Immune Hot (High TIS & CYT, Inflamed Microenvironment)",3.9096177184119925e-33,0.0,1.0,0.0,0.0,1.0,3.9096177184119925e-33,0.0
HUGO_PT5,2,"Immune Hot (High TIS & CYT, Inflamed Microenvironment)",6.01788069067641e-23,0.0,1.0,0.0,0.0,1.0,6.01788069067641e-23,0.0
HUGO_PT6,2,"Immune Hot (High TIS & CYT, Inflamed Microenvironment)",2.2508657503785208e-58,0.0,1.0,0.0,0.0,1.0,2.2508657503785208e-58,0.0
HUGO_PT7,3,Immunosuppressive M2-High (Depleted T-cells & Stromal Exclusion),3.0950538016217155e-102,0.0,0.0,1.0,0.0,0.0,3.0950538016217155e-102,1.0
HUGO_PT8,2,"Immune Hot (High TIS & CYT, Inflamed Microenvironment)",1.0828733394651445e-45,0.0,1.0,0.0,0.0,1.0,1.0828733394651445e-45,0.0
HUGO_PT9,2,"Immune Hot (High TIS & CYT, Inflamed Microenvironment)",5.143384948111196e-31,0.0,1.0,0.0,0.0,1.0,5.143384948111196e-31,0.0
RIAZ_PT101,3,Immunosuppressive M2-High (Depleted T-cells & Stromal Exclusion),3.560183335593579e-121,0.0,0.0,1.0,0.0,0.0,3.560183335593579e-121,1.0
RIAZ_PT101,3,Immunosuppressive M2-High (Depleted T-cells & Stromal Exclusion),8.62269161711443e-103,0.0,0.0,1.0,0.0,0.0,8.62269161711443e-103,1.0
RIAZ_PT103,3,Immunosuppressive M2-High (Depleted T-cells & Stromal Exclusion),2.9672858898739106e-113,0.0,0.0,1.0,0.0,0.0,2.9672858898739106e-113,1.0
RIAZ_PT103,3,Immunosuppressive M2-High (Depleted T-cells & Stromal Exclusion),2.2763750240035245e-146,0.0,0.0,1.0,0.0,0.0,2.2763750240035245e-146,1.0
RIAZ_PT105,3,Immunosuppressive M2-High (Depleted T-cells & Stromal Exclusion),8.561815028001711e-154,0.0,0.0,1.0,0.0,0.0,8.561815028001711e-154,1.0
RIAZ_PT106,3,Immunosuppressive M2-High (Depleted T-cells & Stromal Exclusion),3.9024767989940585e-163,0.0,0.0,1.0,0.0,0.0,3.9024767989940585e-163,1.0
RIAZ_PT106,2,"Immune Hot (High TIS & CYT, Inflamed Microenvironment)",2.1369987077083494e-40,0.0,1.0,0.0,0.0,1.0,2.1369987077083494e-40,0.0
RIAZ_PT108,3,Immunosuppressive M2-High (Depleted T-cells & Stromal Exclusion),4.566052127203783e-114,0.0,0.0,1.0,0.0,0.0,4.566052127203783e-114,1.0
RIAZ_PT10,3,Immunosuppressive M2-High (Depleted T-cells & Stromal Exclusion),3.323591406488563e-75,0.0,0.0,1.0,0.0,0.0,3.323591406488563e-75,1.0
RIAZ_PT10,0,"Immune Cold (Low TIS & Infiltration, Desert)",0.9903371920077371,0.0,0.0,0.00966280799226295,0.0,0.0,0.9903371920077371,0.00966280799226295
RIAZ_PT11,2,"Immune Hot (High TIS & CYT, Inflamed Microenvironment)",5.081151490899906e-47,0.0,1.0,0.0,0.0,1.0,5.081151490899906e-47,0.0
RIAZ_PT11,2,"Immune Hot (High TIS & CYT, Inflamed Microenvironment)",6.232931280460818e-44,0.0,1.0,0.0,0.0,1.0,6.232931280460818e-44,0.0
RIAZ_PT13,2,"Immune Hot (High TIS & CYT, Inflamed Microenvironment)",2.3131598253750463e-46,0.0,1.0,0.0,0.0,1.0,2.3131598253750463e-46,0.0
RIAZ_PT16,3,Immunosuppressive M2-High (Depleted T-cells & Stromal Exclusion),1.8789952848501023e-171,0.0,0.0,1.0,0.0,0.0,1.8789952848501023e-171,1.0
RIAZ_PT17,3,Immunosuppressive M2-High (Depleted T-cells & Stromal Exclusion),1.0190091062916203e-145,0.0,0.0,1.0,0.0,0.0,1.0190091062916203e-145,1.0
RIAZ_PT17,3,Immunosuppressive M2-High (Depleted T-cells & Stromal Exclusion),1.1076051021460496e-163,0.0,0.0,1.0,0.0,0.0,1.1076051021460496e-163,1.0
RIAZ_PT18,3,Immunosuppressive M2-High (Depleted T-cells & Stromal Exclusion),1.1058935051019096e-121,0.0,0.0,1.0,0.0,0.0,1.1058935051019096e-121,1.0
RIAZ_PT18,2,"Immune Hot (High TIS & CYT, Inflamed Microenvironment)",1.1698868533170743e-28,0.0,1.0,0.0,0.0,1.0,1.1698868533170743e-28,0.0
RIAZ_PT1,3,Immunosuppressive M2-High (Depleted T-cells & Stromal Exclusion),1.4230470973789637e-112,0.0,0.0,1.0,0.0,0.0,1.4230470973789637e-112,1.0
RIAZ_PT1,3,Immunosuppressive M2-High (Depleted T-cells & Stromal Exclusion),7.228377751374482e-125,0.0,0.0,1.0,0.0,0.0,7.228377751374482e-125,1.0
RIAZ_PT23,2,"Immune Hot (High TIS & CYT, Inflamed Microenvironment)",5.435597613327866e-37,0.0,1.0,0.0,0.0,1.0,5.435597613327866e-37,0.0
RIAZ_PT23,2,"Immune Hot (High TIS & CYT, Inflamed Microenvironment)",3.9106985562934874e-50,0.0,1.0,0.0,0.0,1.0,3.9106985562934874e-50,0.0
RIAZ_PT24,2,"Immune Hot (High TIS & CYT, Inflamed Microenvironment)",2.2433409809073725e-39,0.0,1.0,0.0,0.0,1.0,2.2433409809073725e-39,0.0
RIAZ_PT26,3,Immunosuppressive M2-High (Depleted T-cells & Stromal Exclusion),8.843907235816813e-40,0.0,0.0,1.0,0.0,0.0,8.843907235816813e-40,1.0
RIAZ_PT26,3,Immunosuppressive M2-High (Depleted T-cells & Stromal Exclusion),2.5407318533948403e-34,0.0,0.0,1.0,0.0,0.0,2.5407318533948403e-34,1.0
RIAZ_PT27,2,"Immune Hot (High TIS & CYT, Inflamed Microenvironment)",2.0964452767047416e-39,0.0,1.0,0.0,0.0,1.0,2.0964452767047416e-39,0.0
RIAZ_PT27,2,"Immune Hot (High TIS & CYT, Inflamed Microenvironment)",2.7170242158009204e-24,0.0,1.0,0.0,0.0,1.0,2.7170242158009204e-24,0.0
RIAZ_PT28,3,Immunosuppressive M2-High (Depleted T-cells & Stromal Exclusion),1.0127808011742824e-162,0.0,0.0,1.0,0.0,0.0,1.0127808011742824e-162,1.0
RIAZ_PT28,3,Immunosuppressive M2-High (Depleted T-cells & Stromal Exclusion),1.3940460695236617e-123,0.0,0.0,1.0,0.0,0.0,1.3940460695236617e-123,1.0
RIAZ_PT29,3,Immunosuppressive M2-High (Depleted T-cells & Stromal Exclusion),1.459916008505613e-52,0.0,0.0,1.0,0.0,0.0,1.459916008505613e-52,1.0
RIAZ_PT2,3,Immunosuppressive M2-High (Depleted T-cells & Stromal Exclusion),2.1112596183419916e-157,0.0,0.0,1.0,0.0,0.0,2.1112596183419916e-157,1.0
RIAZ_PT2,3,Immunosuppressive M2-High (Depleted T-cells & Stromal Exclusion),6.945655118119881e-160,0.0,0.0,1.0,0.0,0.0,6.945655118119881e-160,1.0
RIAZ_PT30,3,Immunosuppressive M2-High (Depleted T-cells & Stromal Exclusion),1.5455923450275955e-175,0.0,0.0,1.0,0.0,0.0,1.5455923450275955e-175,1.0
RIAZ_PT30,3,Immunosuppressive M2-High (Depleted T-cells & Stromal Exclusion),1.1185761766852258e-85,0.0,0.0,1.0,0.0,0.0,1.1185761766852258e-85,1.0
RIAZ_PT31,3,Immunosuppressive M2-High (Depleted T-cells & Stromal Exclusion),2.2979967469435145e-45,0.0,0.0,1.0,0.0,0.0,2.2979967469435145e-45,1.0
RIAZ_PT31,3,Immunosuppressive M2-High (Depleted T-cells & Stromal Exclusion),2.7814223768923303e-52,0.0,0.0,1.0,0.0,0.0,2.7814223768923303e-52,1.0
RIAZ_PT32,3,Immunosuppressive M2-High (Depleted T-cells & Stromal Exclusion),1.4932568853716878e-124,0.0,0.0,1.0,0.0,0.0,1.4932568853716878e-124,1.0
RIAZ_PT34,3,Immunosuppressive M2-High (Depleted T-cells & Stromal Exclusion),7.623828686410019e-148,0.0,0.0,1.0,0.0,0.0,7.623828686410019e-148,1.0
RIAZ_PT34,2,"Immune Hot (High TIS & CYT, Inflamed Microenvironment)",2.823037880528094e-45,0.0,1.0,0.0,0.0,1.0,2.823037880528094e-45,0.0
RIAZ_PT35,3,Immunosuppressive M2-High (Depleted T-cells & Stromal Exclusion),6.941167370174464e-131,0.0,0.0,1.0,0.0,0.0,6.941167370174464e-131,1.0
RIAZ_PT36,3,Immunosuppressive M2-High (Depleted T-cells & Stromal Exclusion),2.858944297584482e-159,0.0,0.0,1.0,0.0,0.0,2.858944297584482e-159,1.0
RIAZ_PT36,3,Immunosuppressive M2-High (Depleted T-cells & Stromal Exclusion),4.2212792340473094e-176,0.0,0.0,1.0,0.0,0.0,4.2212792340473094e-176,1.0
RIAZ_PT37,3,Immunosuppressive M2-High (Depleted T-cells & Stromal Exclusion),6.833903348665198e-57,0.0,0.0,1.0,0.0,0.0,6.833903348665198e-57,1.0
RIAZ_PT37,3,Immunosuppressive M2-High (Depleted T-cells & Stromal Exclusion),3.9964400538589366e-52,0.0,0.0,1.0,0.0,0.0,3.9964400538589366e-52,1.0
RIAZ_PT38,3,Immunosuppressive M2-High (Depleted T-cells & Stromal Exclusion),1.0895586660913616e-104,0.0,0.0,1.0,0.0,0.0,1.0895586660913616e-104,1.0
RIAZ_PT38,1,Mutant-Driven (NF1 Loss & High Response Subtype),1.023404352757314e-112,1.0,0.0,0.0,1.0,0.0,1.023404352757314e-112,0.0
RIAZ_PT39,3,Immunosuppressive M2-High (Depleted T-cells & Stromal Exclusion),2.039791056174199e-231,0.0,0.0,1.0,0.0,0.0,2.039791056174199e-231,1.0
RIAZ_PT3,1,Mutant-Driven (NF1 Loss & High Response Subtype),1.6283001822577604e-85,1.0,0.0,0.0,1.0,0.0,1.6283001822577604e-85,0.0
RIAZ_PT3,1,Mutant-Driven (NF1 Loss & High Response Subtype),1.075110528556645e-57,1.0,0.0,0.0,1.0,0.0,1.075110528556645e-57,0.0
RIAZ_PT44,3,Immunosuppressive M2-High (Depleted T-cells & Stromal Exclusion),9.966636121981657e-170,0.0,0.0,1.0,0.0,0.0,9.966636121981657e-170,1.0
RIAZ_PT44,2,"Immune Hot (High TIS & CYT, Inflamed Microenvironment)",9.542125904674028e-51,0.0,1.0,0.0,0.0,1.0,9.542125904674028e-51,0.0
RIAZ_PT46,3,Immunosuppressive M2-High (Depleted T-cells & Stromal Exclusion),5.5106476043249056e-182,0.0,0.0,1.0,0.0,0.0,5.5106476043249056e-182,1.0
RIAZ_PT46,2,"Immune Hot (High TIS & CYT, Inflamed Microenvironment)",1.5022135533542365e-50,0.0,1.0,0.0,0.0,1.0,1.5022135533542365e-50,0.0
RIAZ_PT47,2,"Immune Hot (High TIS & CYT, Inflamed Microenvironment)",2.7561063977755053e-46,0.0,1.0,0.0,0.0,1.0,2.7561063977755053e-46,0.0
RIAZ_PT47,3,Immunosuppressive M2-High (Depleted T-cells & Stromal Exclusion),6.012321725339962e-156,0.0,0.0,1.0,0.0,0.0,6.012321725339962e-156,1.0
RIAZ_PT48,3,Immunosuppressive M2-High (Depleted T-cells & Stromal Exclusion),3.9550906369519086e-109,0.0,0.0,1.0,0.0,0.0,3.9550906369519086e-109,1.0
RIAZ_PT48,3,Immunosuppressive M2-High (Depleted T-cells & Stromal Exclusion),1.0626132624629386e-131,0.0,0.0,1.0,0.0,0.0,1.0626132624629386e-131,1.0
RIAZ_PT49,3,Immunosuppressive M2-High (Depleted T-cells & Stromal Exclusion),2.0829793419626498e-176,0.0,0.0,1.0,0.0,0.0,2.0829793419626498e-176,1.0
RIAZ_PT49,3,Immunosuppressive M2-High (Depleted T-cells & Stromal Exclusion),2.489802064046463e-79,0.0,0.0,1.0,0.0,0.0,2.489802064046463e-79,1.0
RIAZ_PT4,3,Immunosuppressive M2-High (Depleted T-cells & Stromal Exclusion),7.132622093777962e-166,0.0,0.0,1.0,0.0,0.0,7.132622093777962e-166,1.0
RIAZ_PT4,3,Immunosuppressive M2-High (Depleted T-cells & Stromal Exclusion),1.0967506196922297e-43,0.0,0.0,1.0,0.0,0.0,1.0967506196922297e-43,1.0
RIAZ_PT52,2,"Immune Hot (High TIS & CYT, Inflamed Microenvironment)",4.776475995438613e-42,0.0,1.0,0.0,0.0,1.0,4.776475995438613e-42,0.0
RIAZ_PT52,2,"Immune Hot (High TIS & CYT, Inflamed Microenvironment)",4.5065373314518703e-32,0.0,1.0,0.0,0.0,1.0,4.5065373314518703e-32,0.0
RIAZ_PT58,2,"Immune Hot (High TIS & CYT, Inflamed Microenvironment)",1.3905714864203498e-52,0.0,1.0,0.0,0.0,1.0,1.3905714864203498e-52,0.0
RIAZ_PT59,3,Immunosuppressive M2-High (Depleted T-cells & Stromal Exclusion),1.8557044282622798e-78,0.0,0.0,1.0,0.0,0.0,1.8557044282622798e-78,1.0
RIAZ_PT5,3,Immunosuppressive M2-High (Depleted T-cells & Stromal Exclusion),3.203359995140907e-117,0.0,0.0,1.0,0.0,0.0,3.203359995140907e-117,1.0
RIAZ_PT5,3,Immunosuppressive M2-High (Depleted T-cells & Stromal Exclusion),2.762738438359741e-116,0.0,0.0,1.0,0.0,0.0,2.762738438359741e-116,1.0
RIAZ_PT62,3,Immunosuppressive M2-High (Depleted T-cells & Stromal Exclusion),3.3627878046998613e-130,0.0,0.0,1.0,0.0,0.0,3.3627878046998613e-130,1.0
RIAZ_PT62,3,Immunosuppressive M2-High (Depleted T-cells & Stromal Exclusion),3.0581627863716748e-58,0.0,0.0,1.0,0.0,0.0,3.0581627863716748e-58,1.0
RIAZ_PT65,3,Immunosuppressive M2-High (Depleted T-cells & Stromal Exclusion),1.2318902171619962e-160,0.0,0.0,1.0,0.0,0.0,1.2318902171619962e-160,1.0
RIAZ_PT65,3,Immunosuppressive M2-High (Depleted T-cells & Stromal Exclusion),3.040574466668424e-142,0.0,0.0,1.0,0.0,0.0,3.040574466668424e-142,1.0
RIAZ_PT66,2,"Immune Hot (High TIS & CYT, Inflamed Microenvironment)",1.7434609393088727e-25,0.0,1.0,0.0,0.0,1.0,1.7434609393088727e-25,0.0
RIAZ_PT67,3,Immunosuppressive M2-High (Depleted T-cells & Stromal Exclusion),2.347301894166073e-83,0.0,0.0,1.0,0.0,0.0,2.347301894166073e-83,1.0
RIAZ_PT67,3,Immunosuppressive M2-High (Depleted T-cells & Stromal Exclusion),1.0347840916389706e-87,0.0,0.0,1.0,0.0,0.0,1.0347840916389706e-87,1.0
RIAZ_PT68,3,Immunosuppressive M2-High (Depleted T-cells & Stromal Exclusion),7.377577060535713e-98,0.0,0.0,1.0,0.0,0.0,7.377577060535713e-98,1.0
RIAZ_PT69,3,Immunosuppressive M2-High (Depleted T-cells & Stromal Exclusion),3.312028091758772e-164,0.0,0.0,1.0,0.0,0.0,3.312028091758772e-164,1.0
RIAZ_PT72,2,"Immune Hot (High TIS & CYT, Inflamed Microenvironment)",4.977298447626285e-74,0.0,1.0,0.0,0.0,1.0,4.977298447626285e-74,0.0
RIAZ_PT76,3,Immunosuppressive M2-High (Depleted T-cells & Stromal Exclusion),1.054112091217651e-83,0.0,0.0,1.0,0.0,0.0,1.054112091217651e-83,1.0
RIAZ_PT77,3,Immunosuppressive M2-High (Depleted T-cells & Stromal Exclusion),7.07287629126115e-146,0.0,0.0,1.0,0.0,0.0,7.07287629126115e-146,1.0
RIAZ_PT77,2,"Immune Hot (High TIS & CYT, Inflamed Microenvironment)",1.4279769751332146e-33,0.0,1.0,0.0,0.0,1.0,1.4279769751332146e-33,0.0
RIAZ_PT78,3,Immunosuppressive M2-High (Depleted T-cells & Stromal Exclusion),1.0159718363140286e-133,0.0,0.0,1.0,0.0,0.0,1.0159718363140286e-133,1.0
RIAZ_PT78,3,Immunosuppressive M2-High (Depleted T-cells & Stromal Exclusion),2.6255925045593564e-23,0.0,0.0,1.0,0.0,0.0,2.6255925045593564e-23,1.0
RIAZ_PT79,3,Immunosuppressive M2-High (Depleted T-cells & Stromal Exclusion),1.7298527110954207e-123,0.0,0.0,1.0,0.0,0.0,1.7298527110954207e-123,1.0
RIAZ_PT79,3,Immunosuppressive M2-High (Depleted T-cells & Stromal Exclusion),8.811798643053805e-124,0.0,0.0,1.0,0.0,0.0,8.811798643053805e-124,1.0
RIAZ_PT80,3,Immunosuppressive M2-High (Depleted T-cells & Stromal Exclusion),1.0567431256274134e-127,0.0,0.0,1.0,0.0,0.0,1.0567431256274134e-127,1.0
RIAZ_PT81,3,Immunosuppressive M2-High (Depleted T-cells & Stromal Exclusion),3.8006058165499944e-156,0.0,0.0,1.0,0.0,0.0,3.8006058165499944e-156,1.0
RIAZ_PT82,3,Immunosuppressive M2-High (Depleted T-cells & Stromal Exclusion),2.473264163577332e-140,0.0,0.0,1.0,0.0,0.0,2.473264163577332e-140,1.0
RIAZ_PT82,3,Immunosuppressive M2-High (Depleted T-cells & Stromal Exclusion),1.3654385835195637e-121,0.0,0.0,1.0,0.0,0.0,1.3654385835195637e-121,1.0
RIAZ_PT84,3,Immunosuppressive M2-High (Depleted T-cells & Stromal Exclusion),2.268788355320659e-189,0.0,0.0,1.0,0.0,0.0,2.268788355320659e-189,1.0
RIAZ_PT84,3,Immunosuppressive M2-High (Depleted T-cells & Stromal Exclusion),7.789652483199558e-91,0.0,0.0,1.0,0.0,0.0,7.789652483199558e-91,1.0
RIAZ_PT85,3,Immunosuppressive M2-High (Depleted T-cells & Stromal Exclusion),4.088243497641276e-105,0.0,0.0,1.0,0.0,0.0,4.088243497641276e-105,1.0
RIAZ_PT85,3,Immunosuppressive M2-High (Depleted T-cells & Stromal Exclusion),6.638198163685165e-53,0.0,0.0,1.0,0.0,0.0,6.638198163685165e-53,1.0
RIAZ_PT87,3,Immunosuppressive M2-High (Depleted T-cells & Stromal Exclusion),2.3419862875763053e-159,0.0,0.0,1.0,0.0,0.0,2.3419862875763053e-159,1.0
RIAZ_PT89,3,Immunosuppressive M2-High (Depleted T-cells & Stromal Exclusion),3.536764033373844e-173,0.0,0.0,1.0,0.0,0.0,3.536764033373844e-173,1.0
RIAZ_PT89,3,Immunosuppressive M2-High (Depleted T-cells & Stromal Exclusion),2.428268323053088e-143,0.0,0.0,1.0,0.0,0.0,2.428268323053088e-143,1.0
RIAZ_PT8,3,Immunosuppressive M2-High (Depleted T-cells & Stromal Exclusion),4.0974815844418716e-131,0.0,0.0,1.0,0.0,0.0,4.0974815844418716e-131,1.0
RIAZ_PT8,3,Immunosuppressive M2-High (Depleted T-cells & Stromal Exclusion),1.1537170302586899e-152,0.0,0.0,1.0,0.0,0.0,1.1537170302586899e-152,1.0
RIAZ_PT90,3,Immunosuppressive M2-High (Depleted T-cells & Stromal Exclusion),6.415021859663283e-59,0.0,0.0,1.0,0.0,0.0,6.415021859663283e-59,1.0
RIAZ_PT92,0,"Immune Cold (Low TIS & Infiltration, Desert)",1.0,0.0,0.0,0.0,0.0,0.0,1.0,0.0
RIAZ_PT92,0,"Immune Cold (Low TIS & Infiltration, Desert)",1.0,0.0,0.0,0.0,0.0,0.0,1.0,0.0
RIAZ_PT93,3,Immunosuppressive M2-High (Depleted T-cells & Stromal Exclusion),1.2741692111347849e-67,0.0,0.0,1.0,0.0,0.0,1.2741692111347849e-67,1.0
RIAZ_PT94,3,Immunosuppressive M2-High (Depleted T-cells & Stromal Exclusion),1.4391824156160567e-150,0.0,0.0,1.0,0.0,0.0,1.4391824156160567e-150,1.0
RIAZ_PT94,2,"Immune Hot (High TIS & CYT, Inflamed Microenvironment)",1.2270017769318384e-26,0.0,1.0,0.0,0.0,1.0,1.2270017769318384e-26,0.0
RIAZ_PT98,3,Immunosuppressive M2-High (Depleted T-cells & Stromal Exclusion),1.2885501993181855e-137,0.0,0.0,1.0,0.0,0.0,1.2885501993181855e-137,1.0
RIAZ_PT98,3,Immunosuppressive M2-High (Depleted T-cells & Stromal Exclusion),7.056036641038288e-119,0.0,0.0,1.0,0.0,0.0,7.056036641038288e-119,1.0
RIAZ_PT9,2,"Immune Hot (High TIS & CYT, Inflamed Microenvironment)",5.748183551590505e-24,0.0,1.0,0.0,0.0,1.0,5.748183551590505e-24,0.0
RIAZ_PT9,2,"Immune Hot (High TIS & CYT, Inflamed Microenvironment)",6.690662793873601e-23,0.0,1.0,0.0,0.0,1.0,6.690662793873601e-23,0.0
TCGA-3N-A9WB,0,"Immune Cold (Low TIS & Infiltration, Desert)",1.0,0.0,0.0,0.0,0.0,0.0,1.0,0.0
TCGA-3N-A9WC,0,"Immune Cold (Low TIS & Infiltration, Desert)",1.0,0.0,0.0,0.0,0.0,0.0,1.0,0.0
TCGA-3N-A9WD,3,Immunosuppressive M2-High (Depleted T-cells & Stromal Exclusion),1.1954842027825157e-57,0.0,0.0,1.0,0.0,0.0,1.1954842027825157e-57,1.0
TCGA-BF-A1PU,2,"Immune Hot (High TIS & CYT, Inflamed Microenvironment)",4.838106635938519e-37,0.0,1.0,0.0,0.0,1.0,4.838106635938519e-37,0.0
TCGA-BF-A1PV,1,Mutant-Driven (NF1 Loss & High Response Subtype),2.3899495302486163e-44,1.0,0.0,0.0,1.0,0.0,2.3899495302486163e-44,0.0
TCGA-BF-A1PX,2,"Immune Hot (High TIS & CYT, Inflamed Microenvironment)",7.071708297924457e-46,0.0,1.0,0.0,0.0,1.0,7.071708297924457e-46,0.0
TCGA-BF-A1PZ,1,Mutant-Driven (NF1 Loss & High Response Subtype),7.772284576958877e-70,1.0,0.0,0.0,1.0,0.0,7.772284576958877e-70,0.0
TCGA-BF-A1Q0,3,Immunosuppressive M2-High (Depleted T-cells & Stromal Exclusion),2.9176374757305305e-135,0.0,0.0,1.0,0.0,0.0,2.9176374757305305e-135,1.0
TCGA-BF-A3DJ,2,"Immune Hot (High TIS & CYT, Inflamed Microenvironment)",1.8840898652611628e-43,0.0,1.0,0.0,0.0,1.0,1.8840898652611628e-43,0.0
TCGA-BF-A3DL,2,"Immune Hot (High TIS & CYT, Inflamed Microenvironment)",3.185271299596802e-41,0.0,1.0,0.0,0.0,1.0,3.185271299596802e-41,0.0
TCGA-BF-A3DM,2,"Immune Hot (High TIS & CYT, Inflamed Microenvironment)",1.1095962412092143e-34,0.0,1.0,0.0,0.0,1.0,1.1095962412092143e-34,0.0
TCGA-BF-A3DN,2,"Immune Hot (High TIS & CYT, Inflamed Microenvironment)",9.817679600975697e-44,0.0,1.0,0.0,0.0,1.0,9.817679600975697e-44,0.0
TCGA-BF-A5EO,3,Immunosuppressive M2-High (Depleted T-cells & Stromal Exclusion),1.8278660929415107e-48,0.0,0.0,1.0,0.0,0.0,1.8278660929415107e-48,1.0
TCGA-BF-A5EP,3,Immunosuppressive M2-High (Depleted T-cells & Stromal Exclusion),1.3047041990362086e-122,0.0,0.0,1.0,0.0,0.0,1.3047041990362086e-122,1.0
TCGA-BF-A5EQ,2,"Immune Hot (High TIS & CYT, Inflamed Microenvironment)",3.785398162783477e-40,0.0,1.0,0.0,0.0,1.0,3.785398162783477e-40,0.0
TCGA-BF-A5ER,2,"Immune Hot (High TIS & CYT, Inflamed Microenvironment)",1.3017832406690895e-29,0.0,1.0,0.0,0.0,1.0,1.3017832406690895e-29,0.0
TCGA-BF-A5ES,3,Immunosuppressive M2-High (Depleted T-cells & Stromal Exclusion),8.187566295289954e-126,0.0,0.0,1.0,0.0,0.0,8.187566295289954e-126,1.0
TCGA-BF-AAP0,2,"Immune Hot (High TIS & CYT, Inflamed Microenvironment)",2.8049551966966992e-40,0.0,1.0,0.0,0.0,1.0,2.8049551966966992e-40,0.0
TCGA-D3-A1Q1,3,Immunosuppressive M2-High (Depleted T-cells & Stromal Exclusion),3.3706881215036986e-55,0.0,0.0,1.0,0.0,0.0,3.3706881215036986e-55,1.0
TCGA-D3-A1Q3,3,Immunosuppressive M2-High (Depleted T-cells & Stromal Exclusion),6.7468622194011124e-105,0.0,0.0,1.0,0.0,0.0,6.7468622194011124e-105,1.0
TCGA-D3-A1Q4,2,"Immune Hot (High TIS & CYT, Inflamed Microenvironment)",1.1640273772453489e-60,0.0,1.0,0.0,0.0,1.0,1.1640273772453489e-60,0.0
TCGA-D3-A1Q5,2,"Immune Hot (High TIS & CYT, Inflamed Microenvironment)",1.0717460380771917e-35,0.0,1.0,0.0,0.0,1.0,1.0717460380771917e-35,0.0
TCGA-D3-A1Q6,2,"Immune Hot (High TIS & CYT, Inflamed Microenvironment)",1.649999332269582e-28,0.0,1.0,0.0,0.0,1.0,1.649999332269582e-28,0.0
TCGA-D3-A1Q7,2,"Immune Hot (High TIS & CYT, Inflamed Microenvironment)",6.3234582628755915e-68,0.0,1.0,0.0,0.0,1.0,6.3234582628755915e-68,0.0
TCGA-D3-A1Q8,3,Immunosuppressive M2-High (Depleted T-cells & Stromal Exclusion),9.576312492614467e-48,0.0,0.0,1.0,0.0,0.0,9.576312492614467e-48,1.0
TCGA-D3-A1Q9,2,"Immune Hot (High TIS & CYT, Inflamed Microenvironment)",3.2713680298604357e-34,0.0,1.0,0.0,0.0,1.0,3.2713680298604357e-34,0.0
TCGA-D3-A1QA,2,"Immune Hot (High TIS & CYT, Inflamed Microenvironment)",3.172770004217512e-35,0.0,1.0,0.0,0.0,1.0,3.172770004217512e-35,0.0
TCGA-D3-A1QB,3,Immunosuppressive M2-High (Depleted T-cells & Stromal Exclusion),1.5617384906201884e-69,0.0,0.0,1.0,0.0,0.0,1.5617384906201884e-69,1.0
TCGA-D3-A2J6,3,Immunosuppressive M2-High (Depleted T-cells & Stromal Exclusion),3.9625131256866315e-161,0.0,0.0,1.0,0.0,0.0,3.9625131256866315e-161,1.0
TCGA-D3-A2J7,2,"Immune Hot (High TIS & CYT, Inflamed Microenvironment)",2.1300145941266534e-40,0.0,1.0,0.0,0.0,1.0,2.1300145941266534e-40,0.0
TCGA-D3-A2J8,3,Immunosuppressive M2-High (Depleted T-cells & Stromal Exclusion),5.824243667213375e-84,0.0,0.0,1.0,0.0,0.0,5.824243667213375e-84,1.0
TCGA-D3-A2J9,3,Immunosuppressive M2-High (Depleted T-cells & Stromal Exclusion),1.6951707805922608e-144,0.0,0.0,1.0,0.0,0.0,1.6951707805922608e-144,1.0
TCGA-D3-A2JA,2,"Immune Hot (High TIS & CYT, Inflamed Microenvironment)",3.659458136259801e-73,0.0,1.0,0.0,0.0,1.0,3.659458136259801e-73,0.0
TCGA-D3-A2JB,2,"Immune Hot (High TIS & CYT, Inflamed Microenvironment)",6.9161417919075905e-28,0.0,1.0,0.0,0.0,1.0,6.9161417919075905e-28,0.0
TCGA-D3-A2JC,1,Mutant-Driven (NF1 Loss & High Response Subtype),1.3710678885573867e-160,1.0,0.0,0.0,1.0,0.0,1.3710678885573867e-160,0.0
TCGA-D3-A2JD,2,"Immune Hot (High TIS & CYT, Inflamed Microenvironment)",1.2091198882293768e-25,0.0,1.0,0.0,0.0,1.0,1.2091198882293768e-25,0.0
TCGA-D3-A2JE,2,"Immune Hot (High TIS & CYT, Inflamed Microenvironment)",1.1442277705894386e-21,0.0,1.0,0.0,0.0,1.0,1.1442277705894386e-21,0.0
TCGA-D3-A2JF,1,Mutant-Driven (NF1 Loss & High Response Subtype),1.2004567926177476e-154,1.0,0.0,0.0,1.0,0.0,1.2004567926177476e-154,0.0
TCGA-D3-A2JG,2,"Immune Hot (High TIS & CYT, Inflamed Microenvironment)",1.3207799432655273e-24,0.0,1.0,0.0,0.0,1.0,1.3207799432655273e-24,0.0
TCGA-D3-A2JH,2,"Immune Hot (High TIS & CYT, Inflamed Microenvironment)",1.43223953019299e-35,0.0,1.0,0.0,0.0,1.0,1.43223953019299e-35,0.0
TCGA-D3-A2JK,2,"Immune Hot (High TIS & CYT, Inflamed Microenvironment)",1.1508313313956456e-33,0.0,1.0,0.0,0.0,1.0,1.1508313313956456e-33,0.0
TCGA-D3-A2JL,3,Immunosuppressive M2-High (Depleted T-cells & Stromal Exclusion),2.0440565052325358e-50,0.0,0.0,1.0,0.0,0.0,2.0440565052325358e-50,1.0
TCGA-D3-A2JN,2,"Immune Hot (High TIS & CYT, Inflamed Microenvironment)",8.417344564923266e-36,0.0,1.0,0.0,0.0,1.0,8.417344564923266e-36,0.0
TCGA-D3-A2JO,1,Mutant-Driven (NF1 Loss & High Response Subtype),5.6754001061518074e-95,1.0,0.0,0.0,1.0,0.0,5.6754001061518074e-95,0.0
TCGA-D3-A2JP,0,"Immune Cold (Low TIS & Infiltration, Desert)",1.0,0.0,0.0,0.0,0.0,0.0,1.0,0.0
TCGA-D3-A3BZ,3,Immunosuppressive M2-High (Depleted T-cells & Stromal Exclusion),4.232951018964372e-159,0.0,0.0,1.0,0.0,0.0,4.232951018964372e-159,1.0
TCGA-D3-A3C1,2,"Immune Hot (High TIS & CYT, Inflamed Microenvironment)",5.753249784717181e-20,0.0,1.0,0.0,0.0,1.0,5.753249784717181e-20,0.0
TCGA-D3-A3C3,2,"Immune Hot (High TIS & CYT, Inflamed Microenvironment)",7.730519533785634e-22,0.0,1.0,0.0,0.0,1.0,7.730519533785634e-22,0.0
TCGA-D3-A3C6,2,"Immune Hot (High TIS & CYT, Inflamed Microenvironment)",1.316199505355586e-56,0.0,1.0,0.0,0.0,1.0,1.316199505355586e-56,0.0
TCGA-D3-A3C7,2,"Immune Hot (High TIS & CYT, Inflamed Microenvironment)",5.603842119445353e-34,0.0,1.0,0.0,0.0,1.0,5.603842119445353e-34,0.0
TCGA-D3-A3C8,3,Immunosuppressive M2-High (Depleted T-cells & Stromal Exclusion),2.441837262488636e-165,0.0,0.0,1.0,0.0,0.0,2.441837262488636e-165,1.0
TCGA-D3-A3CB,2,"Immune Hot (High TIS & CYT, Inflamed Microenvironment)",4.381383462008415e-37,0.0,1.0,0.0,0.0,1.0,4.381383462008415e-37,0.0
TCGA-D3-A3CC,3,Immunosuppressive M2-High (Depleted T-cells & Stromal Exclusion),4.959955203100783e-133,0.0,0.0,1.0,0.0,0.0,4.959955203100783e-133,1.0
TCGA-D3-A3CE,2,"Immune Hot (High TIS & CYT, Inflamed Microenvironment)",1.861204863986086e-47,0.0,1.0,0.0,0.0,1.0,1.861204863986086e-47,0.0
TCGA-D3-A3CF,3,Immunosuppressive M2-High (Depleted T-cells & Stromal Exclusion),1.4906622869116172e-119,0.0,0.0,1.0,0.0,0.0,1.4906622869116172e-119,1.0
TCGA-D3-A3ML,3,Immunosuppressive M2-High (Depleted T-cells & Stromal Exclusion),7.480642178761112e-47,0.0,0.0,1.0,0.0,0.0,7.480642178761112e-47,1.0
TCGA-D3-A3MO,2,"Immune Hot (High TIS & CYT, Inflamed Microenvironment)",2.3057469292203938e-66,0.0,1.0,0.0,0.0,1.0,2.3057469292203938e-66,0.0
TCGA-D3-A3MR,2,"Immune Hot (High TIS & CYT, Inflamed Microenvironment)",2.8230229695629222e-36,0.0,1.0,0.0,0.0,1.0,2.8230229695629222e-36,0.0
TCGA-D3-A3MU,2,"Immune Hot (High TIS & CYT, Inflamed Microenvironment)",4.551514351859286e-48,0.0,1.0,0.0,0.0,1.0,4.551514351859286e-48,0.0
TCGA-D3-A3MV,3,Immunosuppressive M2-High (Depleted T-cells & Stromal Exclusion),3.475367078746181e-49,0.0,0.0,1.0,0.0,0.0,3.475367078746181e-49,1.0
TCGA-D3-A51E,3,Immunosuppressive M2-High (Depleted T-cells & Stromal Exclusion),7.310112290739805e-69,0.0,0.0,1.0,0.0,0.0,7.310112290739805e-69,1.0
TCGA-D3-A51F,3,Immunosuppressive M2-High (Depleted T-cells & Stromal Exclusion),4.526141735401376e-176,0.0,0.0,1.0,0.0,0.0,4.526141735401376e-176,1.0
TCGA-D3-A51G,3,Immunosuppressive M2-High (Depleted T-cells & Stromal Exclusion),2.0658149284338185e-75,0.0,0.0,1.0,0.0,0.0,2.0658149284338185e-75,1.0
TCGA-D3-A51H,3,Immunosuppressive M2-High (Depleted T-cells & Stromal Exclusion),6.962882608347117e-119,0.0,0.0,1.0,0.0,0.0,6.962882608347117e-119,1.0
TCGA-D3-A51J,2,"Immune Hot (High TIS & CYT, Inflamed Microenvironment)",5.251841669664125e-34,0.0,1.0,0.0,0.0,1.0,5.251841669664125e-34,0.0
TCGA-D3-A51K,3,Immunosuppressive M2-High (Depleted T-cells & Stromal Exclusion),7.534669760088187e-92,0.0,0.0,1.0,0.0,0.0,7.534669760088187e-92,1.0
TCGA-D3-A51N,2,"Immune Hot (High TIS & CYT, Inflamed Microenvironment)",8.049872118347475e-40,0.0,1.0,0.0,0.0,1.0,8.049872118347475e-40,0.0
TCGA-D3-A51R,1,Mutant-Driven (NF1 Loss & High Response Subtype),1.747458270064447e-68,1.0,0.0,0.0,1.0,0.0,1.747458270064447e-68,0.0
TCGA-D3-A51T,2,"Immune Hot (High TIS & CYT, Inflamed Microenvironment)",2.735228675699367e-32,0.0,1.0,0.0,0.0,1.0,2.735228675699367e-32,0.0
TCGA-D3-A5GL,3,Immunosuppressive M2-High (Depleted T-cells & Stromal Exclusion),4.505479087446745e-115,0.0,0.0,1.0,0.0,0.0,4.505479087446745e-115,1.0
TCGA-D3-A5GN,2,"Immune Hot (High TIS & CYT, Inflamed Microenvironment)",1.7398433622268928e-46,0.0,1.0,0.0,0.0,1.0,1.7398433622268928e-46,0.0
TCGA-D3-A5GO,3,Immunosuppressive M2-High (Depleted T-cells & Stromal Exclusion),1.82459253144044e-70,0.0,0.0,1.0,0.0,0.0,1.82459253144044e-70,1.0
TCGA-D3-A5GR,2,"Immune Hot (High TIS & CYT, Inflamed Microenvironment)",1.078269065440949e-37,0.0,1.0,0.0,0.0,1.0,1.078269065440949e-37,0.0
TCGA-D3-A5GS,2,"Immune Hot (High TIS & CYT, Inflamed Microenvironment)",1.0203923493268923e-39,0.0,1.0,0.0,0.0,1.0,1.0203923493268923e-39,0.0
TCGA-D3-A5GT,2,"Immune Hot (High TIS & CYT, Inflamed Microenvironment)",3.844760313360142e-21,0.0,1.0,0.0,0.0,1.0,3.844760313360142e-21,0.0
TCGA-D3-A5GU,2,"Immune Hot (High TIS & CYT, Inflamed Microenvironment)",6.176985448472167e-31,0.0,1.0,0.0,0.0,1.0,6.176985448472167e-31,0.0
TCGA-D3-A8GB,2,"Immune Hot (High TIS & CYT, Inflamed Microenvironment)",6.613543601295561e-40,0.0,1.0,0.0,0.0,1.0,6.613543601295561e-40,0.0
TCGA-D3-A8GC,3,Immunosuppressive M2-High (Depleted T-cells & Stromal Exclusion),7.182967971101177e-54,0.0,0.0,1.0,0.0,0.0,7.182967971101177e-54,1.0
TCGA-D3-A8GD,2,"Immune Hot (High TIS & CYT, Inflamed Microenvironment)",2.7381832693857686e-40,0.0,1.0,0.0,0.0,1.0,2.7381832693857686e-40,0.0
TCGA-D3-A8GE,3,Immunosuppressive M2-High (Depleted T-cells & Stromal Exclusion),4.1719517430508824e-189,0.0,0.0,1.0,0.0,0.0,4.1719517430508824e-189,1.0
TCGA-D3-A8GI,1,Mutant-Driven (NF1 Loss & High Response Subtype),1.1157394668827304e-129,1.0,0.0,0.0,1.0,0.0,1.1157394668827304e-129,0.0
TCGA-D3-A8GJ,2,"Immune Hot (High TIS & CYT, Inflamed Microenvironment)",7.12943635561684e-50,0.0,1.0,0.0,0.0,1.0,7.12943635561684e-50,0.0
TCGA-D3-A8GK,3,Immunosuppressive M2-High (Depleted T-cells & Stromal Exclusion),3.0441501080896964e-29,0.0,0.0,1.0,0.0,0.0,3.0441501080896964e-29,1.0
TCGA-D3-A8GL,3,Immunosuppressive M2-High (Depleted T-cells & Stromal Exclusion),3.3028610220348804e-52,0.0,0.0,1.0,0.0,0.0,3.3028610220348804e-52,1.0
TCGA-D3-A8GM,2,"Immune Hot (High TIS & CYT, Inflamed Microenvironment)",4.3739985249392474e-39,0.0,1.0,0.0,0.0,1.0,4.3739985249392474e-39,0.0
TCGA-D3-A8GN,2,"Immune Hot (High TIS & CYT, Inflamed Microenvironment)",5.998090578366587e-46,0.0,1.0,0.0,0.0,1.0,5.998090578366587e-46,0.0
TCGA-D3-A8GO,2,"Immune Hot (High TIS & CYT, Inflamed Microenvironment)",2.3664576790905187e-22,0.0,1.0,0.0,0.0,1.0,2.3664576790905187e-22,0.0
TCGA-D3-A8GP,3,Immunosuppressive M2-High (Depleted T-cells & Stromal Exclusion),1.5522945380808428e-116,0.0,0.0,1.0,0.0,0.0,1.5522945380808428e-116,1.0
TCGA-D3-A8GQ,1,Mutant-Driven (NF1 Loss & High Response Subtype),7.912913233717446e-83,1.0,0.0,0.0,1.0,0.0,7.912913233717446e-83,0.0
TCGA-D3-A8GR,3,Immunosuppressive M2-High (Depleted T-cells & Stromal Exclusion),1.8365316538603768e-55,0.0,0.0,1.0,0.0,0.0,1.8365316538603768e-55,1.0
TCGA-D3-A8GS,2,"Immune Hot (High TIS & CYT, Inflamed Microenvironment)",7.077466162735696e-28,0.0,1.0,0.0,0.0,1.0,7.077466162735696e-28,0.0
TCGA-D3-A8GV,2,"Immune Hot (High TIS & CYT, Inflamed Microenvironment)",3.992122982065361e-39,0.0,1.0,0.0,0.0,1.0,3.992122982065361e-39,0.0
TCGA-D9-A148,2,"Immune Hot (High TIS & CYT, Inflamed Microenvironment)",3.673039613898835e-38,0.0,1.0,0.0,0.0,1.0,3.673039613898835e-38,0.0
TCGA-D9-A149,1,Mutant-Driven (NF1 Loss & High Response Subtype),4.727006377098398e-159,1.0,0.0,0.0,1.0,0.0,4.727006377098398e-159,0.0
TCGA-D9-A1JW,2,"Immune Hot (High TIS & CYT, Inflamed Microenvironment)",1.624731779651925e-30,0.0,1.0,0.0,0.0,1.0,1.624731779651925e-30,0.0
TCGA-D9-A1JX,2,"Immune Hot (High TIS & CYT, Inflamed Microenvironment)",1.1051455660662382e-32,0.0,1.0,0.0,0.0,1.0,1.1051455660662382e-32,0.0
TCGA-D9-A1X3,3,Immunosuppressive M2-High (Depleted T-cells & Stromal Exclusion),1.8916023388180484e-123,0.0,0.0,1.0,0.0,0.0,1.8916023388180484e-123,1.0
TCGA-D9-A3Z1,3,Immunosuppressive M2-High (Depleted T-cells & Stromal Exclusion),4.2186567476769605e-76,0.0,0.0,1.0,0.0,0.0,4.2186567476769605e-76,1.0
TCGA-D9-A3Z3,2,"Immune Hot (High TIS & CYT, Inflamed Microenvironment)",1.6429306711422404e-41,0.0,1.0,0.0,0.0,1.0,1.6429306711422404e-41,0.0
TCGA-D9-A3Z4,3,Immunosuppressive M2-High (Depleted T-cells & Stromal Exclusion),2.746093094274337e-54,0.0,0.0,1.0,0.0,0.0,2.746093094274337e-54,1.0
TCGA-D9-A4Z2,2,"Immune Hot (High TIS & CYT, Inflamed Microenvironment)",1.542644802652618e-37,0.0,1.0,0.0,0.0,1.0,1.542644802652618e-37,0.0
TCGA-D9-A4Z3,3,Immunosuppressive M2-High (Depleted T-cells & Stromal Exclusion),5.934033395743282e-59,0.0,0.0,1.0,0.0,0.0,5.934033395743282e-59,1.0
TCGA-D9-A4Z5,2,"Immune Hot (High TIS & CYT, Inflamed Microenvironment)",1.5317395019566733e-49,0.0,1.0,0.0,0.0,1.0,1.5317395019566733e-49,0.0
TCGA-D9-A4Z6,2,"Immune Hot (High TIS & CYT, Inflamed Microenvironment)",2.6221518776486655e-33,0.0,1.0,0.0,0.0,1.0,2.6221518776486655e-33,0.0
TCGA-D9-A6E9,2,"Immune Hot (High TIS & CYT, Inflamed Microenvironment)",3.714323495490156e-39,0.0,1.0,0.0,0.0,1.0,3.714323495490156e-39,0.0
TCGA-D9-A6EA,3,Immunosuppressive M2-High (Depleted T-cells & Stromal Exclusion),7.951977842543683e-57,0.0,0.0,1.0,0.0,0.0,7.951977842543683e-57,1.0
TCGA-D9-A6EC,2,"Immune Hot (High TIS & CYT, Inflamed Microenvironment)",5.6814477188823395e-42,0.0,1.0,0.0,0.0,1.0,5.6814477188823395e-42,0.0
TCGA-D9-A6EG,2,"Immune Hot (High TIS & CYT, Inflamed Microenvironment)",6.508924768673255e-54,0.0,1.0,0.0,0.0,1.0,6.508924768673255e-54,0.0
TCGA-DA-A1HV,3,Immunosuppressive M2-High (Depleted T-cells & Stromal Exclusion),6.185163982206127e-57,0.0,0.0,1.0,0.0,0.0,6.185163982206127e-57,1.0
TCGA-DA-A1HW,2,"Immune Hot (High TIS & CYT, Inflamed Microenvironment)",3.96685895365673e-41,0.0,1.0,0.0,0.0,1.0,3.96685895365673e-41,0.0
TCGA-DA-A1HY,2,"Immune Hot (High TIS & CYT, Inflamed Microenvironment)",2.471522168568706e-56,0.0,1.0,0.0,0.0,1.0,2.471522168568706e-56,0.0
TCGA-DA-A1I0,2,"Immune Hot (High TIS & CYT, Inflamed Microenvironment)",3.1104233128830613e-26,0.0,1.0,0.0,0.0,1.0,3.1104233128830613e-26,0.0
TCGA-DA-A1I1,0,"Immune Cold (Low TIS & Infiltration, Desert)",1.0,0.0,0.0,0.0,0.0,0.0,1.0,0.0
TCGA-DA-A1I2,2,"Immune Hot (High TIS & CYT, Inflamed Microenvironment)",3.57040330566806e-48,0.0,1.0,0.0,0.0,1.0,3.57040330566806e-48,0.0
TCGA-DA-A1I4,2,"Immune Hot (High TIS & CYT, Inflamed Microenvironment)",3.0454721288570626e-51,0.0,1.0,0.0,0.0,1.0,3.0454721288570626e-51,0.0
TCGA-DA-A1I5,2,"Immune Hot (High TIS & CYT, Inflamed Microenvironment)",1.840722988593023e-40,0.0,1.0,0.0,0.0,1.0,1.840722988593023e-40,0.0
TCGA-DA-A1I7,2,"Immune Hot (High TIS & CYT, Inflamed Microenvironment)",2.741819419104192e-40,0.0,1.0,0.0,0.0,1.0,2.741819419104192e-40,0.0
TCGA-DA-A1I8,2,"Immune Hot (High TIS & CYT, Inflamed Microenvironment)",6.301582809692049e-52,0.0,1.0,0.0,0.0,1.0,6.301582809692049e-52,0.0
TCGA-DA-A1IA,3,Immunosuppressive M2-High (Depleted T-cells & Stromal Exclusion),1.5793527139725737e-85,0.0,0.0,1.0,0.0,0.0,1.5793527139725737e-85,1.0
TCGA-DA-A1IB,2,"Immune Hot (High TIS & CYT, Inflamed Microenvironment)",3.605001094337877e-39,0.0,1.0,0.0,0.0,1.0,3.605001094337877e-39,0.0
TCGA-DA-A1IC,1,Mutant-Driven (NF1 Loss & High Response Subtype),6.753873976804687e-138,1.0,0.0,0.0,1.0,0.0,6.753873976804687e-138,0.0
TCGA-DA-A3F2,3,Immunosuppressive M2-High (Depleted T-cells & Stromal Exclusion),7.87957327650779e-179,0.0,0.0,1.0,0.0,0.0,7.87957327650779e-179,1.0
TCGA-DA-A3F3,3,Immunosuppressive M2-High (Depleted T-cells & Stromal Exclusion),6.197644689479572e-41,0.0,0.0,1.0,0.0,0.0,6.197644689479572e-41,1.0
TCGA-DA-A3F5,2,"Immune Hot (High TIS & CYT, Inflamed Microenvironment)",2.7795311349362725e-35,0.0,1.0,0.0,0.0,1.0,2.7795311349362725e-35,0.0
TCGA-DA-A3F8,2,"Immune Hot (High TIS & CYT, Inflamed Microenvironment)",9.101430234078935e-45,0.0,1.0,0.0,0.0,1.0,9.101430234078935e-45,0.0
TCGA-DA-A95V,1,Mutant-Driven (NF1 Loss & High Response Subtype),8.855423844054963e-141,1.0,0.0,0.0,1.0,0.0,8.855423844054963e-141,0.0
TCGA-DA-A95W,2,"Immune Hot (High TIS & CYT, Inflamed Microenvironment)",2.2131191203048863e-25,0.0,1.0,0.0,0.0,1.0,2.2131191203048863e-25,0.0
TCGA-DA-A95X,1,Mutant-Driven (NF1 Loss & High Response Subtype),1.2424810648238642e-70,1.0,0.0,0.0,1.0,0.0,1.2424810648238642e-70,0.0
TCGA-DA-A95Y,2,"Immune Hot (High TIS & CYT, Inflamed Microenvironment)",8.340075574618925e-21,0.0,1.0,0.0,0.0,1.0,8.340075574618925e-21,0.0
TCGA-DA-A95Z,0,"Immune Cold (Low TIS & Infiltration, Desert)",1.0,0.0,0.0,0.0,0.0,0.0,1.0,0.0
TCGA-EB-A1NK,3,Immunosuppressive M2-High (Depleted T-cells & Stromal Exclusion),5.397819267214417e-68,0.0,0.0,1.0,0.0,0.0,5.397819267214417e-68,1.0
TCGA-EB-A24C,2,"Immune Hot (High TIS & CYT, Inflamed Microenvironment)",3.656884628331634e-45,0.0,1.0,0.0,0.0,1.0,3.656884628331634e-45,0.0
TCGA-EB-A24D,2,"Immune Hot (High TIS & CYT, Inflamed Microenvironment)",1.0131159688682048e-42,0.0,1.0,0.0,0.0,1.0,1.0131159688682048e-42,0.0
TCGA-EB-A299,2,"Immune Hot (High TIS & CYT, Inflamed Microenvironment)",2.6977983035439405e-34,0.0,1.0,0.0,0.0,1.0,2.6977983035439405e-34,0.0
TCGA-EB-A3HV,2,"Immune Hot (High TIS & CYT, Inflamed Microenvironment)",2.4853308710672667e-37,0.0,1.0,0.0,0.0,1.0,2.4853308710672667e-37,0.0
TCGA-EB-A3XB,2,"Immune Hot (High TIS & CYT, Inflamed Microenvironment)",1.39826385606704e-33,0.0,1.0,0.0,0.0,1.0,1.39826385606704e-33,0.0
TCGA-EB-A3XC,2,"Immune Hot (High TIS & CYT, Inflamed Microenvironment)",1.8151671443469377e-42,0.0,1.0,0.0,0.0,1.0,1.8151671443469377e-42,0.0
TCGA-EB-A3XD,2,"Immune Hot (High TIS & CYT, Inflamed Microenvironment)",2.9023621176817243e-34,0.0,1.0,0.0,0.0,1.0,2.9023621176817243e-34,0.0
TCGA-EB-A3XE,2,"Immune Hot (High TIS & CYT, Inflamed Microenvironment)",2.779625339813304e-29,0.0,1.0,0.0,0.0,1.0,2.779625339813304e-29,0.0
TCGA-EB-A3XF,2,"Immune Hot (High TIS & CYT, Inflamed Microenvironment)",4.93006196257093e-70,0.0,1.0,0.0,0.0,1.0,4.93006196257093e-70,0.0
TCGA-EB-A3Y6,2,"Immune Hot (High TIS & CYT, Inflamed Microenvironment)",8.891880759006355e-47,0.0,1.0,0.0,0.0,1.0,8.891880759006355e-47,0.0
TCGA-EB-A3Y7,1,Mutant-Driven (NF1 Loss & High Response Subtype),1.4334526871817552e-123,1.0,0.0,0.0,1.0,0.0,1.4334526871817552e-123,0.0
TCGA-EB-A41A,1,Mutant-Driven (NF1 Loss & High Response Subtype),2.12864646110915e-126,1.0,0.0,0.0,1.0,0.0,2.12864646110915e-126,0.0
TCGA-EB-A41B,3,Immunosuppressive M2-High (Depleted T-cells & Stromal Exclusion),6.753163200020096e-95,0.0,0.0,1.0,0.0,0.0,6.753163200020096e-95,1.0
TCGA-EB-A42Y,3,Immunosuppressive M2-High (Depleted T-cells & Stromal Exclusion),6.863239475684327e-147,0.0,0.0,1.0,0.0,0.0,6.863239475684327e-147,1.0
TCGA-EB-A42Z,2,"Immune Hot (High TIS & CYT, Inflamed Microenvironment)",1.1185964048029631e-39,0.0,1.0,0.0,0.0,1.0,1.1185964048029631e-39,0.0
TCGA-EB-A430,2,"Immune Hot (High TIS & CYT, Inflamed Microenvironment)",8.68550022012399e-29,0.0,1.0,0.0,0.0,1.0,8.68550022012399e-29,0.0
TCGA-EB-A431,2,"Immune Hot (High TIS & CYT, Inflamed Microenvironment)",3.5920741074468877e-32,0.0,1.0,0.0,0.0,1.0,3.5920741074468877e-32,0.0
TCGA-EB-A44N,2,"Immune Hot (High TIS & CYT, Inflamed Microenvironment)",1.6550817797226707e-36,0.0,1.0,0.0,0.0,1.0,1.6550817797226707e-36,0.0
TCGA-EB-A44O,3,Immunosuppressive M2-High (Depleted T-cells & Stromal Exclusion),1.4566719163615391e-65,0.0,0.0,1.0,0.0,0.0,1.4566719163615391e-65,1.0
TCGA-EB-A44P,2,"Immune Hot (High TIS & CYT, Inflamed Microenvironment)",2.259322759365089e-37,0.0,1.0,0.0,0.0,1.0,2.259322759365089e-37,0.0
TCGA-EB-A44Q,3,Immunosuppressive M2-High (Depleted T-cells & Stromal Exclusion),2.6453264517555556e-64,0.0,0.0,1.0,0.0,0.0,2.6453264517555556e-64,1.0
TCGA-EB-A44R,3,Immunosuppressive M2-High (Depleted T-cells & Stromal Exclusion),2.6011209286407405e-60,0.0,0.0,1.0,0.0,0.0,2.6011209286407405e-60,1.0
TCGA-EB-A4IQ,3,Immunosuppressive M2-High (Depleted T-cells & Stromal Exclusion),1.5389537811672626e-114,0.0,0.0,1.0,0.0,0.0,1.5389537811672626e-114,1.0
TCGA-EB-A4IS,2,"Immune Hot (High TIS & CYT, Inflamed Microenvironment)",3.614150328051475e-56,0.0,1.0,0.0,0.0,1.0,3.614150328051475e-56,0.0
TCGA-EB-A4OY,3,Immunosuppressive M2-High (Depleted T-cells & Stromal Exclusion),2.252732145831493e-94,0.0,0.0,1.0,0.0,0.0,2.252732145831493e-94,1.0
TCGA-EB-A4OZ,3,Immunosuppressive M2-High (Depleted T-cells & Stromal Exclusion),4.729165817821285e-125,0.0,0.0,1.0,0.0,0.0,4.729165817821285e-125,1.0
TCGA-EB-A4P0,2,"Immune Hot (High TIS & CYT, Inflamed Microenvironment)",1.1105127803226053e-32,0.0,1.0,0.0,0.0,1.0,1.1105127803226053e-32,0.0
TCGA-EB-A4XL,3,Immunosuppressive M2-High (Depleted T-cells & Stromal Exclusion),2.703430468498297e-55,0.0,0.0,1.0,0.0,0.0,2.703430468498297e-55,1.0
TCGA-EB-A551,3,Immunosuppressive M2-High (Depleted T-cells & Stromal Exclusion),3.5556326930255783e-85,0.0,0.0,1.0,0.0,0.0,3.5556326930255783e-85,1.0
TCGA-EB-A553,2,"Immune Hot (High TIS & CYT, Inflamed Microenvironment)",1.2120364714915053e-29,0.0,1.0,0.0,0.0,1.0,1.2120364714915053e-29,0.0
TCGA-EB-A57M,3,Immunosuppressive M2-High (Depleted T-cells & Stromal Exclusion),4.323208502622793e-158,0.0,0.0,1.0,0.0,0.0,4.323208502622793e-158,1.0
TCGA-EB-A5FP,2,"Immune Hot (High TIS & CYT, Inflamed Microenvironment)",1.1330716477766402e-38,0.0,1.0,0.0,0.0,1.0,1.1330716477766402e-38,0.0
TCGA-EB-A5KH,3,Immunosuppressive M2-High (Depleted T-cells & Stromal Exclusion),5.885647624493461e-98,0.0,0.0,1.0,0.0,0.0,5.885647624493461e-98,1.0
TCGA-EB-A5SE,2,"Immune Hot (High TIS & CYT, Inflamed Microenvironment)",2.613874942697267e-36,0.0,1.0,0.0,0.0,1.0,2.613874942697267e-36,0.0
TCGA-EB-A5SF,3,Immunosuppressive M2-High (Depleted T-cells & Stromal Exclusion),1.167864362504314e-98,0.0,0.0,1.0,0.0,0.0,1.167864362504314e-98,1.0
TCGA-EB-A5SG,3,Immunosuppressive M2-High (Depleted T-cells & Stromal Exclusion),3.375838069061936e-90,0.0,0.0,1.0,0.0,0.0,3.375838069061936e-90,1.0
TCGA-EB-A5SH,3,Immunosuppressive M2-High (Depleted T-cells & Stromal Exclusion),1.7752374309343318e-60,0.0,0.0,1.0,0.0,0.0,1.7752374309343318e-60,1.0
TCGA-EB-A5UL,3,Immunosuppressive M2-High (Depleted T-cells & Stromal Exclusion),7.0072827580882725e-62,0.0,0.0,1.0,0.0,0.0,7.0072827580882725e-62,1.0
TCGA-EB-A5UM,3,Immunosuppressive M2-High (Depleted T-cells & Stromal Exclusion),5.635640463077688e-106,0.0,0.0,1.0,0.0,0.0,5.635640463077688e-106,1.0
TCGA-EB-A5UN,2,"Immune Hot (High TIS & CYT, Inflamed Microenvironment)",4.355598083215722e-33,0.0,1.0,0.0,0.0,1.0,4.355598083215722e-33,0.0
TCGA-EB-A5VU,3,Immunosuppressive M2-High (Depleted T-cells & Stromal Exclusion),1.174638925168332e-50,0.0,0.0,1.0,0.0,0.0,1.174638925168332e-50,1.0
TCGA-EB-A5VV,3,Immunosuppressive M2-High (Depleted T-cells & Stromal Exclusion),1.9309536506519695e-111,0.0,0.0,1.0,0.0,0.0,1.9309536506519695e-111,1.0
TCGA-EB-A6L9,3,Immunosuppressive M2-High (Depleted T-cells & Stromal Exclusion),3.472298124522057e-103,0.0,0.0,1.0,0.0,0.0,3.472298124522057e-103,1.0
TCGA-EB-A6QY,2,"Immune Hot (High TIS & CYT, Inflamed Microenvironment)",3.2213750818541666e-30,0.0,1.0,0.0,0.0,1.0,3.2213750818541666e-30,0.0
TCGA-EB-A6QZ,2,"Immune Hot (High TIS & CYT, Inflamed Microenvironment)",4.593765684520479e-37,0.0,1.0,0.0,0.0,1.0,4.593765684520479e-37,0.0
TCGA-EB-A6R0,2,"Immune Hot (High TIS & CYT, Inflamed Microenvironment)",7.168658586820099e-48,0.0,1.0,0.0,0.0,1.0,7.168658586820099e-48,0.0
TCGA-EE-A17X,1,Mutant-Driven (NF1 Loss & High Response Subtype),1.6075047134197168e-67,1.0,0.0,0.0,1.0,0.0,1.6075047134197168e-67,0.0
TCGA-EE-A17Y,2,"Immune Hot (High TIS & CYT, Inflamed Microenvironment)",1.6972756238789737e-52,0.0,1.0,0.0,0.0,1.0,1.6972756238789737e-52,0.0
TCGA-EE-A17Z,3,Immunosuppressive M2-High (Depleted T-cells & Stromal Exclusion),4.297467221660014e-43,0.0,0.0,1.0,0.0,0.0,4.297467221660014e-43,1.0
TCGA-EE-A180,1,Mutant-Driven (NF1 Loss & High Response Subtype),1.3498665337982957e-153,1.0,0.0,0.0,1.0,0.0,1.3498665337982957e-153,0.0
TCGA-EE-A181,2,"Immune Hot (High TIS & CYT, Inflamed Microenvironment)",2.3721755381041077e-42,0.0,1.0,0.0,0.0,1.0,2.3721755381041077e-42,0.0
TCGA-EE-A182,1,Mutant-Driven (NF1 Loss & High Response Subtype),6.643500318179908e-180,1.0,0.0,0.0,1.0,0.0,6.643500318179908e-180,0.0
TCGA-EE-A183,2,"Immune Hot (High TIS & CYT, Inflamed Microenvironment)",6.432773034108685e-24,0.0,1.0,0.0,0.0,1.0,6.432773034108685e-24,0.0
TCGA-EE-A184,3,Immunosuppressive M2-High (Depleted T-cells & Stromal Exclusion),6.913206627392248e-64,0.0,0.0,1.0,0.0,0.0,6.913206627392248e-64,1.0
TCGA-EE-A185,3,Immunosuppressive M2-High (Depleted T-cells & Stromal Exclusion),1.7826494781855004e-54,0.0,0.0,1.0,0.0,0.0,1.7826494781855004e-54,1.0
TCGA-EE-A20B,2,"Immune Hot (High TIS & CYT, Inflamed Microenvironment)",8.619435165988603e-38,0.0,1.0,0.0,0.0,1.0,8.619435165988603e-38,0.0
TCGA-EE-A20C,1,Mutant-Driven (NF1 Loss & High Response Subtype),3.629608191739335e-53,1.0,0.0,0.0,1.0,0.0,3.629608191739335e-53,0.0
TCGA-EE-A20F,2,"Immune Hot (High TIS & CYT, Inflamed Microenvironment)",3.2588561982557712e-37,0.0,1.0,0.0,0.0,1.0,3.2588561982557712e-37,0.0
TCGA-EE-A20H,2,"Immune Hot (High TIS & CYT, Inflamed Microenvironment)",3.1813009882640795e-37,0.0,1.0,0.0,0.0,1.0,3.1813009882640795e-37,0.0
TCGA-EE-A20I,3,Immunosuppressive M2-High (Depleted T-cells & Stromal Exclusion),2.3405090851114834e-138,0.0,0.0,1.0,0.0,0.0,2.3405090851114834e-138,1.0
TCGA-EE-A29A,2,"Immune Hot (High TIS & CYT, Inflamed Microenvironment)",3.788648567462e-53,0.0,1.0,0.0,0.0,1.0,3.788648567462e-53,0.0
TCGA-EE-A29B,3,Immunosuppressive M2-High (Depleted T-cells & Stromal Exclusion),2.0186891011854806e-139,0.0,0.0,1.0,0.0,0.0,2.0186891011854806e-139,1.0
TCGA-EE-A29C,2,"Immune Hot (High TIS & CYT, Inflamed Microenvironment)",6.670083241981529e-50,0.0,1.0,0.0,0.0,1.0,6.670083241981529e-50,0.0
TCGA-EE-A29D,3,Immunosuppressive M2-High (Depleted T-cells & Stromal Exclusion),4.448033977403448e-139,0.0,0.0,1.0,0.0,0.0,4.448033977403448e-139,1.0
TCGA-EE-A29E,2,"Immune Hot (High TIS & CYT, Inflamed Microenvironment)",4.642078226150014e-44,0.0,1.0,0.0,0.0,1.0,4.642078226150014e-44,0.0
TCGA-EE-A29G,3,Immunosuppressive M2-High (Depleted T-cells & Stromal Exclusion),1.2993729663901645e-61,0.0,0.0,1.0,0.0,0.0,1.2993729663901645e-61,1.0
TCGA-EE-A29H,2,"Immune Hot (High TIS & CYT, Inflamed Microenvironment)",7.085320162464163e-32,0.0,1.0,0.0,0.0,1.0,7.085320162464163e-32,0.0
TCGA-EE-A29L,1,Mutant-Driven (NF1 Loss & High Response Subtype),2.1836180053343352e-42,1.0,0.0,0.0,1.0,0.0,2.1836180053343352e-42,0.0
TCGA-EE-A29M,2,"Immune Hot (High TIS & CYT, Inflamed Microenvironment)",2.1653825876457354e-29,0.0,1.0,0.0,0.0,1.0,2.1653825876457354e-29,0.0
TCGA-EE-A29N,2,"Immune Hot (High TIS & CYT, Inflamed Microenvironment)",4.120231731179129e-48,0.0,1.0,0.0,0.0,1.0,4.120231731179129e-48,0.0
TCGA-EE-A29P,2,"Immune Hot (High TIS & CYT, Inflamed Microenvironment)",2.335403259489535e-51,0.0,1.0,0.0,0.0,1.0,2.335403259489535e-51,0.0
TCGA-EE-A29Q,3,Immunosuppressive M2-High (Depleted T-cells & Stromal Exclusion),1.1390908635395311e-50,0.0,0.0,1.0,0.0,0.0,1.1390908635395311e-50,1.0
TCGA-EE-A29R,3,Immunosuppressive M2-High (Depleted T-cells & Stromal Exclusion),2.03577330880344e-41,0.0,0.0,1.0,0.0,0.0,2.03577330880344e-41,1.0
TCGA-EE-A29S,3,Immunosuppressive M2-High (Depleted T-cells & Stromal Exclusion),1.0205144118759792e-54,0.0,0.0,1.0,0.0,0.0,1.0205144118759792e-54,1.0
TCGA-EE-A29T,2,"Immune Hot (High TIS & CYT, Inflamed Microenvironment)",6.463979115126886e-40,0.0,1.0,0.0,0.0,1.0,6.463979115126886e-40,0.0
TCGA-EE-A29V,1,Mutant-Driven (NF1 Loss & High Response Subtype),8.87033970581569e-62,1.0,0.0,0.0,1.0,0.0,8.87033970581569e-62,0.0
TCGA-EE-A29W,2,"Immune Hot (High TIS & CYT, Inflamed Microenvironment)",1.0215968527346596e-38,0.0,1.0,0.0,0.0,1.0,1.0215968527346596e-38,0.0
TCGA-EE-A29X,3,Immunosuppressive M2-High (Depleted T-cells & Stromal Exclusion),1.2510619488597707e-74,0.0,0.0,1.0,0.0,0.0,1.2510619488597707e-74,1.0
TCGA-EE-A2A0,2,"Immune Hot (High TIS & CYT, Inflamed Microenvironment)",2.202685825980626e-46,0.0,1.0,0.0,0.0,1.0,2.202685825980626e-46,0.0
TCGA-EE-A2A1,3,Immunosuppressive M2-High (Depleted T-cells & Stromal Exclusion),1.2332452393898179e-73,0.0,0.0,1.0,0.0,0.0,1.2332452393898179e-73,1.0
TCGA-EE-A2A2,1,Mutant-Driven (NF1 Loss & High Response Subtype),1.940091777458991e-49,1.0,0.0,0.0,1.0,0.0,1.940091777458991e-49,0.0
TCGA-EE-A2A5,3,Immunosuppressive M2-High (Depleted T-cells & Stromal Exclusion),1.1421445061972205e-63,0.0,0.0,1.0,0.0,0.0,1.1421445061972205e-63,1.0
TCGA-EE-A2A6,2,"Immune Hot (High TIS & CYT, Inflamed Microenvironment)",1.8315692917268082e-27,0.0,1.0,0.0,0.0,1.0,1.8315692917268082e-27,0.0
TCGA-EE-A2GB,2,"Immune Hot (High TIS & CYT, Inflamed Microenvironment)",2.1638610351258366e-36,0.0,1.0,0.0,0.0,1.0,2.1638610351258366e-36,0.0
TCGA-EE-A2GC,2,"Immune Hot (High TIS & CYT, Inflamed Microenvironment)",1.456055183517285e-57,0.0,1.0,0.0,0.0,1.0,1.456055183517285e-57,0.0
TCGA-EE-A2GD,3,Immunosuppressive M2-High (Depleted T-cells & Stromal Exclusion),4.540471226287621e-77,0.0,0.0,1.0,0.0,0.0,4.540471226287621e-77,1.0
TCGA-EE-A2GE,2,"Immune Hot (High TIS & CYT, Inflamed Microenvironment)",1.1087750521545328e-55,0.0,1.0,0.0,0.0,1.0,1.1087750521545328e-55,0.0
TCGA-EE-A2GH,2,"Immune Hot (High TIS & CYT, Inflamed Microenvironment)",7.454694265260173e-48,0.0,1.0,0.0,0.0,1.0,7.454694265260173e-48,0.0
TCGA-EE-A2GI,1,Mutant-Driven (NF1 Loss & High Response Subtype),5.202440643917769e-165,1.0,0.0,0.0,1.0,0.0,5.202440643917769e-165,0.0
TCGA-EE-A2GJ,0,"Immune Cold (Low TIS & Infiltration, Desert)",1.0,0.0,0.0,0.0,0.0,0.0,1.0,0.0
TCGA-EE-A2GK,3,Immunosuppressive M2-High (Depleted T-cells & Stromal Exclusion),1.7626125780671628e-102,0.0,0.0,1.0,0.0,0.0,1.7626125780671628e-102,1.0
TCGA-EE-A2GL,3,Immunosuppressive M2-High (Depleted T-cells & Stromal Exclusion),1.2225766072375818e-36,0.0,0.0,1.0,0.0,0.0,1.2225766072375818e-36,1.0
TCGA-EE-A2GM,0,"Immune Cold (Low TIS & Infiltration, Desert)",1.0,0.0,0.0,0.0,0.0,0.0,1.0,0.0
TCGA-EE-A2GN,3,Immunosuppressive M2-High (Depleted T-cells & Stromal Exclusion),7.278143942505846e-60,0.0,0.0,1.0,0.0,0.0,7.278143942505846e-60,1.0
TCGA-EE-A2GO,2,"Immune Hot (High TIS & CYT, Inflamed Microenvironment)",7.068005817089586e-67,0.0,1.0,0.0,0.0,1.0,7.068005817089586e-67,0.0
TCGA-EE-A2GP,3,Immunosuppressive M2-High (Depleted T-cells & Stromal Exclusion),7.400609162122097e-64,0.0,0.0,1.0,0.0,0.0,7.400609162122097e-64,1.0
TCGA-EE-A2GR,1,Mutant-Driven (NF1 Loss & High Response Subtype),2.4963205679307818e-135,1.0,0.0,0.0,1.0,0.0,2.4963205679307818e-135,0.0
TCGA-EE-A2GS,2,"Immune Hot (High TIS & CYT, Inflamed Microenvironment)",9.88779969727532e-47,0.0,1.0,0.0,0.0,1.0,9.88779969727532e-47,0.0
TCGA-EE-A2GT,2,"Immune Hot (High TIS & CYT, Inflamed Microenvironment)",3.8816748703448634e-21,0.0,1.0,0.0,0.0,1.0,3.8816748703448634e-21,0.0
TCGA-EE-A2GU,3,Immunosuppressive M2-High (Depleted T-cells & Stromal Exclusion),2.1557993913010202e-46,0.0,0.0,1.0,0.0,0.0,2.1557993913010202e-46,1.0
TCGA-EE-A2M5,2,"Immune Hot (High TIS & CYT, Inflamed Microenvironment)",9.834946089028244e-56,0.0,1.0,0.0,0.0,1.0,9.834946089028244e-56,0.0
TCGA-EE-A2M6,2,"Immune Hot (High TIS & CYT, Inflamed Microenvironment)",1.0737590884511238e-34,0.0,1.0,0.0,0.0,1.0,1.0737590884511238e-34,0.0
TCGA-EE-A2M7,2,"Immune Hot (High TIS & CYT, Inflamed Microenvironment)",2.4476294486392752e-20,0.0,1.0,0.0,0.0,1.0,2.4476294486392752e-20,0.0
TCGA-EE-A2M8,2,"Immune Hot (High TIS & CYT, Inflamed Microenvironment)",7.693181237967826e-44,0.0,1.0,0.0,0.0,1.0,7.693181237967826e-44,0.0
TCGA-EE-A2MC,3,Immunosuppressive M2-High (Depleted T-cells & Stromal Exclusion),2.737660943360887e-86,0.0,0.0,1.0,0.0,0.0,2.737660943360887e-86,1.0
TCGA-EE-A2MD,3,Immunosuppressive M2-High (Depleted T-cells & Stromal Exclusion),3.2321208684070957e-50,0.0,0.0,1.0,0.0,0.0,3.2321208684070957e-50,1.0
TCGA-EE-A2ME,2,"Immune Hot (High TIS & CYT, Inflamed Microenvironment)",5.729731091201978e-45,0.0,1.0,0.0,0.0,1.0,5.729731091201978e-45,0.0
TCGA-EE-A2MF,3,Immunosuppressive M2-High (Depleted T-cells & Stromal Exclusion),6.746856399367726e-53,0.0,0.0,1.0,0.0,0.0,6.746856399367726e-53,1.0
TCGA-EE-A2MG,2,"Immune Hot (High TIS & CYT, Inflamed Microenvironment)",8.060678309105472e-32,0.0,1.0,0.0,0.0,1.0,8.060678309105472e-32,0.0
TCGA-EE-A2MH,2,"Immune Hot (High TIS & CYT, Inflamed Microenvironment)",1.3350953543022965e-23,0.0,1.0,0.0,0.0,1.0,1.3350953543022965e-23,0.0
TCGA-EE-A2MI,1,Mutant-Driven (NF1 Loss & High Response Subtype),3.3672127942532544e-155,1.0,0.0,0.0,1.0,0.0,3.3672127942532544e-155,0.0
TCGA-EE-A2MJ,1,Mutant-Driven (NF1 Loss & High Response Subtype),8.64710583532086e-163,1.0,0.0,0.0,1.0,0.0,8.64710583532086e-163,0.0
TCGA-EE-A2MK,2,"Immune Hot (High TIS & CYT, Inflamed Microenvironment)",5.59861962696965e-41,0.0,1.0,0.0,0.0,1.0,5.59861962696965e-41,0.0
TCGA-EE-A2ML,3,Immunosuppressive M2-High (Depleted T-cells & Stromal Exclusion),4.2021279818245925e-42,0.0,0.0,1.0,0.0,0.0,4.2021279818245925e-42,1.0
TCGA-EE-A2MM,3,Immunosuppressive M2-High (Depleted T-cells & Stromal Exclusion),5.157084349104092e-44,0.0,0.0,1.0,0.0,0.0,5.157084349104092e-44,1.0
TCGA-EE-A2MN,3,Immunosuppressive M2-High (Depleted T-cells & Stromal Exclusion),2.713494639033098e-51,0.0,0.0,1.0,0.0,0.0,2.713494639033098e-51,1.0
TCGA-EE-A2MP,2,"Immune Hot (High TIS & CYT, Inflamed Microenvironment)",2.7406809902493182e-37,0.0,1.0,0.0,0.0,1.0,2.7406809902493182e-37,0.0
TCGA-EE-A2MQ,2,"Immune Hot (High TIS & CYT, Inflamed Microenvironment)",4.580481532444422e-57,0.0,1.0,0.0,0.0,1.0,4.580481532444422e-57,0.0
TCGA-EE-A2MR,3,Immunosuppressive M2-High (Depleted T-cells & Stromal Exclusion),3.108235899510447e-109,0.0,0.0,1.0,0.0,0.0,3.108235899510447e-109,1.0
TCGA-EE-A2MS,1,Mutant-Driven (NF1 Loss & High Response Subtype),5.405400825280988e-133,1.0,0.0,0.0,1.0,0.0,5.405400825280988e-133,0.0
TCGA-EE-A2MT,1,Mutant-Driven (NF1 Loss & High Response Subtype),1.208898963724082e-136,1.0,0.0,0.0,1.0,0.0,1.208898963724082e-136,0.0
TCGA-EE-A2MU,3,Immunosuppressive M2-High (Depleted T-cells & Stromal Exclusion),1.0043379848738662e-84,0.0,0.0,1.0,0.0,0.0,1.0043379848738662e-84,1.0
TCGA-EE-A3AA,2,"Immune Hot (High TIS & CYT, Inflamed Microenvironment)",1.2740259615994214e-26,0.0,1.0,0.0,0.0,1.0,1.2740259615994214e-26,0.0
TCGA-EE-A3AB,2,"Immune Hot (High TIS & CYT, Inflamed Microenvironment)",9.99154084312134e-40,0.0,1.0,0.0,0.0,1.0,9.99154084312134e-40,0.0
TCGA-EE-A3AC,3,Immunosuppressive M2-High (Depleted T-cells & Stromal Exclusion),1.1929089197020105e-53,0.0,0.0,1.0,0.0,0.0,1.1929089197020105e-53,1.0
TCGA-EE-A3AD,2,"Immune Hot (High TIS & CYT, Inflamed Microenvironment)",7.678511959890883e-29,0.0,1.0,0.0,0.0,1.0,7.678511959890883e-29,0.0
TCGA-EE-A3AE,1,Mutant-Driven (NF1 Loss & High Response Subtype),2.8832297298019e-150,1.0,0.0,0.0,1.0,0.0,2.8832297298019e-150,0.0
TCGA-EE-A3AF,2,"Immune Hot (High TIS & CYT, Inflamed Microenvironment)",5.657222216580004e-31,0.0,1.0,0.0,0.0,1.0,5.657222216580004e-31,0.0
TCGA-EE-A3AG,2,"Immune Hot (High TIS & CYT, Inflamed Microenvironment)",1.3600986773506574e-21,0.0,1.0,0.0,0.0,1.0,1.3600986773506574e-21,0.0
TCGA-EE-A3AH,2,"Immune Hot (High TIS & CYT, Inflamed Microenvironment)",1.6447988845784312e-28,0.0,1.0,0.0,0.0,1.0,1.6447988845784312e-28,0.0
TCGA-EE-A3J3,2,"Immune Hot (High TIS & CYT, Inflamed Microenvironment)",9.161359489445678e-46,0.0,1.0,0.0,0.0,1.0,9.161359489445678e-46,0.0
TCGA-EE-A3J4,2,"Immune Hot (High TIS & CYT, Inflamed Microenvironment)",1.1461647412555435e-45,0.0,1.0,0.0,0.0,1.0,1.1461647412555435e-45,0.0
TCGA-EE-A3J5,1,Mutant-Driven (NF1 Loss & High Response Subtype),7.0314062252858695e-174,1.0,0.0,0.0,1.0,0.0,7.0314062252858695e-174,0.0
TCGA-EE-A3J7,3,Immunosuppressive M2-High (Depleted T-cells & Stromal Exclusion),5.801026982036115e-54,0.0,0.0,1.0,0.0,0.0,5.801026982036115e-54,1.0
TCGA-EE-A3J8,3,Immunosuppressive M2-High (Depleted T-cells & Stromal Exclusion),1.0411708316238139e-20,0.0,0.0,1.0,0.0,0.0,1.0411708316238139e-20,1.0
TCGA-EE-A3JA,3,Immunosuppressive M2-High (Depleted T-cells & Stromal Exclusion),1.1836525468523992e-49,0.0,0.0,1.0,0.0,0.0,1.1836525468523992e-49,1.0
TCGA-EE-A3JB,2,"Immune Hot (High TIS & CYT, Inflamed Microenvironment)",2.0539280907304756e-53,0.0,1.0,0.0,0.0,1.0,2.0539280907304756e-53,0.0
TCGA-EE-A3JD,2,"Immune Hot (High TIS & CYT, Inflamed Microenvironment)",6.745122600195178e-36,0.0,1.0,0.0,0.0,1.0,6.745122600195178e-36,0.0
TCGA-EE-A3JE,2,"Immune Hot (High TIS & CYT, Inflamed Microenvironment)",7.474118074844219e-52,0.0,1.0,0.0,0.0,1.0,7.474118074844219e-52,0.0
TCGA-EE-A3JH,2,"Immune Hot (High TIS & CYT, Inflamed Microenvironment)",7.517542442817596e-44,0.0,1.0,0.0,0.0,1.0,7.517542442817596e-44,0.0
TCGA-EE-A3JI,3,Immunosuppressive M2-High (Depleted T-cells & Stromal Exclusion),2.8367185214008114e-43,0.0,0.0,1.0,0.0,0.0,2.8367185214008114e-43,1.0
TCGA-ER-A193,2,"Immune Hot (High TIS & CYT, Inflamed Microenvironment)",9.257684515477155e-58,0.0,1.0,0.0,0.0,1.0,9.257684515477155e-58,0.0
TCGA-ER-A194,1,Mutant-Driven (NF1 Loss & High Response Subtype),2.2812841786354922e-138,1.0,0.0,0.0,1.0,0.0,2.2812841786354922e-138,0.0
TCGA-ER-A195,3,Immunosuppressive M2-High (Depleted T-cells & Stromal Exclusion),2.1925783394232583e-88,0.0,0.0,1.0,0.0,0.0,2.1925783394232583e-88,1.0
TCGA-ER-A196,3,Immunosuppressive M2-High (Depleted T-cells & Stromal Exclusion),2.297653401899552e-144,0.0,0.0,1.0,0.0,0.0,2.297653401899552e-144,1.0
TCGA-ER-A197,3,Immunosuppressive M2-High (Depleted T-cells & Stromal Exclusion),1.4733084915691352e-159,0.0,0.0,1.0,0.0,0.0,1.4733084915691352e-159,1.0
TCGA-ER-A198,2,"Immune Hot (High TIS & CYT, Inflamed Microenvironment)",6.295154577821919e-55,0.0,1.0,0.0,0.0,1.0,6.295154577821919e-55,0.0
TCGA-ER-A199,3,Immunosuppressive M2-High (Depleted T-cells & Stromal Exclusion),1.4156929084227742e-49,0.0,0.0,1.0,0.0,0.0,1.4156929084227742e-49,1.0
TCGA-ER-A19A,1,Mutant-Driven (NF1 Loss & High Response Subtype),1.3288647667076268e-234,1.0,0.0,0.0,1.0,0.0,1.3288647667076268e-234,0.0
TCGA-ER-A19B,2,"Immune Hot (High TIS & CYT, Inflamed Microenvironment)",1.311745974668805e-35,0.0,1.0,0.0,0.0,1.0,1.311745974668805e-35,0.0
TCGA-ER-A19C,2,"Immune Hot (High TIS & CYT, Inflamed Microenvironment)",6.433293124595648e-40,0.0,1.0,0.0,0.0,1.0,6.433293124595648e-40,0.0
TCGA-ER-A19D,3,Immunosuppressive M2-High (Depleted T-cells & Stromal Exclusion),6.543499644758792e-63,0.0,0.0,1.0,0.0,0.0,6.543499644758792e-63,1.0
TCGA-ER-A19E,2,"Immune Hot (High TIS & CYT, Inflamed Microenvironment)",1.702008762784857e-39,0.0,1.0,0.0,0.0,1.0,1.702008762784857e-39,0.0
TCGA-ER-A19F,2,"Immune Hot (High TIS & CYT, Inflamed Microenvironment)",6.713696956211566e-40,0.0,1.0,0.0,0.0,1.0,6.713696956211566e-40,0.0
TCGA-ER-A19G,2,"Immune Hot (High TIS & CYT, Inflamed Microenvironment)",1.5978625192486783e-69,0.0,1.0,0.0,0.0,1.0,1.5978625192486783e-69,0.0
TCGA-ER-A19H,2,"Immune Hot (High TIS & CYT, Inflamed Microenvironment)",3.1850972207220034e-39,0.0,1.0,0.0,0.0,1.0,3.1850972207220034e-39,0.0
TCGA-ER-A19J,2,"Immune Hot (High TIS & CYT, Inflamed Microenvironment)",2.5810854407845105e-39,0.0,1.0,0.0,0.0,1.0,2.5810854407845105e-39,0.0
TCGA-ER-A19K,2,"Immune Hot (High TIS & CYT, Inflamed Microenvironment)",4.5428270879684324e-41,0.0,1.0,0.0,0.0,1.0,4.5428270879684324e-41,0.0
TCGA-ER-A19L,3,Immunosuppressive M2-High (Depleted T-cells & Stromal Exclusion),7.773229001967758e-153,0.0,0.0,1.0,0.0,0.0,7.773229001967758e-153,1.0
TCGA-ER-A19M,2,"Immune Hot (High TIS & CYT, Inflamed Microenvironment)",1.1504441490104306e-71,0.0,1.0,0.0,0.0,1.0,1.1504441490104306e-71,0.0
TCGA-ER-A19N,3,Immunosuppressive M2-High (Depleted T-cells & Stromal Exclusion),7.00287525337191e-67,0.0,0.0,1.0,0.0,0.0,7.00287525337191e-67,1.0
TCGA-ER-A19O,2,"Immune Hot (High TIS & CYT, Inflamed Microenvironment)",3.169821225783093e-44,0.0,1.0,0.0,0.0,1.0,3.169821225783093e-44,0.0
TCGA-ER-A19P,2,"Immune Hot (High TIS & CYT, Inflamed Microenvironment)",6.038507114121294e-50,0.0,1.0,0.0,0.0,1.0,6.038507114121294e-50,0.0
TCGA-ER-A19Q,2,"Immune Hot (High TIS & CYT, Inflamed Microenvironment)",9.764336037997194e-54,0.0,1.0,0.0,0.0,1.0,9.764336037997194e-54,0.0
TCGA-ER-A19S,2,"Immune Hot (High TIS & CYT, Inflamed Microenvironment)",2.5203113265936694e-38,0.0,1.0,0.0,0.0,1.0,2.5203113265936694e-38,0.0
TCGA-ER-A19T,3,Immunosuppressive M2-High (Depleted T-cells & Stromal Exclusion),5.014029282763073e-109,0.0,0.0,1.0,0.0,0.0,5.014029282763073e-109,1.0
TCGA-ER-A19T,1,Mutant-Driven (NF1 Loss & High Response Subtype),5.851233829224398e-150,1.0,0.0,0.0,1.0,0.0,5.851233829224398e-150,0.0
TCGA-ER-A19W,3,Immunosuppressive M2-High (Depleted T-cells & Stromal Exclusion),1.0094790143788091e-83,0.0,0.0,1.0,0.0,0.0,1.0094790143788091e-83,1.0
TCGA-ER-A1A1,3,Immunosuppressive M2-High (Depleted T-cells & Stromal Exclusion),8.325035214370528e-108,0.0,0.0,1.0,0.0,0.0,8.325035214370528e-108,1.0
TCGA-ER-A2NB,3,Immunosuppressive M2-High (Depleted T-cells & Stromal Exclusion),6.304761155058368e-65,0.0,0.0,1.0,0.0,0.0,6.304761155058368e-65,1.0
TCGA-ER-A2NC,0,"Immune Cold (Low TIS & Infiltration, Desert)",1.0,0.0,0.0,0.0,0.0,0.0,1.0,0.0
TCGA-ER-A2ND,2,"Immune Hot (High TIS & CYT, Inflamed Microenvironment)",2.5607680682241876e-28,0.0,1.0,0.0,0.0,1.0,2.5607680682241876e-28,0.0
TCGA-ER-A2NE,3,Immunosuppressive M2-High (Depleted T-cells & Stromal Exclusion),2.2474038191886575e-90,0.0,0.0,1.0,0.0,0.0,2.2474038191886575e-90,1.0
TCGA-ER-A2NF,3,Immunosuppressive M2-High (Depleted T-cells & Stromal Exclusion),6.1236689780269e-116,0.0,0.0,1.0,0.0,0.0,6.1236689780269e-116,1.0
TCGA-ER-A2NF,3,Immunosuppressive M2-High (Depleted T-cells & Stromal Exclusion),2.0981898787495534e-79,0.0,0.0,1.0,0.0,0.0,2.0981898787495534e-79,1.0
TCGA-ER-A2NG,2,"Immune Hot (High TIS & CYT, Inflamed Microenvironment)",1.3642892427624053e-50,0.0,1.0,0.0,0.0,1.0,1.3642892427624053e-50,0.0
TCGA-ER-A2NH,3,Immunosuppressive M2-High (Depleted T-cells & Stromal Exclusion),2.3106439532276414e-95,0.0,0.0,1.0,0.0,0.0,2.3106439532276414e-95,1.0
TCGA-ER-A3ES,3,Immunosuppressive M2-High (Depleted T-cells & Stromal Exclusion),1.0433682693500776e-83,0.0,0.0,1.0,0.0,0.0,1.0433682693500776e-83,1.0
TCGA-ER-A3ET,3,Immunosuppressive M2-High (Depleted T-cells & Stromal Exclusion),5.21621813442534e-130,0.0,0.0,1.0,0.0,0.0,5.21621813442534e-130,1.0
TCGA-ER-A3EV,3,Immunosuppressive M2-High (Depleted T-cells & Stromal Exclusion),5.5304458431764134e-98,0.0,0.0,1.0,0.0,0.0,5.5304458431764134e-98,1.0
TCGA-ER-A3PL,2,"Immune Hot (High TIS & CYT, Inflamed Microenvironment)",3.3912527467754874e-49,0.0,1.0,0.0,0.0,1.0,3.3912527467754874e-49,0.0
TCGA-ER-A42H,3,Immunosuppressive M2-High (Depleted T-cells & Stromal Exclusion),1.970874879977921e-124,0.0,0.0,1.0,0.0,0.0,1.970874879977921e-124,1.0
TCGA-ER-A42K,2,"Immune Hot (High TIS & CYT, Inflamed Microenvironment)",2.425326041197222e-35,0.0,1.0,0.0,0.0,1.0,2.425326041197222e-35,0.0
TCGA-ER-A42L,2,"Immune Hot (High TIS & CYT, Inflamed Microenvironment)",1.1665597952366065e-41,0.0,1.0,0.0,0.0,1.0,1.1665597952366065e-41,0.0
TCGA-FR-A2OS,3,Immunosuppressive M2-High (Depleted T-cells & Stromal Exclusion),7.310099104352963e-137,0.0,0.0,1.0,0.0,0.0,7.310099104352963e-137,1.0
TCGA-FR-A3R1,1,Mutant-Driven (NF1 Loss & High Response Subtype),9.43874721735693e-181,1.0,0.0,0.0,1.0,0.0,9.43874721735693e-181,0.0
TCGA-FR-A3YN,3,Immunosuppressive M2-High (Depleted T-cells & Stromal Exclusion),4.666492773996255e-47,0.0,0.0,1.0,0.0,0.0,4.666492773996255e-47,1.0
TCGA-FR-A3YO,2,"Immune Hot (High TIS & CYT, Inflamed Microenvironment)",2.0271911818967667e-66,0.0,1.0,0.0,0.0,1.0,2.0271911818967667e-66,0.0
TCGA-FR-A44A,2,"Immune Hot (High TIS & CYT, Inflamed Microenvironment)",1.201473139399113e-60,0.0,1.0,0.0,0.0,1.0,1.201473139399113e-60,0.0
TCGA-FR-A69P,3,Immunosuppressive M2-High (Depleted T-cells & Stromal Exclusion),1.280477030399361e-59,0.0,0.0,1.0,0.0,0.0,1.280477030399361e-59,1.0
TCGA-FR-A726,1,Mutant-Driven (NF1 Loss & High Response Subtype),8.467634245379879e-201,1.0,0.0,0.0,1.0,0.0,8.467634245379879e-201,0.0
TCGA-FR-A728,2,"Immune Hot (High TIS & CYT, Inflamed Microenvironment)",4.88373438477104e-42,0.0,1.0,0.0,0.0,1.0,4.88373438477104e-42,0.0
TCGA-FR-A729,2,"Immune Hot (High TIS & CYT, Inflamed Microenvironment)",1.7622626297284504e-35,0.0,1.0,0.0,0.0,1.0,1.7622626297284504e-35,0.0
TCGA-FR-A7U8,3,Immunosuppressive M2-High (Depleted T-cells & Stromal Exclusion),9.899693573245587e-62,0.0,0.0,1.0,0.0,0.0,9.899693573245587e-62,1.0
TCGA-FR-A7U9,1,Mutant-Driven (NF1 Loss & High Response Subtype),4.897064623627447e-208,1.0,0.0,0.0,1.0,0.0,4.897064623627447e-208,0.0
TCGA-FR-A7UA,2,"Immune Hot (High TIS & CYT, Inflamed Microenvironment)",1.3767529574790695e-43,0.0,1.0,0.0,0.0,1.0,1.3767529574790695e-43,0.0
TCGA-FR-A8YC,1,Mutant-Driven (NF1 Loss & High Response Subtype),1.7432238130249562e-111,1.0,0.0,0.0,1.0,0.0,1.7432238130249562e-111,0.0
TCGA-FR-A8YD,1,Mutant-Driven (NF1 Loss & High Response Subtype),2.8339868424716003e-105,1.0,0.0,0.0,1.0,0.0,2.8339868424716003e-105,0.0
TCGA-FR-A8YE,2,"Immune Hot (High TIS & CYT, Inflamed Microenvironment)",1.6959798107112566e-30,0.0,1.0,0.0,0.0,1.0,1.6959798107112566e-30,0.0
TCGA-FS-A1YW,3,Immunosuppressive M2-High (Depleted T-cells & Stromal Exclusion),1.4147469003925655e-33,0.0,0.0,1.0,0.0,0.0,1.4147469003925655e-33,1.0
TCGA-FS-A1YX,2,"Immune Hot (High TIS & CYT, Inflamed Microenvironment)",2.0802476411222074e-35,0.0,1.0,0.0,0.0,1.0,2.0802476411222074e-35,0.0
TCGA-FS-A1YY,2,"Immune Hot (High TIS & CYT, Inflamed Microenvironment)",4.606526068359094e-36,0.0,1.0,0.0,0.0,1.0,4.606526068359094e-36,0.0
TCGA-FS-A1Z0,3,Immunosuppressive M2-High (Depleted T-cells & Stromal Exclusion),7.710775371010784e-73,0.0,0.0,1.0,0.0,0.0,7.710775371010784e-73,1.0
TCGA-FS-A1Z3,1,Mutant-Driven (NF1 Loss & High Response Subtype),8.961599928654836e-66,1.0,0.0,0.0,1.0,0.0,8.961599928654836e-66,0.0
TCGA-FS-A1Z4,3,Immunosuppressive M2-High (Depleted T-cells & Stromal Exclusion),1.146647676173794e-143,0.0,0.0,1.0,0.0,0.0,1.146647676173794e-143,1.0
TCGA-FS-A1Z7,2,"Immune Hot (High TIS & CYT, Inflamed Microenvironment)",6.75427100348373e-49,0.0,1.0,0.0,0.0,1.0,6.75427100348373e-49,0.0
TCGA-FS-A1ZA,1,Mutant-Driven (NF1 Loss & High Response Subtype),7.843963858018662e-168,1.0,0.0,0.0,1.0,0.0,7.843963858018662e-168,0.0
TCGA-FS-A1ZB,0,"Immune Cold (Low TIS & Infiltration, Desert)",1.0,0.0,0.0,0.0,0.0,0.0,1.0,0.0
TCGA-FS-A1ZC,2,"Immune Hot (High TIS & CYT, Inflamed Microenvironment)",1.2220687917974612e-26,0.0,1.0,0.0,0.0,1.0,1.2220687917974612e-26,0.0
TCGA-FS-A1ZD,2,"Immune Hot (High TIS & CYT, Inflamed Microenvironment)",1.5318356829639208e-52,0.0,1.0,0.0,0.0,1.0,1.5318356829639208e-52,0.0
TCGA-FS-A1ZE,3,Immunosuppressive M2-High (Depleted T-cells & Stromal Exclusion),1.1327705619999214e-42,0.0,0.0,1.0,0.0,0.0,1.1327705619999214e-42,1.0
TCGA-FS-A1ZF,2,"Immune Hot (High TIS & CYT, Inflamed Microenvironment)",2.9742205354303543e-34,0.0,1.0,0.0,0.0,1.0,2.9742205354303543e-34,0.0
TCGA-FS-A1ZG,3,Immunosuppressive M2-High (Depleted T-cells & Stromal Exclusion),4.976497247816728e-115,0.0,0.0,1.0,0.0,0.0,4.976497247816728e-115,1.0
TCGA-FS-A1ZH,2,"Immune Hot (High TIS & CYT, Inflamed Microenvironment)",4.7138345180617375e-55,0.0,1.0,0.0,0.0,1.0,4.7138345180617375e-55,0.0
TCGA-FS-A1ZJ,3,Immunosuppressive M2-High (Depleted T-cells & Stromal Exclusion),1.3332056758649194e-128,0.0,0.0,1.0,0.0,0.0,1.3332056758649194e-128,1.0
TCGA-FS-A1ZK,3,Immunosuppressive M2-High (Depleted T-cells & Stromal Exclusion),3.4491201637926244e-112,0.0,0.0,1.0,0.0,0.0,3.4491201637926244e-112,1.0
TCGA-FS-A1ZM,2,"Immune Hot (High TIS & CYT, Inflamed Microenvironment)",4.185343875520476e-53,0.0,1.0,0.0,0.0,1.0,4.185343875520476e-53,0.0
TCGA-FS-A1ZN,2,"Immune Hot (High TIS & CYT, Inflamed Microenvironment)",1.317080585747948e-38,0.0,1.0,0.0,0.0,1.0,1.317080585747948e-38,0.0
TCGA-FS-A1ZP,1,Mutant-Driven (NF1 Loss & High Response Subtype),1.451896462498079e-47,1.0,0.0,0.0,1.0,0.0,1.451896462498079e-47,0.0
TCGA-FS-A1ZQ,1,Mutant-Driven (NF1 Loss & High Response Subtype),8.99470277856099e-44,1.0,0.0,0.0,1.0,0.0,8.99470277856099e-44,0.0
TCGA-FS-A1ZR,2,"Immune Hot (High TIS & CYT, Inflamed Microenvironment)",1.079463975435184e-55,0.0,1.0,0.0,0.0,1.0,1.079463975435184e-55,0.0
TCGA-FS-A1ZS,2,"Immune Hot (High TIS & CYT, Inflamed Microenvironment)",5.2770455754129364e-45,0.0,1.0,0.0,0.0,1.0,5.2770455754129364e-45,0.0
TCGA-FS-A1ZT,3,Immunosuppressive M2-High (Depleted T-cells & Stromal Exclusion),8.282311264198738e-54,0.0,0.0,1.0,0.0,0.0,8.282311264198738e-54,1.0
TCGA-FS-A1ZU,3,Immunosuppressive M2-High (Depleted T-cells & Stromal Exclusion),7.597557639743714e-127,0.0,0.0,1.0,0.0,0.0,7.597557639743714e-127,1.0
TCGA-FS-A1ZW,3,Immunosuppressive M2-High (Depleted T-cells & Stromal Exclusion),1.3358082287597383e-46,0.0,0.0,1.0,0.0,0.0,1.3358082287597383e-46,1.0
TCGA-FS-A1ZY,3,Immunosuppressive M2-High (Depleted T-cells & Stromal Exclusion),3.0605976461343186e-51,0.0,0.0,1.0,0.0,0.0,3.0605976461343186e-51,1.0
TCGA-FS-A1ZZ,0,"Immune Cold (Low TIS & Infiltration, Desert)",1.0,0.0,0.0,0.0,0.0,0.0,1.0,0.0
TCGA-FS-A4F0,3,Immunosuppressive M2-High (Depleted T-cells & Stromal Exclusion),8.63592105442371e-146,0.0,0.0,1.0,0.0,0.0,8.63592105442371e-146,1.0
TCGA-FS-A4F2,3,Immunosuppressive M2-High (Depleted T-cells & Stromal Exclusion),1.0259824975765132e-139,0.0,0.0,1.0,0.0,0.0,1.0259824975765132e-139,1.0
TCGA-FS-A4F4,1,Mutant-Driven (NF1 Loss & High Response Subtype),1.2487343219411e-159,1.0,0.0,0.0,1.0,0.0,1.2487343219411e-159,0.0
TCGA-FS-A4F5,3,Immunosuppressive M2-High (Depleted T-cells & Stromal Exclusion),1.0532514723374828e-78,0.0,0.0,1.0,0.0,0.0,1.0532514723374828e-78,1.0
TCGA-FS-A4F8,2,"Immune Hot (High TIS & CYT, Inflamed Microenvironment)",1.4270845949467414e-33,0.0,1.0,0.0,0.0,1.0,1.4270845949467414e-33,0.0
TCGA-FS-A4F9,3,Immunosuppressive M2-High (Depleted T-cells & Stromal Exclusion),2.3537931983078913e-74,0.0,0.0,1.0,0.0,0.0,2.3537931983078913e-74,1.0
TCGA-FS-A4FB,2,"Immune Hot (High TIS & CYT, Inflamed Microenvironment)",3.5596963692527e-41,0.0,1.0,0.0,0.0,1.0,3.5596963692527e-41,0.0
TCGA-FS-A4FC,3,Immunosuppressive M2-High (Depleted T-cells & Stromal Exclusion),5.048594226442225e-64,0.0,0.0,1.0,0.0,0.0,5.048594226442225e-64,1.0
TCGA-FS-A4FD,3,Immunosuppressive M2-High (Depleted T-cells & Stromal Exclusion),3.029616327769297e-61,0.0,0.0,1.0,0.0,0.0,3.029616327769297e-61,1.0
TCGA-FW-A3I3,1,Mutant-Driven (NF1 Loss & High Response Subtype),2.0193557554755665e-120,1.0,0.0,0.0,1.0,0.0,2.0193557554755665e-120,0.0
TCGA-FW-A3R5,2,"Immune Hot (High TIS & CYT, Inflamed Microenvironment)",9.566035927331131e-51,0.0,1.0,0.0,0.0,1.0,9.566035927331131e-51,0.0
TCGA-FW-A3TU,3,Immunosuppressive M2-High (Depleted T-cells & Stromal Exclusion),5.423989018081073e-68,0.0,0.0,1.0,0.0,0.0,5.423989018081073e-68,1.0
TCGA-FW-A3TV,2,"Immune Hot (High TIS & CYT, Inflamed Microenvironment)",8.633614656312817e-28,0.0,1.0,0.0,0.0,1.0,8.633614656312817e-28,0.0
TCGA-FW-A5DX,2,"Immune Hot (High TIS & CYT, Inflamed Microenvironment)",2.292106483500688e-44,0.0,1.0,0.0,0.0,1.0,2.292106483500688e-44,0.0
TCGA-FW-A5DY,3,Immunosuppressive M2-High (Depleted T-cells & Stromal Exclusion),4.832123532351522e-98,0.0,0.0,1.0,0.0,0.0,4.832123532351522e-98,1.0
TCGA-GF-A2C7,2,"Immune Hot (High TIS & CYT, Inflamed Microenvironment)",2.508900050543235e-43,0.0,1.0,0.0,0.0,1.0,2.508900050543235e-43,0.0
TCGA-GF-A3OT,3,Immunosuppressive M2-High (Depleted T-cells & Stromal Exclusion),7.312427885769463e-103,0.0,0.0,1.0,0.0,0.0,7.312427885769463e-103,1.0
TCGA-GF-A4EO,2,"Immune Hot (High TIS & CYT, Inflamed Microenvironment)",1.0222638365904433e-42,0.0,1.0,0.0,0.0,1.0,1.0222638365904433e-42,0.0
TCGA-GF-A6C8,2,"Immune Hot (High TIS & CYT, Inflamed Microenvironment)",5.013700807109633e-42,0.0,1.0,0.0,0.0,1.0,5.013700807109633e-42,0.0
TCGA-GF-A6C9,0,"Immune Cold (Low TIS & Infiltration, Desert)",1.0,0.0,0.0,0.0,0.0,0.0,1.0,0.0
TCGA-GF-A769,2,"Immune Hot (High TIS & CYT, Inflamed Microenvironment)",1.7428757442949927e-39,0.0,1.0,0.0,0.0,1.0,1.7428757442949927e-39,0.0
TCGA-GN-A262,0,"Immune Cold (Low TIS & Infiltration, Desert)",1.0,0.0,0.0,0.0,0.0,0.0,1.0,0.0
TCGA-GN-A263,2,"Immune Hot (High TIS & CYT, Inflamed Microenvironment)",8.090206735835898e-36,0.0,1.0,0.0,0.0,1.0,8.090206735835898e-36,0.0
TCGA-GN-A264,3,Immunosuppressive M2-High (Depleted T-cells & Stromal Exclusion),6.253870634241238e-132,0.0,0.0,1.0,0.0,0.0,6.253870634241238e-132,1.0
TCGA-GN-A265,2,"Immune Hot (High TIS & CYT, Inflamed Microenvironment)",3.193742031496434e-59,0.0,1.0,0.0,0.0,1.0,3.193742031496434e-59,0.0
TCGA-GN-A266,1,Mutant-Driven (NF1 Loss & High Response Subtype),3.502040817589302e-195,1.0,0.0,0.0,1.0,0.0,3.502040817589302e-195,0.0
TCGA-GN-A267,3,Immunosuppressive M2-High (Depleted T-cells & Stromal Exclusion),3.092597694500891e-44,0.0,0.0,1.0,0.0,0.0,3.092597694500891e-44,1.0
TCGA-GN-A268,3,Immunosuppressive M2-High (Depleted T-cells & Stromal Exclusion),2.5542584875993113e-64,0.0,0.0,1.0,0.0,0.0,2.5542584875993113e-64,1.0
TCGA-GN-A26A,2,"Immune Hot (High TIS & CYT, Inflamed Microenvironment)",1.5863480922409597e-59,0.0,1.0,0.0,0.0,1.0,1.5863480922409597e-59,0.0
TCGA-GN-A26C,2,"Immune Hot (High TIS & CYT, Inflamed Microenvironment)",1.14170786461339e-51,0.0,1.0,0.0,0.0,1.0,1.14170786461339e-51,0.0
TCGA-GN-A26D,3,Immunosuppressive M2-High (Depleted T-cells & Stromal Exclusion),3.686747217800169e-106,0.0,0.0,1.0,0.0,0.0,3.686747217800169e-106,1.0
TCGA-GN-A4U3,3,Immunosuppressive M2-High (Depleted T-cells & Stromal Exclusion),3.900959635838906e-45,0.0,0.0,1.0,0.0,0.0,3.900959635838906e-45,1.0
TCGA-GN-A4U4,3,Immunosuppressive M2-High (Depleted T-cells & Stromal Exclusion),1.612216250548539e-26,0.0,0.0,1.0,0.0,0.0,1.612216250548539e-26,1.0
TCGA-GN-A4U5,2,"Immune Hot (High TIS & CYT, Inflamed Microenvironment)",5.65732754402319e-43,0.0,1.0,0.0,0.0,1.0,5.65732754402319e-43,0.0
TCGA-GN-A4U7,2,"Immune Hot (High TIS & CYT, Inflamed Microenvironment)",2.007114442306779e-23,0.0,1.0,0.0,0.0,1.0,2.007114442306779e-23,0.0
TCGA-GN-A4U8,2,"Immune Hot (High TIS & CYT, Inflamed Microenvironment)",8.972905691166023e-28,0.0,1.0,0.0,0.0,1.0,8.972905691166023e-28,0.0
TCGA-GN-A4U9,3,Immunosuppressive M2-High (Depleted T-cells & Stromal Exclusion),8.719366426775172e-64,0.0,0.0,1.0,0.0,0.0,8.719366426775172e-64,1.0
TCGA-GN-A8LK,1,Mutant-Driven (NF1 Loss & High Response Subtype),1.772064740505366e-116,1.0,0.0,0.0,1.0,0.0,1.772064740505366e-116,0.0
TCGA-GN-A8LL,3,Immunosuppressive M2-High (Depleted T-cells & Stromal Exclusion),2.945608947541038e-92,0.0,0.0,1.0,0.0,0.0,2.945608947541038e-92,1.0
TCGA-GN-A9SD,2,"Immune Hot (High TIS & CYT, Inflamed Microenvironment)",6.8271650931195655e-25,0.0,1.0,0.0,0.0,1.0,6.8271650931195655e-25,0.0
TCGA-HR-A2OG,3,Immunosuppressive M2-High (Depleted T-cells & Stromal Exclusion),8.967639569665843e-80,0.0,0.0,1.0,0.0,0.0,8.967639569665843e-80,1.0
TCGA-HR-A2OH,2,"Immune Hot (High TIS & CYT, Inflamed Microenvironment)",8.057774640615413e-46,0.0,1.0,0.0,0.0,1.0,8.057774640615413e-46,0.0
TCGA-IH-A3EA,2,"Immune Hot (High TIS & CYT, Inflamed Microenvironment)",3.005090218686302e-29,0.0,1.0,0.0,0.0,1.0,3.005090218686302e-29,0.0
TCGA-LH-A9QB,2,"Immune Hot (High TIS & CYT, Inflamed Microenvironment)",2.6125952539990676e-55,0.0,1.0,0.0,0.0,1.0,2.6125952539990676e-55,0.0
TCGA-OD-A75X,2,"Immune Hot (High TIS & CYT, Inflamed Microenvironment)",1.3335187448105584e-63,0.0,1.0,0.0,0.0,1.0,1.3335187448105584e-63,0.0
TCGA-QB-A6FS,2,"Immune Hot (High TIS & CYT, Inflamed Microenvironment)",5.269516235975931e-26,0.0,1.0,0.0,0.0,1.0,5.269516235975931e-26,0.0
TCGA-QB-AA9O,3,Immunosuppressive M2-High (Depleted T-cells & Stromal Exclusion),7.44905494571749e-57,0.0,0.0,1.0,0.0,0.0,7.44905494571749e-57,1.0
TCGA-RP-A690,3,Immunosuppressive M2-High (Depleted T-cells & Stromal Exclusion),7.262524984005403e-81,0.0,0.0,1.0,0.0,0.0,7.262524984005403e-81,1.0
TCGA-RP-A693,3,Immunosuppressive M2-High (Depleted T-cells & Stromal Exclusion),5.415332162045841e-144,0.0,0.0,1.0,0.0,0.0,5.415332162045841e-144,1.0
TCGA-RP-A694,3,Immunosuppressive M2-High (Depleted T-cells & Stromal Exclusion),4.428369769725705e-57,0.0,0.0,1.0,0.0,0.0,4.428369769725705e-57,1.0
TCGA-RP-A695,3,Immunosuppressive M2-High (Depleted T-cells & Stromal Exclusion),1.0745173851270518e-42,0.0,0.0,1.0,0.0,0.0,1.0745173851270518e-42,1.0
TCGA-RP-A6K9,3,Immunosuppressive M2-High (Depleted T-cells & Stromal Exclusion),4.6643760441101315e-125,0.0,0.0,1.0,0.0,0.0,4.6643760441101315e-125,1.0
TCGA-W3-A824,3,Immunosuppressive M2-High (Depleted T-cells & Stromal Exclusion),1.0464387699570748e-69,0.0,0.0,1.0,0.0,0.0,1.0464387699570748e-69,1.0
TCGA-W3-A825,0,"Immune Cold (Low TIS & Infiltration, Desert)",1.0,0.0,0.0,0.0,0.0,0.0,1.0,0.0
TCGA-W3-A828,1,Mutant-Driven (NF1 Loss & High Response Subtype),3.750740828487329e-220,1.0,0.0,0.0,1.0,0.0,3.750740828487329e-220,0.0
TCGA-W3-AA1O,2,"Immune Hot (High TIS & CYT, Inflamed Microenvironment)",1.0712038030111991e-36,0.0,1.0,0.0,0.0,1.0,1.0712038030111991e-36,0.0
TCGA-W3-AA1Q,2,"Immune Hot (High TIS & CYT, Inflamed Microenvironment)",3.566615054686578e-30,0.0,1.0,0.0,0.0,1.0,3.566615054686578e-30,0.0
TCGA-W3-AA1R,2,"Immune Hot (High TIS & CYT, Inflamed Microenvironment)",3.882693058374029e-30,0.0,1.0,0.0,0.0,1.0,3.882693058374029e-30,0.0
TCGA-W3-AA1V,2,"Immune Hot (High TIS & CYT, Inflamed Microenvironment)",3.419533146571733e-96,0.0,1.0,0.0,0.0,1.0,3.419533146571733e-96,0.0
TCGA-W3-AA1W,2,"Immune Hot (High TIS & CYT, Inflamed Microenvironment)",4.566783905847786e-40,0.0,1.0,0.0,0.0,1.0,4.566783905847786e-40,0.0
TCGA-W3-AA21,2,"Immune Hot (High TIS & CYT, Inflamed Microenvironment)",2.8878062665694413e-15,0.0,0.9999999999999971,0.0,0.0,0.9999999999999971,2.8878062665694413e-15,0.0
TCGA-WE-A8JZ,3,Immunosuppressive M2-High (Depleted T-cells & Stromal Exclusion),2.7256853318247334e-45,0.0,0.0,1.0,0.0,0.0,2.7256853318247334e-45,1.0
TCGA-WE-A8K1,3,Immunosuppressive M2-High (Depleted T-cells & Stromal Exclusion),1.3455366928310711e-67,0.0,0.0,1.0,0.0,0.0,1.3455366928310711e-67,1.0
TCGA-WE-A8K5,2,"Immune Hot (High TIS & CYT, Inflamed Microenvironment)",2.57154739809908e-44,0.0,1.0,0.0,0.0,1.0,2.57154739809908e-44,0.0
TCGA-WE-A8K6,2,"Immune Hot (High TIS & CYT, Inflamed Microenvironment)",2.9171122835264473e-47,0.0,1.0,0.0,0.0,1.0,2.9171122835264473e-47,0.0
TCGA-WE-A8ZM,1,Mutant-Driven (NF1 Loss & High Response Subtype),2.660180873003824e-67,1.0,0.0,0.0,1.0,0.0,2.660180873003824e-67,0.0
TCGA-WE-A8ZN,3,Immunosuppressive M2-High (Depleted T-cells & Stromal Exclusion),1.375437907216199e-69,0.0,0.0,1.0,0.0,0.0,1.375437907216199e-69,1.0
TCGA-WE-A8ZO,3,Immunosuppressive M2-High (Depleted T-cells & Stromal Exclusion),1.3977784972580003e-60,0.0,0.0,1.0,0.0,0.0,1.3977784972580003e-60,1.0
TCGA-WE-A8ZQ,2,"Immune Hot (High TIS & CYT, Inflamed Microenvironment)",1.5743913066902763e-40,0.0,1.0,0.0,0.0,1.0,1.5743913066902763e-40,0.0
TCGA-WE-A8ZT,2,"Immune Hot (High TIS & CYT, Inflamed Microenvironment)",3.075265870952261e-25,0.0,1.0,0.0,0.0,1.0,3.075265870952261e-25,0.0
TCGA-WE-A8ZX,2,"Immune Hot (High TIS & CYT, Inflamed Microenvironment)",5.630206301370162e-36,0.0,1.0,0.0,0.0,1.0,5.630206301370162e-36,0.0
TCGA-WE-A8ZY,3,Immunosuppressive M2-High (Depleted T-cells & Stromal Exclusion),1.2508600813164505e-84,0.0,0.0,1.0,0.0,0.0,1.2508600813164505e-84,1.0
TCGA-WE-AA9Y,3,Immunosuppressive M2-High (Depleted T-cells & Stromal Exclusion),3.736788960381011e-125,0.0,0.0,1.0,0.0,0.0,3.736788960381011e-125,1.0
TCGA-WE-AAA0,2,"Immune Hot (High TIS & CYT, Inflamed Microenvironment)",4.2577544544909545e-26,0.0,1.0,0.0,0.0,1.0,4.2577544544909545e-26,0.0
TCGA-WE-AAA3,3,Immunosuppressive M2-High (Depleted T-cells & Stromal Exclusion),4.402575913408544e-78,0.0,0.0,1.0,0.0,0.0,4.402575913408544e-78,1.0
TCGA-WE-AAA4,2,"Immune Hot (High TIS & CYT, Inflamed Microenvironment)",6.866009638310077e-49,0.0,1.0,0.0,0.0,1.0,6.866009638310077e-49,0.0
TCGA-XV-AB01,3,Immunosuppressive M2-High (Depleted T-cells & Stromal Exclusion),1.6156893430807091e-105,0.0,0.0,1.0,0.0,0.0,1.6156893430807091e-105,1.0
TCGA-YD-A89C,3,Immunosuppressive M2-High (Depleted T-cells & Stromal Exclusion),1.9627014159548636e-50,0.0,0.0,1.0,0.0,0.0,1.9627014159548636e-50,1.0
TCGA-YD-A9TA,2,"Immune Hot (High TIS & CYT, Inflamed Microenvironment)",7.263450684068183e-67,0.0,1.0,0.0,0.0,1.0,7.263450684068183e-67,0.0
TCGA-YD-A9TB,2,"Immune Hot (High TIS & CYT, Inflamed Microenvironment)",7.420463180543117e-49,0.0,1.0,0.0,0.0,1.0,7.420463180543117e-49,0.0
TCGA-YG-AA3O,2,"Immune Hot (High TIS & CYT, Inflamed Microenvironment)",6.216602175127392e-29,0.0,1.0,0.0,0.0,1.0,6.216602175127392e-29,0.0
TCGA-YG-AA3P,1,Mutant-Driven (NF1 Loss & High Response Subtype),2.192549821829757e-119,1.0,0.0,0.0,1.0,0.0,2.192549821829757e-119,0.0
TCGA-Z2-A8RT,2,"Immune Hot (High TIS & CYT, Inflamed Microenvironment)",3.205049415783213e-39,0.0,1.0,0.0,0.0,1.0,3.205049415783213e-39,0.0
TCGA-Z2-AA3S,3,Immunosuppressive M2-High (Depleted T-cells & Stromal Exclusion),8.441963776901809e-82,0.0,0.0,1.0,0.0,0.0,8.441963776901809e-82,1.0
TCGA-Z2-AA3V,2,"Immune Hot (High TIS & CYT, Inflamed Microenvironment)",1.263224977071333e-34,0.0,1.0,0.0,0.0,1.0,1.263224977071333e-34,0.0
