SAMPLE_ID,PATIENT_ID,COHORT,OS_MONTHS,OS_STATUS,RESPONSE,RESPONSE_BINARY,AGE,RACE,SEX,SPECIMEN_TYPE,IMMUNOTHERAPY,PD_L1,TIS,CYT,IFN_gamma,CD8_Tcell,M1_score,M2_score,M1_M2_Ratio,Macrophage_STV_Score,CD8_T_cells,CD4_T_cells,NK_cells,B_cells,M1_Macrophages,M2_Macrophages,CAFs,TMB_NONSYNONYMOUS,mut_BRAF,mut_NRAS,mut_NF1,SNV_NEOANTIGEN,INDEL_NEOANTIGEN,FUSION_NEOANTIGEN,SPLICE_NEOANTIGEN,CTA_SELF_NEOANTIGEN,Cluster_ID,Phenotype_Label,Dabrafenib_Sensitivity_Index,Treatability_Index,Treatment_Arm,Recommended_Therapy,Q4_Nominated_Target
LIU_SAMPLE1,LIU_PATIENT1,Liu 2019,9.3,1.0,Progressive Disease,0.0,,,Female,Metastatic,1,0.3806299088950076,0.3271619133448943,-0.1163354477164868,0.4520763972259079,0.3759146237160455,3.96670120001536,1.5269420253555468,0.7220529323229842,2.4397591746598217,0.2247536909239128,-0.290285634500007,0.4462996329696212,0.5336987050640482,0.1689822693349525,-0.5063889503425456,-1.141063584146081,,0,0,0,,,,,,1,"Immune Cold (Low TIS & Infiltration, Desert)",66.44942019234502,69.03205908047575,Arm C: Combination/Reversal,Anti-PD-1 + AXL Inhibitor (Bemcentinib) [STING / Type-I IFN Priming],AXL / STING Pathway
LIU_SAMPLE10,LIU_PATIENT10,Liu 2019,37.42,1.0,Partial Response,1.0,,,Female,Metastatic,1,0.3157517451935108,0.2466351984764589,0.469702137674701,0.2432881897797105,0.3428347150753863,16.278737644124227,5.524714562175616,0.7466128524097061,10.75402308194864,0.3625322858425718,0.345880867494231,0.5078177729106332,0.4383034987867344,0.1380042934792956,-0.1174677170102567,0.3182868196655409,,1,0,0,,,,,,0,Mutant-Driven (NF1 Loss & High Response Subtype),67.78251987162147,68.06830281082718,Arm B: Targeted Therapy,BRAF + MEK Inhibitor (Dabrafenib + Trametinib; Q2 Sens: 67.8/100),BRAF V600E / MAPK Pathway
LIU_SAMPLE100,LIU_PATIENT100,Liu 2019,30.81,1.0,Partial Response,1.0,,,Female,Metastatic,1,0.906885749077726,1.1516099469600023,1.3007536686748025,1.1595151184970278,1.2219247618871305,3.5487235901386445,14.720461626272128,0.1942464071660355,-11.171738036133464,1.1932726242815608,0.7361981225888252,0.8603604087526465,0.979454340530881,0.5836721293332156,0.8371739309547509,1.0774907304082508,,0,1,0,,,,,,0,Mutant-Driven (NF1 Loss & High Response Subtype),84.91508231684348,84.81985309044147,Arm A: Immunotherapy,Anti-PD-1 Monotherapy (Pembrolizumab / Nivolumab),N/A (Arm A Candidate)
LIU_SAMPLE102,LIU_PATIENT102,Liu 2019,25.79,0.0,Stable Disease,,,,Male,Metastatic,1,-0.0303047470310035,-0.7502783339714865,0.0477844463864106,-0.4273404206961489,-0.0909422063936564,6.250346979063695,6.477244129880093,0.4910864063405935,-0.2268971508164058,-0.074130940923457,0.0208919189828693,-0.2554737487863701,0.5485415292506506,-0.1166454745866284,0.4510800823394219,-0.2323439641925821,,1,0,0,,,,,,1,"Immune Cold (Low TIS & Infiltration, Desert)",88.26644269999576,52.540132390237886,Arm B: Targeted Therapy,BRAF + MEK Inhibitor (Dabrafenib + Trametinib; Q2 Sens: 88.3/100),BRAF V600E / MAPK Pathway
LIU_SAMPLE105,LIU_PATIENT105,Liu 2019,17.12,1.0,Stable Disease,,,,Female,Metastatic,1,-0.3604602078368867,-0.4435284778218182,-0.0444358822565442,-0.4149518722158941,0.4020410209420055,-21.466434393315723,-20.45638274140208,0.5,-1.0100516519136675,0.0686013842990093,-0.4379888547914307,-0.4125463022179754,-1.3770768051103393,-1.634733766782721,-1.5694244616229802,-1.4368777533071526,,1,0,1,,,,,,3,M2 Immunosuppressive (Depleted T-cells & Stromal Exclusion),37.49746243090066,63.25472795400438,Arm B: Targeted Therapy,BRAF + MEK Inhibitor (Dabrafenib + Trametinib; Q2 Sens: 37.5/100),BRAF V600E / MAPK Pathway
LIU_SAMPLE106,LIU_PATIENT106,Liu 2019,25.62,0.0,Complete Response,1.0,,,Female,Metastatic,1,0.612131217846902,0.6318635828165572,0.4951961426467169,0.6767233226811346,0.4337986809254196,8.849678386258342,4.114270824241983,0.6826375391142713,4.735407562016382,0.3378305045107356,0.1520123521014357,0.7945146517032272,0.4481507151663364,0.1521861750689204,0.0791834458827697,0.122628780101341,,1,1,0,,,,,,0,Mutant-Driven (NF1 Loss & High Response Subtype),67.29062802549689,74.83802446228266,Arm A: Immunotherapy,Anti-PD-1 Monotherapy (Pembrolizumab / Nivolumab),N/A (Arm A Candidate)
LIU_SAMPLE107,LIU_PATIENT107,Liu 2019,1.54,1.0,Partial Response,1.0,,,Male,Metastatic,1,-3.450866847398796,-3.5513590884432342,-1.897436331342968,-3.4289987086841007,-1.4894651199668805,-89.18331488134056,-84.93666051210079,0.5,-4.246654369239609,-1.902842888497048,-3.8078195043794754,-1.4218659835022294,-2.166315987561029,-3.632643150949568,-4.070737176351963,-1.112676834056905,,1,0,0,,,,,,2,"Immune Hot (High TIS & CYT, Inflamed Microenvironment)",16.51597121611399,21.94253780528093,Arm A: Immunotherapy,Anti-PD-1 Monotherapy (Pembrolizumab / Nivolumab),N/A (Arm A Candidate)
LIU_SAMPLE108,LIU_PATIENT108,Liu 2019,5.42,1.0,Progressive Disease,0.0,,,Male,Metastatic,1,-3.450866847398796,-1.5830393980575732,-2.522611109570496,-1.044915101313615,-1.4713005919903988,-102.22492368560393,-74.16572835435599,0.5,-28.059195331248013,-0.7670348896678503,-3.832904053609415,-1.5592716280686203,-2.166315987561029,-1.8192820253708664,-2.305459613670896,-5.149969453075688,,0,0,0,,,,,,2,"Immune Hot (High TIS & CYT, Inflamed Microenvironment)",0.0,48.512550143606205,Arm A: Immunotherapy,Anti-PD-1 Monotherapy (Pembrolizumab / Nivolumab),N/A (Arm A Candidate)
LIU_SAMPLE11,LIU_PATIENT11,Liu 2019,5.26,1.0,Progressive Disease,0.0,,,Female,Metastatic,1,0.3455128558687644,0.324202695576275,0.2703024159589476,0.3734460390370304,0.1443402665151733,8.767937522460018,3.264837818198882,0.7286712561509435,5.503099704261139,0.0654740822168066,0.0254798830931787,-0.0179894983462794,-0.542618337929517,-0.0662260953010771,0.0596925636310151,-0.0367307625226078,,1,0,0,,,,,,0,Mutant-Driven (NF1 Loss & High Response Subtype),80.1892331755677,68.64057992080289,Arm B: Targeted Therapy,BRAF + MEK Inhibitor (Dabrafenib + Trametinib; Q2 Sens: 80.2/100),BRAF V600E / MAPK Pathway
LIU_SAMPLE112,LIU_PATIENT112,Liu 2019,17.12,1.0,Progressive Disease,0.0,,,Female,Metastatic,1,0.4041061731817504,0.5345347823599024,0.5692621258714952,0.6083631365371066,0.4619942286264766,2.1264000176804574,7.092061868226844,0.2306675499663545,-4.965661850546377,0.4807670157578084,0.4393246488854106,0.5654550603523995,0.7164283105804067,-1.690185662450716e-05,0.1684497122668003,0.3410115098608343,,0,0,0,,,,,,0,Mutant-Driven (NF1 Loss & High Response Subtype),72.43401078568243,72.56663072950435,Arm C: Combination/Reversal,Anti-PD-1 + MDM2 Antagonist (Idasanutlin) [p53 Reactivation],MDM2 (p53 Activation)
LIU_SAMPLE116,LIU_PATIENT116,Liu 2019,3.88,1.0,Progressive Disease,0.0,,,Female,Metastatic,1,0.3324192876210317,-0.1496341791913351,-0.2557849108141735,-0.2733717604722497,-0.7938466525233553,9.31569845335018,8.428715414918264,0.5249933033859763,0.8869830384319157,-0.5767166903724679,0.0002526588931855,0.3222631068843699,-0.1681227925060321,-0.0340438243951257,0.1165447419612574,0.5542066324632511,,0,1,0,,,,,,1,"Immune Cold (Low TIS & Infiltration, Desert)",70.40538522314192,52.42727018531146,Arm B: Targeted Therapy,MEK + CDK4/6 Inhibitor (Binimetinib + Ribociclib),NRAS / MAPK / Cell Cycle
LIU_SAMPLE117,LIU_PATIENT117,Liu 2019,9.69,1.0,Progressive Disease,0.0,,,Female,Metastatic,1,0.4036260757760289,0.3789134791810567,0.4467915894753655,0.080770887887599,0.3544963560948115,14.48789701966762,16.37185870901076,0.4694754277074146,-1.8839616893431463,0.3843528190012417,0.5954896146181788,0.4303417325509586,0.2551896469140967,0.6545927241735283,0.4680202504793921,1.0693151170417312,,0,0,0,,,,,,0,Mutant-Driven (NF1 Loss & High Response Subtype),82.87495736191623,63.610473635102935,Arm C: Combination/Reversal,Anti-PD-1 + MDM2 Antagonist (Idasanutlin) [p53 Reactivation],MDM2 (p53 Activation)
LIU_SAMPLE121,LIU_PATIENT121,Liu 2019,42.9,0.0,Partial Response,1.0,,,Female,Metastatic,1,0.385820011189351,0.5425628644845126,0.699567532424803,0.5723343076179875,0.682898880592544,13.370223360748025,12.584888413316548,0.5151287144179478,0.7853349474314435,0.6452299484609212,0.4383771575619199,0.5266580901046485,0.7403271880720926,0.5651048192288861,0.6904245422513229,0.4309552355542672,,0,0,1,,,,,,3,M2 Immunosuppressive (Depleted T-cells & Stromal Exclusion),70.96988411640443,72.61235995333361,Arm A: Immunotherapy,Anti-PD-1 Monotherapy (Pembrolizumab / Nivolumab),N/A (Arm A Candidate)
LIU_SAMPLE125,LIU_PATIENT125,Liu 2019,32.13,0.0,Complete Response,1.0,,,Male,Metastatic,1,0.8779102044556996,1.2462910471755173,1.312506803876854,1.3690249333949518,1.459584276787978,0.4930694873140954,12.643485838857975,0.0375341537466636,-12.1504163515439,1.4216205911498798,0.7398979105322305,0.6422914128805568,1.2920807690203324,0.779506057874673,0.5500321581580349,0.2359221732399792,,1,0,0,,,,,,0,Mutant-Driven (NF1 Loss & High Response Subtype),73.77544184548498,88.56438959823384,Arm A: Immunotherapy,Anti-PD-1 Monotherapy (Pembrolizumab / Nivolumab),N/A (Arm A Candidate)
LIU_SAMPLE126,LIU_PATIENT126,Liu 2019,32.59,0.0,Partial Response,1.0,,,Male,Metastatic,1,0.6344211669787838,1.007286311949978,0.6210017728353666,1.0010853255434136,0.7370078164292884,11.13632185895241,12.20037737947172,0.4772020989419246,-1.0640555205193376,0.6713263396290465,0.4941944666776232,0.5185779123711552,0.6652987346456751,0.4992773879517898,0.300013574183705,0.2726922273389348,,1,0,1,,,,,,3,M2 Immunosuppressive (Depleted T-cells & Stromal Exclusion),77.20367288547982,78.87695172818049,Arm A: Immunotherapy,Anti-PD-1 Monotherapy (Pembrolizumab / Nivolumab),N/A (Arm A Candidate)
LIU_SAMPLE127,LIU_PATIENT127,Liu 2019,28.45,0.0,Complete Response,1.0,,,Male,Metastatic,1,0.2776271699521176,-0.0973341571705704,0.2845263583223825,-0.1727898371822125,-0.0176251295161087,10.1987335305795,14.704490106275289,0.4095346722697453,-4.505756575695805,0.0689606620708516,0.1341302127425012,0.6076952186730881,-1.000807820903825,0.1938834123230754,-0.0845500215473014,0.1476824631010681,,1,0,0,,,,,,0,Mutant-Driven (NF1 Loss & High Response Subtype),71.73505438696593,57.07169876316574,Arm B: Targeted Therapy,BRAF + MEK Inhibitor (Dabrafenib + Trametinib; Q2 Sens: 71.7/100),BRAF V600E / MAPK Pathway
LIU_SAMPLE13,LIU_PATIENT13,Liu 2019,1.91,1.0,Progressive Disease,0.0,,,Male,Metastatic,1,0.2009309481112793,-0.1266289815103025,-0.169372500120388,-0.1530138251221809,-0.0864800154887229,6.601686710107958,3.55634834227114,0.6498980044926884,3.045338367836816,-0.2606007678224483,-0.0969444890651545,0.1748345710690988,-0.0198656961899757,-0.2406427003876173,0.1143520398731498,0.3796122945304948,,0,1,0,,,,,,1,"Immune Cold (Low TIS & Infiltration, Desert)",71.52099066008442,58.353656514669076,Arm B: Targeted Therapy,MEK + CDK4/6 Inhibitor (Binimetinib + Ribociclib),NRAS / MAPK / Cell Cycle
LIU_SAMPLE130,LIU_PATIENT130,Liu 2019,6.31,1.0,Progressive Disease,0.0,,,Female,Metastatic,1,0.2386308999443631,0.7281602080845742,0.6968297072093176,0.7531899429874056,0.6976777780690387,3.1923396360791223,5.008407642762848,0.3892742365461497,-1.8160680066837227,0.5693226504743544,0.4488430046618327,0.4226838145384499,0.3608152917278769,0.1351361736617706,0.5825187896589104,-0.635880556559222,,0,1,0,,,,,,0,Mutant-Driven (NF1 Loss & High Response Subtype),62.968832311502474,77.21868125142804,Arm B: Targeted Therapy,MEK + CDK4/6 Inhibitor (Binimetinib + Ribociclib),NRAS / MAPK / Cell Cycle
LIU_SAMPLE131,LIU_PATIENT131,Liu 2019,27.37,0.0,Partial Response,1.0,,,Male,Metastatic,1,0.5548164943474462,-1.449856716792178,-4.220430238499087,-2.0996738726094586,-3.7137403792657775,-42.46756819562865,-38.59337844542912,0.5,-3.8741897501994704,-2.106999323122772,-0.064481344820941,-1.6386862579151835,-2.166315987561029,-1.015252107767267,-0.2538841427453048,-0.4305275224571276,,0,1,0,,,,,,2,"Immune Hot (High TIS & CYT, Inflamed Microenvironment)",47.650106899732556,12.9544321065948,Arm A: Immunotherapy,Anti-PD-1 Monotherapy (Pembrolizumab / Nivolumab),N/A (Arm A Candidate)
LIU_SAMPLE132,LIU_PATIENT132,Liu 2019,24.28,0.0,Complete Response,1.0,,,Male,Metastatic,1,0.4124836837184211,0.7009521893508752,0.6674488792808069,0.5878967880431857,0.630059785065643,5.526496222541366,10.201760078494898,0.3513737388789404,-4.675263855953548,0.713347021512879,0.8767656466944741,0.5326851573653245,1.362772470113627,0.9189120929515524,0.3866641750956642,0.168731949143915,,1,0,1,,,,,,3,M2 Immunosuppressive (Depleted T-cells & Stromal Exclusion),64.64678803498482,73.60024088438665,Arm A: Immunotherapy,Anti-PD-1 Monotherapy (Pembrolizumab / Nivolumab),N/A (Arm A Candidate)
LIU_SAMPLE133,LIU_PATIENT133,Liu 2019,12.16,1.0,Progressive Disease,0.0,,,Male,Metastatic,1,0.4844217247526804,0.6442723366965905,0.3325136443083224,0.7435721937140374,0.4220065973351824,3.638525181144496,4.872471310601767,0.4275087158916164,-1.233946129457273,0.3404797426642885,0.2135730372711541,0.0312006229838595,0.6024932633287041,0.0635199035095271,0.3162543037814435,0.0043880085520507,,1,0,0,,,,,,0,Mutant-Driven (NF1 Loss & High Response Subtype),51.71548973052863,74.12603935613497,Arm B: Targeted Therapy,BRAF + MEK Inhibitor (Dabrafenib + Trametinib; Q2 Sens: 51.7/100),BRAF V600E / MAPK Pathway
LIU_SAMPLE134,LIU_PATIENT134,Liu 2019,19.38,1.0,Progressive Disease,0.0,,,Male,Metastatic,1,0.4838984620053937,0.6211321773985684,0.4869611682328312,0.6323787287361812,0.6438464796070122,9.1449182747745,13.947331038183949,0.396016782550617,-4.802412763409418,0.7185704387936739,0.5752310743090564,0.6430900471258459,1.1201721958865123,0.5584255385872087,0.5497252305255402,0.3620254380407728,,1,0,0,,,,,,0,Mutant-Driven (NF1 Loss & High Response Subtype),64.59246881050036,71.88805477280033,Arm B: Targeted Therapy,BRAF + MEK Inhibitor (Dabrafenib + Trametinib; Q2 Sens: 64.6/100),BRAF V600E / MAPK Pathway
LIU_SAMPLE135,LIU_PATIENT135,Liu 2019,20.63,0.0,Complete Response,1.0,,,Male,Metastatic,1,0.1270683485773423,0.0697209048890413,0.040113792804875,0.1975820687011911,0.0809277320032823,-4.045822081705284,-7.992738029750946,0.5,3.946915948045642,0.1223329812086132,0.0595650850996163,-0.881094903958064,0.5389587022750099,-0.0678979059028926,-0.094124941105946,0.1378425490386833,,0,0,0,,,,,,1,"Immune Cold (Low TIS & Infiltration, Desert)",49.63539404348792,67.2381610985616,Arm C: Combination/Reversal,Anti-PD-1 + AXL Inhibitor (Bemcentinib) [STING / Type-I IFN Priming],AXL / STING Pathway
LIU_SAMPLE137,LIU_PATIENT137,Liu 2019,25.36,0.0,Complete Response,1.0,,,Female,Metastatic,1,0.6454924784652984,0.9987059663500294,0.8834361265936961,1.0680736438433365,0.9376908137523337,-3.156605025710201,7.180495111226201,-0.7844660163736595,-10.337100136936384,1.037708255389793,0.9434256271887984,0.8507160799892629,1.2100138418008108,0.7853919559800008,0.3423445557161543,0.2250489833077641,,0,0,0,,,,,,0,Mutant-Driven (NF1 Loss & High Response Subtype),64.8174773720558,80.75705044639089,Arm A: Immunotherapy,Anti-PD-1 Monotherapy (Pembrolizumab / Nivolumab),N/A (Arm A Candidate)
LIU_SAMPLE14,LIU_PATIENT14,Liu 2019,6.11,1.0,Progressive Disease,0.0,,,Female,Metastatic,1,0.1679662155735401,0.3571641080950294,0.4046272810873657,0.464869942423957,0.5297461714332401,3.967886013473217,7.143537035282431,0.3570997158566089,-3.175651021809204,0.4164191868430315,0.0891699500259008,0.6846802330841508,0.4171164913648312,0.0407860953433033,0.0496085472120958,0.0287488738503329,,1,0,0,,,,,,0,Mutant-Driven (NF1 Loss & High Response Subtype),68.66182763023491,70.04292828205966,Arm B: Targeted Therapy,BRAF + MEK Inhibitor (Dabrafenib + Trametinib; Q2 Sens: 68.7/100),BRAF V600E / MAPK Pathway
LIU_SAMPLE140,LIU_PATIENT140,Liu 2019,11.53,1.0,Progressive Disease,0.0,,,Male,Metastatic,1,-0.1165889951746443,-0.5324658870149239,-0.7838586005991504,-0.6449161181741514,-0.5363038361032961,1.0477955391070355,-2.799316257647209,0.5,3.847111796754255,-0.6911469512870306,-0.5714300100117478,-0.6528120888350974,-1.2674145140838584,-0.0018962949948144,-0.4253920359873865,-0.5573148322560548,,0,0,1,,,,,,3,M2 Immunosuppressive (Depleted T-cells & Stromal Exclusion),59.251827444808924,48.75284184781379,Arm C: Combination/Reversal,Anti-PD-1 + CSF1R Inhibitor (Pexidartinib) [Macrophage Reprogramming],CSF1R (M2 TAM Depletion)
LIU_SAMPLE141,LIU_PATIENT141,Liu 2019,28.75,0.0,Partial Response,1.0,,,Female,Metastatic,1,-0.4177129029086273,-1.6830545930549978,-2.860976129101132,-1.5804057839168242,-3.7137403792657775,-16.374764797690197,-17.093810960528312,0.5,0.7190461628381476,-4.162682112939115,-0.9101129399024313,-2.121369860858039,-1.145886472629602,-1.2331267024700456,-0.8667872116594662,-0.0846381751973562,,1,0,0,,,,,,2,"Immune Hot (High TIS & CYT, Inflamed Microenvironment)",38.44116206998227,16.757723039670573,Arm A: Immunotherapy,Anti-PD-1 Monotherapy (Pembrolizumab / Nivolumab),N/A (Arm A Candidate)
LIU_SAMPLE142,LIU_PATIENT142,Liu 2019,32.72,0.0,Stable Disease,,,,Female,Metastatic,1,0.4438554456095717,-0.4994798028468397,-0.01886806939952,-0.7390612183254812,-0.94624084565716,-21.30314892557144,-18.508940304677218,0.5,-2.794208620894233,-0.320785366665502,-0.0948684367373829,-0.958643528301395,0.0367058775210165,-0.9627179278616184,-0.0715459088911242,0.0028744806999345,,1,0,0,,,,,,1,"Immune Cold (Low TIS & Infiltration, Desert)",33.37380648738035,54.314178499940475,Arm B: Targeted Therapy,BRAF + MEK Inhibitor (Dabrafenib + Trametinib; Q2 Sens: 33.4/100),BRAF V600E / MAPK Pathway
LIU_SAMPLE143,LIU_PATIENT143,Liu 2019,20.7,0.0,Progressive Disease,0.0,,,Male,,1,0.4412791417271369,0.4746906579070313,0.322977115714897,0.5188211278018243,0.3697169037913222,6.401968202788594,6.43007710011205,0.4989047382291776,-0.0281088973234658,0.4017672339305205,0.5962296894110949,0.433792072184838,0.1338593013614453,0.8722898616034518,0.9338717665531154,0.7451946004628907,,1,0,0,,,,,,0,Mutant-Driven (NF1 Loss & High Response Subtype),71.26110358816,70.59170627641711,Arm B: Targeted Therapy,BRAF + MEK Inhibitor (Dabrafenib + Trametinib; Q2 Sens: 71.3/100),BRAF V600E / MAPK Pathway
LIU_SAMPLE144,LIU_PATIENT144,Liu 2019,21.75,0.0,Partial Response,1.0,,,Male,Metastatic,1,-3.450866847398796,-1.989347867504176,-1.9819462749465724,-1.8529229941668213,-0.1960115082687042,-20.762353540990613,-24.616569597283007,0.5,3.85421605629237,-1.223348948894762,-0.8447359332707348,-0.2967645762468184,-2.166315987561029,-0.5292038049204305,-0.6423066949742952,-0.3417639947355208,,1,0,1,,,,,,2,"Immune Hot (High TIS & CYT, Inflamed Microenvironment)",55.59027460006119,32.174116963662726,Arm A: Immunotherapy,Anti-PD-1 Monotherapy (Pembrolizumab / Nivolumab),N/A (Arm A Candidate)
LIU_SAMPLE145,LIU_PATIENT145,Liu 2019,27.37,0.0,Complete Response,1.0,,,Male,Metastatic,1,0.2805439485381231,0.267186472065108,0.4066856883344389,0.2905472394972532,0.6664081744396702,-2.272952074443798,-4.084894980318307,0.5,1.8119429058745136,0.396313714501916,-0.0253602025046028,0.1208659476179527,-0.758618253521918,-0.4237444565996718,0.2311726588680492,0.600772069327545,,0,1,0,,,,,,1,"Immune Cold (Low TIS & Infiltration, Desert)",72.64392214005879,71.87720249325263,Arm B: Targeted Therapy,MEK + CDK4/6 Inhibitor (Binimetinib + Ribociclib),NRAS / MAPK / Cell Cycle
LIU_SAMPLE146,LIU_PATIENT146,Liu 2019,20.11,0.0,Complete Response,1.0,,,Female,Metastatic,1,0.1256486124639083,-0.12166280425438,-0.0818632429838364,-0.1130122307565139,-0.0112846539155402,1.9646261962076224,-4.1154014285326985,0.5,6.080027624740315,0.0009621452252562,-0.6105871125874526,0.3924250396969133,-0.6080260030002095,-0.3592433504988842,-0.2827988003154776,0.2296583590479496,,0,1,0,,,,,,1,"Immune Cold (Low TIS & Infiltration, Desert)",78.20113777117854,61.354080857918206,Arm B: Targeted Therapy,MEK + CDK4/6 Inhibitor (Binimetinib + Ribociclib),NRAS / MAPK / Cell Cycle
LIU_SAMPLE147,LIU_PATIENT147,Liu 2019,31.54,0.0,Complete Response,1.0,,,Male,Metastatic,1,-0.3996361942840186,-0.5034051837283241,-0.7359806003732614,-0.3108341629539778,-0.6830539478641546,0.3865920000864883,-7.143990350504874,0.5,7.530582350591373,-0.7997238747408346,-0.397362825953082,-0.3790170410840623,-1.6668372057869525,-0.0780530060320631,-0.6739438044309827,-0.2896526249503443,,0,1,0,,,,,,1,"Immune Cold (Low TIS & Infiltration, Desert)",61.39097316119295,52.94233404555088,Arm B: Targeted Therapy,MEK + CDK4/6 Inhibitor (Binimetinib + Ribociclib),NRAS / MAPK / Cell Cycle
LIU_SAMPLE148,LIU_PATIENT148,Liu 2019,26.02,0.0,Partial Response,1.0,,,Female,Metastatic,1,0.1927184519598349,-0.2005488256069807,-0.3937815853200492,-0.8097714885845969,0.0287503110384967,0.614011117304964,-7.789417797655098,0.5,8.40342891496006,-0.2034760150185702,-0.2432641346093497,-0.4079297812367492,-0.1163125992547882,-0.7005627468234554,-0.1098689724138524,-0.233949093840609,,0,0,0,,,,,,1,"Immune Cold (Low TIS & Infiltration, Desert)",63.04683899115066,54.148313140075935,Arm C: Combination/Reversal,Anti-PD-1 + AXL Inhibitor (Bemcentinib) [STING / Type-I IFN Priming],AXL / STING Pathway
LIU_SAMPLE149,LIU_PATIENT149,Liu 2019,16.33,1.0,Stable Disease,,,,Male,Metastatic,1,0.8862479115272257,0.8441018472953196,0.6864673349609711,0.8037018133672102,0.7676583661652974,2.979222776027626,7.429412489635707,0.2862260709485781,-4.450189713608054,0.7889368135379351,0.7601044501195262,0.8113922965624673,1.1868986530534045,0.2423851341150125,0.7779227002334793,0.4866392674341923,,0,1,0,,,,,,0,Mutant-Driven (NF1 Loss & High Response Subtype),68.30386793466299,77.64050813555525,Arm A: Immunotherapy,Anti-PD-1 Monotherapy (Pembrolizumab / Nivolumab),N/A (Arm A Candidate)
LIU_SAMPLE15,LIU_PATIENT15,Liu 2019,4.89,1.0,Partial Response,1.0,,,Female,Metastatic,1,0.4944693152658121,0.6923573974275511,0.7028994243224326,0.8965691329233815,0.9276253596190048,1.313194042214355,4.409461577595343,0.2294728408378389,-3.096267535380979,0.7914021561784096,0.3058769139434293,0.2830538760087913,-0.681740487180324,-0.0325375829080625,0.3577195400778835,-0.3496678792261259,,0,1,0,,,,,,0,Mutant-Driven (NF1 Loss & High Response Subtype),59.01466140845433,79.21405642401116,Arm A: Immunotherapy,Anti-PD-1 Monotherapy (Pembrolizumab / Nivolumab),N/A (Arm A Candidate)
LIU_SAMPLE150,LIU_PATIENT150,Liu 2019,22.5,0.0,Partial Response,1.0,,,Male,Metastatic,1,-0.0169855659740882,-0.2514853637276834,0.0216489033578508,-0.2839231799641243,-0.0184611940813663,4.658688727728446,1.5952338694159611,0.7449226713895758,3.0634548583124928,0.029620742509043,0.268754799495023,-0.3766739947216787,0.2480584342522327,0.112411730530111,0.0015966794148599,0.2062277388565755,,1,0,0,,,,,,1,"Immune Cold (Low TIS & Infiltration, Desert)",66.36932655817296,58.32036157986689,Arm B: Targeted Therapy,BRAF + MEK Inhibitor (Dabrafenib + Trametinib; Q2 Sens: 66.4/100),BRAF V600E / MAPK Pathway
LIU_SAMPLE154,LIU_PATIENT154,Liu 2019,20.86,0.0,Stable Disease,,,,Female,,1,-0.3474722964136775,-0.6437859465428374,-0.4856254534823836,-0.8212215172014542,-0.5272703024811204,5.07948169368672,8.267733516713411,0.380564905384068,-3.1882518230266745,-0.686111513840473,-0.2003251495724166,0.230366009429263,0.8162247841525674,-0.3140941113179118,0.3871760237051263,1.204559510972958,,0,0,0,,,,,,1,"Immune Cold (Low TIS & Infiltration, Desert)",69.54815788237786,44.586039833863246,Arm C: Combination/Reversal,Anti-PD-1 + AXL Inhibitor (Bemcentinib) [STING / Type-I IFN Priming],AXL / STING Pathway
LIU_SAMPLE155,LIU_PATIENT155,Liu 2019,15.6,0.0,Progressive Disease,0.0,,,Male,,1,0.0932974090112593,0.1190582573331705,0.0647833415474675,0.1414370653852878,-0.1885849424620927,5.840846305124256,4.920748575932778,0.542749134276141,0.9200977291914788,-0.1840163210291614,0.0788232726504283,-0.5842901968190516,-0.7151588763335034,0.378104408340969,0.3019164551512289,0.238571891486978,,1,0,0,,,,,,0,Mutant-Driven (NF1 Loss & High Response Subtype),68.87371396766616,62.459326426370524,Arm B: Targeted Therapy,BRAF + MEK Inhibitor (Dabrafenib + Trametinib; Q2 Sens: 68.9/100),BRAF V600E / MAPK Pathway
LIU_SAMPLE156,LIU_PATIENT156,Liu 2019,2.86,1.0,Progressive Disease,0.0,,,Male,Metastatic,1,0.2524798421541898,-0.7838239178428975,-0.3696507389777691,-1.1886848147919984,-1.659058826044418,13.916208604641126,6.491185189464216,0.6819199327971419,7.425023415176916,-1.194365138154896,-0.0163770517324751,-0.3454405626406256,-0.181032547481575,-0.2386876585902389,0.3935669653664948,0.9437340280266372,,1,0,0,,,,,,1,"Immune Cold (Low TIS & Infiltration, Desert)",70.87429103753857,37.59656590377145,Arm B: Targeted Therapy,BRAF + MEK Inhibitor (Dabrafenib + Trametinib; Q2 Sens: 70.9/100),BRAF V600E / MAPK Pathway
LIU_SAMPLE158,LIU_PATIENT158,Liu 2019,6.37,0.0,Partial Response,1.0,,,Male,Metastatic,1,0.1002532260399568,0.2124519058251383,0.6497099964201294,0.2474021187814208,0.3455348349107444,4.174434830361912,-1.0272274725771589,1.3263933245568542,5.201662302939081,0.234269640133349,0.3980184090966401,0.761052966042968,0.6471334122230362,-0.2101567728287992,-0.1572082609710257,-0.1056059302969742,,1,0,0,,,,,,0,Mutant-Driven (NF1 Loss & High Response Subtype),67.31378072217818,71.5548175208506,Arm B: Targeted Therapy,BRAF + MEK Inhibitor (Dabrafenib + Trametinib; Q2 Sens: 67.3/100),BRAF V600E / MAPK Pathway
LIU_SAMPLE159,LIU_PATIENT159,Liu 2019,9.46,0.0,Stable Disease,,,,Female,Metastatic,1,0.361948024158,0.2185998971769021,0.4244662635385818,0.2544034699631542,0.3752725806909665,16.008768520590667,13.15018563797382,0.5490172395599661,2.8585828826168584,0.3265232469303757,0.3481948014033536,0.5427008309192328,0.5455558219106423,0.1745268652284167,0.2918433285981118,0.4486549355110585,,0,0,0,,,,,,0,Mutant-Driven (NF1 Loss & High Response Subtype),78.44745358431857,65.48197959479074,Arm C: Combination/Reversal,Anti-PD-1 + MDM2 Antagonist (Idasanutlin) [p53 Reactivation],MDM2 (p53 Activation)
LIU_SAMPLE162,LIU_PATIENT162,Liu 2019,6.6,1.0,Progressive Disease,0.0,,,Male,Metastatic,1,0.8161168361568713,0.7039802527740966,0.4265630307845844,0.679572834562884,0.5523543660067868,-8.250984690112857,-1.830131797165568,0.5,-6.420852892947283,0.3759379172171009,-0.0512117098352366,0.666491794386377,0.427302237266766,-0.4980991337364996,-0.4538858492766208,-0.8897508293477852,,1,0,1,,,,,,3,M2 Immunosuppressive (Depleted T-cells & Stromal Exclusion),62.58447235720895,76.74342052953861,Arm B: Targeted Therapy,BRAF + MEK Inhibitor (Dabrafenib + Trametinib; Q2 Sens: 62.6/100),BRAF V600E / MAPK Pathway
LIU_SAMPLE163,LIU_PATIENT163,Liu 2019,5.68,1.0,Progressive Disease,0.0,,,Male,Metastatic,1,-0.0377547248926157,-0.2003570636180796,0.2400429637198524,-0.1894519742029599,0.2323723109278785,8.934556626773361,7.15392246219838,0.5553387972451529,1.7806341645749917,0.2371613892011161,0.1774916685081537,0.8944601512031684,0.9803354738021032,-0.1627645757723904,-0.1578418750749462,0.0943575728580255,,1,0,0,,,,,,1,"Immune Cold (Low TIS & Infiltration, Desert)",85.44747033030579,59.52892462662204,Arm B: Targeted Therapy,BRAF + MEK Inhibitor (Dabrafenib + Trametinib; Q2 Sens: 85.4/100),BRAF V600E / MAPK Pathway
LIU_SAMPLE165,LIU_PATIENT165,Liu 2019,2.46,0.0,Progressive Disease,0.0,,,Male,Metastatic,1,0.335958580315169,-0.0040014776505514,0.1657253200757767,-0.1201919897778298,-0.2410683533741389,5.061766703883187,-1.1925581655372022,1.308217598952937,6.254324869420396,-0.1892901741254157,0.2015280258725393,0.4300373533277663,0.3432344195502628,-0.0812485276869509,-0.0492469802241112,0.1722832315001977,,0,0,0,,,,,,1,"Immune Cold (Low TIS & Infiltration, Desert)",86.5174975418283,62.60242781395449,Arm C: Combination/Reversal,Anti-PD-1 + AXL Inhibitor (Bemcentinib) [STING / Type-I IFN Priming],AXL / STING Pathway
LIU_SAMPLE166,LIU_PATIENT166,Liu 2019,6.73,1.0,Partial Response,1.0,,,Female,Metastatic,1,-0.3655665474694599,-1.0551042446223662,-2.909512996438383,-0.7662912430942607,-1.730693795520458,-3.164759762878973,-8.971691664082806,0.5,5.806931901203835,-2.15577373847862,-1.0827425029104003,-0.6213142762807506,-0.513648290797344,-0.5334564776234644,-0.784416861165397,-0.0208896713112806,,0,0,0,,,,,,2,"Immune Hot (High TIS & CYT, Inflamed Microenvironment)",56.11628119913462,32.65924125875949,Arm A: Immunotherapy,Anti-PD-1 Monotherapy (Pembrolizumab / Nivolumab),N/A (Arm A Candidate)
LIU_SAMPLE167,LIU_PATIENT167,Liu 2019,9.26,1.0,Progressive Disease,0.0,,,Female,Metastatic,1,0.2559649587996541,0.3790518811642868,0.6685304648648482,0.4642156384359309,0.6047015623435458,10.440525675769894,8.627484517381582,0.5475414356302235,1.8130411583883168,0.5559069206142568,0.4644279161505745,0.5582092061253184,0.1912220275242648,0.3039243252462573,0.4252905107964208,-0.6885174634586062,,0,0,0,,,,,,0,Mutant-Driven (NF1 Loss & High Response Subtype),70.64284206807774,71.509180311661,Arm C: Combination/Reversal,Anti-PD-1 + MDM2 Antagonist (Idasanutlin) [p53 Reactivation],MDM2 (p53 Activation)
LIU_SAMPLE168,LIU_PATIENT168,Liu 2019,20.47,0.0,Partial Response,1.0,,,Male,Metastatic,1,-0.5852249711093428,-1.0745003687400223,-0.0640084468937361,-1.2957855943636556,-0.9720623098927416,4.313206327001627,-5.045364813727637,0.5,9.358571140729266,-0.818980765618758,-0.5460169916097225,0.2205333911968411,-0.2220023557028435,-0.3130393190731272,0.0032685125061357,-0.100361106674275,,0,0,0,,,,,,1,"Immune Cold (Low TIS & Infiltration, Desert)",46.75445318860194,42.09467562196721,Arm C: Combination/Reversal,Anti-PD-1 + AXL Inhibitor (Bemcentinib) [STING / Type-I IFN Priming],AXL / STING Pathway
LIU_SAMPLE169,LIU_PATIENT169,Liu 2019,17.84,0.0,Partial Response,1.0,,,Male,Metastatic,1,0.5243597647903772,0.5998887196323823,0.5092012439472738,0.6076158930338755,0.6698595428385474,14.392514040997469,9.26148049792065,0.6084601912508834,5.131033543076812,0.6255928315514234,0.3962965367532378,0.3789941954865476,-0.078729427434945,0.7863501252836824,0.586238092530255,0.106439211933567,,0,1,0,,,,,,0,Mutant-Driven (NF1 Loss & High Response Subtype),77.5332731763012,73.41731137452273,Arm A: Immunotherapy,Anti-PD-1 Monotherapy (Pembrolizumab / Nivolumab),N/A (Arm A Candidate)
LIU_SAMPLE17,LIU_PATIENT17,Liu 2019,22.54,1.0,Stable Disease,,,,Male,Metastatic,1,0.3952002922015378,0.6068639259153876,0.3372260618332601,0.4688340243102867,0.5289726790886768,9.09169045313714,8.160718630575778,0.5269809224336166,0.9309718225613478,0.5693733423483663,0.7916753273545147,0.5396050515687258,1.0763678227980915,0.5716200504429386,0.4078985398298004,0.3704385644908713,,1,0,0,,,,,,0,Mutant-Driven (NF1 Loss & High Response Subtype),75.44330060365087,71.0027070295639,Arm A: Immunotherapy,Anti-PD-1 Monotherapy (Pembrolizumab / Nivolumab),N/A (Arm A Candidate)
LIU_SAMPLE170,LIU_PATIENT170,Liu 2019,11.4,0.0,Stable Disease,,,,Male,,1,-0.0109326627889115,0.2697961128595117,0.178455150929688,0.2770519598944254,0.2171485102348083,5.885405484723491,7.345764343897848,0.4448136907737611,-1.460358859174377,0.2081332769302992,0.260827590143584,0.4983814389479483,0.0997628156868889,0.545887213437647,0.3052678915250207,0.5613721115274755,,0,0,0,,,,,,0,Mutant-Driven (NF1 Loss & High Response Subtype),94.0744922221599,65.70756271472173,Arm C: Combination/Reversal,Anti-PD-1 + MDM2 Antagonist (Idasanutlin) [p53 Reactivation],MDM2 (p53 Activation)
LIU_SAMPLE172,LIU_PATIENT172,Liu 2019,8.94,0.0,Stable Disease,,,,Male,,1,0.6109419986457764,0.527914560737978,0.636552362575155,0.5436338501795416,0.6475897646976649,6.867701489669492,11.410138711997837,0.3757392237756303,-4.5424372223283465,0.7315146714391376,0.9299066017880238,0.5951506323975365,0.1657706897535315,0.9017802070826284,0.8106342360667058,0.8473501012699883,,0,1,0,,,,,,0,Mutant-Driven (NF1 Loss & High Response Subtype),71.61360677256012,71.9525269373084,Arm A: Immunotherapy,Anti-PD-1 Monotherapy (Pembrolizumab / Nivolumab),N/A (Arm A Candidate)
LIU_SAMPLE173,LIU_PATIENT173,Liu 2019,1.38,1.0,Progressive Disease,0.0,,,Female,Metastatic,1,-0.1147075182731991,-0.3317562292269565,-0.5188740042828297,-0.1902380012888139,-0.3464635069727185,9.71532924345688,6.93709220069286,0.5834184101117637,2.778237042764004,-0.360972895296865,0.1159270130250604,0.2129996577011278,0.2966324638350925,0.221204041342227,-0.0102549323117759,0.1994302017180432,,1,0,0,,,,,,1,"Immune Cold (Low TIS & Infiltration, Desert)",56.563708575124934,53.36259268432474,Arm B: Targeted Therapy,BRAF + MEK Inhibitor (Dabrafenib + Trametinib; Q2 Sens: 56.6/100),BRAF V600E / MAPK Pathway
LIU_SAMPLE179,LIU_PATIENT179,Liu 2019,21.45,0.0,Partial Response,1.0,,,Female,Metastatic,1,0.1974022074162393,-2.116795299765537,-4.220430238499087,-2.244758515315796,-3.7137403792657775,-39.980288513448514,-43.68958831690732,0.5,3.709299803458741,-3.298970517344408,-1.8591278329664889,-2.105545526699692,0.4346288980559407,-2.403214014484097,-2.5114135594389526,-3.770520779147456,,0,1,0,,,,,,2,"Immune Hot (High TIS & CYT, Inflamed Microenvironment)",27.823830717856,9.716642081399542,Arm A: Immunotherapy,Anti-PD-1 Monotherapy (Pembrolizumab / Nivolumab),N/A (Arm A Candidate)
LIU_SAMPLE18,LIU_PATIENT18,Liu 2019,4.27,1.0,Progressive Disease,0.0,,,Male,,1,0.2958086508796266,0.3133119304462832,-0.3821140980687679,0.4357768371890994,0.0194007382883987,3.8686022668349023,1.823730487505496,0.6796163249390327,2.044871779329408,-0.0929567594114297,-0.3876523120768413,-0.567239303354032,0.0922570070049231,0.2078431644064843,-0.5802322717250732,-0.7162244809224534,,0,0,0,,,,,,1,"Immune Cold (Low TIS & Infiltration, Desert)",65.11739622586295,66.10062082597658,Arm C: Combination/Reversal,Anti-PD-1 + AXL Inhibitor (Bemcentinib) [STING / Type-I IFN Priming],AXL / STING Pathway
LIU_SAMPLE181,LIU_PATIENT181,Liu 2019,15.64,0.0,Complete Response,1.0,,,Female,Metastatic,1,0.6188845728624331,0.6777766942387988,0.6752018047515481,0.8272926447896406,0.6327635093984256,8.709519354617202,13.367231988867092,0.3945109141788526,-4.657712634249905,0.6175187818605601,0.6111880970325899,0.407125007520289,0.1823584344505353,0.7980745385044163,0.6816398532323144,0.5691862959876736,,0,1,0,,,,,,0,Mutant-Driven (NF1 Loss & High Response Subtype),68.59384784385988,74.97886107016457,Arm A: Immunotherapy,Anti-PD-1 Monotherapy (Pembrolizumab / Nivolumab),N/A (Arm A Candidate)
LIU_SAMPLE183,LIU_PATIENT183,Liu 2019,18.79,1.0,Progressive Disease,0.0,,,Male,Metastatic,1,-3.450866847398796,-0.4602877788369685,0.5860473936369404,0.6372175483952757,1.0264943642313986,-33.401437406894246,-22.985387572815583,0.5,-10.416049834078695,0.8092848239473635,-1.0451508661522255,-0.2632720066448263,0.863002226166573,0.0017028931370433,-0.0332485963733592,-0.3721883073650417,,0,1,0,,,,,,1,"Immune Cold (Low TIS & Infiltration, Desert)",43.25705689207015,79.07538418121123,Arm B: Targeted Therapy,MEK + CDK4/6 Inhibitor (Binimetinib + Ribociclib),NRAS / MAPK / Cell Cycle
LIU_SAMPLE184,LIU_PATIENT184,Liu 2019,16.85,0.0,Complete Response,1.0,,,Male,Metastatic,1,-3.450866847398796,-0.9190182371360718,-1.922962072556604,-0.5812526083445113,-1.3703818819071,-42.82814231680494,-39.80661714149855,0.5,-3.021525175306364,-1.824407258802544,-1.5664257927396303,-1.2413954907751197,-2.166315987561029,-0.5431182775166967,-0.1753914508524874,0.0087514401883842,,1,0,0,,,,,,2,"Immune Hot (High TIS & CYT, Inflamed Microenvironment)",20.759609975202142,49.580819732987734,Arm A: Immunotherapy,Anti-PD-1 Monotherapy (Pembrolizumab / Nivolumab),N/A (Arm A Candidate)
LIU_SAMPLE185,LIU_PATIENT185,Liu 2019,6.67,0.0,Stable Disease,,,,Male,Metastatic,1,0.3200929855058479,0.3104184625448595,0.5249988416095026,0.4077674689969847,0.4313373063818254,-2.9127079294903795,-4.141852891065678,0.5,1.2291449615752956,0.2720176118744797,0.3541580248376568,0.2834750662704899,0.5417812440585821,-0.5140912057570872,0.2137384709470048,0.5564952511813328,,1,0,0,,,,,,0,Mutant-Driven (NF1 Loss & High Response Subtype),49.094933231001846,72.84988982095425,Arm B: Targeted Therapy,BRAF + MEK Inhibitor (Dabrafenib + Trametinib; Q2 Sens: 49.1/100),BRAF V600E / MAPK Pathway
LIU_SAMPLE187,LIU_PATIENT187,Liu 2019,20.27,0.0,Complete Response,1.0,,,Female,Metastatic,1,0.3119280065848369,0.1070248875727314,-0.0870448922205073,0.022163643771195,0.0443422070141601,4.2982035088191415,1.7825649630925482,0.7068520251467263,2.515638545726598,0.133702028115122,0.3223119461117164,0.50078298377669,0.8660294046346187,0.1030663182052257,0.0048234127928871,0.1283321070697677,,1,0,0,,,,,,0,Mutant-Driven (NF1 Loss & High Response Subtype),71.72568794818727,62.63331046501952,Arm B: Targeted Therapy,BRAF + MEK Inhibitor (Dabrafenib + Trametinib; Q2 Sens: 71.7/100),BRAF V600E / MAPK Pathway
LIU_SAMPLE188,LIU_PATIENT188,Liu 2019,2.43,1.0,Progressive Disease,0.0,,,Male,Metastatic,1,-0.7048577187781967,-0.3171397257492107,-0.0972978073341847,-0.1643378089392742,-0.0630492089755233,8.402501589248056,-0.0205322274140204,1.0024495708022405,8.423033816662112,-0.130877897051435,-0.2474948432234991,-0.589682518588699,0.2318888912848846,0.0212444257200246,-0.3459233711960342,0.0327276814367995,,0,1,0,,,,,,1,"Immune Cold (Low TIS & Infiltration, Desert)",64.46419266815725,59.30404133454241,Arm B: Targeted Therapy,MEK + CDK4/6 Inhibitor (Binimetinib + Ribociclib),NRAS / MAPK / Cell Cycle
LIU_SAMPLE189,LIU_PATIENT189,Liu 2019,23.59,0.0,Partial Response,1.0,,,Female,Metastatic,1,0.4084933377725472,0.4160535458131572,0.3632132404411307,0.3426341017507282,0.4585787608845778,7.809389079074416,13.561338444135568,0.365424577642147,-5.751949365061175,0.5060954043375502,0.6235034889686409,-0.2973042894437954,-0.2001532095461142,0.596568028390404,0.686249662687022,0.7237096140400381,,0,0,0,,,,,,0,Mutant-Driven (NF1 Loss & High Response Subtype),73.19404741657826,66.92178090214189,Arm A: Immunotherapy,Anti-PD-1 Monotherapy (Pembrolizumab / Nivolumab),N/A (Arm A Candidate)
LIU_SAMPLE191,LIU_PATIENT191,Liu 2019,21.62,0.0,Partial Response,1.0,,,Male,Metastatic,1,0.5149372812918898,0.592433283650054,0.2263372865695064,0.4117643400542417,-0.0084029795399502,11.25873271629606,6.222590547316814,0.6440435055469144,5.036142168979241,0.124172464830078,0.5743458094851341,0.3159016371750315,0.7479686503593648,0.5625390129273132,0.4608159948397149,0.0960956141492238,,0,1,0,,,,,,0,Mutant-Driven (NF1 Loss & High Response Subtype),72.45242027746899,68.57656176947968,Arm A: Immunotherapy,Anti-PD-1 Monotherapy (Pembrolizumab / Nivolumab),N/A (Arm A Candidate)
LIU_SAMPLE192,LIU_PATIENT192,Liu 2019,9.53,0.0,Partial Response,1.0,,,Female,Metastatic,1,0.7498865580996392,0.9187738083609014,0.686310708886962,0.9530913802066054,0.7477849736072133,8.464142342556189,10.535008867995964,0.4455010778510564,-2.070866525439797,0.7105355904682693,0.4011552403218821,0.3128908174347961,0.8090500022250083,0.6167708164637195,0.6716779351329276,0.2221435113232475,,1,0,0,,,,,,0,Mutant-Driven (NF1 Loss & High Response Subtype),73.0911040878171,78.73555639710327,Arm A: Immunotherapy,Anti-PD-1 Monotherapy (Pembrolizumab / Nivolumab),N/A (Arm A Candidate)
LIU_SAMPLE193,LIU_PATIENT193,Liu 2019,21.65,0.0,Stable Disease,,,,Female,,1,0.5234645036307434,0.7602881028706746,0.4933751888989152,0.8125549256831406,0.52253551435076,15.07861838845249,18.5306676374314,0.448644412643572,-3.4520492489789483,0.5207880512772206,0.5616247934041408,0.6687332425126185,0.7281869086820197,0.9012576122784196,0.5887289775873981,0.0484769788753643,,0,1,0,,,,,,0,Mutant-Driven (NF1 Loss & High Response Subtype),88.90708631198633,72.64372975178527,Arm A: Immunotherapy,Anti-PD-1 Monotherapy (Pembrolizumab / Nivolumab),N/A (Arm A Candidate)
LIU_SAMPLE195,LIU_PATIENT195,Liu 2019,29.4,0.0,Partial Response,1.0,,,Male,Metastatic,1,-0.2283976731259351,-0.1567339013956115,0.4027247166884968,-0.2711375579005396,0.4855892046872114,12.834838404340418,5.829626338212027,0.6876617455350181,7.005212066128356,0.5531925337711154,0.4003593477622253,0.4220924459936396,1.2092908082611915,-0.014826910789789,0.1106503961586655,0.7035737179662711,,0,0,1,,,,,,3,M2 Immunosuppressive (Depleted T-cells & Stromal Exclusion),63.659912385928344,61.258646081691715,Arm C: Combination/Reversal,Anti-PD-1 + CSF1R Inhibitor (Pexidartinib) [Macrophage Reprogramming],CSF1R (M2 TAM Depletion)
LIU_SAMPLE196,LIU_PATIENT196,Liu 2019,2.66,1.0,Progressive Disease,0.0,,,Male,Metastatic,1,0.5126357638226711,-0.4948878836978462,-0.5063832615239646,-0.6919963587094539,-1.6667611409286025,9.44278600908266,2.2929511711165635,0.8046180537354503,7.149834837966084,-1.2182323113593934,-0.0898010964429372,-0.2426093196490577,-0.269556866048203,-0.208167686267788,0.1197985186377503,-0.983007322509902,,1,0,1,,,,,,3,M2 Immunosuppressive (Depleted T-cells & Stromal Exclusion),61.10685200327575,44.47754008297488,Arm B: Targeted Therapy,BRAF + MEK Inhibitor (Dabrafenib + Trametinib; Q2 Sens: 61.1/100),BRAF V600E / MAPK Pathway
LIU_SAMPLE197,LIU_PATIENT197,Liu 2019,31.54,0.0,Partial Response,1.0,,,Female,Metastatic,1,-0.5239122638132948,-1.308756572353693,-0.8601107867969829,-1.2223282421714838,-1.3123927971075475,1.8043570262064843,-9.025879965417069,0.5,10.830236991623584,-1.2907282340773614,-0.565305683169858,-0.3022800498908846,-1.405879070494341,-0.2697096391868868,-0.3458851283923146,-0.5980165685208846,,0,1,0,,,,,,1,"Immune Cold (Low TIS & Infiltration, Desert)",63.450553880745694,37.88388457784463,Arm B: Targeted Therapy,MEK + CDK4/6 Inhibitor (Binimetinib + Ribociclib),NRAS / MAPK / Cell Cycle
LIU_SAMPLE20,LIU_PATIENT20,Liu 2019,7.95,1.0,Progressive Disease,0.0,,,Female,Metastatic,1,1.283970482317028,0.8582791955881001,0.6072490248316273,0.7140912775100322,0.6308274446963551,6.403918513343449,8.953346893479923,0.4169960174353782,-2.5494283801364754,0.5127915497742008,0.6615260284948503,0.0808650246315074,0.1323317345096442,0.7114990594177473,0.743314581883062,0.378077833681423,,1,0,0,,,,,,0,Mutant-Driven (NF1 Loss & High Response Subtype),76.67659215898263,75.76767828705643,Arm B: Targeted Therapy,BRAF + MEK Inhibitor (Dabrafenib + Trametinib; Q2 Sens: 76.7/100),BRAF V600E / MAPK Pathway
LIU_SAMPLE200,LIU_PATIENT200,Liu 2019,16.82,1.0,Progressive Disease,0.0,,,Male,Metastatic,1,0.4856714834289682,0.5988142319867418,0.7568124819848764,0.5379840009003763,0.8812465111369087,11.555165423815016,11.46901734947758,0.5018708172008903,0.0861480743374687,0.7657592206567202,0.3879045445526062,0.4244877690361747,-0.1415867814325055,0.0875084156772263,0.2076227164289694,-0.4598915479681251,,1,1,1,,,,,,3,M2 Immunosuppressive (Depleted T-cells & Stromal Exclusion),65.42968314113597,73.87296219055614,Arm B: Targeted Therapy,BRAF + MEK Inhibitor (Dabrafenib + Trametinib; Q2 Sens: 65.4/100),BRAF V600E / MAPK Pathway
LIU_SAMPLE201,LIU_PATIENT201,Liu 2019,5.49,1.0,Progressive Disease,0.0,,,Male,,1,-3.450866847398796,-2.632955786872412,-1.0132976511531475,-2.5930175481480715,-1.247968298096498,-15.309634850048749,-18.90221871129542,0.5,3.59258386124664,-1.991797425295144,-0.5727072179284949,-2.786259629118444,-1.480018110195705,-2.1252382579280367,-0.7361744243016197,0.6553287750756813,,1,0,0,,,,,,2,"Immune Hot (High TIS & CYT, Inflamed Microenvironment)",52.281292366821376,20.682139377685154,Arm A: Immunotherapy,Anti-PD-1 Monotherapy (Pembrolizumab / Nivolumab),N/A (Arm A Candidate)
LIU_SAMPLE203,LIU_PATIENT203,Liu 2019,20.57,1.0,Progressive Disease,0.0,,,Male,Metastatic,1,0.1619767561962289,0.2571279622313464,0.4681283065030461,0.0951547098330806,0.4265176598421437,16.213795166555006,14.67667865121861,0.5248801058281595,1.5371165153363644,0.4667006466112102,0.5074055653718209,0.4327936231035603,0.707284378806361,0.4892826376053886,0.7331925197564978,0.9527383151246088,,1,0,0,,,,,,0,Mutant-Driven (NF1 Loss & High Response Subtype),85.10467190659669,64.08444137426082,Arm B: Targeted Therapy,BRAF + MEK Inhibitor (Dabrafenib + Trametinib; Q2 Sens: 85.1/100),BRAF V600E / MAPK Pathway
LIU_SAMPLE204,LIU_PATIENT204,Liu 2019,26.91,0.0,Complete Response,1.0,,,Male,Metastatic,1,0.4261159502581098,0.4862339569577926,0.2895466236529995,0.6082504155108681,0.3294465423644296,13.138728792685132,12.180039998259272,0.518932373891118,0.9586887944258786,0.2984607456954736,0.3757155614056489,0.519602363685349,0.036343772275662,0.5472512927392643,0.3347305963914987,-0.0813010615702676,,1,0,1,,,,,,3,M2 Immunosuppressive (Depleted T-cells & Stromal Exclusion),65.05742598088446,69.60464138813164,Arm A: Immunotherapy,Anti-PD-1 Monotherapy (Pembrolizumab / Nivolumab),N/A (Arm A Candidate)
LIU_SAMPLE205,LIU_PATIENT205,Liu 2019,12.88,1.0,Progressive Disease,0.0,,,Female,Metastatic,1,0.1856058686108908,0.2011181540562414,-0.1619545517074225,-0.0303060318596061,0.0092591170923425,2.5007276186691234,0.7326067281350287,0.7734206705659309,1.7681208905340955,-0.1432011230181063,0.2451287868863112,-0.5239274355711813,-0.8325334045115671,-0.047077531841592,0.4714818901329258,0.6281015920614847,,1,0,1,,,,,,3,M2 Immunosuppressive (Depleted T-cells & Stromal Exclusion),70.02030621761254,62.536576931805975,Arm B: Targeted Therapy,BRAF + MEK Inhibitor (Dabrafenib + Trametinib; Q2 Sens: 70.0/100),BRAF V600E / MAPK Pathway
LIU_SAMPLE206,LIU_PATIENT206,Liu 2019,2.96,1.0,Progressive Disease,0.0,,,Male,Metastatic,1,0.1883779906486935,0.3161316472491661,0.4285626730683728,0.2041944711668267,0.5110380406156028,13.612732135843746,14.503037569562965,0.4841671516901774,-0.8903054337191761,0.4765372510282053,0.0621296474671225,0.7443808580669554,0.4071480145551465,0.3595597651208539,0.4909345481981626,1.14576112960494,,0,0,1,,,,,,3,M2 Immunosuppressive (Depleted T-cells & Stromal Exclusion),88.36805288083205,65.53807700574762,Arm C: Combination/Reversal,Anti-PD-1 + CSF1R Inhibitor (Pexidartinib) [Macrophage Reprogramming],CSF1R (M2 TAM Depletion)
LIU_SAMPLE21,LIU_PATIENT21,Liu 2019,29.76,0.0,Partial Response,1.0,,,Female,Metastatic,1,0.2675019793749928,-0.3111622675436774,-0.5707196664777895,-0.3453745905381181,-0.2676161445109875,-1.1310136784882152,-8.409554759851574,0.5,7.278541081363357,-0.5017581983302707,-0.495932054202054,-1.826447468843005,-0.8351958392098392,-0.1367441850138351,-0.5386212328566778,-0.6863231716618129,,0,1,0,,,,,,1,"Immune Cold (Low TIS & Infiltration, Desert)",63.854008993493096,56.25229995879405,Arm B: Targeted Therapy,MEK + CDK4/6 Inhibitor (Binimetinib + Ribociclib),NRAS / MAPK / Cell Cycle
LIU_SAMPLE22,LIU_PATIENT22,Liu 2019,8.31,1.0,Progressive Disease,0.0,,,Male,Metastatic,1,-1.3858756127953338,-1.6213651013705406,-1.1045573590427669,-1.76151258361836,-0.7778798813096252,-1.1458467994177417,-12.35774882721909,0.5,11.21190202780136,-1.161094054654193,-1.2619172749887186,-1.1750366617473087,-1.5119035906330491,-0.7453423281143413,-0.3825069414482011,0.0302207362721572,,0,0,0,,,,,,1,"Immune Cold (Low TIS & Infiltration, Desert)",49.83561982159382,33.113161823295336,Arm C: Combination/Reversal,Chemotherapy (Dacarbazine) / HDAC Inhibitor + Anti-PD-1,HDAC / Epigenetic Remodeling
LIU_SAMPLE23,LIU_PATIENT23,Liu 2019,32.03,0.0,Progressive Disease,0.0,,,Male,,1,-0.2726218743668407,-1.373718759664161,-0.3479134069186356,-1.7162308499101235,-0.3136860882684432,7.627971474953945,2.5380615096722763,0.7503390443931759,5.089909965281666,-0.3467282739661524,-0.2163993778380519,-0.7301010216785029,-0.2432129596581441,-0.503306021507963,0.0586260945732814,0.498380407232303,,0,1,0,,,,,,1,"Immune Cold (Low TIS & Infiltration, Desert)",84.39409684743234,36.146594012205625,Arm B: Targeted Therapy,MEK + CDK4/6 Inhibitor (Binimetinib + Ribociclib),NRAS / MAPK / Cell Cycle
LIU_SAMPLE24,LIU_PATIENT24,Liu 2019,4.5,1.0,Progressive Disease,0.0,,,Male,Metastatic,1,0.0381550492040682,-0.3265944935331496,-0.022800806255236,-0.723663856831626,-0.1667966107177244,-4.60237752161661,-6.490261570025037,0.5,1.8878840484084296,-0.0348268099117322,0.0784312793358078,-0.5268603574700547,-1.175217022416148,-0.7400594113377339,-0.3725388118226299,0.1419407635865548,,0,0,0,,,,,,1,"Immune Cold (Low TIS & Infiltration, Desert)",73.57677014087317,54.89030932552197,Arm C: Combination/Reversal,Anti-PD-1 + AXL Inhibitor (Bemcentinib) [STING / Type-I IFN Priming],AXL / STING Pathway
LIU_SAMPLE25,LIU_PATIENT25,Liu 2019,36.01,0.0,Partial Response,1.0,,,Male,Metastatic,1,0.3280705724268995,0.1476515375550899,0.2978569925699451,0.1073811609983919,0.053174181668811,14.642583401470947,12.326398792500278,0.5429416392563832,2.316184608970678,0.1829146844504674,0.4846057213751685,0.4294094434826254,0.3323142441893106,0.2361006585462329,0.6849723260753053,0.9800251112426892,,0,0,0,,,,,,0,Mutant-Driven (NF1 Loss & High Response Subtype),75.74991307951822,62.15989130780763,Arm C: Combination/Reversal,Anti-PD-1 + MDM2 Antagonist (Idasanutlin) [p53 Reactivation],MDM2 (p53 Activation)
LIU_SAMPLE27,LIU_PATIENT27,Liu 2019,14.16,1.0,Progressive Disease,0.0,,,Male,Metastatic,1,0.1732971653031354,0.5732857698826368,0.4998390242248341,0.7766508592706141,0.8110712964037614,0.5933755970707713,3.6801710373113865,0.1388485133862492,-3.0867954402406323,0.7666343568226077,0.402648162307583,-0.245095029329724,1.2422443007765078,0.2473779570140033,-0.3457702151678547,-0.5481659449923987,,0,1,0,,,,,,0,Mutant-Driven (NF1 Loss & High Response Subtype),66.10470060517488,76.18877039328913,Arm B: Targeted Therapy,MEK + CDK4/6 Inhibitor (Binimetinib + Ribociclib),NRAS / MAPK / Cell Cycle
LIU_SAMPLE30,LIU_PATIENT30,Liu 2019,7.0,1.0,Stable Disease,,,,Female,Metastatic,1,0.1474582275225222,0.788214694187545,0.6572291208935788,0.999963855860506,0.934311102330765,-12.04437923186292,0.3551687941611616,0.5,-12.399548026024112,0.8372594443840173,0.0959515598933783,0.4953118064436939,0.0923397273463461,0.2204401734069358,0.130774629407311,-0.8384933330350923,,1,0,0,,,,,,0,Mutant-Driven (NF1 Loss & High Response Subtype),87.15693159499594,82.07657699824887,Arm A: Immunotherapy,Anti-PD-1 Monotherapy (Pembrolizumab / Nivolumab),N/A (Arm A Candidate)
LIU_SAMPLE31,LIU_PATIENT31,Liu 2019,13.99,1.0,Progressive Disease,0.0,,,Male,Metastatic,1,0.2537475155070843,-0.0448365017741978,-0.4430467176171573,-0.3930967854133824,-0.5725668415714789,3.2552229086673483,1.1247585917463534,0.7432047163577936,2.130464316920993,-0.4407353187631344,-0.1510782691509341,-1.141756471958025,-0.0656533810193233,0.0259141236738627,-0.6419661357154495,-0.6511048670687656,,0,1,0,,,,,,1,"Immune Cold (Low TIS & Infiltration, Desert)",81.26413833393384,54.23475269724847,Arm B: Targeted Therapy,MEK + CDK4/6 Inhibitor (Binimetinib + Ribociclib),NRAS / MAPK / Cell Cycle
LIU_SAMPLE32,LIU_PATIENT32,Liu 2019,1.74,1.0,Progressive Disease,0.0,,,Female,Metastatic,1,0.0927606318080541,-1.04524948325033,-0.2538107577695032,-1.1896947418146209,-1.2416793499596743,-4.710026851026488,-8.662271250295653,0.5,3.95224439926918,-0.8360347592632655,-0.0518009872610047,-1.941389906532781,-1.5721501960397477,-0.7915834611471649,-0.07623161432333,0.0337022505980057,,1,1,0,,,,,,1,"Immune Cold (Low TIS & Infiltration, Desert)",35.15707257867759,42.382839069044095,Arm B: Targeted Therapy,BRAF + MEK Inhibitor (Dabrafenib + Trametinib; Q2 Sens: 35.2/100),BRAF V600E / MAPK Pathway
LIU_SAMPLE33,LIU_PATIENT33,Liu 2019,55.16,0.0,Partial Response,1.0,,,Female,Metastatic,1,0.4742585727580707,0.6409410814844723,0.7113394633072655,0.6204787797888542,0.6581438619051119,4.389080020122442,13.47855072926378,0.2456442088872478,-9.08947070914134,0.6622899346478496,0.7181129947081729,0.4701944278233699,1.30824380542911,0.3908453198433933,0.6134868241043782,0.9197008377416314,,0,0,0,,,,,,0,Mutant-Driven (NF1 Loss & High Response Subtype),75.93931941054029,72.81906213739484,Arm A: Immunotherapy,Anti-PD-1 Monotherapy (Pembrolizumab / Nivolumab),N/A (Arm A Candidate)
LIU_SAMPLE34,LIU_PATIENT34,Liu 2019,55.55,0.0,Partial Response,1.0,,,Male,Metastatic,1,0.5495470780443505,-0.4053582238386463,0.075585567800624,-0.9912199801164532,0.0017121885194497,6.128316389968994,9.749207810014296,0.3859743063704758,-3.6208914200453086,-0.0183401601700971,-0.2528588232851439,0.5351061109634183,0.6427064401224138,-0.1736464654755413,-0.1038905954486771,1.1783648955501085,,0,0,0,,,,,,1,"Immune Cold (Low TIS & Infiltration, Desert)",83.0040036254736,48.28398520837627,Arm C: Combination/Reversal,Anti-PD-1 + AXL Inhibitor (Bemcentinib) [STING / Type-I IFN Priming],AXL / STING Pathway
LIU_SAMPLE35,LIU_PATIENT35,Liu 2019,31.8,1.0,Stable Disease,,,,Male,Metastatic,1,0.3778970251582975,0.3636009748630157,0.2643135788022914,0.3439954036382585,0.5328953025906071,0.0742502621680677,2.9616760988423736,0.0244572013081882,-2.8874258366743004,0.4663552505161913,0.1172824714304741,0.1455444885349398,-0.1720916793738934,0.5113143293189276,-0.4494945793252099,-0.5796767765977494,,0,0,0,,,,,,0,Mutant-Driven (NF1 Loss & High Response Subtype),29.64011236513482,68.94443289061772,Arm A: Immunotherapy,Anti-PD-1 Monotherapy (Pembrolizumab / Nivolumab),N/A (Arm A Candidate)
LIU_SAMPLE36,LIU_PATIENT36,Liu 2019,14.82,1.0,Progressive Disease,0.0,,,Male,Metastatic,1,-0.89712621247974,-0.6326584251246199,0.2357740322261725,-0.2201484781094083,-0.7491544357251028,5.404890820595534,5.625175574395014,0.4900143505074672,-0.2202847537994909,-0.3125952410334788,-0.0423227417932504,-0.1808649924762135,-0.7273502956701369,0.1741310592515564,-0.4789800448887601,0.1258347481253465,,0,1,0,,,,,,1,"Immune Cold (Low TIS & Infiltration, Desert)",41.87720761188349,53.650292134737434,Arm B: Targeted Therapy,MEK + CDK4/6 Inhibitor (Binimetinib + Ribociclib),NRAS / MAPK / Cell Cycle
LIU_SAMPLE37,LIU_PATIENT37,Liu 2019,9.03,1.0,Progressive Disease,0.0,,,Male,Metastatic,1,1.0870319341730283,0.5921380042938222,0.5419493251265903,0.5363702938773798,0.7507443250184168,9.494623513594869,14.852204891736772,0.3899737310965591,-5.357581378141945,0.7917977489500351,0.5964264315605835,0.8013919161730888,1.284865943913626,0.8360016049858224,0.4226474923653224,1.3450541639673093,,0,0,1,,,,,,3,M2 Immunosuppressive (Depleted T-cells & Stromal Exclusion),70.57946612562178,71.2246944922488,Arm C: Combination/Reversal,Anti-PD-1 + CSF1R Inhibitor (Pexidartinib) [Macrophage Reprogramming],CSF1R (M2 TAM Depletion)
LIU_SAMPLE38,LIU_PATIENT38,Liu 2019,11.27,1.0,Progressive Disease,0.0,,,Male,Metastatic,1,0.2407910576433823,0.0681177300250678,0.1739682050158982,0.0247434863239959,0.4068235530871963,8.21227622780031,4.133856654455955,0.6651699205022253,4.078419573344347,0.2836187786321705,-0.2303673424250454,0.5719598738972477,-0.1169344755810666,-0.0509531744558517,-0.1351953959922908,0.6079042146930311,,1,0,0,,,,,,0,Mutant-Driven (NF1 Loss & High Response Subtype),66.65628302002004,64.29047384441937,Arm B: Targeted Therapy,BRAF + MEK Inhibitor (Dabrafenib + Trametinib; Q2 Sens: 66.7/100),BRAF V600E / MAPK Pathway
LIU_SAMPLE4,LIU_PATIENT4,Liu 2019,19.71,1.0,Complete Response,1.0,,,Male,Metastatic,1,-0.0010671346715001,0.0807442989899327,-0.0492110277003926,-0.1616780479347515,0.1562195461560802,3.775288680334314,1.3027649961853396,0.7434519051641424,2.472523684148966,0.082107223594246,0.1176303439425557,0.0864747970103424,-0.6084315647681423,0.6314625363013178,0.143776772188283,0.1438497950212159,,1,0,0,,,,,,0,Mutant-Driven (NF1 Loss & High Response Subtype),66.80191325671781,61.5531514256977,Arm B: Targeted Therapy,BRAF + MEK Inhibitor (Dabrafenib + Trametinib; Q2 Sens: 66.8/100),BRAF V600E / MAPK Pathway
LIU_SAMPLE40,LIU_PATIENT40,Liu 2019,15.37,1.0,Progressive Disease,0.0,,,Female,Metastatic,1,-0.2356654904787489,-0.2629487419870843,0.1555650373873516,-0.0624869692618015,0.3690243264616457,2.1279814266928705,-6.859855700278756,0.5,8.987837126971609,0.1935954565973518,-0.1738594116841288,0.3420115503007419,-0.2360958386645747,-0.8062022983089763,-0.5127852838015889,-0.0292976396086849,,0,0,1,,,,,,3,M2 Immunosuppressive (Depleted T-cells & Stromal Exclusion),54.23217672477201,64.42691602509635,Arm C: Combination/Reversal,Anti-PD-1 + CSF1R Inhibitor (Pexidartinib) [Macrophage Reprogramming],CSF1R (M2 TAM Depletion)
LIU_SAMPLE42,LIU_PATIENT42,Liu 2019,33.74,0.0,Complete Response,1.0,,,Male,Metastatic,1,0.1669816146146155,0.3638309303100276,0.2078837404856733,0.5147420943933813,0.1503222916202854,3.087031904720031,-0.2179636911712765,1.0759702018034896,3.304995595891309,0.1540919513315895,0.0934818527267393,0.252998386339356,0.648705935154672,0.3147542898773618,-0.4222079372527084,-0.116104283954447,,0,1,0,,,,,,1,"Immune Cold (Low TIS & Infiltration, Desert)",74.08078333345627,71.47149101293545,Arm A: Immunotherapy,Anti-PD-1 Monotherapy (Pembrolizumab / Nivolumab),N/A (Arm A Candidate)
LIU_SAMPLE44,LIU_PATIENT44,Liu 2019,30.29,0.0,Partial Response,1.0,,,Male,Metastatic,1,-3.450866847398796,0.1607235917749067,0.680987697029697,0.7433683353937603,-0.8052152487124299,-48.681396519028,-32.05364079760213,0.5,-16.62775572142594,0.0037655211565031,0.7535808672468193,-1.3857227257915463,1.20747386254948,-0.3974392661368114,-0.1993355069032492,-0.8075947851146197,,0,0,0,,,,,,1,"Immune Cold (Low TIS & Infiltration, Desert)",26.972326289289427,79.13047867096245,Arm C: Combination/Reversal,Anti-PD-1 + AXL Inhibitor (Bemcentinib) [STING / Type-I IFN Priming],AXL / STING Pathway
LIU_SAMPLE45,LIU_PATIENT45,Liu 2019,54.73,0.0,Partial Response,1.0,,,Male,Metastatic,1,0.4025504969505228,0.5804570276634002,0.6255004185232763,0.6198645578112092,0.7497756738923013,-0.3911994994007573,-0.0465470125628416,0.5,-0.3446524868379147,0.6632704358307837,0.6556215722239839,-0.4331351115379587,0.6028545313690277,0.7445769411494846,0.3124680649906511,0.3186346199635022,,0,1,0,,,,,,0,Mutant-Driven (NF1 Loss & High Response Subtype),65.59062036672533,76.71040510529309,Arm A: Immunotherapy,Anti-PD-1 Monotherapy (Pembrolizumab / Nivolumab),N/A (Arm A Candidate)
LIU_SAMPLE47,LIU_PATIENT47,Liu 2019,30.78,0.0,Progressive Disease,0.0,,,Female,Metastatic,1,-0.6000748163542968,-0.6522026637725439,-0.78802735572174,-0.7352955122530408,-0.512181058192216,0.7816345923532326,-0.8891243806497457,0.5,1.6707589730029753,-0.467608066265224,-0.6580279518562845,-0.2194661990892531,-0.8419288718994161,-0.747022153514185,-0.6617855298503883,-0.3984078215096461,,0,1,0,,,,,,1,"Immune Cold (Low TIS & Infiltration, Desert)",100.0,46.838712774207835,Arm B: Targeted Therapy,MEK + CDK4/6 Inhibitor (Binimetinib + Ribociclib),NRAS / MAPK / Cell Cycle
LIU_SAMPLE48,LIU_PATIENT48,Liu 2019,1.74,1.0,Progressive Disease,0.0,,,Female,Metastatic,1,0.0433122697584644,-0.0957614785897052,0.1307831815383309,0.0049869423953886,0.360491474310105,-6.101169446560101,-7.661278253165043,0.5,1.5601088066049351,0.2559741929080603,-0.7371806790234411,0.3206479809371872,0.3706013094785971,-0.3176536662201327,-0.8219526499166753,-1.7392321938275217,,0,0,0,,,,,,1,"Immune Cold (Low TIS & Infiltration, Desert)",40.566434827369704,65.97582794645317,Arm C: Combination/Reversal,Anti-PD-1 + AXL Inhibitor (Bemcentinib) [STING / Type-I IFN Priming],AXL / STING Pathway
LIU_SAMPLE51,LIU_PATIENT51,Liu 2019,50.82,0.0,Partial Response,1.0,,,Male,Metastatic,1,0.2527447419520028,0.6735921451931649,0.3496119113313947,0.7689839931117656,-0.962216473387792,-33.958455813734105,-22.74181056598769,0.5,-11.216645247746396,-0.3223871239474748,0.1966820935193492,-1.40570806289855,0.4855154398274705,-0.1770833238732386,0.6710702896953501,0.4843727931246978,,0,1,0,,,,,,0,Mutant-Driven (NF1 Loss & High Response Subtype),70.77728964001516,77.19889775576549,Arm A: Immunotherapy,Anti-PD-1 Monotherapy (Pembrolizumab / Nivolumab),N/A (Arm A Candidate)
LIU_SAMPLE56,LIU_PATIENT56,Liu 2019,4.01,1.0,Progressive Disease,0.0,,,Male,Metastatic,1,0.4673555744821603,0.3612975408480333,0.4272318183251112,0.2205540428735795,0.3344824749182342,14.94674084225834,16.308236244900257,0.4782195424612661,-1.3614954026419417,0.4886363318739136,0.6410262073647625,0.6256827412476808,0.2556485862440844,0.5947549152563253,0.6528826399102138,1.158996696055462,,0,0,0,,,,,,0,Mutant-Driven (NF1 Loss & High Response Subtype),73.06522696197348,64.71670025686868,Arm C: Combination/Reversal,Anti-PD-1 + MDM2 Antagonist (Idasanutlin) [p53 Reactivation],MDM2 (p53 Activation)
LIU_SAMPLE58,LIU_PATIENT58,Liu 2019,9.95,1.0,Progressive Disease,0.0,,,Male,Metastatic,1,0.0408845311830193,-0.7617933965214088,0.1708320243416095,-1.2918232371067764,-1.5062313448728566,-19.194841007906057,-25.595411814264104,0.5,6.400570806358033,-0.882140341377631,-1.351691347222643,-1.269259102512201,-2.166315987561029,-0.2057117574101253,0.0892395985051235,0.3307621006279445,,0,0,0,,,,,,1,"Immune Cold (Low TIS & Infiltration, Desert)",30.22827823184603,48.48250985640048,Arm C: Combination/Reversal,Anti-PD-1 + AXL Inhibitor (Bemcentinib) [STING / Type-I IFN Priming],AXL / STING Pathway
LIU_SAMPLE6,LIU_PATIENT6,Liu 2019,22.57,1.0,Stable Disease,,,,Female,Metastatic,1,-0.341900701590375,0.1279524542057049,0.1012291039547554,0.2251293649809261,0.2971406559918974,10.168259715046634,6.540229646407244,0.6085684645138889,3.628030068639421,0.3900362966991342,0.5093602383780736,0.5120662591388275,-0.9545791992255228,0.6680152763979389,0.6519374966129782,0.1451743688965547,,0,0,0,,,,,,0,Mutant-Driven (NF1 Loss & High Response Subtype),65.91766800063742,64.969374259159,Arm C: Combination/Reversal,Anti-PD-1 + MDM2 Antagonist (Idasanutlin) [p53 Reactivation],MDM2 (p53 Activation)
LIU_SAMPLE61,LIU_PATIENT61,Liu 2019,32.42,0.0,Stable Disease,,,,Female,Metastatic,1,1.0556830204555925,0.467404471079584,0.2050338062381648,0.3382329803457403,-0.720674846923085,-49.389608981386665,-22.49822283209248,0.5,-26.89138614929428,-0.2422485015123302,-1.3757186824307732,0.6940371342253634,-1.2438635165976255,1.0121554658265808,0.2698779116328442,-1.5183307626261435,,1,0,1,,,,,,3,M2 Immunosuppressive (Depleted T-cells & Stromal Exclusion),27.298147293388762,72.30191739878819,Arm A: Immunotherapy,Anti-PD-1 Monotherapy (Pembrolizumab / Nivolumab),N/A (Arm A Candidate)
LIU_SAMPLE62,LIU_PATIENT62,Liu 2019,32.88,0.0,Partial Response,1.0,,,Female,Metastatic,1,0.8134392077940295,0.6142717386873293,0.1373014476455798,0.4486999091925934,0.2420370131861303,14.619730139582645,12.713586501424247,0.53486850247984,1.906143638158418,0.2477600938308928,0.6886741774094487,0.2220616939691913,0.4592084559281777,0.7066997359447298,0.7103605647070872,0.8631223505670171,,0,0,1,,,,,,3,M2 Immunosuppressive (Depleted T-cells & Stromal Exclusion),82.40687242160315,67.58415496264969,Arm A: Immunotherapy,Anti-PD-1 Monotherapy (Pembrolizumab / Nivolumab),N/A (Arm A Candidate)
LIU_SAMPLE63,LIU_PATIENT63,Liu 2019,5.85,1.0,Progressive Disease,0.0,,,Female,Metastatic,1,0.1727441522739186,0.2812340364783942,0.0896371444072783,0.6381088179930694,0.5264325791258595,0.1297978989744811,0.6737299622975664,0.1615350322377135,-0.543932063323087,0.2553650329193212,-0.0948941417640836,0.4251489235459729,-0.8986241751798043,-0.0032261659709911,-0.2620296839952302,-0.7357845403530658,,0,0,1,,,,,,3,M2 Immunosuppressive (Depleted T-cells & Stromal Exclusion),46.21488582919455,71.3878300119366,Arm C: Combination/Reversal,Anti-PD-1 + CSF1R Inhibitor (Pexidartinib) [Macrophage Reprogramming],CSF1R (M2 TAM Depletion)
LIU_SAMPLE67,LIU_PATIENT67,Liu 2019,4.47,1.0,Progressive Disease,0.0,,,Female,Metastatic,1,-3.450866847398796,-1.116583446665823,-0.0150212922535577,-0.4419552598115676,0.1885217232124864,-8.581062846672884,-17.863015329175663,0.5,9.28195248250284,0.0384819058466449,-0.4470697492410061,0.2238633555825934,-1.514516336125045,-0.3872557131814991,-0.5083643246283766,-0.6581932312068414,,0,0,0,,,,,,1,"Immune Cold (Low TIS & Infiltration, Desert)",54.78389723660002,58.25362603703653,Arm C: Combination/Reversal,Anti-PD-1 + AXL Inhibitor (Bemcentinib) [STING / Type-I IFN Priming],AXL / STING Pathway
LIU_SAMPLE7,LIU_PATIENT7,Liu 2019,8.84,1.0,Stable Disease,,,,Male,Metastatic,1,0.0174430043162741,0.29979076970635,0.2209033229283603,0.3649898677234124,0.4741682115152815,9.604589368134858,5.590842905265261,0.6320708220290558,4.013746462869576,0.4327640505487863,0.1409406300924253,0.3189185806772454,-0.1055935629949845,0.0799830148812792,-0.1665135566796741,-0.4551556210686824,,0,1,0,,,,,,1,"Immune Cold (Low TIS & Infiltration, Desert)",76.3333633389204,68.66521248639134,Arm B: Targeted Therapy,MEK + CDK4/6 Inhibitor (Binimetinib + Ribociclib),NRAS / MAPK / Cell Cycle
LIU_SAMPLE72,LIU_PATIENT72,Liu 2019,12.98,0.0,Progressive Disease,0.0,,,Male,Metastatic,1,0.365870191858244,0.2673597328268787,0.5595397588147696,0.2843301660500749,0.5807747770225461,9.654344944699126,11.955376647009416,0.4467593394818845,-2.3010317023102904,0.612557987008393,0.3481121230384467,0.2166898622800225,0.33213122617383,0.2944384364657625,-0.2406836699839761,0.2563549852509926,,1,0,0,,,,,,0,Mutant-Driven (NF1 Loss & High Response Subtype),72.77334243982598,67.56733258290109,Arm B: Targeted Therapy,BRAF + MEK Inhibitor (Dabrafenib + Trametinib; Q2 Sens: 72.8/100),BRAF V600E / MAPK Pathway
LIU_SAMPLE73,LIU_PATIENT73,Liu 2019,27.79,1.0,Progressive Disease,0.0,,,Male,Metastatic,1,-0.1765858758440563,0.0623345077640058,-0.2044582911098253,0.1968533375954466,-0.1218323920635011,8.62812669137451,3.866158618753577,0.6905658448811313,4.761968072620929,-0.0979976672324136,-0.1513119003549,0.2107949547387483,-0.0128978379140213,-0.2010615195359684,-0.1646137282770068,0.0559708492403413,,0,0,0,,,,,,1,"Immune Cold (Low TIS & Infiltration, Desert)",80.85507718248904,62.292422053239264,Arm C: Combination/Reversal,Anti-PD-1 + AXL Inhibitor (Bemcentinib) [STING / Type-I IFN Priming],AXL / STING Pathway
LIU_SAMPLE75,LIU_PATIENT75,Liu 2019,29.27,0.0,Partial Response,1.0,,,Male,Metastatic,1,0.4371267369072682,0.7988041307320274,0.8302199521176672,0.9345330448465644,0.811654568404842,-19.003297903473083,-10.79771434183234,0.5,-8.205583561640754,0.7484408968763233,0.1992171926040643,-0.5983205654236786,0.9939751516696482,0.7864932731968193,-0.0806879117446528,-0.3384000043517807,,0,1,1,,,,,,3,M2 Immunosuppressive (Depleted T-cells & Stromal Exclusion),64.86484009040137,84.95932848812487,Arm A: Immunotherapy,Anti-PD-1 Monotherapy (Pembrolizumab / Nivolumab),N/A (Arm A Candidate)
LIU_SAMPLE77,LIU_PATIENT77,Liu 2019,14.59,1.0,Progressive Disease,0.0,,,Female,Metastatic,1,0.4273171408976712,0.7885886465858706,0.5839700239422683,0.7936015226431213,0.7971453939411027,8.435610304524102,9.319612496827611,0.475105854705574,-0.884002192303537,0.7067225430037771,0.2802069695524893,0.3907133424576294,0.2137360576569563,-0.0686785611624061,0.1961394351377542,-0.1770164725763096,,1,0,0,,,,,,0,Mutant-Driven (NF1 Loss & High Response Subtype),69.17675156030808,76.70068470700211,Arm B: Targeted Therapy,BRAF + MEK Inhibitor (Dabrafenib + Trametinib; Q2 Sens: 69.2/100),BRAF V600E / MAPK Pathway
LIU_SAMPLE78,LIU_PATIENT78,Liu 2019,11.7,1.0,Progressive Disease,0.0,,,Female,Metastatic,1,0.3146312699491759,0.6370335289131416,0.3548094136642211,0.6550023436432758,0.4419909230139682,14.35670091916929,15.946339605965196,0.4737709705156913,-1.5896386867958758,0.4244348213710248,0.6570410446687344,0.5117900493990325,0.3392936743725146,0.6572493020657381,0.4678098884213716,1.1770999262540034,,1,0,0,,,,,,0,Mutant-Driven (NF1 Loss & High Response Subtype),85.87720840025499,70.38086299209311,Arm B: Targeted Therapy,BRAF + MEK Inhibitor (Dabrafenib + Trametinib; Q2 Sens: 85.9/100),BRAF V600E / MAPK Pathway
LIU_SAMPLE79,LIU_PATIENT79,Liu 2019,27.89,0.0,Progressive Disease,0.0,,,Female,Metastatic,1,0.5997404140135615,0.7944127891586099,0.5240006180112509,0.7723449196559273,0.7466275867688165,11.510245674528344,14.158257330946968,0.4484190477361733,-2.6480116564186256,0.6639831406840532,0.417100781903322,0.6976499254269806,0.2026618263739091,0.417337371324168,0.6868054843758943,0.6485025413255409,,1,0,0,,,,,,0,Mutant-Driven (NF1 Loss & High Response Subtype),71.8338067515347,74.65794144667402,Arm B: Targeted Therapy,BRAF + MEK Inhibitor (Dabrafenib + Trametinib; Q2 Sens: 71.8/100),BRAF V600E / MAPK Pathway
LIU_SAMPLE8,LIU_PATIENT8,Liu 2019,33.02,1.0,Stable Disease,,,,Male,Metastatic,1,0.1550366727423243,-0.0952818447406316,-0.1888334981347346,-0.188718124789035,-0.2280567670345213,6.277877670821959,3.694603190513739,0.6295201523185586,2.5832744803082224,-0.1207393654341046,-0.0061258415880196,0.1946018040823763,0.1450699391223706,-0.118915132832732,-0.471715447347134,-0.1160527629177292,,0,1,0,,,,,,1,"Immune Cold (Low TIS & Infiltration, Desert)",63.727078700995364,57.46904995102402,Arm B: Targeted Therapy,MEK + CDK4/6 Inhibitor (Binimetinib + Ribociclib),NRAS / MAPK / Cell Cycle
LIU_SAMPLE82,LIU_PATIENT82,Liu 2019,4.3,1.0,Progressive Disease,0.0,,,Male,Metastatic,1,0.057228633784886,-0.9868742590399908,-1.5843366889726958,-1.1029096518477506,-0.4412032978982563,-7.235527952444198,-8.434503015300837,0.5,1.1989750628566431,-1.0317567668072467,-1.556930170900909,-1.1649323093740438,-0.6411063950706958,-1.4193627212783506,-0.1169806208167351,-1.0782331933854483,,1,0,1,,,,,,2,"Immune Hot (High TIS & CYT, Inflamed Microenvironment)",33.59505092254545,40.52650114393491,Arm A: Immunotherapy,Anti-PD-1 Monotherapy (Pembrolizumab / Nivolumab),N/A (Arm A Candidate)
LIU_SAMPLE83,LIU_PATIENT83,Liu 2019,2.33,1.0,Progressive Disease,0.0,,,Male,Metastatic,1,-0.0572448671172106,-0.9396821424788692,-0.7765178551931362,-0.924226199307174,-0.6695817110344636,5.615130832161326,-3.4508749733027,2.594485679305313,9.06600580546403,-0.8512411534487448,-0.8062483268380477,-0.2935990987898403,-0.5729464317178795,-0.3770584638526985,-0.3824114156574304,-0.3490874241920916,,0,1,0,,,,,,1,"Immune Cold (Low TIS & Infiltration, Desert)",79.3029996927485,47.236788555126594,Arm B: Targeted Therapy,MEK + CDK4/6 Inhibitor (Binimetinib + Ribociclib),NRAS / MAPK / Cell Cycle
LIU_SAMPLE86,LIU_PATIENT86,Liu 2019,43.59,0.0,Stable Disease,,,,Male,Metastatic,1,0.6675572297601562,1.1110705946297517,0.9465569871269264,1.2058725833679813,1.1615573306157077,6.217832808335946,18.23504328802514,0.2542781791325251,-12.017210479689158,1.1336949734843984,0.7789385873766586,0.9579883856111768,1.343326876442676,0.8819985188108868,0.3759256344273025,0.7848810287744105,,1,0,0,,,,,,0,Mutant-Driven (NF1 Loss & High Response Subtype),76.92515678881387,82.34775777330943,Arm A: Immunotherapy,Anti-PD-1 Monotherapy (Pembrolizumab / Nivolumab),N/A (Arm A Candidate)
LIU_SAMPLE87,LIU_PATIENT87,Liu 2019,41.49,0.0,Partial Response,1.0,,,Female,Metastatic,1,0.5612709421659855,0.7062766637393987,0.7758121208435248,0.7014224334419822,0.7431297132347952,11.139681115778869,10.630607777586114,0.511691928864295,0.5090733381927571,0.8542050632275514,0.803355725626263,0.5389402767817882,1.262512581710151,0.6740341296040611,0.3259097329075381,-0.3062290600622337,,0,0,1,,,,,,3,M2 Immunosuppressive (Depleted T-cells & Stromal Exclusion),61.63845120513756,75.76354918938846,Arm A: Immunotherapy,Anti-PD-1 Monotherapy (Pembrolizumab / Nivolumab),N/A (Arm A Candidate)
LIU_SAMPLE9,LIU_PATIENT9,Liu 2019,31.64,0.0,Progressive Disease,0.0,,,Female,,1,-0.197852203305221,-0.3189254205553468,-0.3335060434020095,-0.577773962531565,-0.2459742710347526,11.46762761042756,2.166808983637868,0.8410782162732708,9.30081862678968,-0.1509804480427026,-0.1852496564887246,0.184885748134412,-0.0674019817874592,-0.1668206138424252,-0.3525564729561211,0.4844519730562487,,0,1,0,,,,,,1,"Immune Cold (Low TIS & Infiltration, Desert)",66.04508958100526,52.73513350876539,Arm B: Targeted Therapy,MEK + CDK4/6 Inhibitor (Binimetinib + Ribociclib),NRAS / MAPK / Cell Cycle
LIU_SAMPLE94,LIU_PATIENT94,Liu 2019,1.31,1.0,Progressive Disease,0.0,,,Female,Metastatic,1,0.7867553905318088,0.8028720622306561,0.6962382914280266,0.9000777448293331,0.562987256278803,13.486650772592094,13.404744283912354,0.5015229125991351,0.0819064886797602,0.5487987455582668,0.2152295155296526,0.5399552048109472,-0.4643389340837823,0.5228561579012103,0.5371315629643565,-0.1338796499146984,,1,0,0,,,,,,0,Mutant-Driven (NF1 Loss & High Response Subtype),70.38086064056263,76.28033237151017,Arm B: Targeted Therapy,BRAF + MEK Inhibitor (Dabrafenib + Trametinib; Q2 Sens: 70.4/100),BRAF V600E / MAPK Pathway
LIU_SAMPLE96,LIU_PATIENT96,Liu 2019,29.99,0.0,Complete Response,1.0,,,Male,Metastatic,1,-0.058990575504226,-0.4619387193544611,0.1753134229778042,-0.7177980581655069,-0.4167431947607772,4.360256881899946,2.875030047238719,0.6026377287595723,1.4852268346612316,-0.3229858331699382,0.0953187591967626,0.473954445951658,0.583395967141301,-0.1587697143871995,-0.1481203232413387,-0.4256885254524121,,1,0,0,,,,,,1,"Immune Cold (Low TIS & Infiltration, Desert)",74.29409284360784,51.73698640424589,Arm B: Targeted Therapy,BRAF + MEK Inhibitor (Dabrafenib + Trametinib; Q2 Sens: 74.3/100),BRAF V600E / MAPK Pathway
LIU_SAMPLE98,LIU_PATIENT98,Liu 2019,22.44,1.0,Progressive Disease,0.0,,,Female,Metastatic,1,0.7217232622255287,1.1243714875854234,0.666713035717611,1.185078876760714,0.7951953084939897,12.223911266300115,19.313564927371687,0.3875995400276488,-7.08965366107156,0.8025980880908885,0.5535941545726796,0.6637542074048796,0.8215539185238095,0.7288055342181738,0.1920889336803486,0.0521980101527585,,0,1,0,,,,,,0,Mutant-Driven (NF1 Loss & High Response Subtype),59.305843942323264,79.47552324520883,Arm B: Targeted Therapy,MEK + CDK4/6 Inhibitor (Binimetinib + Ribociclib),NRAS / MAPK / Cell Cycle
LIU_SAMPLE99,LIU_PATIENT99,Liu 2019,30.26,0.0,Partial Response,1.0,,,Male,Metastatic,1,0.5454548458075311,0.3666790582881608,0.3124105486845331,0.1522126512560379,0.2472123549151016,7.49079042137811,4.829535443758409,0.6080026213085158,2.661254977619703,0.2363390038136283,0.5556546626162572,0.0880389313146922,0.3887458330060362,0.4095829480598068,0.4629456477312577,0.5556364776443006,,1,0,0,,,,,,0,Mutant-Driven (NF1 Loss & High Response Subtype),79.26696360249457,66.6960755032096,Arm A: Immunotherapy,Anti-PD-1 Monotherapy (Pembrolizumab / Nivolumab),N/A (Arm A Candidate)
HUGO_PT1,HUGO_PT1,Hugo 2016,19.94,1.0,Progressive Disease,0.0,66.0,,Female,,1,0.1201425503483247,0.3453024944553707,0.3795839459510632,0.3719090569144418,0.3995773488157295,8.248767249755659,7.795754487301645,0.5141173657238942,0.4530127624540615,0.4339445633529625,0.8835412076336965,0.1600220204252654,0.6228805728557064,0.5823349392285235,0.2742875205923376,1.1535712169128998,,0,1,0,,,,,,0,Mutant-Driven (NF1 Loss & High Response Subtype),73.65620699434405,68.56675377176536,Arm B: Targeted Therapy,MEK + CDK4/6 Inhibitor (Binimetinib + Ribociclib),NRAS / MAPK / Cell Cycle
HUGO_PT10,HUGO_PT10,Hugo 2016,12.71,0.0,Progressive Disease,0.0,60.0,,Male,,1,-2.510305939192173,-1.7307234211157865,-1.977429285313548,-1.593216639697684,-1.7936853777673702,13.348858555008634,4.880117166240089,0.7322879112427831,8.468741388768537,-2.246285508418551,-1.7860844314183373,-0.1340013017372222,-1.2339913194632102,-0.3389507482499752,0.2598310963869883,0.8009777859220402,,0,0,0,,,,,,2,"Immune Hot (High TIS & CYT, Inflamed Microenvironment)",83.94034406625013,21.891323006283287,Arm A: Immunotherapy,Anti-PD-1 Monotherapy (Pembrolizumab / Nivolumab),N/A (Arm A Candidate)
HUGO_PT12,HUGO_PT12,Hugo 2016,10.74,1.0,Progressive Disease,0.0,59.0,,Male,,1,-1.4535050566742231,-1.3101513370893287,-0.6193428296692656,-1.5157155682717107,-2.0183378815688178,-0.7304961699315548,-6.508018010430392,0.5,5.777521840498835,-1.676297996616248,-0.6360983237983274,-0.4697004009710526,-1.13909280399152,-0.7130383017671994,0.0786456605111156,0.5328268927410506,,1,0,0,,,,,,1,"Immune Cold (Low TIS & Infiltration, Desert)",64.82675921276682,32.765057493600786,Arm B: Targeted Therapy,BRAF + MEK Inhibitor (Dabrafenib + Trametinib; Q2 Sens: 64.8/100),BRAF V600E / MAPK Pathway
HUGO_PT13,HUGO_PT13,Hugo 2016,30.12,0.0,Complete Response,1.0,53.0,,Female,,1,0.5148654872117162,0.839646712613929,0.7516038918861252,0.7419558618476616,0.8840486851269744,3.563695248370131,12.509749937089676,0.2217132174994993,-8.9460546887195,0.774099801964089,1.2191804155352026,0.6741212144070304,0.1134613852386005,0.3613829936514137,0.7651491330068699,0.7423291869844437,,1,0,0,,,,,,0,Mutant-Driven (NF1 Loss & High Response Subtype),74.03206851822257,76.23199707704109,Arm A: Immunotherapy,Anti-PD-1 Monotherapy (Pembrolizumab / Nivolumab),N/A (Arm A Candidate)
HUGO_PT14,HUGO_PT14,Hugo 2016,1.77,0.0,Progressive Disease,0.0,27.0,,Female,,1,1.984414478485647,0.4555381627647888,0.1685608731335026,0.4161159666572416,-0.3028133055738558,7.93685550239103,4.2880059918846944,0.6492388896272937,3.648849510506334,-0.3095163545804625,0.1564786026617463,-0.4101251298840797,-0.8110841533546628,0.2330656809115963,0.6525022237140041,0.4588974419123332,,1,0,1,,,,,,3,M2 Immunosuppressive (Depleted T-cells & Stromal Exclusion),62.051740834642835,67.10962346134237,Arm B: Targeted Therapy,BRAF + MEK Inhibitor (Dabrafenib + Trametinib; Q2 Sens: 62.1/100),BRAF V600E / MAPK Pathway
HUGO_PT15,HUGO_PT15,Hugo 2016,32.19,1.0,Partial Response,1.0,70.0,,Male,,1,-0.3802467959588004,0.3148494492861959,0.2646130540428726,0.4748068935890587,0.523471095478985,7.987469307902436,3.954882825318078,0.6688355207416281,4.03258648258437,0.4229575054031369,-0.3306308622785523,-0.6965140698318747,0.9867795977573212,0.5172090150145574,-0.1901903290948204,-0.6180762319417132,,0,1,1,,,,,,3,M2 Immunosuppressive (Depleted T-cells & Stromal Exclusion),66.07405772051791,70.68699711004454,Arm B: Targeted Therapy,MEK + CDK4/6 Inhibitor (Binimetinib + Ribociclib),NRAS / MAPK / Cell Cycle
HUGO_PT16,HUGO_PT16,Hugo 2016,6.11,1.0,Progressive Disease,0.0,19.0,,Male,,1,0.1387405874871642,-0.2015686149337456,-0.0940472115901099,-0.1430512403600659,-0.40572765797046,3.940996226367351,2.513251430326734,0.6106050520512502,1.4277447960406142,-0.4182259716428081,0.1283523907230145,-0.4457618696758281,0.0263959073727277,-0.6978951203878577,0.5416557927336793,0.1680797432313107,,1,0,0,,,,,,1,"Immune Cold (Low TIS & Infiltration, Desert)",74.98686760520125,57.42372587744688,Arm B: Targeted Therapy,BRAF + MEK Inhibitor (Dabrafenib + Trametinib; Q2 Sens: 75.0/100),BRAF V600E / MAPK Pathway
HUGO_PT19,HUGO_PT19,Hugo 2016,34.82,0.0,Partial Response,1.0,45.0,,Male,,1,-0.4012909924422477,-0.355950185322048,-0.0447046104553394,-0.5029955078961438,0.3424964920193211,-8.815995698647777,-13.22422872678549,0.5,4.4082330281377615,0.4033425927426038,0.0974489006373684,-0.2664583323597552,0.6964593010392474,-0.0640925304859196,-0.4098407812231249,0.5275022799492594,,0,1,0,,,,,,1,"Immune Cold (Low TIS & Infiltration, Desert)",54.81989774751238,60.58532877768333,Arm B: Targeted Therapy,MEK + CDK4/6 Inhibitor (Binimetinib + Ribociclib),NRAS / MAPK / Cell Cycle
HUGO_PT2,HUGO_PT2,Hugo 2016,30.45,0.0,Partial Response,1.0,55.0,,Male,,1,0.6570365031790446,0.6631652111601188,-0.2063287805648259,0.627012643789332,0.451192992861956,-9.508820809063774,0.153659726943864,0.5,-9.662480536007632,0.355211874380607,-0.1368601434964797,0.01200681446303,-0.1265467400170299,0.4231741558070256,0.5884757671644308,-1.4940653489119455,,0,0,1,,,,,,3,M2 Immunosuppressive (Depleted T-cells & Stromal Exclusion),57.002657541626114,72.25961727642988,Arm A: Immunotherapy,Anti-PD-1 Monotherapy (Pembrolizumab / Nivolumab),N/A (Arm A Candidate)
HUGO_PT20,HUGO_PT20,Hugo 2016,11.07,1.0,Progressive Disease,0.0,63.0,,Female,,1,1.1667741506976657,1.3228097235836578,1.7063059823619406,1.2572093875232486,1.5523387005468294,-9.40836044518078,7.5359916213692015,0.5,-16.944352066549943,1.4273493524967429,0.7474602105969317,0.8037623163390003,1.3564914970538158,0.8375406229162495,0.4660792857938292,-0.9643477215258196,,0,1,0,,,,,,0,Mutant-Driven (NF1 Loss & High Response Subtype),58.69118759918415,92.20236040543041,Arm B: Targeted Therapy,MEK + CDK4/6 Inhibitor (Binimetinib + Ribociclib),NRAS / MAPK / Cell Cycle
HUGO_PT22,HUGO_PT22,Hugo 2016,5.98,1.0,Progressive Disease,0.0,55.0,,Male,,1,0.5869160064452815,0.8148695118880716,0.6737000881444057,0.797511146023157,0.6820366691196276,10.113238459189322,13.637038754077627,0.4258155965244923,-3.523800294888293,0.6880037866805693,1.072997533887096,0.899977912562747,0.9831617156713724,0.6319793932040062,1.0079101814701792,1.6373809070739114,,1,0,0,,,,,,0,Mutant-Driven (NF1 Loss & High Response Subtype),79.23137123451613,75.53167373963278,Arm B: Targeted Therapy,BRAF + MEK Inhibitor (Dabrafenib + Trametinib; Q2 Sens: 79.2/100),BRAF V600E / MAPK Pathway
HUGO_PT23,HUGO_PT23,Hugo 2016,3.38,1.0,Progressive Disease,0.0,63.0,,Male,,1,0.4289733632463612,0.731648913728668,0.7373501844416338,0.7389366476292777,0.7518242483881462,11.431243216490024,10.84726250873897,0.5131063706640282,0.5839807077510194,0.5782805467950448,0.3812688528995043,0.2706191289771871,-0.2859878354707368,0.9243439816103294,0.6559793736454756,0.9105243684326368,,1,0,0,,,,,,0,Mutant-Driven (NF1 Loss & High Response Subtype),64.8060871818301,76.04678791719705,Arm B: Targeted Therapy,BRAF + MEK Inhibitor (Dabrafenib + Trametinib; Q2 Sens: 64.8/100),BRAF V600E / MAPK Pathway
HUGO_PT25,HUGO_PT25,Hugo 2016,8.61,1.0,Progressive Disease,0.0,74.0,,Male,,1,-0.1364378598090111,0.557484683149814,1.1568540540563663,0.5379479597743029,0.9965299023549468,0.459824364205125,-5.626813607485208,0.5,6.086637971690326,0.9745913207315884,0.4904177649263754,0.5469097828357801,0.7472061089173833,0.2703435421671919,-0.1401947966539786,-0.429482745699952,,0,0,0,,,,,,0,Mutant-Driven (NF1 Loss & High Response Subtype),48.091435440843654,80.71922351238679,Arm C: Combination/Reversal,Anti-PD-1 + MDM2 Antagonist (Idasanutlin) [p53 Reactivation],MDM2 (p53 Activation)
HUGO_PT27,HUGO_PT27,Hugo 2016,18.0,0.0,Complete Response,1.0,83.0,,Male,,1,0.6588657373605737,0.9146679544760268,0.5387863760979182,1.0361376713542867,0.5497675053563189,-5.0489377490252085,-0.8716613984518783,0.5,-4.177276350573343,0.4663057304468312,0.269818504686363,0.4992986496523807,0.5503047365889252,0.4105129002153788,0.392240356527029,0.1509893268910791,,0,1,1,,,,,,3,M2 Immunosuppressive (Depleted T-cells & Stromal Exclusion),70.04309922979476,81.38922450029084,Arm A: Immunotherapy,Anti-PD-1 Monotherapy (Pembrolizumab / Nivolumab),N/A (Arm A Candidate)
HUGO_PT28,HUGO_PT28,Hugo 2016,14.42,1.0,Partial Response,1.0,82.0,,Male,,1,1.3160239755521022,-0.4589921603806913,-1.1015206695204816,-0.8547244932438925,-1.164435809448885,-4.778239701529961,2.2250970706898494,0.5,-7.003336772219796,-0.3239534115037902,0.2105997270448229,-0.8575703270394763,-0.0375203255243666,0.4892579277749009,-0.8003299343251193,-0.3258001254754196,,0,0,1,,,,,,3,M2 Immunosuppressive (Depleted T-cells & Stromal Exclusion),54.9266094886744,41.884120050837666,Arm C: Combination/Reversal,Anti-PD-1 + CSF1R Inhibitor (Pexidartinib) [Macrophage Reprogramming],CSF1R (M2 TAM Depletion)
HUGO_PT29,HUGO_PT29,Hugo 2016,8.84,1.0,Progressive Disease,0.0,84.0,,Male,,1,0.340506161996983,0.6203648489062408,0.5347121983381248,0.6236472326844563,0.8752370755071586,7.70496025884893,7.768649464674813,0.4979420055512625,-0.0636892058258874,0.7740830676943576,0.62382057073811,0.7639407213397873,0.6428209747682622,0.5699813177029401,0.6145894554667859,0.0467722210909487,,0,0,0,,,,,,0,Mutant-Driven (NF1 Loss & High Response Subtype),68.47416561857787,74.80979798748592,Arm C: Combination/Reversal,Anti-PD-1 + MDM2 Antagonist (Idasanutlin) [p53 Reactivation],MDM2 (p53 Activation)
HUGO_PT31,HUGO_PT31,Hugo 2016,23.13,0.0,Progressive Disease,0.0,47.0,,Male,,1,0.0193769144872962,-0.2429340335772189,0.3899997264929348,-0.2663364321158906,0.002430568753745,4.76367830322147,-0.1185691160130746,1.025525582119703,4.882247419234529,0.1207697698269701,0.3418845328788677,0.3684762260611856,0.147104522294337,0.1139092665303277,-0.6037489517980948,1.0419254739695978,,1,0,0,,,,,,0,Mutant-Driven (NF1 Loss & High Response Subtype),61.053289937878866,61.20467427414779,Arm B: Targeted Therapy,BRAF + MEK Inhibitor (Dabrafenib + Trametinib; Q2 Sens: 61.1/100),BRAF V600E / MAPK Pathway
HUGO_PT32,HUGO_PT32,Hugo 2016,5.62,1.0,Progressive Disease,0.0,47.0,,Male,,1,-1.6866884050961175,-0.6454533418463209,-0.1173008393378833,-0.3610632527582192,-0.3255627632040969,-4.537309586589955,2.101243814843173,0.5,-6.638553401433116,-0.1972986861437558,-0.1346553280040827,0.685760329120419,-0.2578540941637121,-1.115146676689759,-0.1117921044150842,1.0000269827208317,,1,0,0,,,,,,1,"Immune Cold (Low TIS & Infiltration, Desert)",75.59886241802111,53.297940076924746,Arm B: Targeted Therapy,BRAF + MEK Inhibitor (Dabrafenib + Trametinib; Q2 Sens: 75.6/100),BRAF V600E / MAPK Pathway
HUGO_PT35,HUGO_PT35,Hugo 2016,14.03,0.0,Partial Response,1.0,65.0,,Female,,1,0.1935584274470502,0.1427061301382887,-0.0323970217818015,0.3307850880233203,0.3219273655137308,-5.189277417155475,-10.800994901706842,0.5,5.611717484551376,0.1301899432853819,-0.8928880698309154,-0.1306821166072081,-0.9163554119181676,-0.0830562228553274,-0.6749909732228835,-0.268388976034044,,1,0,0,,,,,,1,"Immune Cold (Low TIS & Infiltration, Desert)",42.10489132997212,70.25041753058305,Arm B: Targeted Therapy,BRAF + MEK Inhibitor (Dabrafenib + Trametinib; Q2 Sens: 42.1/100),BRAF V600E / MAPK Pathway
HUGO_PT37,HUGO_PT37,Hugo 2016,11.96,0.0,Partial Response,1.0,70.0,,Female,,1,-0.0226992175212917,-0.2829623811457499,0.2657193273895601,-0.2536239850251214,0.3669036422161053,-12.384752180907403,-15.030651896126349,0.5,2.645899715218904,0.3988208176132228,-0.6280896262843432,-0.039497893662454,0.4673995471063918,-1.495838500766414,-1.3549350230082449,-1.845672042722482,,1,0,0,,,,,,1,"Immune Cold (Low TIS & Infiltration, Desert)",45.18999982314119,65.30500833702003,Arm B: Targeted Therapy,BRAF + MEK Inhibitor (Dabrafenib + Trametinib; Q2 Sens: 45.2/100),BRAF V600E / MAPK Pathway
HUGO_PT38,HUGO_PT38,Hugo 2016,14.72,0.0,Partial Response,1.0,57.0,,Female,,1,1.274066436920067,1.0394621070321652,1.0230786983396802,0.8745827590830426,0.9468313199409136,-2.179709966527772,13.972686781219252,-0.184831192393453,-16.15239674774709,1.1252338206597272,1.7855920915366843,0.8423836889224403,1.846701815881061,1.0535885956695838,-0.9413463633255276,-0.7503897031215647,,1,0,0,,,,,,0,Mutant-Driven (NF1 Loss & High Response Subtype),71.76350807552467,78.85497233496892,Arm A: Immunotherapy,Anti-PD-1 Monotherapy (Pembrolizumab / Nivolumab),N/A (Arm A Candidate)
HUGO_PT4,HUGO_PT4,Hugo 2016,31.14,0.0,Partial Response,1.0,62.0,,Male,,1,0.433969563134562,0.099482595652905,0.1343387382261807,0.2473807284027687,0.1663952955592704,3.706995299089888,-5.055023338500123,0.5,8.762018637590039,0.160849825767585,-0.3184742599946382,0.4910943516968144,0.4295341059200681,-0.2373706700399435,-0.1828143215488027,-1.1092908756946531,,1,0,1,,,,,,3,M2 Immunosuppressive (Depleted T-cells & Stromal Exclusion),72.46447722244359,67.7786140395178,Arm B: Targeted Therapy,BRAF + MEK Inhibitor (Dabrafenib + Trametinib; Q2 Sens: 72.5/100),BRAF V600E / MAPK Pathway
HUGO_PT5,HUGO_PT5,Hugo 2016,14.42,0.0,Partial Response,1.0,61.0,,Male,,1,-1.2680083526819537,-2.3350187939459808,-2.851074063710525,-2.5753922213313607,-2.1604691569911245,-19.685605177546726,-30.441238192451767,0.5,10.755633014905094,-2.3462524055512164,-1.268231111255299,-2.521509046817368,-2.211930417254582,-1.7721006827345869,-1.0095222032747384,-1.022688007274099,,1,0,0,,,,,,2,"Immune Hot (High TIS & CYT, Inflamed Microenvironment)",57.471774486638736,13.847033958895317,Arm A: Immunotherapy,Anti-PD-1 Monotherapy (Pembrolizumab / Nivolumab),N/A (Arm A Candidate)
HUGO_PT6,HUGO_PT6,Hugo 2016,28.98,0.0,Partial Response,1.0,51.0,,Male,,1,-1.0301032430149413,-1.0020976321730557,-0.9924385376950556,-1.001762589472925,-1.7089692797493936,3.0975608752551445,-3.016989451237914,38.444906653166704,6.114550326493052,-1.519917049845897,-0.3939933418236677,-0.1774394523652978,-1.5050183013013567,-0.6895786574252047,0.8969714294004651,0.1582637342690583,,1,0,0,,,,,,1,"Immune Cold (Low TIS & Infiltration, Desert)",68.61501244268791,100.0,Arm B: Targeted Therapy,BRAF + MEK Inhibitor (Dabrafenib + Trametinib; Q2 Sens: 68.6/100),BRAF V600E / MAPK Pathway
HUGO_PT7,HUGO_PT7,Hugo 2016,21.75,1.0,Progressive Disease,0.0,55.0,,Female,,1,-1.025555428597889,-0.5501761737496966,-0.7479642355189237,-0.3766582631088688,-0.3720384778126586,-9.861098359364505,-13.834335469579948,0.5,3.973237110215417,-0.551449798425204,-1.3369704669935256,-1.263699997217609,-0.9691675135785244,-0.2694208614665699,-0.7030844148178023,-0.831652377931041,,0,0,0,,,,,,1,"Immune Cold (Low TIS & Infiltration, Desert)",46.78396783152151,55.10880999021111,Arm C: Combination/Reversal,Anti-PD-1 + AXL Inhibitor (Bemcentinib) [STING / Type-I IFN Priming],AXL / STING Pathway
HUGO_PT8,HUGO_PT8,Hugo 2016,,0.0,Complete Response,1.0,69.0,,Male,,1,0.0752708070029967,-0.0484823314342481,-0.3412265440892366,-0.0520075297384241,-0.1114905535768019,1.0044128108785568,2.8226367153382363,0.2624509570618134,-1.8182239044596704,-0.1804461006034411,-0.5804405989595112,0.0130663888506829,-1.000898958564643,-0.2486440684452919,-0.1327395037886961,0.3470657478541024,,1,0,1,,,,,,3,M2 Immunosuppressive (Depleted T-cells & Stromal Exclusion),72.75313144791465,58.40233442337105,Arm B: Targeted Therapy,BRAF + MEK Inhibitor (Dabrafenib + Trametinib; Q2 Sens: 72.8/100),BRAF V600E / MAPK Pathway
HUGO_PT9,HUGO_PT9,Hugo 2016,34.63,0.0,Complete Response,1.0,68.0,,Male,,1,0.0053401399857869,0.3025119078776245,0.4005674903446418,0.4206086797247079,0.5505213561037041,4.8200475844972175,7.522495812713142,0.3905230412709455,-2.7024482282159106,0.5356089634899588,0.0345552577519156,0.3815203925154795,0.8787460861372929,0.306508708910003,0.0612124240837228,-0.0172791536227824,,1,0,0,,,,,,0,Mutant-Driven (NF1 Loss & High Response Subtype),78.75468739990066,69.36225084339945,Arm B: Targeted Therapy,BRAF + MEK Inhibitor (Dabrafenib + Trametinib; Q2 Sens: 78.8/100),BRAF V600E / MAPK Pathway
RIAZ_PT101_ON,RIAZ_PT101,Riaz 2017,27.4,0.0,Partial Response,1.0,47.0,White,Female,,1,1.0071387926304822,0.9572923349218814,0.7390120524594701,0.8436840315849577,0.8786547526242049,-0.7662903686931798,13.012686066419942,-0.0625727265072304,-13.778976435113128,1.0792353795727765,1.3472607692202585,0.7892010248252449,1.7213923429129303,1.0411451357982264,-0.7647183773335496,-0.1528608596497263,,0,0,0,,,,,,0,Mutant-Driven (NF1 Loss & High Response Subtype),78.27608074479613,77.09270298468671,Arm A: Immunotherapy,Anti-PD-1 Monotherapy (Pembrolizumab / Nivolumab),N/A (Arm A Candidate)
RIAZ_PT101_PRE,RIAZ_PT101,Riaz 2017,27.4,0.0,Partial Response,1.0,47.0,White,Female,,1,0.8366181281460181,0.8991848484383299,0.7117032525589293,0.7742035238963643,0.8696469361579627,-2.7240922061988067,10.565022230074144,-0.3474195277733697,-13.28911443627294,1.0871533829937117,1.2492638237850642,0.6693857139092599,1.773867237690797,1.065216347992678,-0.7565843396928844,-0.9744871918206875,,0,0,0,,,,,,0,Mutant-Driven (NF1 Loss & High Response Subtype),70.88325639795117,76.2119298688302,Arm A: Immunotherapy,Anti-PD-1 Monotherapy (Pembrolizumab / Nivolumab),N/A (Arm A Candidate)
RIAZ_PT103_ON,RIAZ_PT103,Riaz 2017,15.9,0.0,Progressive Disease,0.0,52.0,Asian,Female,,1,-1.6276450065547945,-0.9044602810085688,-0.4469516637071187,-0.894906523610582,-0.4241399952554978,7.789634917022048,1.2377906153432443,0.8628855357592822,6.551844301678777,-0.3053229101156912,-0.2624000181977745,-1.0170067602717323,-0.2775243480505569,0.0897461555985804,-0.4084585363322667,0.5666358805130446,,0,0,0,,,,,,1,"Immune Cold (Low TIS & Infiltration, Desert)",81.12555650793954,45.93977980827758,Arm C: Combination/Reversal,Anti-PD-1 + AXL Inhibitor (Bemcentinib) [STING / Type-I IFN Priming],AXL / STING Pathway
RIAZ_PT103_PRE,RIAZ_PT103,Riaz 2017,15.9,0.0,Progressive Disease,0.0,52.0,Asian,Female,,1,-0.1599949241697673,0.5128600499648608,0.7914420403697934,0.4265555191340944,0.6723960742410946,3.3133182715072897,2.458018099203056,0.5740989709631984,0.8553001723042235,0.8142675418504937,0.7327802859354314,0.3973409803897788,1.086912248390797,1.032937566142752,0.8814059928700815,0.9825155098744514,,0,0,0,,,,,,0,Mutant-Driven (NF1 Loss & High Response Subtype),65.24529079017667,74.40686499133078,Arm C: Combination/Reversal,Anti-PD-1 + MDM2 Antagonist (Idasanutlin) [p53 Reactivation],MDM2 (p53 Activation)
RIAZ_PT105_ON,RIAZ_PT105,Riaz 2017,,,,,,,,,1,1.5102500814191653,1.0679659380617532,0.9769309260397064,1.103959175889989,0.8927144565999259,-2.5306743286043023,6.5807839107499975,-0.6248409523930916,-9.111458239354295,0.8756046412208596,0.4267883240518076,0.74348598082851,0.5359180941978637,0.3667933174928293,0.0008652757254148,-0.1395186365873075,,0,0,0,,,,,,0,Mutant-Driven (NF1 Loss & High Response Subtype),70.06147077568072,82.11823046771173,Arm A: Immunotherapy,Anti-PD-1 Monotherapy (Pembrolizumab / Nivolumab),N/A (Arm A Candidate)
RIAZ_PT106_ON,RIAZ_PT106,Riaz 2017,2.99,1.0,Progressive Disease,0.0,53.0,White,Male,,1,-0.1755273627466793,0.2837377442950128,0.3815338326527968,0.5205033031517583,0.2012249263645016,3.87539968163137,-3.254078854113615,6.237356788945929,7.129478535744987,0.2304812662206213,-0.091705323464262,-0.15533821450186,-0.429056807764992,0.3001243965434235,-0.3747734481244145,0.6650333156672897,,0,0,0,,,,,,0,Mutant-Driven (NF1 Loss & High Response Subtype),74.93923573428154,81.43496685245665,Arm C: Combination/Reversal,Anti-PD-1 + MDM2 Antagonist (Idasanutlin) [p53 Reactivation],MDM2 (p53 Activation)
RIAZ_PT106_PRE,RIAZ_PT106,Riaz 2017,2.99,1.0,Progressive Disease,0.0,53.0,White,Male,,1,-0.8727300879522791,0.1479977708345584,0.3600314651563574,0.4180138900772069,0.3729837214239727,7.716864437280787,-0.3161617340328705,1.04272050191857,8.033026171313667,0.3146164877244339,0.28797545185399,-0.4829803991307226,-0.1971020014642699,-0.2591758491206067,-0.1508220887092685,0.9282564671376023,,1,0,0,,,,,,0,Mutant-Driven (NF1 Loss & High Response Subtype),68.12040044012693,70.99355777123407,Arm B: Targeted Therapy,BRAF + MEK Inhibitor (Dabrafenib + Trametinib; Q2 Sens: 68.1/100),BRAF V600E / MAPK Pathway
RIAZ_PT108_ON,RIAZ_PT108,Riaz 2017,29.99,0.0,Stable Disease,,37.0,White,Female,,1,-0.1635531738327044,-0.0485795388557578,-0.020694829295021,-0.2672948412616012,0.0405216245403843,-2.484137045930491,-1.8231224917808424,0.5,-0.6610145541496507,0.1307877578523201,0.2540237442933194,-0.6716698192876832,0.2206471645066542,-0.2214323797831739,0.6066729282728701,-0.003245769573251,,0,0,0,,,,,,1,"Immune Cold (Low TIS & Infiltration, Desert)",70.60748705520598,60.07892827746657,Arm C: Combination/Reversal,Anti-PD-1 + AXL Inhibitor (Bemcentinib) [STING / Type-I IFN Priming],AXL / STING Pathway
RIAZ_PT10_ON,RIAZ_PT10,Riaz 2017,8.41,1.0,Stable Disease,,81.0,White,Female,,1,0.595347622463216,0.1020656766018352,-0.0622760677662622,0.1441252414128471,-0.2259131330014284,6.599210859243045,-0.2139980046992695,1.0335146234861985,6.813208863942315,-0.2255671091261224,0.1488993992919417,0.3255311082296131,-0.1331817902097012,0.4108220738359242,0.4621959313782983,0.6120165499352523,,0,1,0,,,,,,0,Mutant-Driven (NF1 Loss & High Response Subtype),69.69495917686639,63.94188786830284,Arm B: Targeted Therapy,MEK + CDK4/6 Inhibitor (Binimetinib + Ribociclib),NRAS / MAPK / Cell Cycle
RIAZ_PT10_PRE,RIAZ_PT10,Riaz 2017,8.41,1.0,Stable Disease,,81.0,White,Female,,1,-1.154692340751263,-1.4365330191271128,-3.593703674564509,-1.2871560047607522,-2.566775330189843,-38.128257071175184,-45.151922873996895,0.5,7.023665802821638,-1.921334311884612,-2.486081036093021,-1.566429199184143,0.293976538526313,-0.692122209662757,-1.0972579842866792,-1.0239842511116486,,0,1,0,,,,,,2,"Immune Hot (High TIS & CYT, Inflamed Microenvironment)",12.244468010570909,29.76923944156863,Arm A: Immunotherapy,Anti-PD-1 Monotherapy (Pembrolizumab / Nivolumab),N/A (Arm A Candidate)
RIAZ_PT11_ON,RIAZ_PT11,Riaz 2017,27.5,1.0,Progressive Disease,0.0,61.0,White,Female,,1,0.8566364206511623,0.9039872978125756,0.5267008989296857,1.0448126336227228,0.5045523880308057,4.720044140334618,11.382992317091404,0.2931151620263481,-6.662948176756815,0.5162795195597719,0.3521201850811465,0.791266836519899,0.0152817180274343,0.5941021289424231,0.6836976109516688,0.0281107740398205,,1,0,0,,,,,,0,Mutant-Driven (NF1 Loss & High Response Subtype),67.60052189926134,77.39691698342347,Arm B: Targeted Therapy,BRAF + MEK Inhibitor (Dabrafenib + Trametinib; Q2 Sens: 67.6/100),BRAF V600E / MAPK Pathway
RIAZ_PT11_PRE,RIAZ_PT11,Riaz 2017,27.5,1.0,Progressive Disease,0.0,61.0,White,Female,,1,0.5357420058630497,0.8022950649305108,0.3854385675955818,0.9379384255274767,0.5617513062873835,8.07893320854467,13.809772282081704,0.3690914116416979,-5.730839073537034,0.4897574912917655,0.3557399138961539,0.6272918096235385,-0.7210463928871453,0.381827415896477,0.8281926899598175,0.156334405584102,,1,0,0,,,,,,0,Mutant-Driven (NF1 Loss & High Response Subtype),84.48157055521509,74.90665510533977,Arm B: Targeted Therapy,BRAF + MEK Inhibitor (Dabrafenib + Trametinib; Q2 Sens: 84.5/100),BRAF V600E / MAPK Pathway
RIAZ_PT13_ON,RIAZ_PT13,Riaz 2017,9.2,1.0,Progressive Disease,0.0,67.0,White,Male,,1,1.0133450067269487,1.0063557057031114,0.7364958891588997,1.1393455852819634,0.7815043623935084,-4.861416043450353,3.5381795424891247,0.5,-8.399595585939469,0.7182715467674363,0.3409772244194424,0.7797632800643437,0.0123213032471254,0.3722077061291933,0.0596199543914968,0.2294737671336131,,1,0,0,,,,,,0,Mutant-Driven (NF1 Loss & High Response Subtype),79.35134919551672,83.35069385127937,Arm B: Targeted Therapy,BRAF + MEK Inhibitor (Dabrafenib + Trametinib; Q2 Sens: 79.4/100),BRAF V600E / MAPK Pathway
RIAZ_PT16_ON,RIAZ_PT16,Riaz 2017,,,,,,,,,1,-1.810087454558273,-2.238696090420463,-1.8390834109804264,-2.185003046926618,-2.59645498028008,2.706733936383917,-13.090589725437267,0.5,15.797323661821158,-2.6641878611455487,-1.5839462731719187,-0.9531027810261056,-1.7443922281338269,-0.7500011296880371,-0.5994223143672788,-0.4622414303220535,,0,0,0,,,,,,2,"Immune Hot (High TIS & CYT, Inflamed Microenvironment)",10.11657909938325,16.00285459621605,Arm A: Immunotherapy,Anti-PD-1 Monotherapy (Pembrolizumab / Nivolumab),N/A (Arm A Candidate)
RIAZ_PT17_ON,RIAZ_PT17,Riaz 2017,1.87,1.0,Progressive Disease,0.0,48.0,White,Female,,1,0.1854186761922245,-1.3525671859404738,-1.3040678540976214,-1.41749183919694,-1.799100500618168,-6.459681270114611,-17.595260551229217,0.5,11.135579281114596,-1.9534988742980752,-2.6622365664968792,-0.5311037549918282,-2.7199922753207115,-1.1501064752317738,-1.557074310110144,-2.042077163843252,,0,0,0,,,,,,2,"Immune Hot (High TIS & CYT, Inflamed Microenvironment)",48.29951136565518,34.38094590591087,Arm A: Immunotherapy,Anti-PD-1 Monotherapy (Pembrolizumab / Nivolumab),N/A (Arm A Candidate)
RIAZ_PT17_PRE,RIAZ_PT17,Riaz 2017,1.87,1.0,Progressive Disease,0.0,48.0,White,Female,,1,0.2647601093682548,-1.2067222234680652,-1.5345440351830657,-1.5247820561466736,-1.9551753561215592,-0.0024519803887039,-13.525399719821612,0.5,13.522947739432864,-2.042654602939447,-1.538393102190988,-1.0060369069165245,-2.453437938715276,-0.7797682298048587,-1.320241794285851,-0.978297523582693,,0,0,0,,,,,,2,"Immune Hot (High TIS & CYT, Inflamed Microenvironment)",17.373198101010246,31.307548138562296,Arm A: Immunotherapy,Anti-PD-1 Monotherapy (Pembrolizumab / Nivolumab),N/A (Arm A Candidate)
RIAZ_PT18_ON,RIAZ_PT18,Riaz 2017,35.25,0.0,Partial Response,1.0,53.0,White,Male,,1,0.7298816463888605,0.629790849614442,0.9142218414550188,0.4993893925447807,1.021131117721008,2.828475582718788,11.841289693774272,0.1928098731921197,-9.012814111055503,1.0924543058075395,1.1622697990726338,0.5700864070678815,1.7250923789341757,0.863726082261142,0.1454003227644366,0.1814457099850112,,0,0,0,,,,,,0,Mutant-Driven (NF1 Loss & High Response Subtype),74.80881707582256,74.28847427030703,Arm A: Immunotherapy,Anti-PD-1 Monotherapy (Pembrolizumab / Nivolumab),N/A (Arm A Candidate)
RIAZ_PT18_PRE,RIAZ_PT18,Riaz 2017,35.25,0.0,Partial Response,1.0,53.0,White,Male,,1,0.7375402609903895,0.5045498236495084,0.5438334288264965,0.4687409763097327,0.6215527243141216,3.2154689146589304,5.907450599680246,0.3524605154747816,-2.6919816850213207,0.7130220355621344,0.7400959513128229,0.8217720120318427,1.490319484485663,0.5420657340353288,-0.1897273857044081,-0.4550156060032286,,1,0,0,,,,,,0,Mutant-Driven (NF1 Loss & High Response Subtype),71.78876367230288,72.12473644788169,Arm A: Immunotherapy,Anti-PD-1 Monotherapy (Pembrolizumab / Nivolumab),N/A (Arm A Candidate)
RIAZ_PT1_ON,RIAZ_PT1,Riaz 2017,5.26,1.0,Progressive Disease,0.0,,,,,1,0.3811455919150964,0.0638679529501242,0.0034266457413102,0.2018004651010623,0.0475933145487098,1.083134513606045,-3.806633643981344,0.5,4.889768157587386,0.0662766231196266,-0.1036149993869023,-1.5028250211017438,0.0134157460457765,0.0682962752640245,-0.2542203998923221,-0.9671548813775296,,0,0,0,,,,,,1,"Immune Cold (Low TIS & Infiltration, Desert)",84.07047743052178,65.7770781382229,Arm C: Combination/Reversal,Anti-PD-1 + AXL Inhibitor (Bemcentinib) [STING / Type-I IFN Priming],AXL / STING Pathway
RIAZ_PT1_PRE,RIAZ_PT1,Riaz 2017,5.26,1.0,Progressive Disease,0.0,,,,,1,0.3720048928830082,0.4307323245683438,0.4073029722282646,0.426456402040363,0.3705107217957865,-24.43100268684108,-20.14539241621117,0.5,-4.285610270629905,0.4320813969149423,0.2425830370979349,-0.1329537099129694,0.4493818544541725,-0.0300703292973399,-0.0553392690190967,-0.5453023179913757,,0,0,0,,,,,,0,Mutant-Driven (NF1 Loss & High Response Subtype),79.03250385389836,77.37369370859996,Arm C: Combination/Reversal,Anti-PD-1 + MDM2 Antagonist (Idasanutlin) [p53 Reactivation],MDM2 (p53 Activation)
RIAZ_PT23_ON,RIAZ_PT23,Riaz 2017,1.71,1.0,,,53.0,White,Female,,1,0.4589886331789866,0.4704358506733217,0.8078568240727984,0.6429676869619827,0.6477465258391999,-0.4222274501194012,1.6973929244193282,-0.3311158109508936,-2.119620374538731,0.655204535579616,0.3075128542263507,0.5658680750171651,0.4302310035402177,-0.0733107765247924,0.0400677034848307,0.1117470572396667,,1,0,0,,,,,,0,Mutant-Driven (NF1 Loss & High Response Subtype),58.242743117889425,74.95608666723786,Arm A: Immunotherapy,Anti-PD-1 Monotherapy (Pembrolizumab / Nivolumab),N/A (Arm A Candidate)
RIAZ_PT23_PRE,RIAZ_PT23,Riaz 2017,1.71,1.0,,,53.0,White,Female,,1,0.6592257927262727,0.3753099069450781,0.4866280859495134,0.4623432827735689,0.4080575137632158,4.493124704983643,8.902723028741493,0.3354117480502436,-4.4095983237578364,0.3705543317333093,0.420441009206541,0.6451618177206172,0.0624394387121972,0.5507037842981254,0.5570403177690999,1.1447550805902815,,1,0,0,,,,,,0,Mutant-Driven (NF1 Loss & High Response Subtype),76.61764705939011,69.47939392803067,Arm A: Immunotherapy,Anti-PD-1 Monotherapy (Pembrolizumab / Nivolumab),N/A (Arm A Candidate)
RIAZ_PT24_PRE,RIAZ_PT24,Riaz 2017,4.89,0.0,Progressive Disease,0.0,63.0,White,Male,,1,0.7722961903933877,0.1322190901982853,0.3199682084403883,-0.1779958461554047,0.3946705935123976,3.230652071483632,2.7782341920506712,0.537645734965772,0.4524178794329606,0.4174048765666451,0.5494605495009388,0.4064377524169524,0.974615332626075,0.7812530346319951,1.136521981724712,0.9739008083542464,,1,0,0,,,,,,0,Mutant-Driven (NF1 Loss & High Response Subtype),61.96016435323981,63.46619402534262,Arm B: Targeted Therapy,BRAF + MEK Inhibitor (Dabrafenib + Trametinib; Q2 Sens: 62.0/100),BRAF V600E / MAPK Pathway
RIAZ_PT26_ON,RIAZ_PT26,Riaz 2017,31.27,0.0,Stable Disease,,22.0,White,Female,,1,-0.980269692686376,-0.5169990334781841,-1.0756603612301814,-0.3239460196516083,-0.7019417923138968,-7.91694858959031,-5.1524244650290925,0.5,-2.7645241245612184,-0.8047762446737636,-0.8851119210285571,-0.6222718861220695,-0.3048434420547503,-0.5970199376165629,-1.227569339353213,-1.2138538407347554,,0,1,0,,,,,,1,"Immune Cold (Low TIS & Infiltration, Desert)",63.074721351257146,50.59419969929056,Arm B: Targeted Therapy,MEK + CDK4/6 Inhibitor (Binimetinib + Ribociclib),NRAS / MAPK / Cell Cycle
RIAZ_PT26_PRE,RIAZ_PT26,Riaz 2017,31.27,0.0,Stable Disease,,22.0,White,Female,,1,-0.8422048703225324,-0.3505530993406964,-0.7571245099029528,0.0268937579691006,-0.2436515749534465,-8.914686121247616,-6.140550459980003,0.5,-2.7741356612675987,-0.3302156108162553,-0.6867770915484921,-0.6454650558895675,0.1812959613541604,-0.3002663019700898,-1.329748959211645,-1.3258446769615235,,0,1,0,,,,,,1,"Immune Cold (Low TIS & Infiltration, Desert)",60.92332398006195,58.20324078478703,Arm B: Targeted Therapy,MEK + CDK4/6 Inhibitor (Binimetinib + Ribociclib),NRAS / MAPK / Cell Cycle
RIAZ_PT27_ON,RIAZ_PT27,Riaz 2017,15.6,1.0,Progressive Disease,0.0,65.0,White,Male,,1,0.1948342478537276,-0.0871056115512141,0.1403565559190624,-0.139725686080352,0.0364034161197839,7.1308786348367095,0.1229702950656758,0.9830475798084576,7.00790833977104,0.0330986070213202,0.7048290441512494,0.2071787438091724,0.2467603397365086,0.0215550692102314,0.6005900793433284,0.4312389514658971,,1,0,0,,,,,,0,Mutant-Driven (NF1 Loss & High Response Subtype),76.0783074217442,62.04874223420537,Arm B: Targeted Therapy,BRAF + MEK Inhibitor (Dabrafenib + Trametinib; Q2 Sens: 76.1/100),BRAF V600E / MAPK Pathway
RIAZ_PT27_PRE,RIAZ_PT27,Riaz 2017,15.6,1.0,Progressive Disease,0.0,65.0,White,Male,,1,-0.7826559426158777,-0.6919107308357566,-0.0163973942829992,-0.4894234046252386,-0.1473567845165238,-9.153715906577236,-12.559216622723516,0.5,3.4055007161462703,-0.2331776461812563,0.3043924821223572,0.3529918700993287,0.4016795850929247,-0.3137678032481744,-0.0878447122859359,-0.9562495951340064,,1,0,0,,,,,,1,"Immune Cold (Low TIS & Infiltration, Desert)",67.03051040596254,57.11819606197509,Arm B: Targeted Therapy,BRAF + MEK Inhibitor (Dabrafenib + Trametinib; Q2 Sens: 67.0/100),BRAF V600E / MAPK Pathway
RIAZ_PT28_ON,RIAZ_PT28,Riaz 2017,24.31,1.0,Progressive Disease,0.0,79.0,White,Female,,1,0.7742878262836459,0.7468972236193568,0.9639733502540822,0.8264858432097217,0.846409681065553,6.376228858888588,6.914961173613139,0.4797334808468181,-0.5387323147245527,0.8149876881792458,0.4492286630108138,0.8452407237751478,0.7298477844018154,0.5816688303690545,0.1515855212862559,0.642202627296023,,0,0,0,,,,,,0,Mutant-Driven (NF1 Loss & High Response Subtype),70.87762295607978,79.38383200071105,Arm C: Combination/Reversal,Anti-PD-1 + MDM2 Antagonist (Idasanutlin) [p53 Reactivation],MDM2 (p53 Activation)
RIAZ_PT28_PRE,RIAZ_PT28,Riaz 2017,24.31,1.0,Progressive Disease,0.0,79.0,White,Female,,1,-0.3165115421987433,-0.1930905772645317,0.0867876091305318,0.017484673543198,0.2071658193051709,-4.0189621824160975,-7.202724117591596,0.5,3.183761935175488,0.1159728914581079,-0.1346776301861897,0.4479985196258456,0.7161092258166742,-0.4510689995016011,-0.5553902296933487,0.0844576391056048,,0,0,0,,,,,,1,"Immune Cold (Low TIS & Infiltration, Desert)",56.4376060345365,64.6999777708546,Arm C: Combination/Reversal,Anti-PD-1 + AXL Inhibitor (Bemcentinib) [STING / Type-I IFN Priming],AXL / STING Pathway
RIAZ_PT29_PRE,RIAZ_PT29,Riaz 2017,8.97,1.0,Progressive Disease,0.0,57.0,White,Female,,1,-0.0618354491465154,0.1043623147817285,-0.0937031920565424,0.1346552344836366,-0.0687271370246753,9.627548903060166,1.722087560891476,0.848269363837237,7.90546134216867,-0.0602229399037455,0.1244232075738714,0.4524372707538243,0.469492734931748,0.1177848721583801,0.1674371664840838,-0.5825460718332618,,0,1,0,,,,,,1,"Immune Cold (Low TIS & Infiltration, Desert)",73.16362104557277,63.4736864135834,Arm B: Targeted Therapy,MEK + CDK4/6 Inhibitor (Binimetinib + Ribociclib),NRAS / MAPK / Cell Cycle
RIAZ_PT2_ON,RIAZ_PT2,Riaz 2017,9.03,1.0,Stable Disease,,,,,,1,0.8209894593300884,0.6874592626967582,0.5329279898179164,0.828512007099382,0.3408843499800256,-2.2700702163491697,0.0458070776522413,0.5,-2.315877294001412,0.3623451703004182,0.2800992811706784,-0.4084525016587987,-1.352958545427734,-0.2300643993274176,0.3203090631828149,-0.0588986721810176,,0,0,0,,,,,,0,Mutant-Driven (NF1 Loss & High Response Subtype),82.69562679824614,77.21303918905986,Arm A: Immunotherapy,Anti-PD-1 Monotherapy (Pembrolizumab / Nivolumab),N/A (Arm A Candidate)
RIAZ_PT2_PRE,RIAZ_PT2,Riaz 2017,9.03,1.0,Stable Disease,,,,,,1,0.8695735041544037,0.7143433573730037,0.4998841222373253,0.788508660191656,0.4097323022221182,2.89160832553342,4.8866383516144944,0.371755801217878,-1.99503002608108,0.4654737128977885,0.6394096308665986,-0.4118959708499269,-0.4994403810052994,0.6537621681584055,0.6452356001840841,0.6327363375562683,,0,0,0,,,,,,0,Mutant-Driven (NF1 Loss & High Response Subtype),79.53307450538088,75.50656169938394,Arm A: Immunotherapy,Anti-PD-1 Monotherapy (Pembrolizumab / Nivolumab),N/A (Arm A Candidate)
RIAZ_PT30_ON,RIAZ_PT30,Riaz 2017,34.59,0.0,Complete Response,1.0,89.0,White,Female,,1,1.2523139144806714,1.046106425267414,1.2251422387174709,0.9195747232357292,1.0216609819357043,-5.013739174785627,9.708354972947584,-1.067976462897904,-14.722094147733218,1.0701021393559491,1.0485219665460306,0.6718156299727926,0.7244040918845608,0.7855394887875226,1.2590115813891845,1.2639259607413895,,0,0,0,,,,,,0,Mutant-Driven (NF1 Loss & High Response Subtype),66.05558449802258,80.25843991501628,Arm A: Immunotherapy,Anti-PD-1 Monotherapy (Pembrolizumab / Nivolumab),N/A (Arm A Candidate)
RIAZ_PT30_PRE,RIAZ_PT30,Riaz 2017,34.59,0.0,Complete Response,1.0,89.0,White,Female,,1,-1.085196229909762,-0.4974786381929236,-0.6559982196729037,-0.2411970091184342,-0.2370268576148883,7.904042429215494,-3.9366541941286353,1.9922533316284965,11.840696623344138,-0.2740177442881208,-0.5197355367889841,-0.648790944246333,0.2020519966671354,0.3324100092439538,-0.5523973786798443,-1.0306650303939249,,0,0,0,,,,,,1,"Immune Cold (Low TIS & Infiltration, Desert)",49.95358380562844,57.242599274892065,Arm C: Combination/Reversal,Anti-PD-1 + AXL Inhibitor (Bemcentinib) [STING / Type-I IFN Priming],AXL / STING Pathway
RIAZ_PT31_ON,RIAZ_PT31,Riaz 2017,31.57,0.0,Progressive Disease,0.0,56.0,White,Female,,1,1.085978957634998,0.912359676150342,0.6262901399483217,0.8383823745682811,0.6580540237418347,-0.1339216263665567,5.153938626836768,-0.0266775244693419,-5.287860253203319,0.6996737286093264,0.9258020380578404,-0.360221533920831,0.899766086452332,0.5759711076530427,0.7386625463484764,-1.4880003991067974,,0,1,0,,,,,,0,Mutant-Driven (NF1 Loss & High Response Subtype),58.76562126584338,77.74565152748099,Arm B: Targeted Therapy,MEK + CDK4/6 Inhibitor (Binimetinib + Ribociclib),NRAS / MAPK / Cell Cycle
RIAZ_PT31_PRE,RIAZ_PT31,Riaz 2017,31.57,0.0,Progressive Disease,0.0,56.0,White,Female,,1,0.2780356079469404,0.4846555723995733,0.2314465332890755,0.4998880253274116,0.3522296769048544,-0.7021437961372857,2.888848990000142,-0.3210966883455082,-3.5909927861374302,0.3798782717344619,0.3836058597930797,-0.6029135467543645,0.7711711713068997,0.3138511329906097,-0.1452188100869982,-0.5260357731204832,,0,1,0,,,,,,1,"Immune Cold (Low TIS & Infiltration, Desert)",57.6320265807489,69.63602872086635,Arm B: Targeted Therapy,MEK + CDK4/6 Inhibitor (Binimetinib + Ribociclib),NRAS / MAPK / Cell Cycle
RIAZ_PT32_ON,RIAZ_PT32,Riaz 2017,3.75,0.0,Progressive Disease,0.0,34.0,White,Male,,1,2.632215392133386,0.3112806690721726,0.063460268867352,0.2188074082578,-0.2965769287762765,-55.1929024618893,0.8493922991533912,0.5,-56.04229476104279,-0.1264939720565388,0.1543614087304769,0.1622766842199612,0.4900609127272244,-0.0110962248413538,0.7488018656198181,-1.7415158686593388,,0,0,0,,,,,,1,"Immune Cold (Low TIS & Infiltration, Desert)",79.97884246591023,64.80236594414143,Arm C: Combination/Reversal,Anti-PD-1 + AXL Inhibitor (Bemcentinib) [STING / Type-I IFN Priming],AXL / STING Pathway
RIAZ_PT34_ON,RIAZ_PT34,Riaz 2017,27.4,0.0,Partial Response,1.0,71.0,White,Male,,1,0.5254631125303102,0.4023397402151212,0.9019752016330064,0.1223268257731887,0.8990936977534822,-9.329845137563527,-2.600608702393151,0.5,-6.729236435170367,0.8747294363742835,0.7299848308515134,-0.0830370346428978,0.1304505313283691,0.5985307984184818,0.7535175656421098,1.1940838409454195,,0,0,0,,,,,,0,Mutant-Driven (NF1 Loss & High Response Subtype),72.4924940637196,73.64276661631718,Arm A: Immunotherapy,Anti-PD-1 Monotherapy (Pembrolizumab / Nivolumab),N/A (Arm A Candidate)
RIAZ_PT34_PRE,RIAZ_PT34,Riaz 2017,27.4,0.0,Partial Response,1.0,71.0,White,Male,,1,0.8629068957751453,0.7846559947105112,0.8523880768630447,0.6445532528813356,0.8577611718721416,-4.718899095671647,-1.892952787182276,0.5,-2.825946308489367,0.8251266980223518,0.8526984139522571,-0.0715631630500274,0.0023258314985014,0.4985204963046212,0.8666436431465268,0.8049660108821594,,1,0,0,,,,,,0,Mutant-Driven (NF1 Loss & High Response Subtype),68.75290817395741,79.90526776823896,Arm A: Immunotherapy,Anti-PD-1 Monotherapy (Pembrolizumab / Nivolumab),N/A (Arm A Candidate)
RIAZ_PT35_ON,RIAZ_PT35,Riaz 2017,,,,,,,,,1,0.7315513651532138,0.8820598972698024,0.8331905588586785,0.8332982486533383,0.8786959320420431,-5.408991734349516,-2.65967203405802,0.5,-2.749319700291492,0.8366385985063993,0.6722225611972689,0.5181326571277333,-0.0586967924925815,-0.1541505606175101,-0.1381162046940788,-0.6055586988198922,,0,0,0,,,,,,0,Mutant-Driven (NF1 Loss & High Response Subtype),53.788982024025515,82.38673691430546,Arm A: Immunotherapy,Anti-PD-1 Monotherapy (Pembrolizumab / Nivolumab),N/A (Arm A Candidate)
RIAZ_PT36_ON,RIAZ_PT36,Riaz 2017,35.51,0.0,Stable Disease,,58.0,White,Male,,1,0.8460086412678753,0.3429071408490443,0.6804472077868493,0.2391255494529059,0.4405773934508197,12.54372540393924,6.330919143728583,0.6645807486472195,6.212806260210657,0.4313933375520427,0.3743013432092605,-0.1553056608127574,0.8113884138225412,0.3322631849798151,0.6579690997942045,0.5347792486140306,,0,0,0,,,,,,0,Mutant-Driven (NF1 Loss & High Response Subtype),73.5800809360881,69.46167914234923,Arm C: Combination/Reversal,Anti-PD-1 + MDM2 Antagonist (Idasanutlin) [p53 Reactivation],MDM2 (p53 Activation)
RIAZ_PT36_PRE,RIAZ_PT36,Riaz 2017,35.51,0.0,Stable Disease,,58.0,White,Male,,1,-0.6381661350519215,-0.9044400037082,-0.3724331012875129,-1.4519517933675243,-0.8092084639753334,2.950115906371812,2.2318559037833885,0.5693037350358444,0.7182600025884175,-0.7649246074809828,-0.4978933159571874,0.1648462952308325,-0.4237343508943228,-0.4056450100795657,1.3062036863328106,1.8205554073525645,,0,0,0,,,,,,1,"Immune Cold (Low TIS & Infiltration, Desert)",72.26068453846759,38.75750736395196,Arm C: Combination/Reversal,Chemotherapy (Dacarbazine) / HDAC Inhibitor + Anti-PD-1,HDAC / Epigenetic Remodeling
RIAZ_PT37_ON,RIAZ_PT37,Riaz 2017,21.22,1.0,Stable Disease,,63.0,White,Male,,1,-0.1934878216400197,0.2128904547162048,0.2389833734251653,0.2888869980857806,-0.0544187622006811,-2.4268328588064514,1.560940920637104,0.5,-3.987773779443555,0.2441154554728203,-0.2017055148390888,-0.0218521334981793,-0.5213056570324556,0.1615894991895982,0.234669137327246,-0.2078884581872337,,0,1,0,,,,,,1,"Immune Cold (Low TIS & Infiltration, Desert)",58.06899970870935,66.4925586017,Arm B: Targeted Therapy,MEK + CDK4/6 Inhibitor (Binimetinib + Ribociclib),NRAS / MAPK / Cell Cycle
RIAZ_PT37_PRE,RIAZ_PT37,Riaz 2017,21.22,1.0,Stable Disease,,63.0,White,Male,,1,-0.9567871710265424,-0.4411749032132595,-0.4025599967020754,-0.339858725270206,-0.3231762515299481,5.835439596062138,2.664189691636138,0.6865522481678012,3.171249904426015,-0.1819428274746711,-0.0819010636751444,-0.421917811240762,-0.8368898048811771,0.0374534618919455,-0.3464190880752261,0.5698009591675562,,0,1,0,,,,,,1,"Immune Cold (Low TIS & Infiltration, Desert)",74.63755774875109,53.38731197739213,Arm B: Targeted Therapy,MEK + CDK4/6 Inhibitor (Binimetinib + Ribociclib),NRAS / MAPK / Cell Cycle
RIAZ_PT38_ON,RIAZ_PT38,Riaz 2017,5.49,1.0,Stable Disease,,54.0,White,Female,,1,-1.706714390773431,-0.9054279285368768,-1.125793642161347,-0.7528631182043872,-0.7735164932099584,-3.255293624943891,-13.84986073746948,0.5,10.594567112525649,-1.0410338892034563,-1.3122063833306357,-1.440161285193307,-1.1205991039229144,-1.3231874819355238,-0.7373001744284745,-0.9861976545242984,,0,0,0,,,,,,2,"Immune Hot (High TIS & CYT, Inflamed Microenvironment)",63.40864963673432,46.55976548265875,Arm A: Immunotherapy,Anti-PD-1 Monotherapy (Pembrolizumab / Nivolumab),N/A (Arm A Candidate)
RIAZ_PT38_PRE,RIAZ_PT38,Riaz 2017,5.49,1.0,Stable Disease,,54.0,White,Female,,1,-1.3960575393859354,-1.1376134143091885,-1.459386248605477,-1.0394831273010088,-1.013571850537638,1.1985897719733416,-12.802870558584177,0.5,14.001460330557512,-1.2800081790147453,-1.3545200240431274,-1.1429068085571883,-1.4644573319720695,-1.293974723403351,-0.8196491462398956,-1.106896601180333,,0,0,1,,,,,,2,"Immune Hot (High TIS & CYT, Inflamed Microenvironment)",61.248100101540494,39.98495805698198,Arm A: Immunotherapy,Anti-PD-1 Monotherapy (Pembrolizumab / Nivolumab),N/A (Arm A Candidate)
RIAZ_PT39_PRE,RIAZ_PT39,Riaz 2017,5.45,1.0,Progressive Disease,0.0,,,,,1,-3.295771002980899,-2.501949415848315,-2.4612678467329605,-2.1350420473921305,-3.352018374236041,-8.964977278318162,-31.63960431639788,0.5,22.67462703807977,-3.801147920861984,-2.0208857415161483,-0.6828545855075333,-3.210398562434093,-1.7876125049052507,-1.4693041770146458,-1.026460271660713,,0,0,0,,,,,,2,"Immune Hot (High TIS & CYT, Inflamed Microenvironment)",9.902078172945117,14.724737620254537,Arm A: Immunotherapy,Anti-PD-1 Monotherapy (Pembrolizumab / Nivolumab),N/A (Arm A Candidate)
RIAZ_PT3_ON,RIAZ_PT3,Riaz 2017,37.58,0.0,Partial Response,1.0,52.0,White,Male,,1,0.3011680855594831,0.2303771827892781,0.2959601001000295,0.2761895264054481,0.2176528378374328,10.676737928659836,11.624933786134036,0.4787415968273533,-0.948195857474191,0.2460282293264633,0.1625468694660363,0.3855731420183943,0.687958112714458,0.3507571556438674,-0.0732759193926022,0.564601463966643,,0,1,1,,,,,,3,M2 Immunosuppressive (Depleted T-cells & Stromal Exclusion),59.40376831182419,64.88245257520276,Arm B: Targeted Therapy,MEK + CDK4/6 Inhibitor (Binimetinib + Ribociclib),NRAS / MAPK / Cell Cycle
RIAZ_PT3_PRE,RIAZ_PT3,Riaz 2017,37.58,0.0,Partial Response,1.0,52.0,White,Male,,1,-1.0497158104982645,-0.7174458340549693,-1.1740468833022373,-0.5348182834264315,-0.8501155946556355,4.761568758409753,-4.262546316283348,9.54179282623048,9.024115074693087,-0.8332398880119883,-0.4204732578416079,-0.0528699672607044,-1.2620935789321024,-0.0228450563077545,-0.3794896962608823,0.3898473693785267,,0,1,1,,,,,,3,M2 Immunosuppressive (Depleted T-cells & Stromal Exclusion),60.68267290268404,61.19291501437064,Arm B: Targeted Therapy,MEK + CDK4/6 Inhibitor (Binimetinib + Ribociclib),NRAS / MAPK / Cell Cycle
RIAZ_PT44_ON,RIAZ_PT44,Riaz 2017,35.91,0.0,Partial Response,1.0,61.0,White,Male,,1,-0.1246689069997681,0.2440292982537493,0.7676453028748906,0.1911185241578458,0.7237382651140369,-4.430834488629623,2.8984344291645048,0.5,-7.329268917794135,0.6865905137342192,0.2721630291037672,0.2934961062671883,0.649958639020701,0.1165309007523136,0.6059679098683514,2.1524252943547646,,0,0,0,,,,,,0,Mutant-Driven (NF1 Loss & High Response Subtype),69.47830533467803,70.6887279703082,Arm C: Combination/Reversal,Anti-PD-1 + MDM2 Antagonist (Idasanutlin) [p53 Reactivation],MDM2 (p53 Activation)
RIAZ_PT44_PRE,RIAZ_PT44,Riaz 2017,35.91,0.0,Partial Response,1.0,61.0,White,Male,,1,0.3504663044896677,0.7202778264344845,0.6240660545245549,0.8707392635647402,0.5677129267586727,6.652705320125459,10.176270672828457,0.3953125444418522,-3.523565352703,0.5340200760968091,0.4457574586033635,0.7316308293210967,0.3591554814051692,0.6647002289048363,0.7049688581074797,0.74776905296895,,1,0,0,,,,,,0,Mutant-Driven (NF1 Loss & High Response Subtype),69.53676383577448,76.0238979048795,Arm A: Immunotherapy,Anti-PD-1 Monotherapy (Pembrolizumab / Nivolumab),N/A (Arm A Candidate)
RIAZ_PT46_ON,RIAZ_PT46,Riaz 2017,7.46,1.0,Progressive Disease,0.0,79.0,White,Male,,1,0.9481173752330136,0.6095247493193335,0.6316732329012338,0.416950649661662,0.3296895416694737,-4.333546974917476,-1.3028154642358596,0.5,-3.030731510681628,0.4039639307967285,0.7456771401473921,0.425984566321398,-0.7589872425241562,0.2857277251887685,0.7478071841229624,1.1610979658648906,,0,0,0,,,,,,0,Mutant-Driven (NF1 Loss & High Response Subtype),64.38842358518303,73.7055739692919,Arm C: Combination/Reversal,Anti-PD-1 + MDM2 Antagonist (Idasanutlin) [p53 Reactivation],MDM2 (p53 Activation)
RIAZ_PT46_PRE,RIAZ_PT46,Riaz 2017,7.46,1.0,Progressive Disease,0.0,79.0,White,Male,,1,0.7656331681737525,0.3194826378378616,0.6037040881984097,0.0588828279893008,0.3121864360346073,1.193264038517617,1.0787747508296592,0.5251952757639425,0.1144892876879557,0.4361550705077144,0.8775670244376822,0.46528311288304,0.3238597833724495,0.5452481466551474,1.085257516849113,1.320311368220715,,1,0,0,,,,,,0,Mutant-Driven (NF1 Loss & High Response Subtype),64.11483958229294,68.05363106051114,Arm B: Targeted Therapy,BRAF + MEK Inhibitor (Dabrafenib + Trametinib; Q2 Sens: 64.1/100),BRAF V600E / MAPK Pathway
RIAZ_PT47_ON,RIAZ_PT47,Riaz 2017,23.59,1.0,Progressive Disease,0.0,52.0,White,Male,,1,0.4182707902382122,0.2669821650660353,-0.0394043828260954,0.3572733593026735,0.0250032334531756,11.89467976525748,12.563199417630033,0.4863332456715973,-0.6685196523726014,0.0220488435261993,0.6304342288931547,0.0337936841946572,-0.9711167707542234,0.3568201907111025,0.6300365027943209,0.6892396030283945,,1,0,0,,,,,,0,Mutant-Driven (NF1 Loss & High Response Subtype),74.25060021649,63.33992053943623,Arm B: Targeted Therapy,BRAF + MEK Inhibitor (Dabrafenib + Trametinib; Q2 Sens: 74.3/100),BRAF V600E / MAPK Pathway
RIAZ_PT47_PRE,RIAZ_PT47,Riaz 2017,23.59,1.0,Progressive Disease,0.0,52.0,White,Male,,1,0.3683285194480665,0.1715418194615139,-0.0466391288566149,0.1950327620749821,-0.1086685407158163,9.975619255185483,11.063731397935332,0.474141023630203,-1.0881121427498817,-0.0293591914308124,0.7068242611180008,-0.0062547943284706,-0.1979350001538077,0.6256349062972595,0.6030000057217557,0.9768860306152612,,0,0,0,,,,,,0,Mutant-Driven (NF1 Loss & High Response Subtype),81.75383164776622,61.18866332815975,Arm C: Combination/Reversal,Anti-PD-1 + MDM2 Antagonist (Idasanutlin) [p53 Reactivation],MDM2 (p53 Activation)
RIAZ_PT48_ON,RIAZ_PT48,Riaz 2017,34.36,0.0,Complete Response,1.0,44.0,White,Male,,1,-0.6247758073321077,-0.6506358271786523,0.0076911201771262,-1.0778548623004476,-0.0287221842723968,-12.769590322336708,1.555888095116125,0.5,-14.32547841745279,-0.0799176381107021,0.0317777646907767,0.5872920129480903,0.5025042611238929,-0.425734131425768,0.8344845602550117,-0.2152745405521192,,0,0,0,,,,,,1,"Immune Cold (Low TIS & Infiltration, Desert)",62.810244936132605,48.32569739517808,Arm C: Combination/Reversal,Anti-PD-1 + AXL Inhibitor (Bemcentinib) [STING / Type-I IFN Priming],AXL / STING Pathway
RIAZ_PT48_PRE,RIAZ_PT48,Riaz 2017,34.36,0.0,Complete Response,1.0,44.0,White,Male,,1,-0.1620157502248947,0.1841186976176603,0.1888287073181857,0.2689821036969397,0.2963070200445539,-3.593271812564722,6.714612720040569,-1.1511949252190186,-10.30788453260526,0.2311474737436953,0.2373678972884939,0.603591439900878,0.6176633404890167,0.2622511373059938,0.969141619981912,0.299020284032095,,0,0,0,,,,,,0,Mutant-Driven (NF1 Loss & High Response Subtype),62.74869923967656,63.11351750672819,Arm C: Combination/Reversal,Anti-PD-1 + MDM2 Antagonist (Idasanutlin) [p53 Reactivation],MDM2 (p53 Activation)
RIAZ_PT49_ON,RIAZ_PT49,Riaz 2017,27.17,0.0,Partial Response,1.0,52.0,White,Female,,1,1.127243494170747,1.3831558273090063,1.2896735444576657,1.4063080751682095,1.126894467446395,5.104875495955372,16.000573995470035,0.2418747583665227,-10.895698499514662,1.1170342085368528,0.8748072779812892,0.7027499718051837,0.8331668695706385,0.6815602746862659,1.3710847637474586,0.7113897805373652,,0,0,0,,,,,,0,Mutant-Driven (NF1 Loss & High Response Subtype),79.95888994358502,87.60925698524318,Arm A: Immunotherapy,Anti-PD-1 Monotherapy (Pembrolizumab / Nivolumab),N/A (Arm A Candidate)
RIAZ_PT49_PRE,RIAZ_PT49,Riaz 2017,27.17,0.0,Partial Response,1.0,52.0,White,Female,,1,0.7619858254163661,1.0264006296459245,0.7607329919688675,1.0805073750453444,0.7233920092255219,7.310871755971059,13.683015742079782,0.3482381124815416,-6.372143986108714,0.7549616650737562,0.8159849071660693,0.1890568866473758,1.0583102971190423,0.546558565749355,0.3296291749208423,0.898947266803532,,0,1,0,,,,,,0,Mutant-Driven (NF1 Loss & High Response Subtype),82.33444698759824,79.66911539134398,Arm A: Immunotherapy,Anti-PD-1 Monotherapy (Pembrolizumab / Nivolumab),N/A (Arm A Candidate)
RIAZ_PT4_ON,RIAZ_PT4,Riaz 2017,20.8,1.0,Stable Disease,,62.0,White,Female,,1,1.1047722669037672,1.101804064564914,1.101414549709041,1.1546260571082292,1.0774921068051952,2.1613618752961044,14.292849505856235,0.131356151032061,-12.131487630560128,1.0411424857242708,0.7680193498749638,0.7946418026974097,0.9956137357622143,0.5204693017893822,0.6843770253738344,0.8927607312934098,,0,0,0,,,,,,0,Mutant-Driven (NF1 Loss & High Response Subtype),77.64396890545753,83.09834752309024,Arm A: Immunotherapy,Anti-PD-1 Monotherapy (Pembrolizumab / Nivolumab),N/A (Arm A Candidate)
RIAZ_PT4_PRE,RIAZ_PT4,Riaz 2017,20.8,1.0,Stable Disease,,62.0,White,Female,,1,-0.8184970097124872,-0.3873341183929176,0.2649407809299036,-0.2522770633630593,0.3296915402016621,1.2090577742184203,-2.3695601528979653,0.5,3.5786179271164014,0.252690444850006,-0.1801415611970177,0.4388179243786983,0.5458386787297022,-0.5435563846731211,-0.2972911441293198,-1.348974704094077,,0,1,0,,,,,,1,"Immune Cold (Low TIS & Infiltration, Desert)",70.33732279128928,61.08624107617755,Arm B: Targeted Therapy,MEK + CDK4/6 Inhibitor (Binimetinib + Ribociclib),NRAS / MAPK / Cell Cycle
RIAZ_PT52_ON,RIAZ_PT52,Riaz 2017,15.64,1.0,Progressive Disease,0.0,45.0,White,Female,,1,-0.0530445311977759,-0.0517226224220591,-0.0025307078157943,-0.068818319189204,-0.0742088230926755,12.132515003501563,11.228221663689544,0.519354983378629,0.904293339812014,-0.1032974626057559,0.0709798511377299,0.6626274693055633,-0.0916400167426079,-0.2782114656673912,0.5664093670266326,0.4177058102486968,,1,0,0,,,,,,0,Mutant-Driven (NF1 Loss & High Response Subtype),87.67704731029853,57.94011199039775,Arm B: Targeted Therapy,BRAF + MEK Inhibitor (Dabrafenib + Trametinib; Q2 Sens: 87.7/100),BRAF V600E / MAPK Pathway
RIAZ_PT52_PRE,RIAZ_PT52,Riaz 2017,15.64,1.0,Progressive Disease,0.0,45.0,White,Female,,1,-0.2985389519763561,-0.2625452988607465,-0.0947753708207063,-0.6713588138171095,-0.0947652819048425,3.216506402849701,5.221184969974223,0.3812069274315259,-2.0046785671245315,-0.0367724281918313,-0.0274805601955183,0.2875776519207167,0.0031841492393856,-0.4038813539873848,0.5217592789619421,0.1891164765538203,,1,0,0,,,,,,1,"Immune Cold (Low TIS & Infiltration, Desert)",78.12666746361919,52.15902244346769,Arm B: Targeted Therapy,BRAF + MEK Inhibitor (Dabrafenib + Trametinib; Q2 Sens: 78.1/100),BRAF V600E / MAPK Pathway
RIAZ_PT58_ON,RIAZ_PT58,Riaz 2017,16.39,1.0,Stable Disease,,53.0,White,Female,,1,0.8336647867721219,1.0112891398787796,0.6818817744287327,1.0199160739773645,0.7227284616755247,-2.315523304674681,4.879299817520324,-0.903168935776147,-7.194823122194994,0.6849911169793796,0.5140400162556434,0.3982216943490582,0.2578767766343989,0.490357685540366,0.0718260344286872,-0.211567088170872,,1,0,1,,,,,,3,M2 Immunosuppressive (Depleted T-cells & Stromal Exclusion),58.956601713808254,79.09079762578848,Arm A: Immunotherapy,Anti-PD-1 Monotherapy (Pembrolizumab / Nivolumab),N/A (Arm A Candidate)
RIAZ_PT59_PRE,RIAZ_PT59,Riaz 2017,23.26,1.0,Stable Disease,,49.0,White,Female,,1,0.8294280270009594,0.719663371711721,0.7377613457090964,0.6514046943111446,0.5951565287995034,7.884505828794977,6.524180779103383,0.5472050328635057,1.3603250496915902,0.5642690135781022,0.421628971001504,0.4844143300303725,0.6972958432619487,0.4778183077507979,0.5131154155109314,0.5209737688154403,,0,1,0,,,,,,0,Mutant-Driven (NF1 Loss & High Response Subtype),90.16210085009627,75.83504853154197,Arm A: Immunotherapy,Anti-PD-1 Monotherapy (Pembrolizumab / Nivolumab),N/A (Arm A Candidate)
RIAZ_PT5_ON,RIAZ_PT5,Riaz 2017,7.29,1.0,Progressive Disease,0.0,58.0,White,Female,,1,0.4788974121150225,0.2719152177109517,0.3428982604470486,0.3810879482486756,0.3352793594612198,-2.253320092067943,-4.146994045346644,0.5,1.8936739532787,0.2790987064936013,-0.147740072298492,-1.114886526423895,-0.4392442709554238,-0.0249398981120102,0.5548335462088371,-1.0515408714173264,,0,0,0,,,,,,0,Mutant-Driven (NF1 Loss & High Response Subtype),53.428294318270254,71.22415863782113,Arm C: Combination/Reversal,Anti-PD-1 + MDM2 Antagonist (Idasanutlin) [p53 Reactivation],MDM2 (p53 Activation)
RIAZ_PT5_PRE,RIAZ_PT5,Riaz 2017,7.29,1.0,Progressive Disease,0.0,58.0,White,Female,,1,0.1223298251085286,0.3397085017761912,0.6180117371607271,0.4494666895419403,0.5397773507179567,-3.809352432635286,-3.2333033508077165,0.5,-0.5760490818275597,0.5310420688337023,0.3400980198592733,0.2758128929744434,0.5939735941630255,0.1755113630161596,0.0480021531535812,-1.128354119804716,,0,0,0,,,,,,0,Mutant-Driven (NF1 Loss & High Response Subtype),83.5811074723978,73.96571157842381,Arm C: Combination/Reversal,Anti-PD-1 + MDM2 Antagonist (Idasanutlin) [p53 Reactivation],MDM2 (p53 Activation)
RIAZ_PT62_ON,RIAZ_PT62,Riaz 2017,15.51,1.0,Progressive Disease,0.0,,,,,1,0.0055030705138656,-0.3545457477008882,-0.4424718613543216,-0.286398532619975,-0.5762975884872711,-1.5568135003155863,-7.9704103390420125,0.5,6.413596838726424,-0.6307490588863358,-1.1821287482174565,-0.853450070920231,-0.8739095846817712,-0.2897847804577415,-0.106694423458228,-0.9878431597981352,,0,0,0,,,,,,1,"Immune Cold (Low TIS & Infiltration, Desert)",43.544056349318126,55.867484557304145,Arm C: Combination/Reversal,Anti-PD-1 + AXL Inhibitor (Bemcentinib) [STING / Type-I IFN Priming],AXL / STING Pathway
RIAZ_PT62_PRE,RIAZ_PT62,Riaz 2017,15.51,1.0,Progressive Disease,0.0,,,,,1,-0.332662510332902,-0.5825726915080586,-1.099429667305042,-0.5211563860513526,-0.3162656503871198,-9.258827895450978,-18.84386054882188,0.5,9.585032653370924,-0.3790732041432801,-1.0540007155587132,-0.2405101725175951,-0.8938537172678965,-0.1454046282744677,-1.11483261455765,-1.8053210161810176,,0,0,0,,,,,,1,"Immune Cold (Low TIS & Infiltration, Desert)",33.601065150181086,53.62845399469563,Arm C: Combination/Reversal,Anti-PD-1 + AXL Inhibitor (Bemcentinib) [STING / Type-I IFN Priming],AXL / STING Pathway
RIAZ_PT65_ON,RIAZ_PT65,Riaz 2017,22.73,0.0,Stable Disease,,63.0,White,Female,,1,0.5196067928687402,0.8223967651858065,0.46364069789493,0.9511472205391656,0.4634825573039198,2.1282337264433173,6.9972283663398365,0.2332192830132322,-4.86899463989653,0.4804206519916345,0.4748311018332896,-0.3019916024148897,0.5603112103467259,0.338670099103417,-0.2293206421050461,0.4962205220587413,,0,0,0,,,,,,0,Mutant-Driven (NF1 Loss & High Response Subtype),63.282954387263636,76.80358790019305,Arm A: Immunotherapy,Anti-PD-1 Monotherapy (Pembrolizumab / Nivolumab),N/A (Arm A Candidate)
RIAZ_PT65_PRE,RIAZ_PT65,Riaz 2017,22.73,0.0,Stable Disease,,63.0,White,Female,,1,0.3098287222902959,0.6411727701146189,0.1689100764892348,0.7164920331648015,0.4013020552397524,10.278020407925194,8.675559825757704,0.5422732951350192,1.6024605821674651,0.4331594259062966,0.5100778842124128,0.3300821914569792,0.919247226540017,0.5348305455538357,-0.3105906758159533,0.6875699028648166,,0,0,0,,,,,,0,Mutant-Driven (NF1 Loss & High Response Subtype),67.84351163807128,72.15757828462276,Arm A: Immunotherapy,Anti-PD-1 Monotherapy (Pembrolizumab / Nivolumab),N/A (Arm A Candidate)
RIAZ_PT66_PRE,RIAZ_PT66,Riaz 2017,17.81,1.0,Progressive Disease,0.0,49.0,White,Female,,1,-0.3028070194744304,-0.5219578220010904,-0.5456882946231412,-0.3156294300928266,-0.1735535583055952,8.065615279275447,4.697691732451248,0.6319377314879996,3.367923546824201,-0.4998994955259451,-0.8935423925778475,-0.0895525025403305,-0.3586013638192708,-0.2156932410668965,-0.3722094983548699,-1.3338669357850257,,1,0,0,,,,,,1,"Immune Cold (Low TIS & Infiltration, Desert)",77.37456595880747,52.48501315554094,Arm B: Targeted Therapy,BRAF + MEK Inhibitor (Dabrafenib + Trametinib; Q2 Sens: 77.4/100),BRAF V600E / MAPK Pathway
RIAZ_PT67_ON,RIAZ_PT67,Riaz 2017,33.9,0.0,Stable Disease,,33.0,White,Female,,1,-0.7704038754882218,-0.5035184599511311,0.1867940288906988,-0.354674572096221,0.3043721392334694,-17.0955562986613,-9.325235014105454,0.5,-7.7703212845558465,0.3099086047121692,-0.7819654683421046,-0.0505240104864792,0.395369946588824,-1.268300381071481,-1.4503567204058174,-1.2581452193965794,,0,0,0,,,,,,1,"Immune Cold (Low TIS & Infiltration, Desert)",30.892433278999665,61.05448436487181,Arm C: Combination/Reversal,Anti-PD-1 + AXL Inhibitor (Bemcentinib) [STING / Type-I IFN Priming],AXL / STING Pathway
RIAZ_PT67_PRE,RIAZ_PT67,Riaz 2017,33.9,0.0,Stable Disease,,33.0,White,Female,,1,-0.8981205191241626,-0.5391022763501524,0.1979753125521609,-0.6557442682229023,0.3472432340706411,-4.886165458419402,-0.244437790805406,0.5,-4.641727667614004,0.310333529410809,-0.3462635520349129,-0.1261101872263711,0.8346179981879076,-0.8657012078149618,-1.1357215240951992,-0.9618302762934192,,0,0,0,,,,,,1,"Immune Cold (Low TIS & Infiltration, Desert)",49.6687167944048,55.67798914979533,Arm C: Combination/Reversal,Anti-PD-1 + AXL Inhibitor (Bemcentinib) [STING / Type-I IFN Priming],AXL / STING Pathway
RIAZ_PT68_ON,RIAZ_PT68,Riaz 2017,27.66,0.0,Partial Response,1.0,69.0,White,Male,,1,-0.8701472097590666,-1.1651794588817854,-0.8584965327600567,-1.325364906115466,-0.8430292554430632,-5.768673653879941,-16.138994786862877,0.5,10.370321132982928,-0.7255340527252662,-0.5834221409278908,-0.6190927746009681,0.4035287999250488,-0.4220437148721336,-0.7065803929295447,-0.405939756493576,,0,0,0,,,,,,1,"Immune Cold (Low TIS & Infiltration, Desert)",38.02746810361724,41.42483774041195,Arm C: Combination/Reversal,Anti-PD-1 + AXL Inhibitor (Bemcentinib) [STING / Type-I IFN Priming],AXL / STING Pathway
RIAZ_PT69_ON,RIAZ_PT69,Riaz 2017,,,,,,,,,1,0.7163362424875751,0.8320901484714156,1.091097706833862,0.5736550479088066,0.9871940062523288,-6.610640388284354,1.69026935400928,0.5,-8.300909742293644,1.0109607918221266,0.9131375088923844,0.4116079325901506,0.9786405222049704,0.3873272537000475,0.960852356585379,1.2945746515953462,,0,0,0,,,,,,0,Mutant-Driven (NF1 Loss & High Response Subtype),72.06811478686042,80.02271741339119,Arm A: Immunotherapy,Anti-PD-1 Monotherapy (Pembrolizumab / Nivolumab),N/A (Arm A Candidate)
RIAZ_PT72_PRE,RIAZ_PT72,Riaz 2017,25.3,1.0,Partial Response,1.0,43.0,White,Female,,1,-0.8262653448112776,-0.8144608428807901,-1.6507642687097297,-1.0727149003059029,-2.959459871832164,-12.879395943570442,-20.21965314734864,0.5,7.340257203778218,-2.2685626369057115,-1.339718278753233,-1.660621611310079,-1.570388595361097,-1.762982963556448,-0.6122312272422022,-1.0564538268769912,,1,0,0,,,,,,2,"Immune Hot (High TIS & CYT, Inflamed Microenvironment)",57.92416908352615,35.05931063151345,Arm A: Immunotherapy,Anti-PD-1 Monotherapy (Pembrolizumab / Nivolumab),N/A (Arm A Candidate)
RIAZ_PT76_PRE,RIAZ_PT76,Riaz 2017,0.33,1.0,,,60.0,White,Male,,1,1.1262194172820323,-1.3594252208867006,-0.2462239069944021,-1.6947453407298465,-0.8187504693905971,-14.393324108277511,-8.009416535434335,0.5,-6.383907572843194,-0.8925484510125103,-2.382545612432424,-1.0811454121735296,-1.7761740654798743,-0.8986709275416718,-1.0576056147510884,0.2213092737567611,,0,1,0,,,,,,1,"Immune Cold (Low TIS & Infiltration, Desert)",29.865175011755973,37.50778310074873,Arm B: Targeted Therapy,MEK + CDK4/6 Inhibitor (Binimetinib + Ribociclib),NRAS / MAPK / Cell Cycle
RIAZ_PT77_ON,RIAZ_PT77,Riaz 2017,15.47,1.0,Stable Disease,,56.0,White,Female,,1,0.6469278902945259,0.695225825484514,0.8431227626454705,0.6442081546466,0.8962070530506256,3.881526902828962,15.24313798530346,0.2029592113395721,-11.361611082474502,1.0280890731764998,1.2425729378082089,0.6198663575216979,1.60726435648862,0.954645081207622,-0.1007388005200097,1.185251221520237,,0,0,0,,,,,,0,Mutant-Driven (NF1 Loss & High Response Subtype),77.17892448863604,74.2462688328657,Arm A: Immunotherapy,Anti-PD-1 Monotherapy (Pembrolizumab / Nivolumab),N/A (Arm A Candidate)
RIAZ_PT77_PRE,RIAZ_PT77,Riaz 2017,15.47,1.0,Stable Disease,,56.0,White,Female,,1,1.247768521295424,0.6802946952159277,0.5227380274848172,0.6640955157562116,0.7739952877640385,-0.2259699644385652,6.09037935018336,-0.0385324334600263,-6.316349314621911,0.8275211266071373,0.824690840143523,0.9399130379502988,1.433095662013061,0.8577083267781338,-0.3202076988440694,0.2593291852942175,,1,0,0,,,,,,0,Mutant-Driven (NF1 Loss & High Response Subtype),75.75647048997295,74.64101345171957,Arm A: Immunotherapy,Anti-PD-1 Monotherapy (Pembrolizumab / Nivolumab),N/A (Arm A Candidate)
RIAZ_PT78_ON,RIAZ_PT78,Riaz 2017,2.56,1.0,Progressive Disease,0.0,,,,,1,-0.4008257547491674,-0.1594651603991988,0.0930624765026887,0.0474953111886485,0.1079732205177902,0.5156942679218225,0.5621059741936557,0.4784692448292934,-0.046411706271836,0.0523234489867269,0.1663819310314782,0.8943936162067342,-0.4749576020703657,-0.5272945070211791,0.315024299977688,0.4541097158830438,,0,0,0,,,,,,1,"Immune Cold (Low TIS & Infiltration, Desert)",52.977047613217046,62.57516331178953,Arm C: Combination/Reversal,Anti-PD-1 + AXL Inhibitor (Bemcentinib) [STING / Type-I IFN Priming],AXL / STING Pathway
RIAZ_PT78_PRE,RIAZ_PT78,Riaz 2017,2.56,1.0,Progressive Disease,0.0,,,,,1,-3.105584663552027,-2.119447050975039,-2.976055310600338,-1.8953186117834435,-1.6812909866755894,-10.735565473512954,-32.50400539882577,0.5,21.768439925312776,-1.5505354591355691,-0.5061598318844929,-0.0496918303761303,-1.386346683282967,-2.323206337739016,-1.9224417502308249,-0.8199537681801028,,0,0,0,,,,,,2,"Immune Hot (High TIS & CYT, Inflamed Microenvironment)",48.39213034141139,23.2150280287749,Arm A: Immunotherapy,Anti-PD-1 Monotherapy (Pembrolizumab / Nivolumab),N/A (Arm A Candidate)
RIAZ_PT79_ON,RIAZ_PT79,Riaz 2017,7.16,1.0,Stable Disease,,64.0,White,Male,,1,-0.2003454179782111,0.3676301883201213,-0.0130542775871576,0.4318209605245978,0.2500563168779209,10.5610723622164,9.586070159951891,0.5241970344229137,0.9750022022645036,0.1845648486101248,-0.1797906860780787,0.2578576312870234,-0.3052897504302747,0.0259270877808316,-0.1686378010754231,-0.2505405025695862,,0,0,0,,,,,,1,"Immune Cold (Low TIS & Infiltration, Desert)",65.64367129975517,66.42491012137121,Arm A: Immunotherapy,Anti-PD-1 Monotherapy (Pembrolizumab / Nivolumab),N/A (Arm A Candidate)
RIAZ_PT79_PRE,RIAZ_PT79,Riaz 2017,7.16,1.0,Stable Disease,,64.0,White,Male,,1,-0.5573777158638497,0.0942160764581016,-0.1515065574019774,0.0942679587789513,0.0081581704264857,-1.6196171534750468,-2.832362452095236,0.5,1.2127452986201936,-0.07312849099126,-0.7543521781868514,-0.3329682356137125,-1.1169622478334642,-0.263498055138216,-0.972044834611862,-0.6390224249148688,,0,0,0,,,,,,1,"Immune Cold (Low TIS & Infiltration, Desert)",61.3104961560162,63.78757009234987,Arm C: Combination/Reversal,Anti-PD-1 + AXL Inhibitor (Bemcentinib) [STING / Type-I IFN Priming],AXL / STING Pathway
RIAZ_PT80_ON,RIAZ_PT80,Riaz 2017,,,,,,,,,1,0.6156306522334862,0.6070451394756036,0.5812451152191946,0.6262146370896061,0.7087401374536043,18.258233607944508,11.396612240357776,0.6156914017136857,6.861621367586732,0.6505582895966531,0.3106379252902388,0.623323176230527,0.1422381479070262,0.5493087073811699,0.1537954133040703,-0.3036374752581805,,0,0,0,,,,,,0,Mutant-Driven (NF1 Loss & High Response Subtype),82.77016515774692,73.51066669479853,Arm A: Immunotherapy,Anti-PD-1 Monotherapy (Pembrolizumab / Nivolumab),N/A (Arm A Candidate)
RIAZ_PT81_ON,RIAZ_PT81,Riaz 2017,,,,,,,,,1,0.5409461056880646,0.9740206057691108,1.0609159078835488,1.0917952231678305,0.9528420080761644,3.866906313951828,11.051710243724546,0.2592000604749179,-7.184803929772721,0.9965720753089726,0.4660661231387186,0.5102464594292608,-0.0280190090762534,0.2353465817548346,0.2821422288622632,0.5289710674823079,,0,0,0,,,,,,0,Mutant-Driven (NF1 Loss & High Response Subtype),65.30817193589691,82.33597736564457,Arm A: Immunotherapy,Anti-PD-1 Monotherapy (Pembrolizumab / Nivolumab),N/A (Arm A Candidate)
RIAZ_PT82_ON,RIAZ_PT82,Riaz 2017,14.09,1.0,Stable Disease,,60.0,White,Female,,1,0.7860126002093558,0.7587293406779875,0.6007761520894563,0.7391821237557995,0.6217156223260649,7.706921277930475,9.953342169328316,0.436398998290523,-2.246420891397862,0.6272129305407389,0.642309259949162,0.3039391389118455,0.5913960510353452,0.5725739450590601,0.5736667488014516,0.0033333717476323,,0,0,0,,,,,,0,Mutant-Driven (NF1 Loss & High Response Subtype),68.17322816302183,75.19922388908897,Arm A: Immunotherapy,Anti-PD-1 Monotherapy (Pembrolizumab / Nivolumab),N/A (Arm A Candidate)
RIAZ_PT82_PRE,RIAZ_PT82,Riaz 2017,14.09,1.0,Stable Disease,,60.0,White,Female,,1,0.1349605555788974,0.2497100569696689,0.0032231812671302,0.2419755669065912,0.2562267390986273,4.242592278689663,0.4386975024907475,0.9062870441700944,3.803894776198917,0.2657346135241177,0.2611330077754571,0.0949454380517565,0.3353398884437255,0.3499779712963538,0.3175846076976539,0.2788103657967564,,0,0,0,,,,,,0,Mutant-Driven (NF1 Loss & High Response Subtype),79.1354453959207,67.34457278673383,Arm C: Combination/Reversal,Anti-PD-1 + MDM2 Antagonist (Idasanutlin) [p53 Reactivation],MDM2 (p53 Activation)
RIAZ_PT84_ON,RIAZ_PT84,Riaz 2017,4.96,1.0,Progressive Disease,0.0,48.0,White,Female,,1,-1.424040867899921,-2.1101746711662206,-2.0161973086962863,-2.5372356649452192,-2.9168065541959924,3.6839620653088816,-16.81492303954361,0.5,20.498885104852544,-2.7723408109215435,-1.7175708953405,-0.148492884323589,-0.840945586687214,-1.4665125085816333,-1.1837823212016936,0.1742235110922646,,0,0,0,,,,,,2,"Immune Hot (High TIS & CYT, Inflamed Microenvironment)",46.47169676495846,12.329772551910876,Arm A: Immunotherapy,Anti-PD-1 Monotherapy (Pembrolizumab / Nivolumab),N/A (Arm A Candidate)
RIAZ_PT84_PRE,RIAZ_PT84,Riaz 2017,4.96,1.0,Progressive Disease,0.0,48.0,White,Female,,1,-1.2575926849576513,-2.98631608089642,-2.484514899143044,-3.47966936011877,-2.3265582160514926,-0.3586988454874162,-19.58705520174367,0.5,19.22835635625626,-2.4915229774212104,-1.6970811567630772,-0.8906421833848842,-1.1954803775685214,-2.03113261929023,-1.4368098088486,-0.1847461078078532,,0,0,0,,,,,,2,"Immune Hot (High TIS & CYT, Inflamed Microenvironment)",47.72542042968511,0.0,Arm A: Immunotherapy,Anti-PD-1 Monotherapy (Pembrolizumab / Nivolumab),N/A (Arm A Candidate)
RIAZ_PT85_ON,RIAZ_PT85,Riaz 2017,29.7,0.0,Progressive Disease,0.0,66.0,White,Male,,1,-1.9886011219739688,-1.1096186051770602,-0.8310280602661799,-0.9710229788015236,-0.84310420594108,-0.9577441621397668,-6.365203616048277,0.5,5.407459453908486,-0.7194939471044621,-0.4884760777676318,-1.4440411326961158,0.4204645218667679,-0.5256366350211219,-0.4697104547132767,-0.049637384094481,,0,0,0,,,,,,1,"Immune Cold (Low TIS & Infiltration, Desert)",70.96547907779602,42.42662160710479,Arm C: Combination/Reversal,Anti-PD-1 + AXL Inhibitor (Bemcentinib) [STING / Type-I IFN Priming],AXL / STING Pathway
RIAZ_PT85_PRE,RIAZ_PT85,Riaz 2017,29.7,0.0,Progressive Disease,0.0,66.0,White,Male,,1,-2.695131382490569,-1.524141542056526,-2.867839931855033,-1.4818222365206997,-3.0727363331046083,-15.5705784003595,-22.43325831344492,0.5,6.862679913085349,-2.9119247018376244,-1.6306846309108078,-3.132140933149396,-0.809478906583664,-0.7980990325961888,-0.6080444151071825,-1.2023268818777166,,0,1,0,,,,,,2,"Immune Hot (High TIS & CYT, Inflamed Microenvironment)",56.67641767988911,22.40450579210141,Arm A: Immunotherapy,Anti-PD-1 Monotherapy (Pembrolizumab / Nivolumab),N/A (Arm A Candidate)
RIAZ_PT87_ON,RIAZ_PT87,Riaz 2017,32.0,0.0,Stable Disease,,68.0,White,Male,,1,1.509899227197261,1.4628511568122653,1.092611693486709,1.444001865815418,1.095431183539679,-3.836359650599379,13.96255817004316,-0.3788548726585803,-17.798917820642526,1.0731063397746885,1.0948915832407242,1.0908584571954754,1.0529418719998045,0.9225155537488908,1.39369124573923,0.2264010993501662,,0,0,0,,,,,,0,Mutant-Driven (NF1 Loss & High Response Subtype),75.76089845349094,86.91225478909388,Arm A: Immunotherapy,Anti-PD-1 Monotherapy (Pembrolizumab / Nivolumab),N/A (Arm A Candidate)
RIAZ_PT89_ON,RIAZ_PT89,Riaz 2017,27.73,1.0,Stable Disease,,56.0,White,Male,,1,0.2170748451293578,0.5256703647212367,0.3308646108706936,0.6358098447813368,0.1924690397250356,14.224436707736878,12.905346193450006,0.5243107458524698,1.3190905142868838,0.2123500130678152,0.2649594458201099,0.3526516742831513,0.1239689166522989,0.6028524019653634,0.5934633372286401,0.9731229595146236,,0,0,0,,,,,,0,Mutant-Driven (NF1 Loss & High Response Subtype),78.55077731639228,69.52672888591978,Arm A: Immunotherapy,Anti-PD-1 Monotherapy (Pembrolizumab / Nivolumab),N/A (Arm A Candidate)
RIAZ_PT89_PRE,RIAZ_PT89,Riaz 2017,27.73,1.0,Stable Disease,,56.0,White,Male,,1,-0.9139292332202904,-0.4588970550546414,-0.2784518821428153,-0.3332285471253917,-0.3021846195475533,11.463084008926192,8.798468699885643,0.5657554568333181,2.664615309040563,-0.2722088187085122,-0.0635077439171299,0.0605269259993618,-0.1651992531314908,0.0813959232030971,0.1044923967784086,1.1126705807263888,,0,0,0,,,,,,1,"Immune Cold (Low TIS & Infiltration, Desert)",78.16511583248584,52.07143477181282,Arm C: Combination/Reversal,Anti-PD-1 + AXL Inhibitor (Bemcentinib) [STING / Type-I IFN Priming],AXL / STING Pathway
RIAZ_PT8_ON,RIAZ_PT8,Riaz 2017,8.51,1.0,Progressive Disease,0.0,40.0,White,Male,,1,-0.0874603966631117,0.2280411045417802,0.1923937902243658,0.3712554120320216,0.3235769530327115,-1.3479997233971566,-0.7143174612092673,0.5,-0.6336822621878927,0.2333808643658754,-0.2031154769159281,0.2418727053614576,-0.1289526727465833,0.150004522381332,-0.3431321643829467,-0.1326463876081449,,0,0,0,,,,,,1,"Immune Cold (Low TIS & Infiltration, Desert)",63.21779667255619,69.22665561352473,Arm C: Combination/Reversal,Anti-PD-1 + AXL Inhibitor (Bemcentinib) [STING / Type-I IFN Priming],AXL / STING Pathway
RIAZ_PT8_PRE,RIAZ_PT8,Riaz 2017,8.51,1.0,Progressive Disease,0.0,40.0,White,Male,,1,-0.525806027687504,0.0114127358963543,0.2569952609394743,0.0983598930558374,0.2650473493284223,4.8548570948901135,5.308254025282528,0.4776939893192513,-0.4533969303924225,0.2429940704701625,0.0739620485595603,0.3036751306615443,0.6282560789787216,0.3468226587595499,0.1730734304608143,1.2804865848614184,,0,0,0,,,,,,0,Mutant-Driven (NF1 Loss & High Response Subtype),76.03191684098157,63.899006668813726,Arm C: Combination/Reversal,Anti-PD-1 + MDM2 Antagonist (Idasanutlin) [p53 Reactivation],MDM2 (p53 Activation)
RIAZ_PT90_PRE,RIAZ_PT90,Riaz 2017,5.72,1.0,Progressive Disease,0.0,60.0,White,Female,,1,0.5604687424786842,0.235168152116236,0.6034416330371171,0.1601121103797538,0.5157379714052954,2.2152844921255133,4.2600530868538,0.342111042877042,-2.0447685947282963,0.4782729754977155,0.3171361171932895,0.4995470921875691,0.3108435946934854,0.2886315051712869,0.4812299235535459,-0.3704322385665018,,0,1,0,,,,,,0,Mutant-Driven (NF1 Loss & High Response Subtype),70.29430779301315,68.17610891755461,Arm B: Targeted Therapy,MEK + CDK4/6 Inhibitor (Binimetinib + Ribociclib),NRAS / MAPK / Cell Cycle
RIAZ_PT92_ON,RIAZ_PT92,Riaz 2017,10.94,1.0,Stable Disease,,58.0,White,Male,,1,1.406586556780607,1.3758887037833047,1.3110393895809564,1.4020435608051367,1.2156324359670505,-3.979856180135524,10.12893702877279,-0.6472278179620169,-14.108793208908308,1.2027134770964076,0.8111837263340324,0.8378624123708214,0.9157216216718416,0.8422786946831152,0.3119759515748621,-0.3271661154640203,,1,1,0,,,,,,0,Mutant-Driven (NF1 Loss & High Response Subtype),62.98793429550603,88.16333792271514,Arm A: Immunotherapy,Anti-PD-1 Monotherapy (Pembrolizumab / Nivolumab),N/A (Arm A Candidate)
RIAZ_PT92_PRE,RIAZ_PT92,Riaz 2017,10.94,1.0,Stable Disease,,58.0,White,Male,,1,1.0075720188120896,0.8662111091584649,0.8337158404203253,0.9363078002349764,0.7135493843689296,4.313615932700466,7.133372577087694,0.3768341279465733,-2.8197566443872226,0.7025847571796064,0.3687973509426387,0.6028487056016096,0.5756380567672438,0.6803318606387844,0.0400523892086749,0.3459555822955439,,1,1,0,,,,,,0,Mutant-Driven (NF1 Loss & High Response Subtype),71.9774292166672,79.69259284011464,Arm A: Immunotherapy,Anti-PD-1 Monotherapy (Pembrolizumab / Nivolumab),N/A (Arm A Candidate)
RIAZ_PT93_ON,RIAZ_PT93,Riaz 2017,27.89,0.0,Progressive Disease,0.0,52.0,White,Male,,1,-0.8168577852257808,-0.4818733453141809,-0.4590688078855214,-0.3898962658784781,-0.5255224326378197,-5.898172358170542,-15.225791324632116,0.5,9.327618966461564,-0.6856491955468842,-0.4001712151331224,-0.8846933598716848,-1.335910660135446,-1.2184686921332626,-0.7423880627936217,-0.3242398322612089,,0,1,0,,,,,,1,"Immune Cold (Low TIS & Infiltration, Desert)",51.45381181526145,56.42163667602354,Arm B: Targeted Therapy,MEK + CDK4/6 Inhibitor (Binimetinib + Ribociclib),NRAS / MAPK / Cell Cycle
RIAZ_PT94_ON,RIAZ_PT94,Riaz 2017,32.23,0.0,Complete Response,1.0,41.0,White,Male,,1,-0.0781513377227736,0.2424034002809189,0.4370871607500932,0.2912842558004834,0.3620914322565856,3.900698364803441,0.6304616093359516,0.860860880451325,3.270236755467479,0.2707601092821984,0.1396102923158103,0.2719788336147405,-0.4461317674546532,-0.1306688598198631,0.5364196721983705,0.402836936349914,,0,0,0,,,,,,0,Mutant-Driven (NF1 Loss & High Response Subtype),57.22170742756303,69.9972733478025,Arm C: Combination/Reversal,Anti-PD-1 + MDM2 Antagonist (Idasanutlin) [p53 Reactivation],MDM2 (p53 Activation)
RIAZ_PT94_PRE,RIAZ_PT94,Riaz 2017,32.23,0.0,Complete Response,1.0,41.0,White,Male,,1,-0.8950354687085572,-0.5729202317079723,0.2973396512003747,-0.6229434008554003,0.2574119100269748,13.529114869149131,1.905382594070448,0.8765503963694979,11.623732275078718,0.3578360584254797,0.2236023474227804,0.5167973283135051,0.8322958794170175,0.173570167522839,0.1413745654737614,0.792376454005718,,1,0,0,,,,,,0,Mutant-Driven (NF1 Loss & High Response Subtype),67.09188105474422,55.9358932825121,Arm B: Targeted Therapy,BRAF + MEK Inhibitor (Dabrafenib + Trametinib; Q2 Sens: 67.1/100),BRAF V600E / MAPK Pathway
RIAZ_PT98_ON,RIAZ_PT98,Riaz 2017,24.54,1.0,Stable Disease,,74.0,White,Male,,1,1.0299710624596297,0.6100120668063915,0.5394471973614463,0.5337128541601903,0.4520296193448417,0.115566548451334,2.095635956741782,0.0522641179086584,-1.980069408290449,0.4389835730938669,0.1749124491675649,0.145215703126863,-0.1487789658686298,-0.0546720804693321,0.1989528885920152,-0.5872669877654042,,0,0,0,,,,,,0,Mutant-Driven (NF1 Loss & High Response Subtype),49.69261461705044,73.17607064251773,Arm A: Immunotherapy,Anti-PD-1 Monotherapy (Pembrolizumab / Nivolumab),N/A (Arm A Candidate)
RIAZ_PT98_PRE,RIAZ_PT98,Riaz 2017,24.54,1.0,Stable Disease,,74.0,White,Male,,1,-0.2344547371335141,-0.5707782617679679,-0.4370001430464509,-0.7296919977227013,-0.6125459755907541,-0.3996078390020582,-9.79128429019248,0.5,9.391676451190444,-0.5283400137788808,-0.4567699207611884,-0.1565551911269893,-0.7951377430087955,-0.2956921278430593,-0.624306457919902,-0.8106824601510177,,0,0,0,,,,,,1,"Immune Cold (Low TIS & Infiltration, Desert)",55.64875663274622,50.994234246079635,Arm C: Combination/Reversal,Anti-PD-1 + AXL Inhibitor (Bemcentinib) [STING / Type-I IFN Priming],AXL / STING Pathway
RIAZ_PT9_ON,RIAZ_PT9,Riaz 2017,3.02,1.0,Progressive Disease,0.0,46.0,White,Male,,1,-1.2945979270070849,-1.1251733983174232,-0.9134454317622982,-1.1994389559845793,0.0179692653526517,18.33722272595304,10.568379598105826,0.6343830002355807,7.768843127847202,-0.4358814879033039,0.0915315371383305,-0.3249998299489525,-0.8424918636598396,-0.1630887127854481,0.2448255081606163,0.5161386003605177,,1,0,0,,,,,,1,"Immune Cold (Low TIS & Infiltration, Desert)",77.23615003652372,38.55439596254402,Arm B: Targeted Therapy,BRAF + MEK Inhibitor (Dabrafenib + Trametinib; Q2 Sens: 77.2/100),BRAF V600E / MAPK Pathway
RIAZ_PT9_PRE,RIAZ_PT9,Riaz 2017,3.02,1.0,Progressive Disease,0.0,46.0,White,Male,,1,-0.7547737726404534,-1.2588741759196205,-0.7448217589289126,-1.616001611654157,0.0642980247516116,14.691065174737592,9.317060903796923,0.6119205275197535,5.374004270940663,-0.4020076897074826,0.0107211772374062,-0.325794958610312,-1.087071416779822,-0.2769704220723631,0.1594079847645129,0.643451163322969,,1,0,0,,,,,,1,"Immune Cold (Low TIS & Infiltration, Desert)",73.51883196436265,35.192629613852745,Arm B: Targeted Therapy,BRAF + MEK Inhibitor (Dabrafenib + Trametinib; Q2 Sens: 73.5/100),BRAF V600E / MAPK Pathway
TCGA-D3-A1Q1-06,TCGA-D3-A1Q1,TCGA-SKCM,16.56968143,1.0,,,79.0,White,Female,Metastatic,1,-1.0782015519155728,-1.2775043706580524,-1.2964401337600224,-1.1263168168935744,-1.362040235530336,1.7093697754750996,-15.375963056350502,0.5,17.08533283182564,-1.6650105423356354,-2.0125710251742954,-0.6682314476394261,-1.2717418099598996,-0.8340551708382732,-0.4770351738972959,-0.8134680168828522,,0,1,0,,,,,,2,"Immune Hot (High TIS & CYT, Inflamed Microenvironment)",45.461936014597335,38.5929537601657,Arm A: Immunotherapy,Anti-PD-1 Monotherapy (Pembrolizumab / Nivolumab),N/A (Arm A Candidate)
TCGA-D3-A1Q6-06,TCGA-D3-A1Q6,TCGA-SKCM,71.80195286,1.0,,,55.0,White,Male,Metastatic,1,-0.8874825998465059,-0.5028626960943684,-0.5818444577573147,-0.2996757399539559,-0.730878763190349,-5.330388710565638,0.564075197350769,0.5,-5.894463907916418,-0.606661536290842,0.1102065212308716,-0.3356516992632157,-0.8070840216208852,-0.2199901317160965,0.0207614066442261,-0.971834774757677,,1,0,0,,,,,,1,"Immune Cold (Low TIS & Infiltration, Desert)",98.69030637151019,51.38585253372007,Arm B: Targeted Therapy,BRAF + MEK Inhibitor (Dabrafenib + Trametinib; Q2 Sens: 98.7/100),BRAF V600E / MAPK Pathway
TCGA-D3-A2JC-06,TCGA-D3-A2JC,TCGA-SKCM,86.76069303,0.0,,,53.0,White,Female,Metastatic,1,0.6352316331794116,0.706914487172873,0.3169350999698285,0.802976949678446,0.4975946823793263,1.4488143075901032,7.015133780138801,0.1711747629561439,-5.566319472548701,0.417690548940631,0.3605669695482374,0.2728141429246118,-0.3727107321447225,0.3915931465685803,0.0869391814543674,-0.2424098588506589,,0,0,1,,,,,,3,M2 Immunosuppressive (Depleted T-cells & Stromal Exclusion),82.21838632776421,74.19334838347368,Arm A: Immunotherapy,Anti-PD-1 Monotherapy (Pembrolizumab / Nivolumab),N/A (Arm A Candidate)
TCGA-D3-A2JH-06,TCGA-D3-A2JH,TCGA-SKCM,42.08173061,0.0,,,68.0,White,Male,Metastatic,1,0.8452666485767951,1.1837885844933136,1.604595639896544,1.321231814075624,1.7220977028201865,3.4124682782089546,11.360072216608096,0.231000773320352,-7.947603938399148,1.5289348978893496,0.5594545279947493,0.5121148189560206,0.0484401570984422,0.4400446227476132,0.3877096189666781,-0.3036918777312948,,1,0,0,,,,,,0,Mutant-Driven (NF1 Loss & High Response Subtype),62.2153630923429,90.7951085882967,Arm A: Immunotherapy,Anti-PD-1 Monotherapy (Pembrolizumab / Nivolumab),N/A (Arm A Candidate)
TCGA-D3-A2JN-06,TCGA-D3-A2JN,TCGA-SKCM,66.47598383,1.0,,,46.0,White,Female,Metastatic,1,-1.1078837463388782,0.0729548536087693,0.8301477246857567,0.4328136846285442,0.7315193498370489,7.703462221142037,7.205476077403327,0.5167009257724038,0.4979861437387243,0.7359440872149865,0.013815402974405,0.7125677006144113,1.3223702853726291,0.0475774997856228,-0.1837906024042233,1.0099447728815911,,1,0,0,,,,,,0,Mutant-Driven (NF1 Loss & High Response Subtype),66.77978314055348,71.2572016202489,Arm B: Targeted Therapy,BRAF + MEK Inhibitor (Dabrafenib + Trametinib; Q2 Sens: 66.8/100),BRAF V600E / MAPK Pathway
TCGA-D3-A2JP-06,TCGA-D3-A2JP,TCGA-SKCM,59.5719499,0.0,,,37.0,White,Male,Metastatic,1,-0.4821397475606128,0.3169579653541082,0.7275195918779445,0.4375262344303067,0.6101515576862035,4.190334260267522,2.352618350128233,0.6404347562612206,1.8377159101392868,0.6516653823146877,0.3488766512271921,0.3351612071029239,-0.2318924771832542,-0.2691970647943946,0.136903832498058,-0.2004754337608754,,1,1,0,,,,,,0,Mutant-Driven (NF1 Loss & High Response Subtype),57.30260161954337,73.15587892288401,Arm B: Targeted Therapy,BRAF + MEK Inhibitor (Dabrafenib + Trametinib; Q2 Sens: 57.3/100),BRAF V600E / MAPK Pathway
TCGA-D3-A3C7-06,TCGA-D3-A3C7,TCGA-SKCM,46.98030707,0.0,,,57.0,White,Female,Metastatic,1,-0.9056867528030328,0.0654034557158391,0.5090509156404762,0.0975414559579827,0.5385832920469761,1.90358405617672,6.197748984618184,0.234971707321631,-4.294164928441452,0.4576893576709135,0.4256269093490323,0.7414822815155135,-0.0900232058699878,0.6998518579500281,0.6427580001290094,0.1877257978767957,,1,0,0,,,,,,0,Mutant-Driven (NF1 Loss & High Response Subtype),72.66781398613173,65.68510876722215,Arm B: Targeted Therapy,BRAF + MEK Inhibitor (Dabrafenib + Trametinib; Q2 Sens: 72.7/100),BRAF V600E / MAPK Pathway
TCGA-D3-A3MV-06,TCGA-D3-A3MV,TCGA-SKCM,45.30361311,0.0,,,38.0,White,Female,Metastatic,1,-1.1299757301975055,-1.206696629252762,-0.970313458837744,-1.1045971147078766,-0.8667410315420626,6.871140965128427,-2.94124038248045,1.7484261549686926,9.812381347608897,-1.1309225871261763,-1.0958411487630375,0.0180026893991926,-1.5805298667619967,-0.4811044872816984,0.1979378314671856,-0.1243775688514199,,0,1,0,,,,,,1,"Immune Cold (Low TIS & Infiltration, Desert)",81.36404060172929,41.04998151618291,Arm B: Targeted Therapy,MEK + CDK4/6 Inhibitor (Binimetinib + Ribociclib),NRAS / MAPK / Cell Cycle
TCGA-D3-A5GT-01,TCGA-D3-A5GT,TCGA-SKCM,16.01078344,0.0,,,43.0,White,Male,Primary,1,-2.4194287189121684,-2.0859037594181347,-1.8492497292229768,-1.9967385160383144,-2.309996223252769,-7.781949658681526,-16.230874274259325,0.5,8.448924615577813,-2.023886551077542,-1.8113231632629043,-0.5680138590667173,-1.5682605948827166,-1.34834928667841,-1.5565972551374487,-0.715529395281761,,1,0,0,,,,,,2,"Immune Hot (High TIS & CYT, Inflamed Microenvironment)",44.435935246330494,20.47888659399961,Arm A: Immunotherapy,Anti-PD-1 Monotherapy (Pembrolizumab / Nivolumab),N/A (Arm A Candidate)
TCGA-D3-A8GB-06,TCGA-D3-A8GB,TCGA-SKCM,30.83801821,1.0,,,48.0,White,Male,Metastatic,1,-0.0492413270770465,0.791643736276588,0.802494861955783,0.9830790757955994,1.0119608406858622,11.14075669352499,20.34581745959045,0.3538256222905936,-9.205060766065516,1.0914167408491546,0.6339748656212008,0.678296298214821,1.670213808787835,0.8588604219022962,0.5860154548779272,1.0070833163504769,,1,0,0,,,,,,0,Mutant-Driven (NF1 Loss & High Response Subtype),84.53360201833702,77.00580304042924,Arm A: Immunotherapy,Anti-PD-1 Monotherapy (Pembrolizumab / Nivolumab),N/A (Arm A Candidate)
TCGA-D3-A8GN-06,TCGA-D3-A8GN,TCGA-SKCM,160.9954959,0.0,,,27.0,White,Female,Metastatic,1,0.6358296330925045,0.9197406502380936,0.821250028269632,1.0031555386123163,0.8979817593676287,0.5346583696292597,10.940633152321764,0.0465921383004967,-10.405974782692486,0.818667303696502,0.3063629195395665,0.3935247696343339,1.162748000998962,0.2224311780977932,0.2130123213673299,0.3881366153449256,,1,0,0,,,,,,0,Mutant-Driven (NF1 Loss & High Response Subtype),74.4554209374822,79.6249625461954,Arm A: Immunotherapy,Anti-PD-1 Monotherapy (Pembrolizumab / Nivolumab),N/A (Arm A Candidate)
TCGA-D9-A148-06,TCGA-D9-A148,TCGA-SKCM,151.5271066,0.0,,,40.0,White,Male,Metastatic,1,0.8191877484364528,0.1638133748592025,-0.1521338744189321,0.1501288793880469,0.1156346797682739,-1.3552046407416185,-1.699408184497472,0.5,0.3442035437558486,-0.0909691037076326,-0.2352507813701376,-0.3482525727540477,-0.0799654612042932,0.3653799833446285,-0.8466316028420702,-0.0690738410897567,,1,0,0,,,,,,1,"Immune Cold (Low TIS & Infiltration, Desert)",48.091030949468475,64.75027444585044,Arm B: Targeted Therapy,BRAF + MEK Inhibitor (Dabrafenib + Trametinib; Q2 Sens: 48.1/100),BRAF V600E / MAPK Pathway
TCGA-DA-A1I1-06,TCGA-DA-A1I1,TCGA-SKCM,222.5071506,0.0,,,55.0,White,Male,Metastatic,1,0.8403976159019844,0.8596279490227451,0.2547703898415254,0.8741756332057264,0.2518707091541013,-0.992028216027313,6.778189291672116,-0.1714484272141978,-7.770217507699415,0.2428215551302101,0.6544631155785968,0.1907198182802557,0.4028038541669572,0.800080224944631,0.3817181566404614,0.0871338142915428,,1,1,0,,,,,,0,Mutant-Driven (NF1 Loss & High Response Subtype),78.10113982303753,73.90946777495684,Arm A: Immunotherapy,Anti-PD-1 Monotherapy (Pembrolizumab / Nivolumab),N/A (Arm A Candidate)
TCGA-DA-A3F2-06,TCGA-DA-A3F2,TCGA-SKCM,33.92839531,1.0,,,55.0,White,Male,Metastatic,1,-0.1811675279817561,0.4815172335425056,2.1141693106006363,0.0992548622140098,1.857827466253044,-5.034221671433542,2.162190368234588,0.5,-7.196412039668129,1.9355114004602885,1.674546880066602,0.9730556172552006,1.4996804165810502,1.047055472406737,1.087301358539129,2.181993210797185,,0,0,0,,,,,,0,Mutant-Driven (NF1 Loss & High Response Subtype),90.27132228569201,81.5741502695582,Arm A: Immunotherapy,Anti-PD-1 Monotherapy (Pembrolizumab / Nivolumab),N/A (Arm A Candidate)
TCGA-DA-A3F5-06,TCGA-DA-A3F5,TCGA-SKCM,225.9591676,1.0,,,45.0,White,Male,Metastatic,1,-0.48527291896443,-1.1123162221319614,-0.5768231370278972,-1.2068734204505371,-0.7992041805539096,1.1793653058912494,-3.36400217919697,0.5,4.543367485088217,-0.9398623990986656,-0.6151199273895122,-0.508342309675437,-1.6138002071279456,-0.6545768383768156,0.0368910451458804,0.1412818378856359,,1,0,0,,,,,,1,"Immune Cold (Low TIS & Infiltration, Desert)",62.76096223041865,40.63860290031453,Arm B: Targeted Therapy,BRAF + MEK Inhibitor (Dabrafenib + Trametinib; Q2 Sens: 62.8/100),BRAF V600E / MAPK Pathway
TCGA-EB-A24C-01,TCGA-EB-A24C,TCGA-SKCM,20.77785449,0.0,,,56.0,White,Male,Primary,1,-0.811088709488772,-1.181069836197984,-1.901202706946892,-1.1350783830924347,-2.009608740578441,-3.737871202151521,-3.85330561073712,0.5,0.1154344085856136,-1.9217161066559207,-1.3552203941016585,-0.8169448487067115,-1.220269985446098,-0.7506632437597309,-0.0728141093875407,0.4265313912763314,,1,0,0,,,,,,2,"Immune Hot (High TIS & CYT, Inflamed Microenvironment)",54.149969380265574,30.550464997685918,Arm A: Immunotherapy,Anti-PD-1 Monotherapy (Pembrolizumab / Nivolumab),N/A (Arm A Candidate)
TCGA-EB-A24D-01,TCGA-EB-A24D,TCGA-SKCM,21.20524707,0.0,,,72.0,White,Male,Primary,1,-0.5941160990435698,-0.2409234845227351,-0.3134541871016322,-0.184369469419051,-0.8115183189068043,-3.15149338489394,-4.530068246695755,0.5,1.378574861801828,-0.5688950741060947,-0.2104376017122594,0.0349308988498272,0.4407509297074121,-0.4131173202880036,-0.6300527981576758,-0.0084072151577505,,1,0,0,,,,,,1,"Immune Cold (Low TIS & Infiltration, Desert)",54.90567375360283,56.10576952686984,Arm B: Targeted Therapy,BRAF + MEK Inhibitor (Dabrafenib + Trametinib; Q2 Sens: 54.9/100),BRAF V600E / MAPK Pathway
TCGA-EB-A57M-01,TCGA-EB-A57M,TCGA-SKCM,15.51763816,1.0,,,56.0,Asian,Male,Primary,1,-1.096443397079727,-0.6676110320375128,-0.2568594652148844,-0.9436588865673776,-0.7860982556884561,5.499503089258053,4.668419742380396,0.5408679019618275,0.8310833468776632,-0.4465359003517718,0.2572101816159373,-0.1082208590924695,-0.1942002358943746,-0.1653757680942726,0.098879357275075,1.3762569428448437,,0,0,0,,,,,,1,"Immune Cold (Low TIS & Infiltration, Desert)",77.77844344981737,44.621061119431765,Arm C: Combination/Reversal,Anti-PD-1 + AXL Inhibitor (Bemcentinib) [STING / Type-I IFN Priming],AXL / STING Pathway
TCGA-EB-A5KH-06,TCGA-EB-A5KH,TCGA-SKCM,20.35046191,1.0,,,55.0,Asian,Male,Metastatic,1,-1.856471461198483,-1.5417773519954778,-1.3568094515613789,-1.6379201093457607,-1.5370019678049456,-8.313949078267113,-20.9738236753001,0.5,12.659874597033042,-1.1337283957964368,-0.3635403787014943,-0.7122156871658595,0.3433950340983611,-0.4283717551635934,-1.0414275189731224,0.4234131579096177,,0,0,0,,,,,,2,"Immune Hot (High TIS & CYT, Inflamed Microenvironment)",64.23616680404776,33.073555237967206,Arm A: Immunotherapy,Anti-PD-1 Monotherapy (Pembrolizumab / Nivolumab),N/A (Arm A Candidate)
TCGA-EB-A5SH-06,TCGA-EB-A5SH,TCGA-SKCM,54.0158464,0.0,,,60.0,White,Female,Metastatic,1,-1.202066903192385,-0.8304686342791097,-0.6396909496995622,-1.0510556859021658,-0.3261806515738532,-6.181508688639154,-16.776186188228333,0.5,10.594677499589196,0.0105245590495924,-0.0083799333409888,0.682647250062368,0.9320837812759843,-0.6276252536289663,-1.2001695760037654,-0.7685943381421858,,0,0,0,,,,,,1,"Immune Cold (Low TIS & Infiltration, Desert)",42.690118769879014,48.81849623371447,Arm C: Combination/Reversal,Anti-PD-1 + AXL Inhibitor (Bemcentinib) [STING / Type-I IFN Priming],AXL / STING Pathway
TCGA-EB-A6QY-01,TCGA-EB-A6QY,TCGA-SKCM,12.55876648,0.0,,,71.0,White,Male,Primary,1,-0.4815801199369561,-0.7366630255195589,-0.9166275522209716,-0.6068531080374273,-0.9629070649755852,4.735987401514745,-1.2730692053219972,1.3676290149509318,6.0090566068367455,-0.8448673118518549,-0.8786880893493837,-0.981671098823032,-0.8484691687942432,-0.8681356853238817,-0.1598003131904061,-0.3286166098595995,,1,0,0,,,,,,1,"Immune Cold (Low TIS & Infiltration, Desert)",58.22611906928292,46.8714142647008,Arm B: Targeted Therapy,BRAF + MEK Inhibitor (Dabrafenib + Trametinib; Q2 Sens: 58.2/100),BRAF V600E / MAPK Pathway
TCGA-EE-A29C-06,TCGA-EE-A29C,TCGA-SKCM,78.9689976,1.0,,,20.0,White,Male,Metastatic,1,-0.5227004331376349,-0.8699944794970428,-0.4864669073966639,-1.0060603110979511,-1.0310605038825136,9.577812939423309,-4.63877645274613,1.9392067593059927,14.21658939216943,-0.8555895008865915,-0.0229520481534487,-0.4532333213784795,-0.0823539350080044,0.1243243693676458,-0.080933684201661,1.1817242418844176,,1,0,0,,,,,,1,"Immune Cold (Low TIS & Infiltration, Desert)",77.61246202428521,45.98234008206737,Arm B: Targeted Therapy,BRAF + MEK Inhibitor (Dabrafenib + Trametinib; Q2 Sens: 77.6/100),BRAF V600E / MAPK Pathway
TCGA-EE-A2GS-06,TCGA-EE-A2GS,TCGA-SKCM,81.20458954,1.0,,,28.0,White,Female,Metastatic,1,-0.2242320079521245,0.2686340270208983,-0.3029369907972823,0.4929550001622421,-0.2484263275740073,4.811746141800455,2.1942972374446734,0.6867993646820526,2.617448904355778,-0.3258636644129484,-0.138660038005142,0.0350561137781351,-0.897100106620201,0.243201149742413,-0.4593054130417128,0.0376470701995745,,1,0,0,,,,,,1,"Immune Cold (Low TIS & Infiltration, Desert)",81.3891592159554,65.6597358504321,Arm B: Targeted Therapy,BRAF + MEK Inhibitor (Dabrafenib + Trametinib; Q2 Sens: 81.4/100),BRAF V600E / MAPK Pathway
TCGA-EE-A2ML-06,TCGA-EE-A2ML,TCGA-SKCM,216.6551599,1.0,,,35.0,White,Male,Metastatic,1,0.7700112190717433,0.3562443482766302,0.328253410334169,0.3664867697813148,0.5462311855362807,-6.358374016364866,-1.250989014263925,0.5,-5.107385002100943,0.5321376361167034,0.2856362471029622,0.4573079641097197,0.5696402916164905,0.1523530525506571,0.1734421621132115,-1.0932496689682556,,0,1,0,,,,,,1,"Immune Cold (Low TIS & Infiltration, Desert)",70.26924988625944,71.42752188434292,Arm A: Immunotherapy,Anti-PD-1 Monotherapy (Pembrolizumab / Nivolumab),N/A (Arm A Candidate)
TCGA-EE-A3JI-06,TCGA-EE-A3JI,TCGA-SKCM,152.8092843,1.0,,,48.0,White,Male,Metastatic,1,-0.2309470310833494,-0.4091074833555747,-0.803803183047844,-0.4085402409408388,-0.7754473209923831,-10.819152786743723,-10.48904674386444,0.5,-0.3301060428793101,-0.8235338809896392,0.0572666182972639,-0.8229179661894817,-0.8642264301606394,-0.7227037938722936,-0.1730915133456799,-1.3414525288176646,,0,1,0,,,,,,1,"Immune Cold (Low TIS & Infiltration, Desert)",68.98342490140715,52.76803715385659,Arm B: Targeted Therapy,MEK + CDK4/6 Inhibitor (Binimetinib + Ribociclib),NRAS / MAPK / Cell Cycle
TCGA-ER-A195-06,TCGA-ER-A195,TCGA-SKCM,35.4407075,1.0,,,46.0,White,Male,Metastatic,1,0.5160237246155961,0.6669502158866562,0.868567763970505,0.701213053610968,0.7865757046280926,8.102806118924432,12.782041013136944,0.3879753616431986,-4.6792348942125335,0.6821221082488735,0.9760921247224552,1.154612852808923,0.0453491359010523,0.7919070689104395,0.8886159810559843,1.1029782932523828,,0,1,0,,,,,,0,Mutant-Driven (NF1 Loss & High Response Subtype),62.702688571417006,75.33933999206819,Arm A: Immunotherapy,Anti-PD-1 Monotherapy (Pembrolizumab / Nivolumab),N/A (Arm A Candidate)
TCGA-ER-A19M-06,TCGA-ER-A19M,TCGA-SKCM,61.05138574,1.0,,,36.0,White,Male,Metastatic,1,2.42505848177163,1.52411053663925,0.91666863365359,1.455956636541065,0.9567578600364206,2.9908769647729674,4.22977393244839,0.4142115451009981,-1.2388969676754162,0.7609533412727194,0.335895645050597,0.229017342722611,-0.6948733488177005,0.211567826218728,0.5449354162692401,0.7191784372352112,,1,0,0,,,,,,0,Mutant-Driven (NF1 Loss & High Response Subtype),68.31876193658222,90.05571831912191,Arm A: Immunotherapy,Anti-PD-1 Monotherapy (Pembrolizumab / Nivolumab),N/A (Arm A Candidate)
TCGA-ER-A19N-06,TCGA-ER-A19N,TCGA-SKCM,44.08718809,1.0,,,47.0,White,Male,Metastatic,1,0.5714903042363418,0.6311766717596446,0.7435127278721883,0.4680011702836134,0.8429784192261375,7.352948642580229,5.851240801790241,0.5568648248768587,1.5017078407899829,0.8478916340422105,1.128022178086374,0.0247487036198479,0.8429732713134911,0.9374440738303572,0.9391359803243045,0.8033046099094329,,0,1,0,,,,,,0,Mutant-Driven (NF1 Loss & High Response Subtype),69.86871685903336,74.83763804837389,Arm A: Immunotherapy,Anti-PD-1 Monotherapy (Pembrolizumab / Nivolumab),N/A (Arm A Candidate)
TCGA-ER-A19O-06,TCGA-ER-A19O,TCGA-SKCM,,1.0,,,56.0,White,Male,Metastatic,1,-0.3577347537021194,0.0129642636098852,0.8817917748554227,-0.3710417815215706,0.514464937051974,-6.985334028757263,-2.9319394358804707,0.5,-4.053394592876796,0.7094127511823812,1.1513809688685144,-0.4220905297156205,0.8131030597610769,0.5534702594874926,1.048254386694145,1.4858665408238902,,1,0,0,,,,,,0,Mutant-Driven (NF1 Loss & High Response Subtype),96.11696601220322,65.57098006112038,Arm B: Targeted Therapy,BRAF + MEK Inhibitor (Dabrafenib + Trametinib; Q2 Sens: 96.1/100),BRAF V600E / MAPK Pathway
TCGA-ER-A19Q-06,TCGA-ER-A19Q,TCGA-SKCM,50.89259296,1.0,,,37.0,White,Female,Metastatic,1,0.6484475882732186,0.6539500676585773,0.5055263655335738,0.5550647411779407,0.3398489478593084,3.2047924867976643,2.808361698097969,0.5329636307759649,0.3964307886996969,0.3194409464546979,0.7410216410305145,-0.3622025376101589,-0.7241453515316706,1.030844629622602,0.8910607048331014,0.3496996694601295,,1,0,0,,,,,,0,Mutant-Driven (NF1 Loss & High Response Subtype),77.9369279462973,73.60319574655786,Arm A: Immunotherapy,Anti-PD-1 Monotherapy (Pembrolizumab / Nivolumab),N/A (Arm A Candidate)
TCGA-ER-A1A1-06,TCGA-ER-A1A1,TCGA-SKCM,105.0728211,0.0,,,58.0,White,Male,Metastatic,1,0.5247376778688242,0.5588351882047676,0.5708472858083766,0.1992274407558401,0.4683206455149237,10.187173750991198,17.79130033661591,0.3641075535103447,-7.604126585624689,1.0687239838171598,2.12960672738288,1.216487463438258,2.683922598755008,1.4093548859160212,0.4652307318468122,0.1423463714626638,,0,0,0,,,,,,0,Mutant-Driven (NF1 Loss & High Response Subtype),60.81587625058125,66.0418305519397,Arm A: Immunotherapy,Anti-PD-1 Monotherapy (Pembrolizumab / Nivolumab),N/A (Arm A Candidate)
TCGA-ER-A2NF-01,TCGA-ER-A2NF,TCGA-SKCM,28.83256074,1.0,,,53.0,White,Male,Primary,1,0.3697469877928708,0.2978389765378612,0.306846420166996,0.2370481656361151,0.5818280150431386,1.9579257413666773,1.823218317050178,0.5178130510548309,0.1347074243164988,0.6336515590902085,0.7185312962290525,0.2652359762770576,1.1987910514299704,0.4470834531883113,0.3136104484606804,0.2860448230498574,,0,0,0,,,,,,0,Mutant-Driven (NF1 Loss & High Response Subtype),42.61229687953164,69.11412674699191,Arm C: Combination/Reversal,Anti-PD-1 + MDM2 Antagonist (Idasanutlin) [p53 Reactivation],MDM2 (p53 Activation)
TCGA-ER-A2NF-06,TCGA-ER-A2NF,TCGA-SKCM,28.83256074,1.0,,,53.0,White,Male,Metastatic,1,0.5831116046903063,-0.1513554983424886,0.1824196152783105,-0.3787679934024763,0.5511399248260771,-12.06458987478509,-8.261505798826663,0.5,-3.803084075958415,0.4575830365422553,0.0634723770199775,-0.0066917037034136,0.7593324401084408,-0.4800878654717131,-0.975759733038572,-1.4486542139241534,,0,0,0,,,,,,1,"Immune Cold (Low TIS & Infiltration, Desert)",23.13805397521599,63.19225724317832,Arm C: Combination/Reversal,Anti-PD-1 + AXL Inhibitor (Bemcentinib) [STING / Type-I IFN Priming],AXL / STING Pathway
TCGA-ER-A2NG-06,TCGA-ER-A2NG,TCGA-SKCM,48.98576454,1.0,,,43.0,White,Female,Metastatic,1,1.2789974990734894,1.2166509580574816,1.311245566396937,1.3431405395513714,1.2310410396407627,0.1374716457422723,6.70719081263733,0.0200845033013968,-6.56971916689503,1.0920973610369549,0.8567315301935068,0.0967896434300706,-0.332308278839003,0.2991991237369374,0.7790940851365131,0.0614664829043504,,1,0,0,,,,,,0,Mutant-Driven (NF1 Loss & High Response Subtype),67.33198830170896,88.93757923632333,Arm A: Immunotherapy,Anti-PD-1 Monotherapy (Pembrolizumab / Nivolumab),N/A (Arm A Candidate)
TCGA-FR-A3YN-06,TCGA-FR-A3YN,TCGA-SKCM,92.97432357,0.0,,,44.0,White,Male,Metastatic,1,0.7461434037883284,0.5705249198144811,0.1750919606113406,0.5462474114026529,0.6108002141933151,-6.485585357456966,-1.7455252562757269,0.5,-4.740060101181252,0.3894485335638513,0.1036867756462017,0.1109932664981877,0.1985563969449331,-0.0005815599393865,-0.3111481387847178,-0.985217165480332,,0,1,0,,,,,,1,"Immune Cold (Low TIS & Infiltration, Desert)",49.8593143887515,73.89148025523917,Arm A: Immunotherapy,Anti-PD-1 Monotherapy (Pembrolizumab / Nivolumab),N/A (Arm A Candidate)
TCGA-FR-A44A-06,TCGA-FR-A44A,TCGA-SKCM,174.2117895,0.0,,,29.0,White,Female,Metastatic,1,1.410716842262744,1.605917587160888,1.6857597408053038,1.7690718615717056,1.3739765717116634,-0.0852096773736026,13.036902344753477,-0.0065790379344169,-13.122112022127087,1.3462278495888658,0.8177422880711623,0.8400890098745236,-0.2237786586066971,0.7542226360783268,0.9385816299626948,0.1278593251311369,,1,0,0,,,,,,0,Mutant-Driven (NF1 Loss & High Response Subtype),63.38620405423645,95.29878166950928,Arm A: Immunotherapy,Anti-PD-1 Monotherapy (Pembrolizumab / Nivolumab),N/A (Arm A Candidate)
TCGA-FR-A69P-06,TCGA-FR-A69P,TCGA-SKCM,15.71489628,0.0,,,34.0,White,Female,Metastatic,1,-0.908891703208204,-0.9054803408771618,-0.8978717352532017,-0.8226253593031156,-0.8765388783529545,1.847334130803398,-8.165157091162262,0.5,10.012491221965671,-1.0132993998484818,-0.8771463268877276,-0.4312157819190661,-0.9898539404794264,-0.5328976877992433,-0.2929335015446711,0.4573089093475468,,0,1,0,,,,,,1,"Immune Cold (Low TIS & Infiltration, Desert)",71.48096716681643,44.92325576127252,Arm B: Targeted Therapy,MEK + CDK4/6 Inhibitor (Binimetinib + Ribociclib),NRAS / MAPK / Cell Cycle
TCGA-FR-A729-06,TCGA-FR-A729,TCGA-SKCM,220.7975803,0.0,,,38.0,White,Female,Metastatic,1,0.5526787581121776,0.964247549166952,0.9924192715792256,1.1326842402330406,1.1264923283403785,9.021655351928692,15.355853233409183,0.3700811065391181,-6.334197881480516,1.0695484133108004,0.9329248675219868,0.7214605023096544,1.340980495151985,0.4720203621180205,0.3786462064797313,-0.2576268167709276,,1,0,0,,,,,,0,Mutant-Driven (NF1 Loss & High Response Subtype),61.4379252359228,82.0009875198539,Arm A: Immunotherapy,Anti-PD-1 Monotherapy (Pembrolizumab / Nivolumab),N/A (Arm A Candidate)
TCGA-FR-A7U8-06,TCGA-FR-A7U8,TCGA-SKCM,27.84627018,0.0,,,50.0,White,Male,Metastatic,1,-1.2912138221870857,-0.9145495783558576,-1.3010948778695612,-0.7822585476023718,-1.4823273581720235,4.960288995931221,-10.6488801205749,0.5,15.60916911650612,-1.640668403421561,-1.5235003483430454,-0.3946828256925231,-1.501798429074456,-0.2942047100759218,-0.4301402247613309,-0.5583286438626688,,0,1,0,,,,,,1,"Immune Cold (Low TIS & Infiltration, Desert)",58.07456492138283,41.836763003078794,Arm B: Targeted Therapy,MEK + CDK4/6 Inhibitor (Binimetinib + Ribociclib),NRAS / MAPK / Cell Cycle
TCGA-FR-A7U9-06,TCGA-FR-A7U9,TCGA-SKCM,18.77239702,0.0,,,63.0,White,Female,Metastatic,1,0.8919154983391847,0.4937785696525069,0.3428706795980727,0.2854443802257339,0.044432677496884,8.535870131221607,4.517643250186559,0.6539136155771718,4.018226881035038,0.1897622065965393,0.8104944275000378,0.6253156328024992,0.2114653244423874,0.4114322547690512,0.9605292072015562,1.153206272546605,,0,0,1,,,,,,3,M2 Immunosuppressive (Depleted T-cells & Stromal Exclusion),62.05994948865761,68.1123096150581,Arm A: Immunotherapy,Anti-PD-1 Monotherapy (Pembrolizumab / Nivolumab),N/A (Arm A Candidate)
TCGA-FR-A8YD-06,TCGA-FR-A8YD,TCGA-SKCM,36.2626163,1.0,,,56.0,White,Female,Metastatic,1,-0.5342048672053199,-0.8702897984175432,-0.9669092777683074,-0.9849040599264824,-0.7166999672910648,3.974252182441184,-7.430613940800179,0.5,11.404866123241362,-0.6306940313261505,-0.6002299786627656,-0.2897621389211891,-0.0928921530676969,-0.3813175115999588,-0.7112476988411591,-0.514322903947876,,0,0,1,,,,,,3,M2 Immunosuppressive (Depleted T-cells & Stromal Exclusion),50.443561433241804,43.6534409834002,Arm C: Combination/Reversal,Anti-PD-1 + CSF1R Inhibitor (Pexidartinib) [Macrophage Reprogramming],CSF1R (M2 TAM Depletion)
TCGA-FS-A1ZS-06,TCGA-FS-A1ZS,TCGA-SKCM,148.7983693,0.0,,,54.0,White,Male,Metastatic,1,-0.2329995597235802,-0.7710255451413567,-1.1292868923184858,-0.948895060974096,-1.3352779444258511,-4.807745857749574,-4.508810657154621,0.5,-0.2989352005949584,-1.168204452402141,-0.2319429827025457,-0.8169000857230421,-0.9606831502248592,-0.7919606699650552,0.5930865506721457,0.6146834846335995,,1,0,0,,,,,,1,"Immune Cold (Low TIS & Infiltration, Desert)",67.08803788036943,40.56840932648144,Arm B: Targeted Therapy,BRAF + MEK Inhibitor (Dabrafenib + Trametinib; Q2 Sens: 67.1/100),BRAF V600E / MAPK Pathway
TCGA-FS-A1ZT-06,TCGA-FS-A1ZT,TCGA-SKCM,53.16106125,0.0,,,55.0,White,Male,Metastatic,1,0.8837261846333427,0.4967023985853753,0.3599329038909881,0.6402614541523673,0.5962765947989446,0.1989233259848366,2.0997522526176624,0.0865382343800658,-1.900828926632823,0.5310623720340374,0.5206484397690487,0.6083253855175789,1.1376096272096603,0.0367736474205206,0.1609593824296494,-0.2297981767015343,,0,1,0,,,,,,0,Mutant-Driven (NF1 Loss & High Response Subtype),59.43875954575717,73.42777482606554,Arm A: Immunotherapy,Anti-PD-1 Monotherapy (Pembrolizumab / Nivolumab),N/A (Arm A Candidate)
TCGA-FS-A1ZW-06,TCGA-FS-A1ZW,TCGA-SKCM,49.47890982,0.0,,,65.0,White,Male,Metastatic,1,0.8962461425249271,0.7449605414801808,0.2876900076356108,1.0013636808746509,0.6916609350550955,-8.34356469334213,1.2894250601653958,0.5,-9.632989753507523,0.5107160076987665,0.1459115928942463,0.1372923536405664,1.566293140457318,0.0929669707120026,0.5259892534654945,-0.7698005734218887,,0,1,0,,,,,,0,Mutant-Driven (NF1 Loss & High Response Subtype),50.135459963085324,79.02775745013113,Arm A: Immunotherapy,Anti-PD-1 Monotherapy (Pembrolizumab / Nivolumab),N/A (Arm A Candidate)
TCGA-FS-A4F0-06,TCGA-FS-A4F0,TCGA-SKCM,77.81832528,0.0,,,67.0,White,Female,Metastatic,1,0.4328568018952425,-0.7966522494464484,-1.8097583235456527,-0.7014783037903832,-1.9353584768220813,-13.903234978189454,-9.44184220395431,0.5,-4.461392774235141,-2.178370322349758,-1.930528767968872,-1.635965685789085,-1.4958623953319463,-1.0909614416123,-1.2245971425891582,-1.428627610019459,,0,0,0,,,,,,2,"Immune Hot (High TIS & CYT, Inflamed Microenvironment)",54.87734239910278,38.83245357358595,Arm A: Immunotherapy,Anti-PD-1 Monotherapy (Pembrolizumab / Nivolumab),N/A (Arm A Candidate)
TCGA-FW-A3R5-06,TCGA-FW-A3R5,TCGA-SKCM,36.95301969,0.0,,,68.0,White,Male,Metastatic,1,-0.1960122962785653,-0.0088452284775297,-0.4713603914506851,0.0101770591527205,-0.5558910268583277,4.392473257585892,-5.162035171959133,0.5,9.554508429545034,-0.3797876461897623,0.169314408826434,-0.6548796262247467,0.8584724049386709,0.0539610862428284,-0.4183075373652513,0.3205268943316587,,1,0,1,,,,,,3,M2 Immunosuppressive (Depleted T-cells & Stromal Exclusion),43.641647988597576,59.54611988387184,Arm B: Targeted Therapy,BRAF + MEK Inhibitor (Dabrafenib + Trametinib; Q2 Sens: 43.6/100),BRAF V600E / MAPK Pathway
TCGA-FW-A3TV-06,TCGA-FW-A3TV,TCGA-SKCM,13.51218069,0.0,,,57.0,White,Female,Metastatic,1,-0.2733969431965026,-0.2655578437407431,-0.3332579146995478,-0.345471584009135,0.0069638630037438,0.2349608154473345,-1.885169056725397,0.5,2.120129872172722,-0.0426322020199214,-0.1467239022264711,-0.5716272196246251,0.8927858141726556,-0.5116633934200444,0.0073338467425648,0.1702185160227577,,1,0,0,,,,,,1,"Immune Cold (Low TIS & Infiltration, Desert)",61.44111934419505,56.7523066723246,Arm B: Targeted Therapy,BRAF + MEK Inhibitor (Dabrafenib + Trametinib; Q2 Sens: 61.4/100),BRAF V600E / MAPK Pathway
TCGA-GF-A3OT-06,TCGA-GF-A3OT,TCGA-SKCM,9.895781964,0.0,,,58.0,White,Female,Metastatic,1,2.2985819377505763,0.5556977560444538,0.2489146228972615,0.4739837486098928,0.1245407639520232,-3.4210014492574072,-2.4236961100735828,0.5,-0.9973053391838262,-0.0351772509139919,0.1194867619080795,-0.3127283026921559,-1.1490358784259582,0.2434492388545344,0.6022030607871945,1.413875485040465,,0,1,0,,,,,,0,Mutant-Driven (NF1 Loss & High Response Subtype),49.180217538052375,71.79547079599496,Arm A: Immunotherapy,Anti-PD-1 Monotherapy (Pembrolizumab / Nivolumab),N/A (Arm A Candidate)
TCGA-GN-A264-06,TCGA-GN-A264,TCGA-SKCM,117.9274748,1.0,,,60.0,White,Male,Metastatic,1,-0.8873630715091874,-1.0691530199972106,-1.1285260423039958,-1.274446881377968,-1.1118358753283395,-1.09309119352707,-9.392579350957622,0.5,8.299488157430547,-1.1628500038233427,-0.7480687417045253,0.5229583244834605,-1.2300480775670224,-1.098898592582344,-0.3393957545272839,0.7858024466946476,,0,0,0,,,,,,1,"Immune Cold (Low TIS & Infiltration, Desert)",50.63569433318635,38.241955390532524,Arm C: Combination/Reversal,Chemotherapy (Dacarbazine) / HDAC Inhibitor + Anti-PD-1,HDAC / Epigenetic Remodeling
TCGA-GN-A4U3-06,TCGA-GN-A4U3,TCGA-SKCM,121.9055134,0.0,,,30.0,White,Male,Metastatic,1,-0.1052588976797272,-1.1903509994724557,-1.0546676119431055,-1.2051619393880653,-1.121856807313235,-6.482575840163398,-9.599394939065617,0.5,3.1168190989021967,-1.2409011372268377,-1.319231506687663,-1.359857822450434,-0.679860790680118,-0.680336737413403,-0.5152146664247663,-1.0788729621430482,,0,1,0,,,,,,1,"Immune Cold (Low TIS & Infiltration, Desert)",61.98078228630946,38.65046427297533,Arm B: Targeted Therapy,MEK + CDK4/6 Inhibitor (Binimetinib + Ribociclib),NRAS / MAPK / Cell Cycle
TCGA-GN-A4U4-06,TCGA-GN-A4U4,TCGA-SKCM,39.35299339,0.0,,,73.0,White,Male,Metastatic,1,-0.5101775782968564,-0.7642310920890987,-1.0253119678843334,-0.7745763929777169,-0.6357367748911426,-6.748729563862204,-12.10514069716991,0.5,5.356411133307706,-0.509462537172645,-0.746789463164296,-0.7671897949323698,0.5262471984074578,-1.0092387025867242,-1.0181991488131703,-1.0931286628258066,,0,1,0,,,,,,1,"Immune Cold (Low TIS & Infiltration, Desert)",49.41820211715996,47.537862361105766,Arm B: Targeted Therapy,MEK + CDK4/6 Inhibitor (Binimetinib + Ribociclib),NRAS / MAPK / Cell Cycle
TCGA-GN-A4U5-01,TCGA-GN-A4U5,TCGA-SKCM,38.00506296,0.0,,,61.0,White,Female,Primary,1,1.2852155869782438,1.2437906517136117,0.8976412008551464,1.2725409560610728,1.0033554241450895,3.9625789395715647,16.072824844953665,0.1977788410050486,-12.110245905382085,0.9976553446647172,0.3505623184752702,0.6825579248093714,-0.9735126364602468,1.054539385821104,0.5277253742768161,-0.2671819027209045,,1,0,0,,,,,,0,Mutant-Driven (NF1 Loss & High Response Subtype),81.79778101643271,83.32879770103578,Arm A: Immunotherapy,Anti-PD-1 Monotherapy (Pembrolizumab / Nivolumab),N/A (Arm A Candidate)
TCGA-GN-A4U8-06,TCGA-GN-A4U8,TCGA-SKCM,48.88713548,0.0,,,51.0,White,Male,Metastatic,1,0.5576838960571502,0.7396369287030967,0.7613511725156699,0.9057605049691422,0.8298183893483855,3.301111503464959,6.452228233803539,0.33845960382689,-3.151116730338563,0.928844757523012,0.555944223679837,-0.2595070721410782,1.3765332224253113,0.6741072004451241,0.176825027822034,-0.8527253516649421,,1,0,0,,,,,,0,Mutant-Driven (NF1 Loss & High Response Subtype),63.546410652096185,79.02613074565893,Arm A: Immunotherapy,Anti-PD-1 Monotherapy (Pembrolizumab / Nivolumab),N/A (Arm A Candidate)
TCGA-GN-A4U9-06,TCGA-GN-A4U9,TCGA-SKCM,22.12578492,1.0,,,71.0,White,Male,Metastatic,1,-0.6539141605615999,-0.4270648691135122,-0.6561901680069075,-0.3430142282982842,-1.0421854332298637,7.647564518722408,3.6979881788140783,0.6740583489055548,3.949576339908324,-0.7069765308686453,-0.3281710329332797,0.3252524974372633,-0.6293656943261786,0.2578577365138625,-0.2533586223026391,0.5107242317105828,,0,1,0,,,,,,1,"Immune Cold (Low TIS & Infiltration, Desert)",56.74000507368826,49.22829826320661,Arm B: Targeted Therapy,MEK + CDK4/6 Inhibitor (Binimetinib + Ribociclib),NRAS / MAPK / Cell Cycle
TCGA-HR-A2OH-06,TCGA-HR-A2OH,TCGA-SKCM,65.88420949,1.0,,,46.0,,Female,Metastatic,1,1.520553988303798,1.7013582036696255,1.7194686270956558,1.8372954754716084,1.7769365135315105,-0.6477074574310347,10.315547426852117,-0.066996088007218,-10.963254884283147,1.6215297510929865,1.1738238961377072,1.6191800891458883,0.4559386101486177,0.7638509770057189,1.0892709778975067,-0.3663870754688518,,1,0,0,,,,,,0,Mutant-Driven (NF1 Loss & High Response Subtype),82.53769940688618,98.77794310246475,Arm A: Immunotherapy,Anti-PD-1 Monotherapy (Pembrolizumab / Nivolumab),N/A (Arm A Candidate)
TCGA-QB-AA9O-06,TCGA-QB-AA9O,TCGA-SKCM,18.04911727,1.0,,,73.0,White,Male,Metastatic,1,0.0696341868922589,0.3980647126337669,0.7331839545841842,0.4857628224983239,0.7318121016793446,-2.8944871275553354,-2.066419718899493,0.5,-0.8280674086558357,0.6964762290832132,-0.5279450863779155,-0.6598679870191835,0.587304556820055,0.3693001843710357,-0.2248677087059362,-0.7994006737586354,,0,1,0,,,,,,0,Mutant-Driven (NF1 Loss & High Response Subtype),53.779879159218225,75.52030107828757,Arm A: Immunotherapy,Anti-PD-1 Monotherapy (Pembrolizumab / Nivolumab),N/A (Arm A Candidate)
TCGA-W3-A824-06,TCGA-W3-A824,TCGA-SKCM,228.1618832,0.0,,,63.0,White,Male,Metastatic,1,0.9418357847605392,0.9794092319005968,0.8949443640520642,1.0155171356462358,0.8719112397206599,-8.327822576750773,-0.4956276547602382,0.5,-7.832194921990544,0.7654057032250351,-0.4808435229313483,-0.1252042236304407,-0.1239359765500633,-0.2057613071190557,-0.0035131948179416,-0.6634447040898163,,0,1,0,,,,,,0,Mutant-Driven (NF1 Loss & High Response Subtype),75.39426438485715,84.23672290528421,Arm A: Immunotherapy,Anti-PD-1 Monotherapy (Pembrolizumab / Nivolumab),N/A (Arm A Candidate)
TCGA-W3-A825-06,TCGA-W3-A825,TCGA-SKCM,63.02396686,1.0,,,60.0,White,Female,Metastatic,1,-0.2925495308004358,0.3976127185117994,0.8147717644440777,0.4573589401994146,0.7659323788381852,15.17816240140493,18.62891592548331,0.4489640380823171,-3.4507535240783658,0.7114175364551466,0.946600405858838,0.8292591687632317,-0.2592981831242783,0.3601653117640181,0.3595048256865095,0.6514073538628078,,1,1,0,,,,,,0,Mutant-Driven (NF1 Loss & High Response Subtype),81.88290439071719,69.82671952715002,Arm A: Immunotherapy,Anti-PD-1 Monotherapy (Pembrolizumab / Nivolumab),N/A (Arm A Candidate)
TCGA-W3-A828-06,TCGA-W3-A828,TCGA-SKCM,121.0836046,1.0,,,66.0,White,Male,Metastatic,1,-0.4071431265932009,-0.5392949078659329,-0.4097637915670133,-0.6601433618720428,-0.9105261826218112,11.789209470160316,14.046657969785064,0.4563117339707653,-2.257448499624754,-0.7394040510346336,0.0989154683600825,0.453404734093761,-0.8593883485552793,0.0499927138834911,0.9174634912297686,2.027590262396782,,0,0,1,,,,,,3,M2 Immunosuppressive (Depleted T-cells & Stromal Exclusion),75.82202423129046,43.99962804469021,Arm C: Combination/Reversal,Anti-PD-1 + CSF1R Inhibitor (Pexidartinib) [Macrophage Reprogramming],CSF1R (M2 TAM Depletion)
TCGA-W3-AA1Q-06,TCGA-W3-AA1Q,TCGA-SKCM,69.07321564,1.0,,,57.0,White,Male,Metastatic,1,0.7888070205534886,0.4802831022265953,0.0692400065841253,0.2330234658390998,0.3191519540578342,-3.974115850321376,-6.160054773333226,0.5,2.18593892301185,0.3005319440024852,0.2089757162248124,-0.3019772948661913,0.2507870658636379,-0.0583458601000361,-0.597212600608452,-0.7165152303801042,,1,0,0,,,,,,1,"Immune Cold (Low TIS & Infiltration, Desert)",64.66469327255544,70.12998962334963,Arm A: Immunotherapy,Anti-PD-1 Monotherapy (Pembrolizumab / Nivolumab),N/A (Arm A Candidate)
TCGA-W3-AA1R-06,TCGA-W3-AA1R,TCGA-SKCM,111.0891935,1.0,,,71.0,White,Male,Metastatic,1,0.0179984537732821,0.1598718849904484,0.0053845725055538,0.2878713116464629,0.0535744408623825,-1.5959018189611596,-4.385672750545125,0.5,2.789770931583961,-0.0807870198445317,-0.8629096727019774,-0.4740804991806442,-0.0959531832314232,0.006710753723283,-0.7446541944770799,-1.2556926654522682,,1,0,0,,,,,,1,"Immune Cold (Low TIS & Infiltration, Desert)",74.73768856054089,67.26290066109478,Arm B: Targeted Therapy,BRAF + MEK Inhibitor (Dabrafenib + Trametinib; Q2 Sens: 74.7/100),BRAF V600E / MAPK Pathway
TCGA-W3-AA1V-06,TCGA-W3-AA1V,TCGA-SKCM,42.08173061,1.0,,,63.0,White,Male,Metastatic,1,1.9738030434726428,0.1079332079814418,0.634980828060544,-0.186954339730378,-0.4876646334846019,3.054557523297108,1.2961552073137474,0.7020820983664986,1.7584023159833633,-0.4855406552585337,0.2824628666491434,0.8175406044308057,-1.1175666542824965,0.1646527018665596,0.748216527905856,0.12404525510953,,1,0,1,,,,,,3,M2 Immunosuppressive (Depleted T-cells & Stromal Exclusion),66.55806240359303,61.986811020972965,Arm B: Targeted Therapy,BRAF + MEK Inhibitor (Dabrafenib + Trametinib; Q2 Sens: 66.6/100),BRAF V600E / MAPK Pathway
TCGA-W3-AA1W-06,TCGA-W3-AA1W,TCGA-SKCM,219.1537627,0.0,,,64.0,White,Male,Metastatic,1,1.4098323436080624,1.674729662556059,1.780227608372182,1.789188476313552,1.797722123015411,-2.544239807413436,13.264537249305985,-0.2373292178882192,-15.808777056719398,1.690145756928286,1.348299399560429,0.9129719007789356,1.03055585843488,0.5955471014128153,0.7719903841033119,-0.7070634152124888,,1,0,0,,,,,,0,Mutant-Driven (NF1 Loss & High Response Subtype),78.66441648358827,97.4309043482948,Arm A: Immunotherapy,Anti-PD-1 Monotherapy (Pembrolizumab / Nivolumab),N/A (Arm A Candidate)
TCGA-W3-AA21-06,TCGA-W3-AA21,TCGA-SKCM,105.0399448,1.0,,,26.0,White,Male,Metastatic,1,-1.517026499057437,-0.8327189468735142,-0.9542119030925488,-0.6912898884754448,-0.3497404241383486,-8.9622237002768,-12.22674757625486,0.5,3.2645238759780644,-0.2472778480545875,-1.224583995438795,-0.2177153980242334,0.1200756450221108,-0.5486908806063997,-1.9336509000057247,-0.6467885863739802,,1,0,0,,,,,,1,"Immune Cold (Low TIS & Infiltration, Desert)",38.62989194860277,49.43557013111906,Arm B: Targeted Therapy,BRAF + MEK Inhibitor (Dabrafenib + Trametinib; Q2 Sens: 38.6/100),BRAF V600E / MAPK Pathway
TCGA-WE-A8ZM-06,TCGA-WE-A8ZM,TCGA-SKCM,101.324917,0.0,,,70.0,White,Male,Metastatic,1,-1.3114208134934016,-1.9417656303521864,-2.122961834849898,-1.9883792463753456,-0.4113690529160145,7.27969910880251,7.1295175581589865,0.5052113017006633,0.1501815506435185,-1.24264999614027,-1.4641150760589945,-0.6296008577108669,-0.836135100598106,-1.1524653545479415,-0.298570715205331,0.4141306649390478,,0,0,1,,,,,,2,"Immune Hot (High TIS & CYT, Inflamed Microenvironment)",70.00417004722027,20.72794581722649,Arm A: Immunotherapy,Anti-PD-1 Monotherapy (Pembrolizumab / Nivolumab),N/A (Arm A Candidate)
TCGA-WE-AAA0-06,TCGA-WE-AAA0,TCGA-SKCM,40.40503666,0.0,,,47.0,White,Male,Metastatic,1,-0.4732342741877836,-0.1298710511193307,-0.5631079041868563,-0.0819327875020891,-0.4773928161234925,0.2792577268309177,0.7167460657808102,0.2803781761700387,-0.4374883389498916,-0.1384656965559008,0.1122765193658836,-0.5981466222685939,1.3404330662472923,0.0426433572622994,-0.1302442448590343,-0.6888556306226503,,1,0,0,,,,,,1,"Immune Cold (Low TIS & Infiltration, Desert)",61.10810710697378,55.94503079123976,Arm B: Targeted Therapy,BRAF + MEK Inhibitor (Dabrafenib + Trametinib; Q2 Sens: 61.1/100),BRAF V600E / MAPK Pathway
TCGA-WE-AAA4-06,TCGA-WE-AAA4,TCGA-SKCM,24.98602755,0.0,,,56.0,White,Female,Metastatic,1,0.9437498980946926,1.1223561373858906,1.7275750508696326,1.0458790458290617,1.5671550376376489,-4.07476693943507,3.571209133991908,0.5,-7.6459760734269775,1.550642757422036,0.7961617332717233,0.5582055341973754,0.0983639378819109,0.9367441749025422,0.7646101208765108,0.7993591156632558,,1,0,0,,,,,,0,Mutant-Driven (NF1 Loss & High Response Subtype),94.78381438137279,90.47696755785533,Arm A: Immunotherapy,Anti-PD-1 Monotherapy (Pembrolizumab / Nivolumab),N/A (Arm A Candidate)
TCGA-XV-AB01-06,TCGA-XV-AB01,TCGA-SKCM,13.24916987,0.0,,,54.0,White,Female,Metastatic,1,-1.1016971232692756,-0.6611917852630883,-0.1567297108366033,-0.9433614689101296,-0.0697525735307076,-14.558690651669938,-17.29198060687037,0.5,2.7332899552004566,0.1241699200379896,0.0678164640058444,-0.500518661375991,0.6483725734215278,-0.4431655430843366,-1.0245098846437306,0.6017524465334343,,0,0,0,,,,,,1,"Immune Cold (Low TIS & Infiltration, Desert)",73.14101839172525,53.96823207486769,Arm C: Combination/Reversal,Anti-PD-1 + AXL Inhibitor (Bemcentinib) [STING / Type-I IFN Priming],AXL / STING Pathway
TCGA-YG-AA3O-06,TCGA-YG-AA3O,TCGA-SKCM,37.93931025,1.0,,,62.0,,Male,Metastatic,1,-0.5374048807993174,-0.4747290388064828,-0.2051807957741948,-0.4490588820977141,-0.0803077759916698,2.211878221983301,-6.530034661714347,0.5,8.741912883697653,-0.162108508965813,-0.2396430895416455,-0.1678761974066067,-0.1837161174910044,-0.4572596715912641,-0.341620698407414,0.2522657837317577,,1,0,0,,,,,,1,"Immune Cold (Low TIS & Infiltration, Desert)",63.433925646298725,56.28546444720147,Arm B: Targeted Therapy,BRAF + MEK Inhibitor (Dabrafenib + Trametinib; Q2 Sens: 63.4/100),BRAF V600E / MAPK Pathway
TCGA-YG-AA3P-06,TCGA-YG-AA3P,TCGA-SKCM,14.43271855,0.0,,,63.0,,Female,Metastatic,1,-1.7477474529217352,-0.8095668794012286,-1.137214135201933,-0.5689097062017365,-1.1893506832123315,-9.46601626299954,-19.014121918143267,0.5,9.548105655143704,-1.2351650261429907,-1.3504528488011331,-0.5053959434000549,-0.4997324690186879,-0.893458806155123,-0.7723474579726887,-1.5148997523424084,,0,0,1,,,,,,2,"Immune Hot (High TIS & CYT, Inflamed Microenvironment)",42.152306633000535,48.59240039276992,Arm A: Immunotherapy,Anti-PD-1 Monotherapy (Pembrolizumab / Nivolumab),N/A (Arm A Candidate)
